32_25_1_1_a,0
32_25_8_1_a,16
32_25_10_1_a,0
32_25_2_1_b,0
32_25_7_1_b,78
32_25_11_1_b,0
32_25_3_1_c,0
32_25_12_1_c,0
32_25_4_2_a,0
32_25_13_2_a,0
32_25_5_2_b,0
32_25_14_2_b,31
32_25_2_2_c,0
32_25_6_2_c,0
32_25_10_2_c,0
32_25_12_2_c,0
32_25_5_3_a,0
32_25_7_3_a,25
32_25_14_3_a,6
32_25_6_3_b,0
32_25_8_3_b,47
32_25_4_3_c,0
32_25_9_3_c,0
32_25_13_3_c,0
34_9_6_1_a,0
34_9_9_1_a,0
34_9_1_1_b,0
34_9_3_1_b,0
34_9_4_1_b,1
34_9_10_1_b,1
34_9_2_1_c,0
34_9_11_1_c,0
34_9_12_1_c,0
34_9_3_2_a,0
34_9_12_2_a,0
34_9_4_2_b,1
34_9_13_2_b,0
34_9_5_2_c,0
34_9_9_2_c,0
34_9_11_2_c,0
34_9_14_2_c,0
34_9_4_3_a,0
34_9_6_3_a,0
34_9_5_3_b,0
34_9_7_3_b,34
34_9_14_3_b,1
34_9_8_3_c,0
34_9_10_3_c,0
50_41_1_1_a,0
50_41_2_1_a,0
50_41_8_1_a,0
50_41_3_1_b,80
50_41_9_1_b,5
50_41_1_1_c,0
50_41_4_1_c,0
50_41_10_1_c,0
50_41_2_2_a,0
50_41_11_2_a,0
50_41_14_2_a,0
50_41_3_2_b,37
50_41_5_2_b,36
50_41_12_2_b,7
50_41_4_2_c,0
50_41_13_2_c,0
50_41_5_3_a,0
50_41_14_3_a,0
50_41_2_3_b,10
50_41_6_3_b,81
50_41_10_3_b,17
50_41_7_3_c,0
50_41_8_3_c,0
50_41_12_3_c,0
23_1_4_1_a,0
23_1_7_1_a,0
23_1_5_1_b,0
23_1_8_1_b,0
23_1_14_1_b,0
23_1_1_1_c,0
23_1_9_1_c,0
23_1_1_2_a,0
23_1_10_2_a,0
23_1_2_2_b,0
23_1_11_2_b,0
23_1_3_2_c,0
23_1_4_2_c,0
23_1_7_2_c,0
23_1_8_2_c,0
23_1_12_2_c,0
23_1_4_3_a,0
23_1_12_3_a,0
23_1_13_3_a,0
23_1_5_3_b,0
23_1_10_3_b,0
23_1_14_3_b,0
23_1_2_3_c,0
23_1_6_3_c,0
6_18_2_1_a,0
6_18_6_1_a,0
6_18_10_1_a,0
6_18_1_1_b,67
6_18_6_1_b,16
6_18_7_1_b,9
6_18_8_1_b,0
6_18_3_1_c,0
6_18_8_1_c,0
6_18_12_1_c,0
6_18_4_2_a,37
6_18_9_2_a,0
6_18_14_2_a,13
6_18_1_2_b,85
6_18_10_2_b,71
6_18_2_2_c,0
6_18_11_2_c,0
6_18_3_3_a,0
6_18_12_3_a,0
6_18_4_3_b,86
6_18_13_3_b,94
6_18_5_3_c,0
6_18_9_3_c,0
6_18_14_3_c,0
17_17_1_1_a,4
17_17_5_1_a,0
17_17_14_1_a,31
17_17_3_1_b,0
17_17_6_1_b,0
17_17_10_1_b,1
17_17_7_1_c,0
17_17_8_1_c,0
17_17_4_2_a,1
17_17_8_2_a,77
17_17_5_2_b,0
17_17_9_2_b,64
17_17_1_2_c,1
17_17_2_2_c,0
17_17_10_2_c,0
17_17_12_2_c,0
17_17_2_3_a,10
17_17_9_3_a,2
17_17_11_3_a,0
17_17_3_3_b,0
17_17_6_3_b,0
17_17_12_3_b,0
17_17_4_3_c,0
17_17_13_3_c,0
36_41_3_1_a,0
36_41_4_1_a,0
36_41_13_1_a,0
36_41_5_1_b,87
36_41_14_1_b,94
36_41_6_1_c,0
36_41_7_1_c,0
36_41_12_1_c,0
36_41_6_2_a,0
36_41_7_2_a,0
36_41_14_2_a,0
36_41_5_2_b,81
36_41_8_2_b,86
36_41_10_2_b,77
36_41_2_2_c,0
36_41_9_2_c,0
36_41_1_3_a,0
36_41_10_3_a,0
36_41_2_3_b,52
36_41_8_3_b,85
36_41_11_3_b,79
36_41_3_3_c,0
36_41_4_3_c,0
36_41_12_3_c,0
6_38_3_1_a,0
6_38_7_1_a,0
6_38_12_1_a,0
6_38_2_1_b,38
6_38_4_1_b,0
6_38_13_1_b,2
6_38_5_1_c,0
6_38_6_1_c,0
6_38_14_1_c,0
6_38_4_2_a,4
6_38_6_2_a,1
6_38_13_2_a,0
6_38_3_2_b,0
6_38_7_2_b,2
6_38_10_2_b,17
6_38_5_2_c,0
6_38_8_2_c,0
6_38_8_3_a,0
6_38_9_3_a,0
6_38_1_3_b,6
6_38_10_3_b,15
6_38_14_3_b,3
6_38_2_3_c,0
6_38_11_3_c,0
14_27_2_1_a,26
14_27_7_1_a,93
14_27_11_1_a,4
14_27_3_1_b,0
14_27_12_1_b,0
14_27_4_1_c,0
14_27_13_1_c,0
14_27_1_2_a,0
14_27_5_2_a,0
14_27_14_2_a,99
14_27_2_2_b,59
14_27_4_2_b,0
14_27_6_2_b,0
14_27_8_2_b,2
14_27_7_2_c,53
14_27_12_2_c,0
14_27_5_3_a,0
14_27_8_3_a,94
14_27_4_3_b,0
14_27_6_3_b,0
14_27_9_3_b,0
14_27_1_3_c,0
14_27_2_3_c,0
14_27_10_3_c,0
42_10_1_1_a,0
42_10_10_1_a,0
42_10_2_1_b,36
42_10_6_1_b,90
42_10_11_1_b,62
42_10_3_1_c,0
42_10_4_1_c,0
42_10_12_1_c,0
42_10_2_2_a,0
42_10_4_2_a,0
42_10_13_2_a,0
42_10_5_2_b,0
42_10_14_2_b,0
42_10_6_2_c,0
42_10_9_2_c,0
42_10_10_2_c,0
42_10_1_3_a,0
42_10_7_3_a,0
42_10_14_3_a,0
42_10_5_3_b,12
42_10_8_3_b,0
42_10_13_3_b,56
42_10_9_3_c,0
42_10_11_3_c,0
32_26_4_1_a,0
32_26_5_1_a,0
32_26_8_1_a,11
32_26_9_1_a,4
32_26_1_1_b,80
32_26_10_1_b,54
32_26_2_1_c,0
32_26_9_1_c,0
32_26_11_1_c,0
32_26_3_2_a,0
32_26_12_2_a,0
32_26_2_2_b,79
32_26_4_2_b,0
32_26_13_2_b,71
32_26_1_2_c,0
32_26_5_2_c,0
32_26_14_2_c,0
32_26_5_3_a,0
32_26_6_3_a,0
32_26_7_3_b,94
32_26_10_3_b,50
32_26_14_3_b,70
32_26_3_3_c,0
32_26_8_3_c,0
45_30_3_1_a,15
45_30_8_1_a,5
45_30_14_1_a,9
45_30_5_1_b,88
45_30_9_1_b,77
45_30_10_1_b,58
45_30_1_1_c,10
45_30_10_1_c,10
45_30_11_1_c,9
45_30_2_2_a,20
45_30_8_2_a,6
45_30_11_2_a,15
45_30_3_2_b,76
45_30_12_2_b,52
45_30_4_2_c,14
45_30_12_2_c,14
45_30_13_2_c,13
45_30_5_3_a,9
45_30_14_3_a,9
45_30_4_3_b,70
45_30_6_3_b,73
45_30_7_3_b,70
45_30_2_3_c,8
45_30_7_3_c,9
44_13_6_1_a,2
44_13_7_1_a,7
44_13_5_1_b,1
44_13_8_1_b,3
44_13_10_1_b,56
44_13_9_1_c,0
44_13_11_1_c,0
44_13_1_2_a,11
44_13_7_2_a,13
44_13_10_2_a,46
44_13_2_2_b,41
44_13_11_2_b,0
44_13_3_2_c,0
44_13_12_2_c,0
44_13_13_2_c,0
44_13_4_3_a,0
44_13_9_3_a,0
44_13_13_3_a,8
44_13_2_3_b,21
44_13_5_3_b,6
44_13_14_3_b,32
44_13_1_3_c,0
44_13_3_3_c,0
44_13_6_3_c,0
40_12_2_1_a,0
40_12_6_1_a,0
40_12_8_1_a,0
40_12_5_1_b,1
40_12_7_1_b,0
40_12_8_1_c,0
40_12_12_1_c,0
40_12_9_2_a,0
40_12_14_2_a,0
40_12_1_2_b,0
40_12_10_2_b,0
40_12_2_2_c,0
40_12_3_2_c,0
40_12_4_2_c,0
40_12_7_2_c,0
40_12_11_2_c,0
40_12_1_3_a,0
40_12_3_3_a,0
40_12_12_3_a,0
40_12_4_3_b,32
40_12_4_3_b,32
40_12_13_3_b,5
40_12_5_3_c,0
40_12_10_3_c,0
40_12_14_3_c,0
37_7_5_1_a,0
37_7_14_1_a,0
37_7_6_1_b,10
37_7_8_1_b,45
37_7_2_1_c,0
37_7_7_1_c,0
37_7_10_1_c,0
37_7_14_1_c,0
37_7_4_2_a,0
37_7_8_2_a,0
37_7_3_2_b,89
37_7_5_2_b,4
37_7_9_2_b,9
37_7_1_2_c,0
37_7_10_2_c,0
37_7_11_2_c,0
37_7_1_3_a,0
37_7_2_3_a,0
37_7_9_3_a,0
37_7_11_3_a,0
37_7_3_3_b,91
37_7_12_3_b,31
37_7_4_3_c,0
37_7_13_3_c,0
16_20_4_1_a,0
16_20_13_1_a,0
16_20_1_1_b,1
16_20_5_1_b,1
16_20_14_1_b,3
16_20_6_1_c,0
16_20_8_1_c,91
16_20_10_1_c,4
16_20_2_2_a,1
16_20_3_2_a,0
16_20_7_2_a,95
16_20_4_2_b,3
16_20_8_2_b,19
16_20_9_2_c,93
16_20_12_2_c,0
16_20_13_2_c,0
16_20_1_3_a,0
16_20_7_3_a,92
16_20_10_3_a,2
16_20_2_3_b,1
16_20_9_3_b,5
16_20_11_3_b,1
16_20_3_3_c,0
16_20_12_3_c,0
12_10_3_1_a,1
12_10_7_1_a,2
12_10_12_1_a,0
12_10_4_1_b,86
12_10_8_1_b,0
12_10_13_1_b,85
12_10_5_1_c,0
12_10_14_1_c,0
12_10_1_2_a,1
12_10_3_2_a,2
12_10_6_2_a,5
12_10_7_2_b,3
12_10_13_2_b,49
12_10_2_2_c,7
12_10_4_2_c,6
12_10_8_2_c,1
12_10_12_2_c,0
12_10_9_3_a,0
12_10_14_3_a,1
12_10_1_3_b,13
12_10_5_3_b,83
12_10_10_3_b,29
12_10_2_3_c,2
12_10_11_3_c,0
8_30_2_1_a,90
8_30_11_1_a,0
8_30_3_1_b,4
8_30_12_1_b,2
8_30_14_1_b,0
8_30_4_1_c,1
8_30_7_1_c,6
8_30_13_1_c,0
8_30_5_2_a,71
8_30_9_2_a,46
8_30_14_2_a,44
8_30_6_2_b,1
8_30_8_2_b,72
8_30_10_2_b,75
8_30_7_2_c,75
8_30_12_2_c,0
8_30_4_3_a,68
8_30_8_3_a,66
8_30_13_3_a,14
8_30_2_3_b,90
8_30_9_3_b,0
8_30_1_3_c,2
8_30_5_3_c,1
8_30_10_3_c,16
26_23_2_1_a,6
26_23_5_1_a,0
26_23_4_1_b,0
26_23_7_1_b,2
26_23_10_1_b,1
26_23_6_1_c,0
26_23_8_1_c,80
26_23_9_1_c,77
26_23_3_2_a,1
26_23_4_2_a,0
26_23_8_2_a,65
26_23_9_2_a,70
26_23_11_2_a,0
26_23_6_2_b,0
26_23_10_2_b,0
26_23_12_2_c,0
26_23_13_2_c,0
26_23_11_3_a,0
26_23_14_3_a,57
26_23_1_3_b,0
26_23_13_3_b,0
26_23_3_3_c,0
26_23_5_3_c,0
26_23_11_3_c,0
21_24_1_1_a,0
21_24_3_1_a,0
21_24_8_1_a,96
21_24_2_1_b,0
21_24_5_1_b,0
21_24_10_1_b,0
21_24_4_1_c,0
21_24_6_1_c,0
21_24_7_1_c,31
21_24_6_2_a,0
21_24_9_2_a,95
21_24_11_2_a,0
21_24_3_2_b,0
21_24_8_2_b,89
21_24_11_2_b,0
21_24_10_2_c,0
21_24_13_2_c,0
21_24_12_3_a,0
21_24_13_3_a,0
21_24_9_3_b,88
21_24_14_3_b,93
21_24_1_3_c,0
21_24_11_3_c,0
21_24_12_3_c,0
49_25_1_1_a,0
49_25_7_1_a,0
49_25_3_1_b,0
49_25_6_1_b,0
49_25_8_1_b,0
49_25_11_1_b,0
49_25_2_1_c,0
49_25_5_1_c,0
49_25_9_1_c,0
49_25_4_2_a,0
49_25_7_2_a,0
49_25_6_2_b,0
49_25_9_2_b,0
49_25_14_2_b,0
49_25_8_2_c,0
49_25_10_2_c,0
49_25_11_2_c,0
49_25_5_3_a,0
49_25_10_3_a,0
49_25_13_3_a,0
49_25_12_3_b,0
49_25_13_3_b,0
49_25_4_3_c,0
49_25_14_3_c,0
47_9_11_1_a,0
47_9_14_1_a,0
47_9_1_1_b,0
47_9_5_1_b,0
47_9_3_1_c,0
47_9_13_1_c,0
47_9_2_2_a,0
47_9_5_2_a,0
47_9_10_2_a,0
47_9_4_2_b,0
47_9_7_2_b,0
47_9_6_2_c,0
47_9_8_2_c,0
47_9_9_2_c,0
47_9_1_3_a,0
47_9_2_3_a,0
47_9_3_3_a,0
47_9_8_3_a,0
47_9_11_3_a,0
47_9_7_3_b,0
47_9_10_3_b,0
47_9_13_3_b,0
47_9_4_3_c,0
47_9_12_3_c,0
11_33_5_1_a,0
11_33_12_1_a,0
11_33_13_1_a,0
11_33_7_1_b,93
11_33_10_1_b,94
11_33_14_1_b,95
11_33_1_1_c,1
11_33_3_1_c,1
11_33_3_2_a,0
11_33_13_2_a,0
11_33_2_2_b,31
11_33_5_2_b,3
11_33_1_2_c,2
11_33_4_2_c,0
11_33_7_2_c,93
11_33_11_2_c,0
11_33_2_3_a,19
11_33_6_3_a,0
11_33_9_3_a,91
11_33_4_3_b,1
11_33_8_3_b,90
11_33_11_3_b,0
11_33_10_3_c,14
11_33_13_3_c,0
8_30_2_1_b,82
8_30_5_1_b,9
8_30_9_1_b,1
8_30_10_1_b,78
8_30_1_2_a,29
8_30_2_2_a,98
8_30_3_2_a,2
8_30_7_2_a,50
8_30_8_2_a,47
8_30_10_2_a,73
8_30_12_2_a,3
8_30_2_2_b,91
8_30_3_2_b,11
8_30_5_2_b,10
8_30_7_2_b,29
8_30_9_2_b,4
8_30_12_2_b,9
8_30_14_2_b,4
8_30_6_3_a,4
8_30_6_3_b,2
8_30_7_3_b,2
8_30_8_3_b,87
8_30_10_3_b,69
8_30_8_3_c,45
12_10_13_1_a,1
12_10_6_1_b,64
12_10_11_1_b,65
12_10_14_1_b,84
12_10_17_1_b,87
12_10_18_1_b,84
12_10_13_1_c,0
12_10_4_2_a,68
12_10_10_2_a,0
12_10_13_2_a,20
12_10_16_2_a,13
12_10_21_2_a,55
12_10_4_2_b,84
12_10_6_2_b,31
12_10_10_2_b,70
12_10_12_2_b,11
12_10_21_2_b,82
12_10_13_2_c,0
12_10_6_3_b,49
12_10_13_3_b,82
12_10_14_3_b,83
12_10_18_3_b,85
12_10_20_3_b,87
12_10_13_3_c,0
16_20_7_1_b,4
16_20_8_1_b,8
16_20_9_1_b,2
16_20_14_1_b,4
16_20_16_1_b,2
16_20_17_1_b,0
16_20_7_1_c,92
16_20_9_1_c,94
16_20_8_2_a,93
16_20_9_2_a,94
16_20_16_2_a,1
16_20_21_2_a,0
16_20_7_2_b,3
16_20_9_2_b,5
16_20_14_2_b,4
16_20_16_2_b,3
16_20_7_2_c,94
16_20_7_3_b,15
16_20_8_3_b,13
16_20_14_3_b,11
16_20_16_3_b,2
16_20_20_3_b,1
16_20_7_3_c,94
16_20_8_3_c,96
11_33_16_1_a,87
11_33_8_1_b,91
11_33_9_1_b,89
11_33_16_1_b,94
11_33_17_1_b,19
11_33_20_1_b,4
11_33_7_2_a,93
11_33_10_2_a,66
11_33_16_2_a,88
11_33_17_2_a,17
11_33_20_2_a,7
11_33_7_2_b,90
11_33_10_2_b,90
11_33_14_2_b,89
11_33_16_2_b,90
11_33_17_2_b,30
11_33_10_2_c,37
11_33_16_2_c,2
11_33_2_3_b,12
11_33_7_3_b,89
11_33_9_3_b,89
11_33_10_3_b,79
11_33_14_3_b,89
11_33_16_3_b,89
44_13_2_1_b,14
44_13_7_1_b,7
44_13_9_1_b,1
44_13_11_1_b,0
44_13_12_1_b,0
44_13_14_1_b,23
44_13_16_1_b,37
44_13_12_2_a,9
44_13_14_2_a,0
44_13_16_2_a,11
44_13_7_2_b,21
44_13_8_2_b,14
44_13_9_2_b,9
44_13_10_2_b,45
44_13_12_2_b,0
44_13_14_2_b,42
44_13_8_3_a,0
44_13_1_3_b,19
44_13_7_3_b,8
44_13_8_3_b,7
44_13_9_3_b,0
44_13_10_3_b,35
44_13_11_3_b,0
44_13_12_3_b,0
17_17_7_1_a,2
17_17_7_1_b,87
17_17_8_1_b,91
17_17_9_1_b,88
17_17_17_1_b,0
17_17_20_1_b,0
17_17_21_1_b,0
17_17_7_2_a,53
17_17_9_2_a,50
17_17_14_2_a,34
17_17_16_2_a,70
17_17_17_2_a,47
17_17_20_2_a,9
17_17_21_2_a,2
17_17_7_2_b,80
17_17_8_2_b,85
17_17_20_2_b,1
17_17_21_2_b,1
17_17_8_3_a,15
17_17_7_3_b,89
17_17_8_3_b,82
17_17_9_3_b,82
17_17_20_3_b,0
17_17_21_3_b,0
26_23_8_1_b,0
26_23_16_1_b,0
26_23_17_1_b,0
26_23_19_1_b,0
26_23_21_1_b,0
26_23_7_1_c,79
26_23_7_2_a,79
26_23_16_2_a,46
26_23_17_2_a,15
26_23_18_2_a,5
26_23_19_2_a,1
26_23_20_2_a,2
26_23_7_2_b,1
26_23_8_2_b,1
26_23_16_2_b,1
26_23_17_2_b,0
26_23_20_2_b,0
26_23_7_2_c,76
26_23_7_3_b,0
26_23_8_3_b,0
26_23_16_3_b,0
26_23_17_3_b,0
26_23_20_3_b,0
26_23_21_3_b,1
14_27_2_1_b,57
14_27_7_1_b,0
14_27_8_1_b,0
14_27_16_1_b,1
14_27_17_1_b,47
14_27_8_1_c,18
14_27_2_2_a,27
14_27_7_2_a,81
14_27_8_2_a,86
14_27_9_2_a,83
14_27_16_2_a,85
14_27_17_2_a,33
14_27_20_2_a,5
14_27_21_2_a,3
14_27_7_2_b,0
14_27_16_2_b,31
14_27_17_2_b,55
14_27_20_2_b,0
14_27_8_2_c,76
14_27_2_3_b,34
14_27_7_3_b,0
14_27_8_3_b,0
14_27_16_3_b,0
14_27_20_3_b,0
37_7_1_1_b,19
37_7_3_1_b,86
37_7_7_1_b,18
37_7_9_1_b,3
37_7_10_1_b,16
37_7_11_1_b,34
37_7_12_1_b,28
37_7_13_1_b,89
37_7_14_1_b,13
37_7_16_1_b,13
37_7_1_2_b,23
37_7_7_2_b,74
37_7_11_2_b,2
37_7_12_2_b,2
37_7_13_2_b,24
37_7_14_2_b,67
37_7_7_3_b,49
37_7_8_3_b,4
37_7_9_3_b,5
37_7_10_3_b,15
37_7_11_3_b,33
37_7_13_3_b,79
37_7_14_3_b,10
37_7_16_3_b,13
32_26_8_1_b,100
32_26_14_1_b,100
32_26_16_1_b,58
32_26_18_1_b,67
32_26_20_1_b,30
32_26_21_1_b,71
32_26_8_2_a,40
32_26_16_2_a,34
32_26_19_2_a,0
32_26_20_2_a,4
32_26_8_2_b,100
32_26_10_2_b,99
32_26_14_2_b,100
32_26_16_2_b,100
32_26_17_2_b,100
32_26_18_2_b,80
32_26_19_2_b,25
32_26_20_2_b,80
32_26_21_2_b,93
32_26_8_3_b,100
32_26_16_3_b,100
32_26_18_3_b,65
32_26_20_3_b,41
32_26_21_3_b,100
36_41_6_1_b,77
36_41_7_1_b,100
36_41_8_1_b,85
36_41_9_1_b,86
36_41_10_1_b,72
36_41_11_1_b,88
36_41_16_1_b,69
36_41_8_2_a,0
36_41_16_2_a,13
36_41_6_2_b,83
36_41_7_2_b,100
36_41_9_2_b,94
36_41_11_2_b,83
36_41_14_2_b,94
36_41_16_2_b,95
36_41_5_3_b,90
36_41_6_3_b,90
36_41_7_3_b,100
36_41_9_3_b,91
36_41_10_3_b,92
36_41_12_3_b,89
36_41_14_3_b,93
36_41_16_3_b,66
36_41_17_3_b,74
6_18_4_1_b,82
6_18_9_1_b,4
6_18_10_1_b,82
6_18_11_1_b,85
6_18_12_1_b,83
6_18_13_1_b,87
6_18_10_2_a,0
6_18_11_2_a,35
6_18_13_2_a,37
6_18_4_2_b,27
6_18_7_2_b,19
6_18_8_2_b,5
6_18_9_2_b,8
6_18_11_2_b,81
6_18_12_2_b,81
6_18_13_2_b,76
6_18_14_2_b,25
6_18_4_3_a,0
6_18_7_3_b,4
6_18_8_3_b,4
6_18_9_3_b,4
6_18_11_3_b,80
6_18_12_3_b,80
6_18_14_3_b,25
50_41_2_1_b,15
50_41_5_1_b,90
50_41_7_1_b,11
50_41_10_1_b,22
50_41_11_1_b,38
50_41_14_1_b,19
50_41_3_2_a,0
50_41_7_2_a,0
50_41_10_2_a,0
50_41_2_2_b,2
50_41_7_2_b,1
50_41_8_2_b,0
50_41_9_2_b,0
50_41_10_2_b,0
50_41_11_2_b,6
50_41_14_2_b,3
50_41_3_3_b,80
50_41_5_3_b,83
50_41_7_3_b,16
50_41_8_3_b,0
50_41_9_3_b,20
50_41_11_3_b,29
50_41_12_3_b,23
50_41_14_3_b,28
40_12_2_1_b,1
40_12_9_1_b,0
40_12_10_1_b,0
40_12_11_1_b,0
40_12_13_1_b,2
40_12_14_1_b,0
40_12_16_1_b,3
40_12_17_1_b,5
40_12_10_2_a,0
40_12_2_2_b,0
40_12_9_2_b,0
40_12_11_2_b,0
40_12_13_2_b,0
40_12_14_2_b,0
40_12_16_2_b,0
40_12_17_2_b,1
40_12_2_3_b,3
40_12_9_3_b,0
40_12_10_3_b,0
40_12_11_3_b,1
40_12_12_3_b,1
40_12_14_3_b,1
40_12_16_3_b,2
40_12_17_3_b,8
42_10_3_1_b,58
42_10_4_1_b,83
42_10_5_1_b,15
42_10_5_1_b,14
42_10_12_1_b,20
42_10_13_1_b,56
42_10_14_1_b,6
42_10_5_2_a,0
42_10_14_2_a,0
42_10_2_2_b,0
42_10_3_2_b,0
42_10_4_2_b,37
42_10_6_2_b,0
42_10_10_2_b,1
42_10_11_2_b,0
42_10_13_2_b,0
42_10_2_3_b,23
42_10_3_3_b,61
42_10_4_3_b,83
42_10_6_3_b,83
42_10_10_3_b,8
42_10_11_3_b,33
42_10_12_3_b,11
42_10_14_3_b,14
21_24_7_1_b,31
21_24_8_1_b,78
21_24_9_1_b,26
21_24_16_1_b,0
21_24_17_1_b,0
21_24_21_1_b,0
21_24_7_2_a,100
21_24_8_2_a,96
21_24_16_2_a,0
21_24_19_2_a,0
21_24_20_2_a,0
21_24_7_2_b,62
21_24_9_2_b,46
21_24_16_2_b,0
21_24_17_2_b,0
21_24_19_2_b,0
21_24_21_2_b,0
21_24_8_2_c,79
21_24_7_3_b,44
21_24_8_3_b,89
21_24_16_3_b,0
21_24_20_3_b,0
21_24_21_3_b,0
21_24_8_3_c,84
34_9_7_1_b,1
34_9_8_1_b,0
34_9_9_1_b,0
34_9_14_1_b,1
34_9_16_1_b,39
34_9_19_1_b,1
34_9_20_1_b,0
34_9_21_1_b,0
34_9_14_2_a,0
34_9_7_2_b,19
34_9_8_2_b,3
34_9_9_2_b,3
34_9_10_2_b,6
34_9_14_2_b,0
34_9_16_2_b,22
34_9_19_2_b,1
34_9_20_2_b,0
34_9_21_2_b,0
34_9_8_3_b,1
34_9_9_3_b,2
34_9_16_3_b,76
34_9_19_3_b,2
34_9_20_3_b,0
34_9_21_3_b,0
45_30_2_1_b,55
45_30_7_1_b,89
45_30_8_1_b,87
45_30_11_1_b,85
45_30_14_1_b,79
45_30_7_2_a,3
45_30_9_2_a,0
45_30_10_2_a,7
45_30_2_2_b,52
45_30_7_2_b,57
45_30_8_2_b,51
45_30_9_2_b,78
45_30_10_2_b,57
45_30_11_2_b,70
45_30_14_2_b,74
45_30_10_2_c,7
45_30_11_2_c,8
45_30_1_3_b,64
45_30_2_3_b,59
45_30_8_3_b,88
45_30_9_3_b,83
45_30_10_3_b,83
45_30_11_3_b,71
45_30_14_3_b,85
17_30_4_1_a,38
17_30_12_1_a,22
17_30_17_1_a,93
17_30_21_1_a,94
17_30_7_1_b,65
17_30_9_1_b,23
17_30_4_1_c,0
17_30_5_1_c,0
17_30_10_1_c,0
17_30_7_2_a,23
17_30_10_2_a,8
17_30_2_2_b,98
17_30_7_2_b,63
17_30_8_2_b,79
17_30_9_2_b,36
17_30_10_2_b,17
17_30_12_2_b,93
17_30_20_2_b,99
17_30_2_3_b,97
17_30_7_3_b,70
17_30_10_3_b,97
17_30_8_3_c,0
17_30_10_3_c,0
17_30_17_3_c,0
36_17_8_1_a,21
36_17_9_1_a,5
36_17_10_1_a,0
36_17_2_1_b,7
36_17_5_1_b,8
36_17_1_1_c,0
36_17_10_1_c,0
36_17_8_2_a,16
36_17_9_2_a,12
36_17_10_2_a,15
36_17_12_2_a,0
36_17_3_2_b,4
36_17_8_2_b,79
36_17_10_2_b,57
36_17_14_2_b,76
36_17_11_3_a,0
36_17_14_3_a,26
36_17_2_3_b,7
36_17_10_3_b,15
36_17_11_3_b,4
36_17_3_3_c,0
36_17_5_3_c,0
36_17_10_3_c,0
36_17_14_3_c,0
43_17_4_1_a,2
43_17_7_1_a,0
43_17_9_1_a,0
43_17_11_1_a,31
43_17_20_1_a,0
43_17_17_1_b,91
43_17_3_1_c,0
43_17_12_1_c,0
43_17_16_1_c,0
43_17_20_1_c,0
43_17_21_1_c,0
43_17_4_2_a,6
43_17_8_2_a,0
43_17_4_2_b,5
43_17_11_2_b,68
43_17_16_2_b,21
43_17_2_3_a,5
43_17_4_3_a,0
43_17_6_3_b,67
43_17_7_3_b,11
43_17_8_3_b,4
43_17_10_3_b,32
43_17_16_3_b,13
43_17_21_3_b,74
17_24_9_1_a,2
17_24_8_1_b,84
17_24_9_1_b,72
17_24_13_1_b,0
17_24_14_1_b,83
17_24_21_1_b,0
17_24_8_1_c,0
17_24_14_1_c,0
17_24_8_2_a,66
17_24_9_2_a,49
17_24_17_2_a,8
17_24_6_2_b,0
17_24_9_2_b,31
17_24_14_2_b,85
17_24_8_3_a,6
17_24_13_3_a,0
17_24_7_3_b,74
17_24_8_3_b,86
17_24_9_3_b,72
17_24_10_3_b,45
17_24_14_3_b,55
17_24_7_3_c,0
17_24_8_3_c,0
17_24_9_3_c,0
11_38_2_1_a,0
11_38_8_1_a,95
11_38_10_1_a,18
11_38_17_1_a,1
11_38_1_1_b,1
11_38_10_1_b,0
11_38_8_1_c,93
11_38_14_1_c,98
11_38_7_2_a,80
11_38_8_2_a,94
11_38_10_2_a,21
11_38_12_2_a,0
11_38_7_2_b,0
11_38_8_2_b,1
11_38_7_3_a,95
11_38_10_3_a,2
11_38_7_3_b,1
11_38_14_3_b,30
11_38_7_3_c,93
11_38_8_3_c,99
11_38_14_3_c,97
11_38_18_3_c,0
11_38_19_3_c,0
11_38_21_3_c,0
40_26_1_1_a,0
40_26_6_1_a,0
40_26_7_1_a,0
40_26_12_1_a,0
40_26_10_1_b,1
40_26_14_1_b,0
40_26_16_1_b,0
40_26_1_1_c,0
40_26_2_1_c,0
40_26_13_1_c,0
40_26_14_1_c,0
40_26_4_2_a,0
40_26_14_2_a,0
40_26_21_2_a,0
40_26_2_2_b,2
40_26_10_2_b,0
40_26_17_2_b,11
40_26_19_2_b,3
40_26_14_3_a,0
40_26_10_3_b,1
40_26_13_3_b,3
40_26_1_3_c,0
40_26_2_3_c,0
40_26_7_3_c,0
40_24_9_1_a,0
40_24_17_1_a,0
40_24_2_1_b,0
40_24_7_1_b,0
40_24_8_1_b,0
40_24_14_1_b,0
40_24_16_1_b,0
40_24_5_1_c,5
40_24_18_1_c,0
40_24_1_2_a,1
40_24_10_2_a,0
40_24_14_2_a,0
40_24_7_2_b,0
40_24_9_2_b,0
40_24_17_2_b,0
40_24_7_3_a,0
40_24_18_3_a,0
40_24_4_3_b,0
40_24_7_3_b,0
40_24_16_3_b,0
40_24_6_3_c,0
40_24_7_3_c,0
40_24_8_3_c,0
40_24_9_3_c,0
23_24_14_1_a,32
23_24_9_1_b,22
23_24_17_1_b,56
23_24_7_1_c,3
23_24_8_1_c,7
23_24_10_1_c,1
23_24_14_1_c,2
23_24_17_1_c,0
23_24_3_2_a,0
23_24_4_2_a,0
23_24_7_2_a,90
23_24_8_2_a,90
23_24_9_2_a,87
23_24_7_2_b,64
23_24_9_2_b,64
23_24_14_2_b,68
23_24_9_3_a,31
23_24_14_3_a,3
23_24_7_3_b,99
23_24_8_3_b,89
23_24_16_3_b,34
23_24_4_3_c,0
23_24_8_3_c,9
23_24_9_3_c,4
23_33_7_1_a,15
23_33_8_1_a,48
23_33_9_1_a,41
23_33_12_1_a,0
23_33_14_1_a,16
23_33_16_1_a,5
23_33_8_1_b,90
23_33_8_1_c,6
23_33_10_1_c,3
23_33_21_1_c,0
23_33_10_2_a,10
23_33_20_2_a,18
23_33_21_2_a,8
23_33_9_2_b,91
23_33_20_2_b,21
23_33_7_3_a,13
23_33_10_3_a,3
23_33_17_3_a,27
23_33_2_3_b,96
23_33_7_3_b,89
23_33_14_3_b,36
23_33_2_3_c,0
23_33_8_3_c,13
23_33_16_3_c,0
36_38_7_1_a,22
36_38_11_1_b,0
36_38_2_1_c,0
36_38_4_1_c,0
36_38_8_1_c,0
36_38_11_1_c,0
36_38_2_2_a,0
36_38_10_2_a,0
36_38_11_2_a,0
36_38_14_2_a,0
36_38_17_2_a,0
36_38_5_2_b,0
36_38_10_2_b,0
36_38_2_3_a,0
36_38_4_3_a,0
36_38_10_3_a,0
36_38_11_3_a,0
36_38_10_3_b,0
36_38_11_3_b,0
36_38_14_3_b,0
36_38_7_3_c,0
36_38_8_3_c,0
36_38_11_3_c,0
36_38_18_3_c,0
47_33_8_1_a,0
47_33_10_1_a,0
47_33_18_1_a,0
47_33_2_1_b,91
47_33_3_1_b,91
47_33_8_1_b,3
47_33_16_1_b,33
47_33_21_1_c,0
47_33_8_2_a,0
47_33_9_2_a,0
47_33_10_2_a,8
47_33_14_2_a,0
47_33_16_2_a,0
47_33_2_2_b,70
47_33_10_2_b,19
47_33_20_2_b,75
47_33_2_2_a,0
47_33_2_3_b,78
47_33_3_3_b,87
47_33_9_3_b,11
47_33_10_3_b,62
47_33_8_3_c,0
47_33_14_3_c,0
47_30_2_1_a,0
47_30_9_1_a,0
47_30_18_1_a,0
47_30_4_1_b,45
47_30_9_1_b,45
47_30_8_1_c,0
47_30_10_1_c,0
47_30_12_1_c,0
47_30_16_1_c,0
47_30_5_2_a,0
47_30_6_2_a,15
47_30_10_2_a,0
47_30_11_2_a,0
47_30_5_2_b,78
47_30_9_2_b,32
47_30_10_2_b,20
47_30_2_3_a,0
47_30_9_3_a,0
47_30_7_3_b,12
47_30_8_3_b,8
47_30_2_3_c,0
47_30_7_3_c,0
47_30_8_3_c,0
47_30_14_3_c,0
49_33_7_1_a,0
49_33_8_1_a,0
49_33_9_1_a,0
49_33_4_1_b,88
49_33_8_1_b,0
49_33_9_1_b,0
49_33_18_1_b,42
49_33_2_1_c,0
49_33_8_1_c,0
49_33_10_1_c,0
49_33_20_1_c,0
49_33_2_2_a,0
49_33_8_2_a,0
49_33_2_2_b,44
49_33_8_2_b,0
49_33_12_2_b,0
49_33_2_3_a,0
49_33_8_3_a,0
49_33_7_3_b,0
49_33_8_3_b,0
49_33_14_3_b,0
49_33_7_3_c,0
49_33_8_3_c,0
49_33_14_3_c,0
34_24_9_1_a,10
34_24_13_1_a,0
34_24_20_1_a,1
34_24_7_1_b,32
34_24_8_1_b,34
34_24_9_1_b,16
34_24_14_1_b,19
34_24_8_1_c,0
34_24_9_1_c,0
34_24_14_1_c,0
34_24_4_2_a,0
34_24_8_2_a,8
34_24_9_2_a,6
34_24_20_2_a,12
34_24_2_2_b,0
34_24_9_2_b,67
34_24_19_2_b,0
34_24_9_3_a,0
34_24_7_3_b,44
34_24_9_3_b,42
34_24_10_3_b,0
34_24_17_3_b,24
34_24_9_3_c,0
34_24_20_3_c,0
34_18_1_1_a,7
34_18_13_1_a,6
34_18_1_1_b,47
34_18_3_1_b,10
34_18_10_1_b,6
34_18_12_1_b,30
34_18_13_1_b,44
34_18_1_1_c,0
34_18_13_1_c,0
34_18_21_2_a,5
34_18_21_2_a,6
34_18_1_2_b,78
34_18_4_2_b,12
34_18_10_2_b,32
34_18_13_2_b,19
34_18_1_3_a,4
34_18_13_3_a,2
34_18_1_3_b,84
34_18_4_3_b,10
34_18_9_3_b,96
34_18_17_3_b,87
34_18_21_3_b,58
34_18_10_3_c,0
34_18_18_3_c,0
8_9_4_1_a,0
8_9_7_1_a,0
8_9_10_1_a,0
8_9_2_1_b,0
8_9_4_1_b,0
8_9_10_1_b,0
8_9_21_1_b,0
8_9_2_1_c,0
8_9_3_1_c,0
8_9_10_1_c,0
8_9_21_1_c,0
8_9_2_2_a,0
8_9_4_2_a,0
8_9_9_2_a,7
8_9_10_2_a,0
8_9_19_2_a,0
8_9_2_2_b,0
8_9_17_2_b,0
8_9_7_3_a,7
8_9_20_3_a,0
8_9_2_3_b,0
8_9_10_3_b,0
8_9_1_3_c,0
8_9_2_3_c,0
11_9_7_1_a,0
11_9_8_1_a,0
11_9_4_1_b,0
11_9_8_1_b,0
11_9_10_1_b,0
11_9_14_1_b,83
11_9_8_1_c,0
11_9_9_1_c,0
11_9_10_1_c,0
11_9_9_2_a,5
11_9_11_2_a,0
11_9_17_2_a,0
11_9_18_2_a,0
11_9_8_2_b,5
11_9_9_2_b,0
11_9_10_2_b,0
11_9_2_3_a,0
11_9_8_3_a,0
11_9_10_3_a,0
11_9_14_3_a,0
11_9_3_3_b,0
11_9_7_3_b,0
11_9_8_3_c,0
11_9_14_3_c,0
43_25_2_1_a,0
43_25_8_1_a,0
43_25_9_1_a,0
43_25_5_1_b,0
43_25_7_1_b,0
43_25_12_1_b,0
43_25_18_1_b,0
43_25_5_1_c,0
43_25_9_1_c,0
43_25_10_1_c,0
43_25_11_1_c,0
43_25_2_2_a,0
43_25_2_2_b,4
43_25_5_2_b,0
43_25_8_2_b,5
43_25_1_3_a,2
43_25_3_3_a,1
43_25_21_3_a,0
43_25_2_3_b,1
43_25_4_3_b,0
43_25_8_3_b,2
43_25_14_3_b,0
43_25_1_3_c,0
43_25_2_3_c,0
8_25_10_1_a,0
8_25_2_1_b,0
8_25_4_1_b,0
8_25_10_1_b,11
8_25_14_1_b,53
8_25_10_1_c,0
8_25_2_2_a,0
8_25_4_2_a,0
8_25_7_2_a,93
8_25_10_2_a,1
8_25_20_2_a,1
8_25_2_2_b,0
8_25_7_2_b,46
8_25_13_2_b,0
8_25_8_3_a,83
8_25_7_3_b,90
8_25_8_3_b,91
8_25_10_3_b,31
8_25_14_3_b,54
8_25_21_3_b,0
8_25_2_3_c,0
8_25_7_3_c,46
8_25_16_3_c,0
8_25_17_3_c,0
49_26_6_1_a,1
49_26_13_1_a,0
49_26_2_1_b,65
49_26_7_1_b,13
49_26_11_1_b,34
49_26_13_1_b,68
49_26_16_1_b,83
49_26_13_1_c,0
49_26_14_1_c,0
49_26_1_2_a,4
49_26_2_2_a,1
49_26_7_2_a,0
49_26_13_2_a,6
49_26_10_2_b,29
49_26_20_2_b,83
49_26_7_3_a,0
49_26_13_3_a,2
49_26_21_3_a,0
49_26_1_3_b,34
49_26_2_3_b,61
49_26_9_3_b,13
49_26_2_3_c,0
49_26_7_3_c,0
49_26_9_3_c,0
43_12_9_1_a,0
43_12_3_1_b,74
43_12_4_1_b,89
43_12_8_1_b,43
43_12_9_1_b,20
43_12_13_1_b,85
43_12_1_1_c,2
43_12_6_1_c,0
43_12_8_1_c,0
43_12_18_1_c,0
43_12_1_2_a,62
43_12_20_2_a,92
43_12_1_2_b,28
43_12_4_2_b,87
43_12_12_2_b,72
43_12_20_2_b,92
43_12_20_3_a,89
43_12_17_3_b,86
43_12_3_3_c,0
43_12_7_3_c,0
43_12_9_3_c,0
43_12_13_3_c,0
43_12_16_3_c,0
43_12_18_3_c,0
36_12_2_1_a,0
36_12_14_1_a,0
36_12_2_1_b,23
36_12_5_1_b,74
36_12_8_1_b,69
36_12_9_1_b,90
36_12_14_1_b,31
36_12_14_1_c,0
36_12_7_2_a,4
36_12_10_2_a,23
36_12_5_2_b,60
36_12_14_2_b,72
36_12_5_3_a,0
36_12_2_3_b,30
36_12_4_3_b,76
36_12_5_3_b,73
36_12_10_3_b,53
36_12_11_3_b,60
36_12_14_3_b,83
36_12_5_3_c,0
36_12_8_3_c,0
36_12_11_3_c,0
36_12_12_3_c,0
36_12_16_3_c,0
12_27_16_1_a,89
12_27_9_1_b,1
12_27_17_1_b,24
12_27_7_1_c,46
12_27_9_1_c,86
12_27_8_2_a,82
12_27_9_2_a,82
12_27_14_2_a,80
12_27_16_2_a,81
12_27_17_2_a,19
12_27_7_2_b,30
12_27_9_2_b,1
12_27_14_2_b,13
12_27_17_2_b,6
12_27_7_3_a,94
12_27_9_3_a,90
12_27_16_3_a,93
12_27_7_3_b,2
12_27_9_3_b,4
12_27_14_3_b,3
12_27_17_3_b,11
12_27_7_3_c,73
12_27_9_3_c,67
12_20_4_1_a,0
12_20_7_1_a,91
12_20_8_1_b,4
12_20_9_1_a,87
12_20_16_1_a,13
12_20_17_1_b,0
12_20_4_1_c,0
12_20_7_1_c,89
12_20_9_1_c,94
12_20_16_1_c,3
12_20_4_2_a,3
12_20_8_2_a,90
12_20_9_2_a,90
12_20_16_2_a,13
12_20_4_3_a,2
12_20_7_3_a,88
12_20_8_3_a,33
12_20_9_3_a,82
12_20_16_3_a,4
12_20_17_3_b,2
12_20_4_3_c,1
12_20_7_3_c,84
12_20_9_3_c,87
12_20_16_3_c,1
10_11_9_1_a,77
10_11_14_1_a,76
10_11_4_1_b,0
10_11_17_1_b,0
10_11_18_1_b,0
10_11_19_1_b,0
10_11_20_1_b,0
10_11_21_1_b,0
10_11_5_2_a,0
10_11_7_2_a,95
10_11_8_2_a,96
10_11_9_2_a,93
10_11_14_2_a,92
10_11_2_2_b,0
10_11_19_2_b,0
10_11_4_3_b,0
10_11_14_3_b,0
10_11_16_3_b,0
10_11_17_3_b,0
10_11_18_3_b,0
10_11_19_3_b,0
10_11_8_3_c,95
10_11_16_3_c,0
10_11_19_3_c,0
14_11_16_1_a,99
14_11_1_1_b,51
14_11_8_1_b,18
14_11_13_1_b,75
14_11_16_1_b,47
14_11_17_1_b,76
14_11_20_1_b,78
14_11_21_1_b,76
14_11_5_2_a,5
14_11_9_2_a,90
14_11_10_2_a,57
14_11_16_2_a,95
14_11_10_2_b,60
14_11_14_2_b,24
14_11_9_2_a,85
14_11_16_3_a,96
14_11_1_3_b,41
14_11_8_3_b,17
14_11_13_3_b,60
14_11_14_3_b,3
14_11_16_3_b,32
14_11_17_3_b,48
14_11_19_3_b,48
14_11_8_3_c,97
14_8_8_1_a,53
14_8_1_1_b,2
14_8_8_1_b,0
14_8_13_1_b,1
14_8_14_1_b,0
14_8_16_1_b,0
14_8_17_1_b,1
14_8_20_1_b,1
14_8_21_1_b,5
14_8_8_2_a,69
14_8_9_2_a,25
14_8_1_2_b,0
14_8_10_2_b,0
14_8_13_2_b,17
14_8_17_2_b,1
14_8_21_2_b,0
14_8_8_3_a,73
14_8_8_3_b,0
14_8_14_3_b,0
14_8_16_3_b,0
14_8_17_3_b,1
14_8_19_3_b,3
14_8_20_3_b,1
14_8_21_3_b,1
14_24_7_1_a,73
14_24_8_1_a,53
14_24_9_1_a,54
14_24_5_1_b,0
14_24_14_1_b,40
14_24_16_1_b,11
14_24_1_2_a,0
14_24_7_2_a,78
14_24_8_2_a,77
14_24_9_2_a,73
14_24_14_2_a,68
14_24_16_2_a,77
14_24_17_2_a,43
14_24_18_2_a,5
14_24_20_2_a,33
14_24_16_2_b,12
14_24_7_3_a,79
14_24_8_3_a,72
14_24_9_3_a,72
14_24_2_3_b,32
14_24_10_3_b,25
14_24_14_3_b,35
14_24_16_3_b,33
14_24_8_3_c,80
26_27_7_1_a,61
26_27_8_1_a,45
26_27_9_1_a,48
26_27_14_1_a,47
26_27_8_1_b,9
26_27_9_1_b,3
26_27_14_1_b,11
26_27_9_1_c,14
26_27_7_2_a,9
26_27_8_2_a,44
26_27_9_2_a,7
26_27_16_2_a,2
26_27_17_2_a,5
26_27_9_2_b,2
26_27_14_2_b,6
26_27_17_2_b,2
26_27_7_3_a,39
26_27_8_3_a,43
26_27_9_3_a,53
26_27_14_3_a,57
26_27_16_3_a,3
26_27_8_3_b,13
26_27_14_3_b,16
26_27_9_3_c,18
26_10_7_1_a,0
26_10_9_1_a,0
26_10_2_1_b,0
26_10_4_1_b,0
26_10_9_1_b,0
26_10_13_1_b,0
26_10_18_1_b,0
26_10_19_1_b,0
26_10_20_1_b,0
26_10_7_1_c,0
26_10_9_2_a,0
26_10_2_2_b,0
26_10_14_2_b,0
26_10_20_2_b,0
26_10_7_3_a,0
26_10_9_3_a,0
26_10_2_3_b,0
26_10_4_3_b,0
26_10_9_3_b,0
26_10_14_3_b,0
26_10_17_3_b,0
26_10_18_3_b,0
26_10_19_3_b,0
26_10_20_3_b,0
16_10_4_1_a,25
16_10_17_1_a,1
16_10_3_1_b,2
16_10_11_1_b,2
16_10_13_1_b,97
16_10_16_1_b,86
16_10_18_1_b,10
16_10_20_1_b,89
16_10_21_1_b,92
16_10_4_1_c,3
16_10_4_2_a,49
16_10_2_2_b,83
16_10_21_2_b,85
16_10_4_3_a,39
16_10_17_3_a,3
16_10_3_3_b,4
16_10_11_3_b,21
16_10_16_3_b,91
16_10_18_3_b,18
16_10_19_3_b,84
16_10_20_3_b,86
16_10_21_3_b,97
16_10_4_3_c,2
16_10_19_3_c,2
16_23_7_1_a,67
16_23_8_1_a,95
16_23_9_1_a,81
16_23_4_1_b,19
16_23_7_1_b,71
16_23_8_1_b,83
16_23_9_1_b,74
16_23_7_1_c,89
16_23_5_2_a,15
16_23_7_2_a,84
16_23_8_2_a,84
16_23_9_2_a,84
16_23_10_2_a,87
16_23_4_2_b,16
16_23_7_2_b,70
16_23_7_3_a,87
16_23_8_3_a,73
16_23_10_3_a,84
16_23_4_3_b,18
16_23_7_3_b,62
16_23_8_3_b,43
16_23_9_3_b,80
16_23_10_3_b,85
16_23_7_3_c,93
8_1_4_1_a,0
8_1_10_1_a,0
8_1_12_1_a,0
8_1_2_1_b,0
8_1_8_1_b,0
8_1_4_1_c,0
8_1_10_1_c,0
8_1_2_2_a,0
8_1_5_2_a,0
8_1_6_2_a,0
8_1_7_2_a,0
8_1_2_2_b,0
8_1_4_2_b,0
8_1_10_2_b,0
8_1_2_3_a,0
8_1_4_3_a,0
8_1_10_3_b,0
8_1_20_3_b,0
8_1_21_3_b,0
8_1_2_3_c,0
8_1_4_3_c,0
8_1_7_3_c,0
8_1_10_3_c,0
8_1_12_3_c,0
11_1_8_1_a,0
11_1_9_1_a,0
11_1_18_1_a,0
11_1_2_1_b,0
11_1_7_1_b,0
11_1_10_1_b,7
11_1_7_1_c,0
11_1_9_1_c,0
11_1_10_1_c,0
11_1_14_1_c,0
11_1_19_1_c,0
11_1_20_1_c,0
11_1_9_2_a,0
11_1_14_2_a,0
11_1_8_2_b,0
11_1_14_2_b,0
11_1_17_2_b,0
11_1_14_3_a,0
11_1_10_3_b,5
11_1_19_3_b,11
11_1_20_3_b,0
11_1_21_3_b,2
11_1_10_3_c,0
11_1_16_3_c,0
1_45_8_1_a,41
1_45_8_1_c,100
1_45_21_1_b,79
1_45_7_1_a,82
1_45_7_1_c,101
1_45_19_1_b,14
1_45_17_1_b,83
1_45_2_1_b,67
1_45_13_1_b,78
1_45_9_2_a,80
1_45_20_2_b,78
1_45_7_2_a,85
1_45_17_2_a,58
1_45_2_2_a,11
1_45_14_2_a,62
1_45_7_3_c,87
1_45_20_3_b,74
1_45_21_3_b,76
1_45_19_3_b,9
1_45_17_3_b,74
1_45_2_3_c,3
1_45_12_3_b,11
1_45_13_3_b,27
1_45_14_3_b,66
10_24_5_1_c,0
10_24_7_1_a,95
10_24_8_1_a,97
10_24_9_1_a,91
10_24_16_1_a,100
10_24_2_2_a,0
10_24_4_2_a,0
10_24_5_2_a,0
10_24_7_2_a,96
10_24_8_2_a,91
10_24_9_2_a,93
10_24_10_2_a,76
10_24_14_2_a,91
10_24_16_2_a,94
10_24_16_2_b,0
10_24_17_2_a,9
10_24_18_2_a,0
10_24_20_2_a,0
10_24_21_2_a,0
10_24_7_3_a,98
10_24_8_3_a,96
10_24_9_3_a,98
10_24_16_3_b,0
10_24_18_3_a,0
48_22_2_1_b,87
48_22_6_1_b,12
48_22_8_1_b,10
48_22_13_1_b,75
48_22_14_1_b,31
48_22_16_1_b,62
48_22_17_1_b,100
48_22_18_1_b,72
48_22_20_1_b,90
48_22_21_1_b,91
48_22_2_2_b,82
48_22_5_2_b,76
48_22_6_2_b,58
48_22_7_2_b,12
48_22_11_2_b,38
48_22_17_2_b,96
48_22_20_2_b,91
48_22_21_2_b,85
48_22_2_3_b,89
48_22_6_3_b,13
48_22_13_3_b,67
48_22_14_3_b,32
48_22_16_3_b,75
48_22_20_3_b,96
18_3_6_1_b,1
18_3_7_1_b,7
18_3_8_1_b,13
18_3_14_1_b,7
18_3_16_1_b,0
18_3_17_1_b,0
18_3_21_1_b,2
18_3_6_2_b,2
18_3_7_2_a,16
18_3_8_2_a,23
18_3_9_2_b,16
18_3_14_2_b,11
18_3_16_2_b,0
18_3_17_2_b,0
18_3_21_2_b,1
18_3_6_3_b,1
18_3_7_3_b,9
18_3_8_3_b,12
18_3_9_3_b,10
18_3_11_3_b,0
18_3_13_3_b,1
18_3_14_3_b,6
18_3_16_3_b,0
18_3_17_3_b,0
3_8_1_1_b,66
3_8_7_1_b,68
3_8_8_1_b,35
3_8_10_1_c,6
3_8_12_1_b,75
3_8_13_1_b,83
3_8_14_1_a,40
3_8_14_1_b,60
3_8_19_1_c,0
3_8_1_2_b,64
3_8_7_2_a,96
3_8_8_2_a,92
3_8_9_2_a,82
3_8_19_2_a,100
3_8_1_3_b,57
3_8_7_3_a,77
3_8_8_3_b,52
3_8_10_3_c,21
3_8_11_3_b,67
3_8_12_3_b,65
3_8_13_3_b,61
3_8_16_3_b,28
3_8_20_3_b,60
3_8_21_3_b,59
5_22_7_1_a,88
5_22_8_1_a,81
5_22_8_1_c,90
5_22_9_1_a,86
5_22_11_1_b,54
5_22_14_1_b,35
5_22_16_1_a,86
5_22_21_1_b,58
5_22_7_2_b,38
5_22_8_2_a,93
5_22_9_2_a,90
5_22_11_2_b,44
5_22_14_2_a,88
5_22_16_2_b,47
5_22_7_3_a,89
5_22_8_3_c,62
5_22_9_3_b,55
5_22_11_3_b,19
5_22_13_3_b,66
5_22_14_3_b,59
5_22_16_3_a,88
5_22_16_3_b,61
5_22_17_3_b,62
5_22_21_3_b,67
3_48_1_1_b,1
3_48_8_1_a,5
3_48_8_1_b,27
3_48_12_1_b,2
3_48_14_1_b,3
3_48_16_1_b,1
3_48_18_1_b,9
3_48_2_2_b,61
3_48_7_2_a,48
3_48_8_2_a,78
3_48_8_2_b,19
3_48_9_2_a,16
3_48_17_2_b,74
3_48_18_2_a,30
3_48_21_2_b,15
3_48_2_3_a,27
3_48_5_3_b,2
3_48_8_3_a,10
3_48_8_3_b,3
3_48_12_3_b,1
3_48_14_3_b,2
3_48_16_3_b,53
3_48_17_3_b,77
3_48_18_3_b,2
47_24_1_1_b,0
47_24_2_1_b,6
47_24_4_1_b,1
47_24_5_1_b,0
47_24_11_1_b,1
47_24_17_1_b,18
47_24_18_1_b,1
47_24_20_1_b,3
47_24_21_1_b,3
47_24_1_2_b,2
47_24_2_2_b,3
47_24_4_2_b,1
47_24_11_2_b,1
47_24_18_2_b,1
47_24_1_3_b,2
47_24_2_3_b,12
47_24_4_3_b,1
47_24_5_3_b,1
47_24_11_3_b,2
47_24_16_3_b,7
47_24_17_3_b,27
47_24_18_3_b,2
47_24_20_3_b,9
47_24_21_3_b,7
18_27_8_1_a,14
18_27_8_1_b,44
18_27_10_1_b,4
18_27_13_1_b,0
18_27_14_1_b,52
18_27_16_1_b,1
18_27_7_2_b,76
18_27_8_2_a,64
18_27_8_2_b,38
18_27_9_2_a,58
18_27_9_2_b,45
18_27_14_2_b,38
18_27_16_2_a,14
18_27_16_2_b,1
18_27_17_2_a,13
18_27_17_2_b,0
18_27_18_2_a,0
18_27_21_2_a,1
18_27_8_3_a,66
18_27_8_3_b,35
18_27_9_3_b,57
18_27_14_3_b,32
18_27_16_3_b,2
18_27_19_3_b,0
47_35_2_1_b,0
47_35_3_1_b,0
47_35_5_1_b,0
47_35_6_1_b,0
47_35_11_1_b,0
47_35_16_1_b,0
47_35_17_1_b,0
47_35_18_1_b,0
47_35_20_1_b,0
47_35_21_1_b,0
47_35_5_2_b,0
47_35_16_2_b,0
47_35_17_2_b,0
47_35_18_2_b,0
47_35_21_2_b,0
47_35_2_3_b,0
47_35_3_3_b,0
47_35_5_3_b,0
47_35_11_3_b,0
47_35_16_3_b,0
47_35_17_3_b,0
47_35_18_3_b,0
47_35_20_3_b,0
47_35_21_3_b,0
48_27_1_1_b,0
48_27_2_1_b,0
48_27_7_1_b,0
48_27_10_1_b,0
48_27_13_1_b,0
48_27_14_1_b,0
48_27_16_1_b,0
48_27_17_1_a,0
48_27_1_2_a,0
48_27_2_2_b,0
48_27_8_2_b,0
48_27_10_2_b,0
48_27_13_2_b,0
48_27_14_2_b,0
48_27_16_2_b,0
48_27_17_2_b,0
48_27_1_3_b,0
48_27_2_3_b,0
48_27_7_3_b,0
48_27_10_3_b,0
48_27_13_3_b,0
48_27_14_3_b,0
48_27_16_3_b,0
48_27_17_3_a,0
3_11_9_1_a,70
3_11_1_1_b,74
3_11_8_1_b,81
3_11_10_1_b,67
3_11_12_1_b,80
3_11_13_1_b,84
3_11_16_1_b,70
3_11_5_1_c,0
3_11_7_1_c,39
3_11_2_2_a,90
3_11_7_2_a,62
3_11_1_2_b,62
3_11_6_2_b,8
3_11_8_2_b,70
3_11_8_3_a,42
3_11_9_3_a,41
3_11_1_3_b,59
3_11_4_3_b,12
3_11_8_3_b,61
3_11_12_3_b,53
3_11_13_3_b,77
3_11_14_3_b,70
3_11_16_3_b,49
3_11_7_3_c,55
48_14_2_1_b,15
48_14_6_1_b,4
48_14_9_1_b,3
48_14_11_1_b,10
48_14_13_1_b,14
48_14_16_1_b,5
48_14_17_1_b,12
48_14_18_1_b,8
48_14_20_1_b,19
48_14_21_1_b,17
48_14_2_2_b,4
48_14_6_2_b,6
48_14_17_2_b,53
48_14_20_2_b,38
48_14_21_2_b,38
48_14_2_3_b,13
48_14_6_3_b,3
48_14_11_3_b,7
48_14_13_3_b,9
48_14_16_3_b,14
48_14_17_3_b,55
48_14_18_3_b,6
48_14_20_3_b,26
48_14_21_3_b,77
44_48_2_1_b,31
44_48_6_1_b,4
44_48_9_1_b,7
44_48_11_1_b,4
44_48_13_1_b,8
44_48_17_1_b,54
44_48_18_1_b,7
44_48_20_1_b,73
44_48_21_1_b,65
44_48_2_2_b,46
44_48_6_2_b,3
44_48_7_2_b,2
44_48_17_2_b,71
44_48_20_2_b,93
44_48_21_2_b,80
44_48_2_3_b,23
44_48_3_3_b,16
44_48_6_3_b,2
44_48_11_3_b,3
44_48_13_3_b,4
44_48_17_3_b,63
44_48_18_3_b,4
44_48_20_3_b,78
44_48_21_3_b,67
10_48_7_1_a,12
10_48_10_1_a,37
10_48_16_1_a,95
10_48_1_1_b,1
10_48_8_1_b,2
10_48_12_1_b,0
10_48_17_1_b,2
10_48_19_1_b,0
10_48_7_1_c,2
10_48_9_1_c,1
10_48_14_1_c,0
10_48_5_2_a,3
10_48_7_2_a,23
10_48_8_2_a,14
10_48_10_2_a,51
10_48_14_2_a,3
10_48_21_2_b,6
10_48_2_3_a,1
10_48_9_3_b,0
10_48_10_3_b,8
10_48_12_3_b,0
10_48_13_3_b,3
10_48_17_3_b,6
10_48_18_3_b,0
5_24_7_1_a,34
5_24_14_1_a,94
5_24_1_1_b,2
5_24_8_1_b,29
5_24_9_1_b,13
5_24_10_1_b,38
5_24_16_1_b,17
5_24_17_1_b,10
5_24_7_1_c,92
5_24_2_2_a,96
5_24_8_2_a,95
5_24_13_2_a,61
5_24_14_2_a,92
5_24_17_2_a,92
5_24_1_2_b,4
5_24_10_2_b,72
5_24_13_2_b,3
5_24_9_3_a,96
5_24_14_3_a,99
5_24_16_3_a,94
5_24_7_3_b,9
5_24_8_3_b,14
5_24_10_3_b,21
5_24_17_3_b,10
3_17_2_1_a,25
3_17_1_1_b,33
3_17_8_1_b,52
3_17_9_1_b,37
3_17_10_1_b,14
3_17_16_1_b,60
3_17_17_1_b,63
3_17_7_1_c,94
3_17_2_2_a,96
3_17_7_2_a,98
3_17_9_2_a,95
3_17_16_2_a,97
3_17_17_2_a,96
3_17_1_2_b,45
3_17_8_2_b,89
3_17_10_2_b,45
3_17_13_2_b,27
3_17_14_3_a,97
3_17_1_3_b,34
3_17_2_3_b,89
3_17_7_3_b,47
3_17_8_3_b,44
3_17_9_3_b,31
3_17_17_3_b,55
3_14_7_1_a,98
3_14_8_1_a,95
3_14_14_1_a,89
3_14_16_1_a,95
3_14_17_1_a,94
3_14_10_1_b,6
3_14_14_1_b,70
3_14_20_1_b,68
3_14_21_1_b,85
3_14_9_1_c,97
3_14_9_2_a,97
3_14_10_2_a,3
3_14_16_2_a,96
3_14_7_2_b,76
3_14_8_2_b,83
3_14_20_2_b,86
3_14_21_2_b,71
3_14_9_3_a,92
3_14_7_3_b,79
3_14_10_3_b,85
3_14_17_3_b,79
3_14_21_3_b,78
3_14_8_3_c,62
3_14_14_3_c,95
42_22_1_1_b,60
42_22_4_1_b,84
42_22_6_1_b,80
42_22_8_1_b,57
42_22_9_1_b,59
42_22_11_1_b,76
42_22_13_1_b,77
42_22_14_1_b,73
42_22_16_1_b,50
42_22_20_1_b,89
42_22_20_2_a,81
42_22_2_2_b,94
42_22_8_2_b,8
42_22_21_2_b,93
42_22_3_3_b,83
42_22_5_3_b,93
42_22_6_3_b,82
42_22_8_3_b,56
42_22_9_3_b,66
42_22_14_3_b,61
42_22_16_3_b,77
42_22_17_3_b,88
42_22_18_3_b,81
42_22_21_3_b,91
42_48_2_1_b,96
42_48_3_1_b,87
42_48_5_1_b,92
42_48_6_1_b,70
42_48_8_1_b,11
42_48_9_1_b,15
42_48_11_1_b,23
42_48_12_1_b,64
42_48_14_1_b,20
42_48_16_1_b,30
42_48_21_1_b,95
42_48_9_2_b,0
42_48_20_2_b,93
42_48_2_3_b,89
42_48_3_3_b,91
42_48_5_3_b,83
42_48_6_3_b,45
42_48_8_3_b,7
42_48_9_3_b,11
42_48_11_3_b,15
42_48_13_3_b,51
42_48_14_3_b,12
42_48_16_3_b,78
42_48_18_3_b,65
42_14_3_1_b,0
42_14_5_1_b,0
42_14_6_1_b,0
42_14_9_1_b,0
42_14_11_1_b,0
42_14_13_1_b,0
42_14_14_1_b,3
42_14_18_1_b,0
42_14_21_1_b,0
42_14_8_2_b,0
42_14_16_2_b,0
42_14_18_2_b,0
42_14_12_3_a,31
42_14_20_3_a,84
42_14_1_3_b,29
42_14_2_3_b,5
42_14_3_3_b,0
42_14_5_3_b,0
42_14_6_3_b,0
42_14_9_3_b,0
42_14_11_3_b,0
42_14_12_3_b,3
42_14_13_3_b,2
42_14_14_3_b,26
42_29_1_1_b,6
42_29_5_1_b,37
42_29_7_1_b,0
42_29_9_1_b,0
42_29_10_1_b,0
42_29_11_1_b,8
42_29_12_1_b,32
42_29_14_1_b,2
42_29_20_1_b,80
42_29_21_1_b,80
42_29_1_1_c,0
42_29_8_2_b,24
42_29_9_2_b,0
42_29_14_2_b,14
42_29_16_2_b,0
42_29_20_2_b,9
42_29_21_2_b,11
42_29_2_3_b,72
42_29_8_3_b,0
42_29_9_3_b,0
42_29_11_3_b,40
42_29_14_3_b,0
42_29_20_3_b,76
42_29_21_3_b,94
32_29_20_1_a,0
32_29_1_1_b,88
32_29_8_1_b,93
32_29_9_1_b,61
32_29_10_1_b,47
32_29_14_1_b,21
32_29_16_1_b,14
32_29_17_1_b,91
32_29_18_1_b,23
32_29_21_1_b,52
32_29_8_2_b,98
32_29_9_2_b,69
32_29_10_2_b,25
32_29_14_2_b,79
32_29_17_2_b,42
32_29_18_2_b,5
32_29_20_2_b,14
32_29_21_2_b,8
32_29_10_3_b,64
32_29_16_3_b,88
32_29_17_3_b,84
32_29_18_3_b,12
32_29_19_3_b,63
32_29_20_3_c,0
47_29_2_1_b,2
47_29_3_1_b,4
47_29_6_1_b,2
47_29_13_1_b,0
47_29_14_1_b,5
47_29_16_1_b,3
47_29_17_1_b,0
47_29_18_1_b,0
47_29_21_1_b,0
47_29_2_2_b,0
47_29_6_2_b,0
47_29_14_2_b,0
47_29_16_2_b,0
47_29_17_2_b,0
47_29_18_2_b,0
47_29_14_3_a,0
47_29_20_3_a,0
47_29_2_3_b,0
47_29_3_3_b,2
47_29_13_3_b,0
47_29_16_3_b,0
47_29_17_3_b,0
47_29_18_3_b,0
47_29_21_3_b,0
36_48_2_1_b,14
36_48_6_1_b,10
36_48_12_1_b,19
36_48_13_1_b,35
36_48_14_1_b,1
36_48_16_1_b,22
36_48_17_1_b,60
36_48_18_1_b,27
36_48_21_1_b,70
36_48_10_1_c,0
36_48_2_2_b,16
36_48_6_2_b,2
36_48_7_2_b,3
36_48_14_2_b,0
36_48_16_2_b,34
36_48_17_2_b,86
36_48_18_2_b,8
36_48_21_2_b,77
36_48_7_3_b,7
36_48_12_3_b,12
36_48_13_3_b,30
36_48_16_3_b,29
36_48_17_3_b,72
36_48_18_3_b,22
5_29_7_1_b,3
5_29_9_1_b,0
5_29_10_1_b,39
5_29_14_1_b,0
5_29_7_1_c,7
5_29_8_1_c,22
5_29_14_1_c,3
5_29_7_2_a,84
5_29_8_2_a,82
5_29_9_2_a,41
5_29_21_2_a,31
5_29_14_2_b,38
5_29_20_2_b,47
5_29_21_2_b,43
5_29_7_3_a,52
5_29_8_3_a,24
5_29_10_3_a,4
5_29_7_3_b,33
5_29_8_3_b,36
5_29_9_3_b,14
5_29_14_3_b,2
5_29_20_3_b,70
5_29_8_3_c,29
5_29_14_3_c,3
40_27_2_1_b,0
40_27_2_2_b,0
40_27_2_3_b,0
40_27_5_1_b,0
40_27_5_2_b,0
40_27_5_3_b,0
40_27_14_1_b,0
40_27_14_2_b,0
40_27_14_3_b,0
40_27_20_1_b,0
40_27_20_2_a,0
40_27_20_3_b,0
40_34_2_1_b,0
40_34_2_2_b,0
40_34_2_3_b,0
40_34_4_1_b,0
40_34_4_3_b,0
40_34_5_1_b,0
40_34_11_1_b,0
40_34_11_3_b,0
40_34_13_2_b,0
40_34_13_3_b,0
40_34_14_1_b,0
40_34_14_2_b,0
49_29_20_1_a,0
49_29_1_1_b,0
49_29_2_1_b,0
49_29_14_1_b,0
49_29_16_1_b,0
49_29_17_1_b,0
49_29_18_1_b,0
49_29_19_1_b,5
49_29_1_2_a,0
49_29_14_2_a,0
49_29_21_2_a,0
49_29_2_2_b,0
49_29_16_2_b,0
49_29_17_2_b,0
49_29_18_2_b,0
49_29_20_2_b,0
49_29_14_3_a,0
49_29_1_3_b,0
49_29_2_3_b,0
49_29_16_3_b,0
49_29_17_3_b,0
49_29_18_3_b,0
49_29_19_3_b,3
49_29_20_3_b,0
48_16_14_1_a,2
48_16_17_1_b,81
48_16_20_1_a,22
48_16_21_1_b,82
48_16_6_1_b,76
48_16_1_2_a,13
48_16_1_2_b,45
48_16_16_2_a,3
48_16_17_2_b,70
48_16_18_2_a,7
48_16_2_2_a,11
48_16_2_2_b,61
48_16_21_2_b,56
48_16_4_2_a,13
48_16_7_2_a,4
48_16_14_3_c,1
48_16_16_3_c,0
48_16_17_3_b,84
48_16_18_3_a,5
48_16_19_3_b,78
48_16_21_3_b,82
48_16_3_3_b,85
48_16_5_3_b,84
48_16_7_3_b,54
20_16_16_1_b,54
20_16_17_1_b,64
 20_16_1_1_a,7
 20_16_2_1_b,62
 20_16_3_1_a,1
 20_16_7_1_c,6
 20_16_8_1_b,60
 20_16_9_1_b,59
 20_16_21_1_b,63
 20_16_21_1_c,1
 20_16_18_1_a,3
20_16_6_1_c,1
 20_16_10_2_b,32
 20_16_18_2_b,42
 20_16_20_2_a,29
 20_16_17_2_a,42
20_16_8_2_b,52
20_16_4_2_b,35
 20_16_16_3_b,56
 20_16_17_3_b,64
 20_16_1_3_b,60
 20_16_2_3_a,23
 20_16_7_3_b,78
 20_16_9_3_a,11
3_9_16_1_a,22
3_9_12_1_b,2
3_9_18_1_a,1
3_9_11_1_b,1
3_9_13_1_b,2
3_9_17_1_a,13
3_9_16_2_a,29
3_9_17_2_a,29
3_9_2_2_b,24
3_9_7_2_a,24
3_9_8_2_a,22
3_9_17_2_b,20
3_9_19_2_b,10
3_9_9_2_a,9
3_9_10_2_b,8
3_9_20_2_a,5
3_9_1_2_b,3
3_9_21_2_a,2
3_9_5_3_a,1
3_9_16_3_a,25
3_9_2_3_b,14
3_9_6_3_a,1
3_9_4_3_b,5
3_9_19_3_c,2
 11_35_9_1_a,66
11_35_7_1_a,70
11_35_8_1_a,67
11_35_4_1_c,1
11_35_6_1_a,1
 11_35_1_2_b,3
 11_35_5_2_b,2
 11_35_17_2_b,6
 11_35_8_2_a,80
11_35_7_2_a,80
 11_35_9_2_a,77
11_35_10_2_b,31
 11_35_14_2_b,28
11_35_17_2_a,16
11_35_19_2_b,12
 11_35_2_2_b,11
11_35_13_2_b,2
 11_35_11_2_b,2
11_35_7_3_a,71
 11_35_8_3_a,68
 11_35_16_3_a,51
 11_35_4_3_b,7
11_35_16_3_b,4
 11_35_3_3_a,1
 48_17_14_1_b,6
48_17_17_1_b,89
 48_17_16_1_b,9
48_17_13_1_b,35
 48_17_5_1_b,34
48_17_11_1_b,20
 48_17_3_1_b,7
 48_17_14_2_b,11
48_17_8_2_b,8
 48_17_9_2_b,6
 48_17_17_2_b,84
 48_17_7_2_b,8
 48_17_10_2_b,49
 48_17_1_2_b,57
48_17_19_2_b,11
 48_17_2_2_b,53
 48_17_20_2_a,9
 48_17_21_3_a,6
 48_17_12_3_c,16
 48_17_6_3_a,4
48_17_1_3_b,70
48_17_4_3_b,30
48_17_14_3_b,7
48_17_17_3_b,100
5_18_8_1_a,95
5_18_14_1_b,74
5_18_2_1_c,84
5_18_19_1_b,82
5_18_5_1_c,83
5_18_6_1_b,33
5_18_10_2_b,84
5_18_5_2_a,83
5_18_20_2_a,83
5_18_13_2_b,89
5_18_21_2_b,77
5_18_1_2_b,63
5_18_11_2_b,71
5_18_2_2_b,74
5_18_2_2_a,72
5_18_8_2_a,80
5_18_17_2_a,6
5_18_16_2_a,60
5_18_9_3_a,3
5_18_16_3_a,4
5_18_7_3_a,63
5_18_8_3_a,2
5_18_2_3_b,51
5_18_9_3_c,100
3_27_1_1_b,47
3_27_5_1_b,1
3_27_7_1_b,13
3_27_8_1_a,97
3_27_16_1_a,98
3_27_21_1_b,32
3_27_7_1_c,43
3_27_16_2_b,63
3_27_20_2_b,4
3_27_19_2_b,1
3_27_18_2_a,4
3_27_17_2_b,61
3_27_13_2_b,0
3_27_8_2_b,65
3_27_2_2_a,78
3_27_4_2_b,0
3_27_3_3_b,2
3_27_9_3_b,60
3_27_9_3_a,97
3_27_10_3_a,4
3_27_10_3_b,10
3_27_11_3_b,20
3_27_12_3_a,5
3_27_12_3_b,51
34_23_17_1_b,68
 34_23_13_1_b,66
 34_23_14_1_a,79
 34_23_6_1_b,85
 34_23_3_1_a,79
34_23_21_1_a,18
 34_23_18_1_b,30
34_23_9_2_a,76
 34_23_17_2_b,77
34_23_20_2_b,69
34_23_17_2_a,97
34_23_14_2_b,45
 34_23_10_2_b,32
34_23_8_2_a,19
 34_23_4_2_a,83
 34_23_21_3_b,88
 34_23_1_3_b,49
 34_23_2_3_b,57
34_23_5_3_b,4
34_23_17_3_b,59
34_23_7_3_b,18
34_23_16_3_b,89
 34_23_14_3_c,10
 34_23_19_3_a,89
 21_48_7_1_b,6
21_48_21_1_b,1
21_48_14_1_a,5
21_48_14_1_c,3
 21_48_10_1_b,0
21_48_4_1_b,0
21_48_9_1_b,4
 21_48_8_1_b,3
21_48_16_2_a,0
 21_48_14_2_b,6
21_48_2_2_b,0
 21_48_10_2_b,0
21_48_17_2_a,0
 21_48_4_2_b,0
 21_48_20_2_a,0
 21_48_10_2_a,0
 21_48_17_3_b,0
 21_48_16_3_a,0
 21_48_20_3_b,0
21_48_2_3_b,0
 21_48_8_3_b,13
21_48_7_3_b,11
21_48_9_3_a,1
21_48_7_3_a,7
 21_22_1_1_a,0
 21_22_1_1_b,0
 21_22_10_1_a,0
21_22_12_1_c,0
21_22_13_1_a,0
21_22_16_1_a,0
21_22_16_1_c,0
 21_22_7_1_a,73
 21_22_8_1_c,80
 21_22_10_2_b,0
 21_22_12_2_a,0
21_22_3_2_a,0
21_22_14_2_a,74
 21_22_16_2_b,0
 21_22_20_2_b,0
 21_22_5_2_a,0
 21_22_17_3_b,0
21_22_18_3_b,0
 21_22_18_3_c,0
 21_22_21_3_b,0
 21_22_21_3_a,0
 21_22_5_3_a,1
21_22_9_3_c,84
 21_22_9_3_b,88
 20_22_10_1_a,0
20_22_10_1_b,0
20_22_16_1_b,0
 20_22_18_1_b,0
20_22_2_1_a,0
20_22_2_1_b,0
 20_22_7_1_a,93
 20_22_8_1_b,91
 20_22_9_1_b,71
 20_22_12_2_a,0
 20_22_13_2_a,0
20_22_13_2_b,1
 20_22_17_2_a,0
 20_22_18_2_b,1
 20_22_5_2_a,0
20_22_1_3_b,0
 20_22_11_3_b,1
 20_22_12_3_c,0
 20_22_19_3_b,0
 20_22_20_3_b,0
 20_22_5_3_a,0
 20_22_6_3_b,0
20_22_7_3_b,27
 20_22_9_3_c,79
10_47_2_1_a,22
10_47_4_1_b,0
10_47_7_1_a,94
10_47_8_1_c,87
10_47_17_1_a,39
10_47_18_1_b,1
10_47_20_1_b,0
10_47_5_2_a,5
10_47_8_2_a,78
10_47_10_2_b,1
10_47_11_2_b,0
10_47_14_2_a,68
10_47_16_2_a,99
10_47_20_2_b,0
10_47_1_3_b,3
10_47_2_3_a,22
10_47_7_3_c,95
10_47_9_3_a,86
10_47_9_3_c,92
10_47_10_3_c,1
10_47_13_3_b,0
10_47_14_3_b,10
10_47_16_3_b,12
10_47_21_3_b,1
6_13_4_1_b,6
6_13_19_1_b,7
6_13_11_1_b,7
6_13_9_1_b,4
6_13_5_1_a,25
6_13_6_1_a,89
6_13_17_1_b,70
6_13_1_2_b,71
6_13_21_2_a,91
6_13_16_2_a,89
6_13_10_2_a,94
6_13_2_2_b,88
6_13_13_2_b,80
6_13_20_2_b,80
6_13_17_2_b,92
6_13_21_2_b,85
6_13_3_2_a,8
6_13_18_2_b,65
6_13_10_3_b,10
6_13_14_3_b,4
6_13_16_3_b,16
6_13_7_3_a,3
6_13_4_3_c,0
6_13_8_3_a,8
 18_47_12_1_b,72
18_47_4_1_c,36
 18_47_9_1_a,79
18_47_10_1_a,2
 18_47_1_1_c,2
18_47_12_1_a,6
18_47_11_2_b,26
 18_47_17_2_b,19
18_47_10_2_a,36
18_47_21_2_b,83
18_47_9_2_a,78
 18_47_19_2_b,76
18_47_13_2_a,4
18_47_17_2_a,5
18_47_16_3_b,12
 18_47_18_3_b,30
 18_47_7_3_b,2
 18_47_10_3_b,22
18_47_14_3_a,86
18_47_14_3_c,2
 18_47_2_3_c,18
 18_47_6_3_a,2
18_47_5_3_a,2
18_47_16_3_c,28
48_7_1_1_b,46
 48_7_5_1_a,0
 48_7_6_1_a,1
48_7_6_1_b,14
 48_7_8_1_b,0
 48_7_12_1_b,18
 48_7_12_1_c,0
 48_7_14_1_b,0
 48_7_16_1_a,0
48_7_16_1_b,4
48_7_4_2_b,88
48_7_5_2_b,7
 48_7_10_2_b,18
48_7_18_2_a,0
48_7_18_2_b,1
48_7_20_2_b,33
48_7_21_2_a,0
 48_7_3_3_b,77
 48_7_7_3_b,15
48_7_13_3_a,0
 48_7_13_3_b,22
48_7_19_3_b,77
 48_7_19_3_c,0
 48_7_21_3_b,32
 48_47_1_1_b,52
 48_47_7_1_b,30
48_47_10_1_b,48
 48_47_11_1_b,58
 48_47_12_1_b,61
48_47_14_1_b,26
48_47_16_1_b,62
 48_47_17_1_b,67
48_47_21_1_b,68
 48_47_3_2_b,66
 48_47_4_2_b,35
48_47_5_2_b,67
 48_47_6_2_b,69
48_47_9_2_b,6
48_47_11_2_b,36
 48_47_12_2_b,40
 48_47_17_2_b,71
 48_47_18_2_b,46
 48_47_20_2_b,73
 48_47_2_3_c,3
 48_47_13_3_c,2
 48_47_14_3_b,33
 48_47_18_3_c,5
 48_47_19_3_c,0
20_47_1_1_b,1
 20_47_2_1_b,1
 20_47_4_1_c,0
 20_47_5_1_b,0
20_47_7_1_b,70
20_47_9_1_b,83
20_47_10_1_b,1
 20_47_12_1_a,0
 20_47_13_1_b,0
20_47_14_1_c,50
 20_47_21_1_a,0
 20_47_3_2_a,1
20_47_5_2_a,0
20_47_7_2_b,70
 20_47_10_2_a,1
 20_47_11_2_b,1
 20_47_14_2_a,90
 20_47_16_2_a,0
20_47_1_3_b,1
 20_47_2_3_c,0
20_47_4_3_a,0
20_47_6_3_a,1
20_47_17_3_b,0
20_47_20_3_a,2
19_4_19_1_b,0
19_4_12_1_b,1
19_4_16_1_a,94
19_4_13_1_b,0
19_4_14_1_b,13
19_4_11_1_b,0
19_4_7_2_a,91
19_4_16_2_a,90
19_4_17_2_a,89
19_4_8_2_a,83
19_4_17_2_b,17
19_4_9_2_a,92
19_4_2_2_b,17
19_4_21_2_b,0
19_4_20_2_b,0
19_4_1_2_b,10
19_4_10_2_b,8
19_4_5_2_a,38
19_4_16_3_a,96
19_4_7_3_a,95
19_4_3_3_c,2
19_4_4_3_b,0
19_4_5_3_a,26
19_4_6_3_b,0
1_7_21_1_b,42
1_7_17_1_b,78
1_7_13_1_b,74
1_7_1_1_b,84
1_7_11_1_b,84
1_7_12_1_a,87
1_7_3_1_b,30
1_7_21_1_c,4
1_7_20_2_b,79
1_7_7_2_a,82
1_7_8_2_a,79
1_7_2_2_b,75
1_7_10_2_b,79
1_7_14_2_b,90
1_7_9_2_a,82
1_7_17_2_b,84
1_7_5_2_a,1
1_7_6_3_a,14
1_7_19_3_a,13
1_7_4_3_b,78
1_7_16_3_a,78
1_7_17_3_b,69
1_7_21_3_b,72
1_7_13_3_b,82
19_49_8_1_a,5
19_49_6_1_a,0
19_49_3_1_a,4
19_49_8_1_c,4
19_49_9_1_a,2
19_49_8_2_a,1
19_49_7_2_a,2
19_49_9_2_a,1
19_49_16_2_a,1
19_49_14_2_b,2
19_49_2_2_b,4
19_49_10_2_b,2
19_49_20_2_a,3
19_49_1_2_b,4
19_49_13_2_a,13
19_49_5_2_a,40
19_49_21_2_a,100
19_49_19_2_b,100
19_49_18_3_a,96
19_49_11_3_a,95
19_49_12_3_b,75
19_49_4_3_b,2
19_49_17_3_a,3
19_49_16_3_a,94
13_31_14_1_b,6
13_31_13_1_b,0
13_31_11_1_b,0
13_31_18_1_a,1
13_31_3_1_c,0
13_31_5_1_a,1
13_31_17_2_a,0
13_31_9_2_a,2
13_31_16_2_a,0
13_31_7_2_b,8
13_31_14_2_b,51
13_31_8_2_a,2
13_31_10_2_b,0
13_31_2_2_b,0
13_31_20_2_b,0
13_31_6_2_b,0
13_31_12_3_b,0
13_31_21_3_b,0
13_31_19_3_b,0
13_31_1_3_b,0
13_31_4_3_b,0
13_31_8_3_b,8
13_31_16_3_a,0
13_31_14_3_b,15
19_2_7_1_b,0
19_2_13_1_b,89
19_2_11_1_b,94
19_2_3_1_a,79
19_2_5_1_a,95
19_2_6_1_b,36
19_2_12_2_a,97
19_2_20_2_a,92
19_2_14_2_a,93
19_2_9_2_a,95
19_2_2_2_b,79
19_2_14_2_b,99
19_2_7_2_b,92
19_2_10_2_b,99
19_2_8_2_a,100
19_2_1_3_b,87
19_2_4_3_b,11
19_2_17_3_b,0
19_2_21_3_b,2
19_2_8_3_b,0
19_2_16_3_a,0
19_2_14_3_b,0
19_2_7_3_b,0
19_2_18_3_b,92
5_34_7_1_a,34
5_34_7_1_c,13
5_34_8_1_b,37
5_34_8_1_c,8
5_34_9_1_b,16
5_34_14_1_a,2
5_34_14_1_c,4
5_34_18_1_b,2
5_34_7_2_a,58
5_34_8_2_a,58
5_34_9_2_a,61
5_34_9_2_b,49
5_34_16_2_b,39
5_34_20_2_b,0
5_34_21_2_b,1
5_34_7_3_b,51
5_34_8_3_a,34
5_34_8_3_b,47
5_34_8_3_c,6
5_34_9_3_b,38
5_34_14_3_b,45
5_34_14_3_c,4
5_34_16_3_b,0
5_34_19_3_b,2
38_7_3_1_b,62
38_7_20_1_b,71
38_7_17_1_b,65
38_7_13_1_b,48
38_7_20_1_a,3
38_7_14_1_c,0
38_7_21_1_b,59
38_7_1_2_b,87
38_7_10_2_a,79
38_7_7_2_b,49
38_7_8_2_a,2
38_7_9_2_b,22
38_7_5_3_b,28
38_7_2_3_b,33
38_7_6_3_b,38
38_7_11_3_b,27
38_7_12_3_b,27
38_7_4_3_b,69
38_7_13_3_b,44
38_7_20_3_a,3
38_7_18_3_b,31
38_7_17_3_b,60
38_7_16_3_a,0
38_7_20_3_b,73
12_50_21_1_b,46
12_50_13_1_b,63
12_50_12_1_b,7
12_50_4_1_a,29
12_50_3_1_b,1
12_50_14_1_a,84
12_50_6_1_a,31
12_50_2_2_b,53
12_50_20_2_a,76
12_50_10_2_b,58
12_50_17_2_a,78
12_50_21_2_b,52
12_50_18_2_b,43
12_50_11_2_b,46
12_50_1_2_a,44
12_50_5_2_a,4
12_50_16_2_a,92
12_50_8_2_a,88
12_50_21_3_c,1
12_50_19_3_b,29
12_50_21_3_a,83
12_50_9_3_a,86
12_50_7_3_a,89
12_50_21_3_b,59
19_39_20_1_a,0
19_39_16_1_a,0
19_39_20_1_c,0
19_39_1_1_a,0
19_39_11_1_b,0
19_39_12_1_b,0
19_39_17_2_a,0
19_39_20_2_a,0
19_39_19_2_a,0
19_39_4_2_a,0
19_39_2_2_b,0
19_39_10_2_a,0
19_39_7_2_b,0
19_39_8_2_a,0
19_39_20_2_b,0
19_39_9_2_b,0
19_39_14_2_b,0
19_39_20_2_c,0
19_39_20_3_a,0
19_39_21_3_a,0
19_39_18_3_a,0
19_39_13_3_b,0
19_39_6_3_b,0
19_39_3_3_b,0
6_49_21_1_b,86
6_49_13_1_b,21
6_49_19_1_a,2
6_49_18_1_b,32
6_49_3_1_a,1
6_49_6_1_a,1
6_49_8_1_a,2
6_49_21_2_b,80
6_49_20_2_b,85
6_49_1_2_a,0
6_49_2_2_a,5
6_49_17_2_b,92
6_49_10_2_b,31
6_49_11_2_b,4
6_49_5_2_b,4
6_49_14_2_a,6
6_49_16_2_a,15
6_49_7_2_b,2
6_49_9_3_a,1
6_49_4_3_b,2
6_49_12_3_b,18
6_49_21_3_a,1
6_49_21_3_c,0
6_49_21_3_b,77
13_49_8_1_b,1
13_49_3_1_b,0
13_49_4_1_a,0
13_49_20_1_b,1
13_49_9_1_b,0
13_49_18_1_a,0
13_49_16_2_a,0
13_49_7_2_b,0
13_49_17_2_a,0
13_49_20_2_a,0
13_49_14_2_b,42
13_49_8_2_a,1
13_49_13_2_b,0
13_49_8_2_b,0
13_49_2_2_b,0
13_49_1_2_b,0
13_49_8_2_c,0
13_49_6_2_b,0
13_49_10_3_b,0
13_49_8_3_b,0
13_49_21_3_b,0
13_49_11_3_b,0
13_49_12_3_a,0
13_49_19_3_a,0
18_4_12_1_b,81
18_4_21_1_b,55
18_4_14_1_a,2
18_4_14_1_b,21
18_4_13_1_b,56
18_4_16_1_a,95
18_4_14_1_c,1
18_4_20_2_b,86
18_4_8_2_a,6
18_4_9_2_a,4
18_4_14_2_a,8
18_4_7_2_a,13
18_4_19_2_a,94
18_4_10_2_b,12
18_4_2_2_b,70
18_4_1_2_b,86
18_4_4_2_a,83
18_4_11_2_b,87
18_4_18_3_a,63
18_4_17_3_b,98
18_4_6_3_a,61
18_4_5_3_a,54
18_4_3_3_b,6
18_4_14_3_a,4
18_35_20_1_b,0
18_35_2_1_a,0
18_35_1_1_b,0
18_35_19_1_b,0
18_35_7_1_a,0
18_35_14_1_b,0
18_35_13_1_a,0
18_35_8_2_a,0
18_35_8_2_b,0
18_35_7_2_b,0
18_35_9_2_a,0
18_35_10_2_b,0
18_35_16_2_a,0
18_35_17_2_a,0
18_35_4_2_b,0
18_35_2_2_b,0
18_35_11_2_a,0
18_35_19_3_b,0
18_35_9_3_c,0
18_35_5_3_b,0
18_35_5_3_a,0
18_35_13_3_c,0
18_35_7_3_b,0
18_35_8_3_a,0
38_2_20_1_b,0
38_2_21_1_b,0
38_2_3_1_b,1
38_2_18_1_b,0
38_2_16_1_a,0
38_2_9_1_c,0
38_2_10_2_a,0
38_2_8_2_b,0
38_2_1_2_b,0
38_2_19_2_a,0
38_2_7_2_a,0
38_2_14_2_b,0
38_2_21_2_b,0
38_2_6_3_b,0
38_2_4_3_b,0
38_2_12_3_a,0
38_2_11_3_a,0
38_2_5_3_b,2
38_2_2_3_b,1
38_2_13_3_b,0
38_2_17_3_b,2
38_2_3_3_b,0
38_2_20_3_b,0
38_2_21_3_b,0
6_39_20_1_b,0
6_39_20_1_a,0
6_39_13_1_b,0
6_39_5_1_b,0
6_39_6_1_a,0
6_39_12_1_b,0
6_39_11_1_a,0
6_39_3_1_b,0
6_39_20_1_c,0
6_39_21_2_b,0
6_39_17_2_a,0
6_39_19_2_a,0
6_39_4_2_a,0
6_39_2_2_b,0
6_39_20_2_a,0
6_39_10_2_b,0
6_39_1_2_a,0
6_39_18_2_a,0
6_39_14_3_b,0
6_39_9_3_b,0
6_39_8_3_a,0
6_39_7_3_b,0
6_39_16_3_b,0
6_39_20_3_a,0
16_32_17_1_b,46
16_32_21_1_b,52
16_32_4_1_b,50
16_32_3_1_a,1
16_32_5_1_a,2
16_32_12_1_b,47
16_32_7_2_c,48
16_32_9_2_a,7
16_32_7_2_a,78
16_32_21_2_b,57
16_32_17_2_a,19
16_32_17_2_b,60
16_32_8_2_a,68
16_32_16_2_a,82
16_32_2_2_b,52
16_32_13_2_b,6
16_32_20_2_b,53
16_32_10_2_b,49
16_32_1_2_b,55
16_32_19_2_b,54
16_32_11_3_b,9
16_32_6_3_a,3
16_32_14_3_b,55
16_32_17_3_b,65
47_48_2_1_b,26
47_48_4_1_b,58
47_48_6_1_b,22
47_48_11_1_b,14
47_48_12_1_b,20
47_48_14_1_b,26
47_48_16_1_b,19
47_48_17_1_b,0
47_48_20_1_b,0
47_48_5_2_b,20
47_48_16_2_b,0
47_48_17_2_b,0
47_48_18_2_b,0
47_48_3_3_b,0
47_48_5_3_b,0
47_48_6_3_b,0
47_48_11_3_b,0
47_48_12_3_b,0
47_48_13_3_b,0
47_48_14_3_b,0
47_48_16_3_b,0
47_48_18_3_b,0
47_48_20_3_b,0
47_48_21_3_b,0
44_34_21_1_b,0
44_34_17_1_b,0
44_34_2_1_b,0
44_34_7_1_c,0
44_34_18_1_a,0
44_34_13_1_a,0
44_34_14_2_b,0
44_34_8_2_a,0
44_34_19_2_b,0
44_34_17_2_a,0
44_34_10_2_a,0
44_34_21_2_b,0
44_34_6_2_a,0
44_34_20_2_a,0
44_34_21_3_b,0
44_34_17_3_b,0
44_34_20_3_b,0
44_34_13_3_b,0
44_34_4_3_b,0
44_34_2_3_b,0
44_34_3_3_a,0
44_34_5_3_b,0
44_34_12_3_b,0
44_34_1_3_b,0
18_48_14_1_a,0
18_48_18_1_a,0
18_48_12_1_b,0.023998047
18_48_16_1_b,0.024141886
18_48_19_1_b,0.02636312
18_48_20_1_b,0.020766548
18_48_21_1_b,0.018456083
18_48_10_1_c,0
18_48_2_2_a,0.830820154
18_48_8_2_a,0.161988688
18_48_9_2_a,0.745179994
18_48_16_2_a,0.96413692
18_48_17_2_b,0.032228407
18_48_20_2_b,0.04007722
18_48_21_2_b,0.05020003
18_48_1_2_b,0.043041931
18_48_14_3_a,0
18_48_17_3_a,2.575920723
18_48_10_3_b,0.114376191
18_48_12_3_b,0.095838202
18_48_18_3_b,0.079325972
18_48_21_3_b,0.110649901
18_48_16_3_c,0.048886176
18_48_19_3_c,0
34_7_19_1_b,6.721863795
34_7_3_1_b,19.62050627
34_7_13_1_b,37.08141634
34_7_1_1_b,56.54333865
34_7_18_1_a,2.455823483
34_7_11_1_a,7.328241948
34_7_19_1_a,1.713589651
34_7_19_1_c,0
34_7_9_2_a,10.83461078
34_7_10_2_a,39.4332281
34_7_19_2_b,55.49796531
34_7_7_2_b,94.67618185
34_7_14_2_b,90.31891259
34_7_8_2_b,88.68278047
34_7_12_2_a,13.69038004
34_7_2_3_a,3.777203595
34_7_6_3_a,2.082389397
34_7_16_3_a,5.903092957
34_7_17_3_b,98.57336483
34_7_20_3_b,69.1230702
34_7_20_3_a,7.331158485
34_7_4_3_a,7.089559371
34_7_4_3_b,90.08132707
34_7_19_3_b,25.91232505
