<?xml version="1.0" ?>
<!--MOLLI PACKAGE EXPERIMENTAL XML FORMAT-->
<molecule name="1001">
	<atoms>
		<a id="1" s="C" t="C.2" l="C"/>
		<a id="2" s="N" t="N.am" l="N"/>
		<a id="3" s="C" t="C.3" l="C"/>
		<a id="4" s="C" t="C.3" l="C"/>
		<a id="5" s="O" t="O.3" l="O"/>
		<a id="6" s="O" t="O.2" l="O"/>
		<a id="7" s="H" t="H" l="H"/>
		<a id="8" s="H" t="H" l="H"/>
		<a id="9" s="H" t="H" l="H"/>
		<a id="10" s="H" t="H" l="H"/>
		<a id="11" s="H" t="H" l="H"/>
	</atoms>
	<bonds>
		<b id="1" c="1 2" t="am"/>
		<b id="2" c="2 3" t="1"/>
		<b id="3" c="3 4" t="1"/>
		<b id="4" c="4 5" t="1"/>
		<b id="5" c="5 1" t="1"/>
		<b id="6" c="1 6" t="2"/>
		<b id="7" c="2 7" t="1"/>
		<b id="8" c="3 8" t="1"/>
		<b id="9" c="3 9" t="1"/>
		<b id="10" c="4 10" t="1"/>
		<b id="11" c="4 11" t="1"/>
	</bonds>
	<geometry>
		<g u="A" t="cart/3d">#11,3:0.0730,-0.7381,-0.0030;-1.1199,-0.0493,-0.0001;-0.9488,1.3878,0.0038;0.5843,1.4921,0.0032;1.1126,0.1645,-0.0011;0.1571,-1.9504,-0.0065;-2.0323,-0.5138,-0.0010;-1.4050,1.8244,0.8994;-1.4060,1.8294,-0.8888;0.9760,1.9970,0.8958;0.9749,2.0025,-0.8867;</g>
	</geometry>
	<conformers>
		<g id="1" u="A" t="cart/3d">#11,3:-0.7820,0.0168,-0.0000;0.0385,1.1010,-0.0002;1.4360,0.7619,0.0001;1.3582,-0.7790,0.0000;-0.0211,-1.1032,-0.0001;-1.9773,0.0201,0.0001;-0.3111,2.0409,0.0005;1.9436,1.1476,0.8908;1.9440,1.1477,-0.8902;1.8158,-1.2196,0.8902;1.8159,-1.2195,-0.8902;</g>
	</conformers>
	<properties/>
</molecule>
