<?xml version="1.0" ?>
<!--MOLLI PACKAGE EXPERIMENTAL XML FORMAT-->
<molecule name="prELN032036-135">
	<atoms>
		<a id="1" s="C" t="C.3" l="C"/>
		<a id="2" s="C" t="C.ar" l="C"/>
		<a id="3" s="C" t="C.ar" l="C"/>
		<a id="4" s="C" t="C.ar" l="C"/>
		<a id="5" s="C" t="C.ar" l="C"/>
		<a id="6" s="N" t="N.pl3" l="N"/>
		<a id="7" s="C" t="C.ar" l="C"/>
		<a id="8" s="C" t="C.ar" l="C"/>
		<a id="9" s="C" t="C.ar" l="C"/>
		<a id="10" s="C" t="C.ar" l="C"/>
		<a id="11" s="N" t="N.ar" l="N"/>
		<a id="12" s="C" t="C.ar" l="C"/>
		<a id="13" s="N" t="N.ar" l="N"/>
		<a id="14" s="C" t="C.ar" l="C"/>
		<a id="15" s="C" t="C.ar" l="C"/>
		<a id="16" s="N" t="N.ar" l="N"/>
		<a id="17" s="N" t="N.ar" l="N"/>
		<a id="18" s="H" t="H" l="H"/>
		<a id="19" s="H" t="H" l="H"/>
		<a id="20" s="H" t="H" l="H"/>
		<a id="21" s="H" t="H" l="H"/>
		<a id="22" s="H" t="H" l="H"/>
		<a id="23" s="H" t="H" l="H"/>
		<a id="24" s="H" t="H" l="H"/>
		<a id="25" s="H" t="H" l="H"/>
		<a id="26" s="H" t="H" l="H"/>
		<a id="27" s="H" t="H" l="H"/>
		<a id="28" s="H" t="H" l="H"/>
	</atoms>
	<bonds>
		<b id="1" c="1 2" t="1"/>
		<b id="2" c="2 3" t="ar"/>
		<b id="3" c="3 4" t="ar"/>
		<b id="4" c="4 5" t="ar"/>
		<b id="5" c="5 6" t="1"/>
		<b id="6" c="6 7" t="1"/>
		<b id="7" c="7 8" t="ar"/>
		<b id="8" c="8 9" t="ar"/>
		<b id="9" c="9 10" t="ar"/>
		<b id="10" c="10 11" t="ar"/>
		<b id="11" c="11 12" t="ar"/>
		<b id="12" c="12 13" t="ar"/>
		<b id="13" c="13 14" t="ar"/>
		<b id="14" c="10 14" t="ar"/>
		<b id="15" c="14 15" t="ar"/>
		<b id="16" c="7 15" t="ar"/>
		<b id="17" c="5 16" t="ar"/>
		<b id="18" c="16 17" t="ar"/>
		<b id="19" c="2 17" t="ar"/>
		<b id="20" c="1 18" t="1"/>
		<b id="21" c="1 19" t="1"/>
		<b id="22" c="1 20" t="1"/>
		<b id="23" c="3 21" t="1"/>
		<b id="24" c="4 22" t="1"/>
		<b id="25" c="6 23" t="1"/>
		<b id="26" c="8 24" t="1"/>
		<b id="27" c="9 25" t="1"/>
		<b id="28" c="11 26" t="1"/>
		<b id="29" c="12 27" t="1"/>
		<b id="30" c="15 28" t="1"/>
	</bonds>
	<geometry>
		<g u="A" t="cart/3d">#28,3:0.9582,0.1699,-0.0485;2.4514,0.1647,0.0002;3.1730,1.1695,0.6219;4.5648,1.0953,0.6243;5.1945,-0.0001,0.0472;6.6142,-0.0589,0.0378;7.3381,-1.2840,-0.0314;8.6093,-1.2819,-0.6252;9.4235,-2.4244,-0.6435;8.9198,-3.5595,-0.0063;9.4168,-4.8247,0.1696;8.5060,-5.5412,0.8907;7.4527,-4.8196,1.1968;7.6852,-3.5889,0.6319;6.8863,-2.4387,0.6327;4.4514,-0.9472,-0.5636;3.0775,-0.8739,-0.5824;0.5442,1.1085,0.3334;0.5627,-0.6533,0.5542;0.6186,0.0466,-1.0818;2.6706,2.0035,1.0995;5.1418,1.8824,1.0966;6.9681,0.4454,0.8465;8.9689,-0.3757,-1.1103;10.3926,-2.4175,-1.1296;10.3005,-5.1680,-0.1759;8.6600,-6.5775,1.1616;5.9308,-2.4680,1.1438;</g>
	</geometry>
	<conformers/>
	<properties/>
</molecule>
