<?xml version="1.0" ?>
<!--MOLLI PACKAGE EXPERIMENTAL XML FORMAT-->
<molecule name="prELN032036-092">
	<atoms>
		<a id="1" s="C" t="C.3" l="C"/>
		<a id="2" s="C" t="C.3" l="C"/>
		<a id="3" s="O" t="O.3" l="O"/>
		<a id="4" s="C" t="C.ar" l="C"/>
		<a id="5" s="C" t="C.ar" l="C"/>
		<a id="6" s="C" t="C.ar" l="C"/>
		<a id="7" s="C" t="C.ar" l="C"/>
		<a id="8" s="Cl" t="Cl" l="CL"/>
		<a id="9" s="N" t="N.ar" l="N"/>
		<a id="10" s="C" t="C.ar" l="C"/>
		<a id="11" s="N" t="N.ar" l="N"/>
		<a id="12" s="N" t="N.ar" l="N"/>
		<a id="13" s="C" t="C.ar" l="C"/>
		<a id="14" s="C" t="C.ar" l="C"/>
		<a id="15" s="C" t="C.ar" l="C"/>
		<a id="16" s="C" t="C.3" l="C"/>
		<a id="17" s="C" t="C.1" l="C"/>
		<a id="18" s="N" t="N.1" l="N"/>
		<a id="19" s="H" t="H" l="H"/>
		<a id="20" s="H" t="H" l="H"/>
		<a id="21" s="H" t="H" l="H"/>
		<a id="22" s="H" t="H" l="H"/>
		<a id="23" s="H" t="H" l="H"/>
		<a id="24" s="H" t="H" l="H"/>
		<a id="25" s="H" t="H" l="H"/>
		<a id="26" s="H" t="H" l="H"/>
		<a id="27" s="H" t="H" l="H"/>
		<a id="28" s="H" t="H" l="H"/>
		<a id="29" s="H" t="H" l="H"/>
	</atoms>
	<bonds>
		<b id="1" c="2 4" t="1"/>
		<b id="2" c="4 5" t="ar"/>
		<b id="3" c="5 6" t="ar"/>
		<b id="4" c="6 7" t="ar"/>
		<b id="5" c="7 8" t="1"/>
		<b id="6" c="7 9" t="ar"/>
		<b id="7" c="9 10" t="ar"/>
		<b id="8" c="4 10" t="ar"/>
		<b id="9" c="10 11" t="1"/>
		<b id="10" c="11 12" t="ar"/>
		<b id="11" c="12 13" t="ar"/>
		<b id="12" c="13 14" t="ar"/>
		<b id="13" c="14 15" t="ar"/>
		<b id="14" c="11 15" t="ar"/>
		<b id="15" c="15 16" t="1"/>
		<b id="16" c="13 17" t="1"/>
		<b id="17" c="17 18" t="3"/>
		<b id="18" c="2 3" t="1"/>
		<b id="19" c="2 1" t="1"/>
		<b id="20" c="1 19" t="1"/>
		<b id="21" c="1 20" t="1"/>
		<b id="22" c="1 21" t="1"/>
		<b id="23" c="2 22" t="1"/>
		<b id="24" c="3 23" t="1"/>
		<b id="25" c="5 24" t="1"/>
		<b id="26" c="6 25" t="1"/>
		<b id="27" c="14 26" t="1"/>
		<b id="28" c="16 27" t="1"/>
		<b id="29" c="16 28" t="1"/>
		<b id="30" c="16 29" t="1"/>
	</bonds>
	<geometry>
		<g u="A" t="cart/3d">#29,3:3.3422,0.4355,1.3039;2.4673,-0.0620,0.1534;1.1242,-0.2567,0.6235;2.9968,-1.3558,-0.4413;2.4343,-2.5717,0.0159;2.8710,-3.8005,-0.4589;3.8948,-3.7840,-1.3752;4.4853,-5.2380,-2.0641;4.5088,-2.6678,-1.8108;4.0659,-1.4597,-1.3568;4.7775,-0.3078,-1.8698;4.2750,0.9538,-1.7714;5.1556,1.7448,-2.3854;6.2711,1.0327,-2.8414;6.0208,-0.2852,-2.5109;6.8936,-1.4716,-2.7166;4.9054,3.1524,-2.4912;4.7311,4.2988,-2.5834;4.3869,0.5718,1.0085;3.3200,-0.2657,2.1471;2.9628,1.3910,1.6827;2.3534,0.7065,-0.6112;1.1453,-0.3369,1.5904;1.6339,-2.5664,0.7531;2.4252,-4.7250,-0.1192;7.1531,1.4205,-3.3340;7.8417,-1.1733,-3.1769;6.4284,-2.2012,-3.3848;7.1333,-1.9474,-1.7600;</g>
	</geometry>
	<conformers/>
	<properties/>
</molecule>
