<?xml version="1.0" ?>
<!--MOLLI PACKAGE EXPERIMENTAL XML FORMAT-->
<molecule name="prELN032036-180">
	<atoms>
		<a id="1" s="C" t="C.3" l="C"/>
		<a id="2" s="C" t="C.3" l="C"/>
		<a id="3" s="O" t="O.3" l="O"/>
		<a id="4" s="C" t="C.ar" l="C"/>
		<a id="5" s="C" t="C.ar" l="C"/>
		<a id="6" s="C" t="C.ar" l="C"/>
		<a id="7" s="C" t="C.ar" l="C"/>
		<a id="8" s="Cl" t="Cl" l="CL"/>
		<a id="9" s="N" t="N.ar" l="N"/>
		<a id="10" s="C" t="C.ar" l="C"/>
		<a id="11" s="N" t="N.ar" l="N"/>
		<a id="12" s="N" t="N.ar" l="N"/>
		<a id="13" s="C" t="C.ar" l="C"/>
		<a id="14" s="C" t="C.ar" l="C"/>
		<a id="15" s="C" t="C.ar" l="C"/>
		<a id="16" s="C" t="C.3" l="C"/>
		<a id="17" s="C" t="C.1" l="C"/>
		<a id="18" s="N" t="N.1" l="N"/>
		<a id="19" s="H" t="H" l="H"/>
		<a id="20" s="H" t="H" l="H"/>
		<a id="21" s="H" t="H" l="H"/>
		<a id="22" s="H" t="H" l="H"/>
		<a id="23" s="H" t="H" l="H"/>
		<a id="24" s="H" t="H" l="H"/>
		<a id="25" s="H" t="H" l="H"/>
		<a id="26" s="H" t="H" l="H"/>
		<a id="27" s="H" t="H" l="H"/>
		<a id="28" s="H" t="H" l="H"/>
		<a id="29" s="H" t="H" l="H"/>
	</atoms>
	<bonds>
		<b id="1" c="2 4" t="1"/>
		<b id="2" c="4 5" t="ar"/>
		<b id="3" c="5 6" t="ar"/>
		<b id="4" c="6 7" t="ar"/>
		<b id="5" c="7 8" t="1"/>
		<b id="6" c="7 9" t="ar"/>
		<b id="7" c="9 10" t="ar"/>
		<b id="8" c="4 10" t="ar"/>
		<b id="9" c="10 11" t="1"/>
		<b id="10" c="11 12" t="ar"/>
		<b id="11" c="12 13" t="ar"/>
		<b id="12" c="13 14" t="ar"/>
		<b id="13" c="14 15" t="ar"/>
		<b id="14" c="11 15" t="ar"/>
		<b id="15" c="15 16" t="1"/>
		<b id="16" c="13 17" t="1"/>
		<b id="17" c="17 18" t="3"/>
		<b id="18" c="2 3" t="1"/>
		<b id="19" c="2 1" t="1"/>
		<b id="20" c="1 19" t="1"/>
		<b id="21" c="1 20" t="1"/>
		<b id="22" c="1 21" t="1"/>
		<b id="23" c="2 22" t="1"/>
		<b id="24" c="3 23" t="1"/>
		<b id="25" c="5 24" t="1"/>
		<b id="26" c="6 25" t="1"/>
		<b id="27" c="14 26" t="1"/>
		<b id="28" c="16 27" t="1"/>
		<b id="29" c="16 28" t="1"/>
		<b id="30" c="16 29" t="1"/>
	</bonds>
	<geometry>
		<g u="A" t="cart/3d">#29,3:3.6537,-1.1743,0.0444;2.5149,-0.1543,-0.0254;1.6377,-0.5909,-1.0608;2.9093,1.2908,-0.2830;4.0631,1.5665,-1.0505;4.4559,2.8729,-1.3261;3.6831,3.8882,-0.8193;4.0495,5.5310,-1.1360;2.5941,3.6935,-0.0600;2.1938,2.4127,0.1964;0.9907,2.2992,0.9911;0.2227,1.1793,0.9898;-0.8095,1.4415,1.7862;-0.7208,2.7202,2.3564;0.4303,3.2704,1.8271;1.0393,4.5977,2.1095;-1.8246,0.4556,1.9972;-2.6655,-0.3223,2.1938;4.3723,-0.9224,0.8298;4.1820,-1.2729,-0.9094;3.2419,-2.1686,0.2557;2.0124,-0.2515,0.9388;2.0214,-0.3348,-1.9144;4.6803,0.7655,-1.4505;5.3387,3.0811,-1.9200;-1.3961,3.1827,3.0629;0.4544,5.1364,2.8625;1.0630,5.2250,1.2138;2.0542,4.4846,2.5052;</g>
	</geometry>
	<conformers/>
	<properties/>
</molecule>
