<?xml version="1.0" ?>
<!--MOLLI PACKAGE EXPERIMENTAL XML FORMAT-->
<molecule name="prELN032036-094">
	<atoms>
		<a id="1" s="C" t="C.3" l="C"/>
		<a id="2" s="C" t="C.2" l="C"/>
		<a id="3" s="O" t="O.2" l="O"/>
		<a id="4" s="C" t="C.ar" l="C"/>
		<a id="5" s="C" t="C.ar" l="C"/>
		<a id="6" s="C" t="C.ar" l="C"/>
		<a id="7" s="C" t="C.ar" l="C"/>
		<a id="8" s="N" t="N.ar" l="N"/>
		<a id="9" s="C" t="C.ar" l="C"/>
		<a id="10" s="Cl" t="Cl" l="CL"/>
		<a id="11" s="C" t="C.ar" l="C"/>
		<a id="12" s="C" t="C.ar" l="C"/>
		<a id="13" s="N" t="N.ar" l="N"/>
		<a id="14" s="N" t="N.ar" l="N"/>
		<a id="15" s="C" t="C.ar" l="C"/>
		<a id="16" s="C" t="C.ar" l="C"/>
		<a id="17" s="C" t="C.3" l="C"/>
		<a id="18" s="C" t="C.ar" l="C"/>
		<a id="19" s="C" t="C.ar" l="C"/>
		<a id="20" s="C" t="C.ar" l="C"/>
		<a id="21" s="C" t="C.ar" l="C"/>
		<a id="22" s="C" t="C.3" l="C"/>
		<a id="23" s="N" t="N.ar" l="N"/>
		<a id="24" s="N" t="N.ar" l="N"/>
		<a id="25" s="C" t="C.ar" l="C"/>
		<a id="26" s="C" t="C.ar" l="C"/>
		<a id="27" s="C" t="C.ar" l="C"/>
		<a id="28" s="H" t="H" l="H"/>
		<a id="29" s="H" t="H" l="H"/>
		<a id="30" s="H" t="H" l="H"/>
		<a id="31" s="H" t="H" l="H"/>
		<a id="32" s="H" t="H" l="H"/>
		<a id="33" s="H" t="H" l="H"/>
		<a id="34" s="H" t="H" l="H"/>
		<a id="35" s="H" t="H" l="H"/>
		<a id="36" s="H" t="H" l="H"/>
		<a id="37" s="H" t="H" l="H"/>
		<a id="38" s="H" t="H" l="H"/>
		<a id="39" s="H" t="H" l="H"/>
		<a id="40" s="H" t="H" l="H"/>
		<a id="41" s="H" t="H" l="H"/>
		<a id="42" s="H" t="H" l="H"/>
		<a id="43" s="H" t="H" l="H"/>
	</atoms>
	<bonds>
		<b id="1" c="1 2" t="1"/>
		<b id="2" c="2 3" t="2"/>
		<b id="3" c="2 4" t="1"/>
		<b id="4" c="4 5" t="ar"/>
		<b id="5" c="5 6" t="ar"/>
		<b id="6" c="6 7" t="ar"/>
		<b id="7" c="7 8" t="ar"/>
		<b id="8" c="8 9" t="ar"/>
		<b id="9" c="4 9" t="ar"/>
		<b id="10" c="9 10" t="1"/>
		<b id="11" c="7 11" t="1"/>
		<b id="12" c="11 12" t="ar"/>
		<b id="13" c="12 13" t="ar"/>
		<b id="14" c="13 14" t="ar"/>
		<b id="15" c="14 15" t="ar"/>
		<b id="16" c="15 16" t="ar"/>
		<b id="17" c="16 17" t="1"/>
		<b id="18" c="17 18" t="1"/>
		<b id="19" c="18 19" t="ar"/>
		<b id="20" c="19 20" t="ar"/>
		<b id="21" c="20 21" t="ar"/>
		<b id="22" c="21 22" t="1"/>
		<b id="23" c="21 23" t="ar"/>
		<b id="24" c="23 24" t="ar"/>
		<b id="25" c="18 24" t="ar"/>
		<b id="26" c="16 25" t="ar"/>
		<b id="27" c="25 26" t="ar"/>
		<b id="28" c="26 27" t="ar"/>
		<b id="29" c="11 27" t="ar"/>
		<b id="30" c="14 27" t="ar"/>
		<b id="31" c="1 28" t="1"/>
		<b id="32" c="1 29" t="1"/>
		<b id="33" c="1 30" t="1"/>
		<b id="34" c="5 31" t="1"/>
		<b id="35" c="6 32" t="1"/>
		<b id="36" c="12 33" t="1"/>
		<b id="37" c="15 34" t="1"/>
		<b id="38" c="17 35" t="1"/>
		<b id="39" c="17 36" t="1"/>
		<b id="40" c="19 37" t="1"/>
		<b id="41" c="20 38" t="1"/>
		<b id="42" c="22 39" t="1"/>
		<b id="43" c="22 40" t="1"/>
		<b id="44" c="22 41" t="1"/>
		<b id="45" c="25 42" t="1"/>
		<b id="46" c="26 43" t="1"/>
	</bonds>
	<geometry>
		<g u="A" t="cart/3d">#43,3:1.7065,0.5391,-1.1312;2.4762,0.0148,0.0505;2.5832,-1.1954,0.2483;3.1892,0.9460,0.9604;4.3629,0.4682,1.5714;5.0848,1.2911,2.4371;4.6173,2.5771,2.6771;3.4868,3.0495,2.1130;2.7956,2.2358,1.2811;1.3554,3.0121,0.7557;5.3246,3.4845,3.5587;6.1384,3.2108,4.6747;6.6556,4.3038,5.2321;6.1615,5.3293,4.4914;6.4258,6.6860,4.6801;5.8409,7.6178,3.9012;6.1026,9.0935,4.0541;5.1383,9.8151,4.9633;4.9610,9.4391,6.2892;4.1514,10.2150,7.1093;3.5493,11.3408,6.5741;2.6909,12.2403,7.4041;3.7231,11.6766,5.2780;4.5242,10.9119,4.4692;4.9597,7.1543,2.8333;4.7216,5.8445,2.6265;5.3262,4.8656,3.4736;1.4758,-0.2943,-1.8021;2.3102,1.2595,-1.6895;0.7541,0.9681,-0.8192;4.7171,-0.5385,1.3705;6.0000,0.9212,2.8919;6.3779,2.2507,5.1128;7.1073,6.9149,5.4868;6.1063,9.5721,3.0657;7.1133,9.2517,4.4542;5.4561,8.5650,6.6977;4.0128,9.9451,8.1507;2.6439,11.9067,8.4459;1.6737,12.2590,7.0037;3.0974,13.2570,7.3934;4.4934,7.8951,2.1877;4.0639,5.5294,1.8218;</g>
	</geometry>
	<conformers/>
	<properties/>
</molecule>
