<?xml version="1.0" ?>
<!--MOLLI PACKAGE EXPERIMENTAL XML FORMAT-->
<molecule name="prELN032036-094">
	<atoms>
		<a id="1" s="C" t="C.3" l="C"/>
		<a id="2" s="C" t="C.ar" l="C"/>
		<a id="3" s="C" t="C.ar" l="C"/>
		<a id="4" s="C" t="C.ar" l="C"/>
		<a id="5" s="N" t="N.ar" l="N"/>
		<a id="6" s="N" t="N.ar" l="N"/>
		<a id="7" s="C" t="C.1" l="C"/>
		<a id="8" s="N" t="N.1" l="N"/>
		<a id="9" s="H" t="H" l="H"/>
		<a id="10" s="H" t="H" l="H"/>
		<a id="11" s="H" t="H" l="H"/>
		<a id="12" s="H" t="H" l="H"/>
		<a id="13" s="H" t="H" l="H"/>
	</atoms>
	<bonds>
		<b id="1" c="1 2" t="1"/>
		<b id="2" c="2 3" t="ar"/>
		<b id="3" c="3 4" t="ar"/>
		<b id="4" c="4 5" t="ar"/>
		<b id="5" c="5 6" t="ar"/>
		<b id="6" c="2 6" t="ar"/>
		<b id="7" c="4 7" t="1"/>
		<b id="8" c="7 8" t="3"/>
		<b id="9" c="1 9" t="1"/>
		<b id="10" c="1 10" t="1"/>
		<b id="11" c="1 11" t="1"/>
		<b id="12" c="3 12" t="1"/>
		<b id="13" c="6 13" t="1"/>
	</bonds>
	<geometry>
		<g u="A" t="cart/3d">#13,3:1.0408,-0.0988,-0.0479;2.5161,0.0129,-0.0448;3.3531,1.1079,-0.0425;4.6560,0.5698,-0.0353;4.6475,-0.7698,-0.0357;3.3393,-1.0822,-0.0421;5.8954,1.2911,-0.0267;6.8748,1.9181,-0.0190;0.5764,0.8927,-0.0482;0.6916,-0.6350,0.8400;0.6948,-0.6345,-0.9374;3.0648,2.1500,-0.0437;3.0787,-2.0640,-0.0433;</g>
	</geometry>
	<conformers/>
	<properties/>
</molecule>
