<?xml version="1.0" ?>
<!--MOLLI PACKAGE EXPERIMENTAL XML FORMAT-->
<molecule name="prELN032036-097">
	<atoms>
		<a id="1" s="F" t="F" l="F"/>
		<a id="2" s="C" t="C.3" l="C"/>
		<a id="3" s="F" t="F" l="F"/>
		<a id="4" s="C" t="C.3" l="C"/>
		<a id="5" s="C" t="C.3" l="C"/>
		<a id="6" s="O" t="O.3" l="O"/>
		<a id="7" s="C" t="C.2" l="C"/>
		<a id="8" s="O" t="O.2" l="O"/>
		<a id="9" s="N" t="N.am" l="N"/>
		<a id="10" s="C" t="C.ar" l="C"/>
		<a id="11" s="C" t="C.ar" l="C"/>
		<a id="12" s="N" t="N.ar" l="N"/>
		<a id="13" s="C" t="C.3" l="C"/>
		<a id="14" s="C" t="C.3" l="C"/>
		<a id="15" s="O" t="O.3" l="O"/>
		<a id="16" s="C" t="C.ar" l="C"/>
		<a id="17" s="C" t="C.ar" l="C"/>
		<a id="18" s="C" t="C.ar" l="C"/>
		<a id="19" s="Br" t="Br" l="BR"/>
		<a id="20" s="C" t="C.ar" l="C"/>
		<a id="21" s="C" t="C.ar" l="C"/>
		<a id="22" s="C" t="C.ar" l="C"/>
		<a id="23" s="C" t="C.ar" l="C"/>
		<a id="24" s="N" t="N.ar" l="N"/>
		<a id="25" s="H" t="H" l="H"/>
		<a id="26" s="H" t="H" l="H"/>
		<a id="27" s="H" t="H" l="H"/>
		<a id="28" s="H" t="H" l="H"/>
		<a id="29" s="H" t="H" l="H"/>
		<a id="30" s="H" t="H" l="H"/>
		<a id="31" s="H" t="H" l="H"/>
		<a id="32" s="H" t="H" l="H"/>
		<a id="33" s="H" t="H" l="H"/>
		<a id="34" s="H" t="H" l="H"/>
		<a id="35" s="H" t="H" l="H"/>
		<a id="36" s="H" t="H" l="H"/>
	</atoms>
	<bonds>
		<b id="1" c="1 2" t="1"/>
		<b id="2" c="2 3" t="1"/>
		<b id="3" c="4 5" t="1"/>
		<b id="4" c="5 6" t="1"/>
		<b id="5" c="6 7" t="1"/>
		<b id="6" c="7 8" t="2"/>
		<b id="7" c="7 9" t="am"/>
		<b id="8" c="4 9" t="1"/>
		<b id="9" c="9 10" t="1"/>
		<b id="10" c="10 11" t="ar"/>
		<b id="11" c="11 12" t="ar"/>
		<b id="12" c="12 13" t="1"/>
		<b id="13" c="13 14" t="1"/>
		<b id="14" c="14 15" t="1"/>
		<b id="15" c="15 16" t="1"/>
		<b id="16" c="16 17" t="ar"/>
		<b id="17" c="17 18" t="ar"/>
		<b id="18" c="18 19" t="1"/>
		<b id="19" c="18 20" t="ar"/>
		<b id="20" c="20 21" t="ar"/>
		<b id="21" c="21 22" t="ar"/>
		<b id="22" c="16 22" t="ar"/>
		<b id="23" c="22 23" t="1"/>
		<b id="24" c="12 23" t="ar"/>
		<b id="25" c="23 24" t="ar"/>
		<b id="26" c="10 24" t="ar"/>
		<b id="27" c="4 2" t="1"/>
		<b id="28" c="2 25" t="1"/>
		<b id="29" c="4 26" t="1"/>
		<b id="30" c="5 27" t="1"/>
		<b id="31" c="5 28" t="1"/>
		<b id="32" c="11 29" t="1"/>
		<b id="33" c="13 30" t="1"/>
		<b id="34" c="13 31" t="1"/>
		<b id="35" c="14 32" t="1"/>
		<b id="36" c="14 33" t="1"/>
		<b id="37" c="17 34" t="1"/>
		<b id="38" c="20 35" t="1"/>
		<b id="39" c="21 36" t="1"/>
	</bonds>
	<geometry>
		<g u="A" t="cart/3d">#36,3:-0.0010,-2.7000,1.4873;0.3019,-1.8456,0.4717;-0.8959,-1.4665,-0.0437;1.1281,-2.5886,-0.5744;2.3776,-3.1496,0.0685;3.4280,-2.2572,-0.3056;3.0198,-1.5296,-1.3988;3.8015,-0.8114,-1.9970;1.6710,-1.7525,-1.6145;0.9553,-1.1599,-2.6374;-0.3997,-1.2602,-2.8501;-0.6518,-0.4360,-3.9068;-1.9430,-0.0516,-4.4331;-2.0601,1.4633,-4.3931;-1.4591,2.1572,-5.4844;-0.2799,1.7689,-6.0545;-0.0615,2.4251,-7.2775;1.0352,2.1086,-8.0752;1.2488,2.9485,-9.7540;1.9558,1.1611,-7.6526;1.7791,0.5453,-6.4133;0.6617,0.8296,-5.6014;0.5386,0.0503,-4.3727;1.5225,-0.3795,-3.6037;0.8004,-0.9646,0.8846;0.5301,-3.3963,-1.0116;2.6251,-4.1447,-0.3159;2.3288,-3.2071,1.1606;-1.1926,-1.7841,-2.3333;-2.7078,-0.5132,-3.8005;-2.0221,-0.4571,-5.4472;-1.6985,1.8902,-3.4496;-3.1262,1.7115,-4.4571;-0.7799,3.1702,-7.6132;2.8060,0.8880,-8.2714;2.5083,-0.1960,-6.0837;</g>
	</geometry>
	<conformers/>
	<properties/>
</molecule>
