<?xml version="1.0" ?>
<!--MOLLI PACKAGE EXPERIMENTAL XML FORMAT-->
<molecule name="prELN032036-008">
	<atoms>
		<a id="1" s="C" t="C.ar" l="C"/>
		<a id="2" s="C" t="C.ar" l="C"/>
		<a id="3" s="C" t="C.ar" l="C"/>
		<a id="4" s="C" t="C.ar" l="C"/>
		<a id="5" s="C" t="C.ar" l="C"/>
		<a id="6" s="C" t="C.ar" l="C"/>
		<a id="7" s="Br" t="Br" l="BR"/>
		<a id="8" s="N" t="N.pl3" l="N"/>
		<a id="9" s="O" t="O.2" l="O"/>
		<a id="10" s="O" t="O.co2" l="O"/>
		<a id="11" s="F" t="F" l="F"/>
		<a id="12" s="H" t="H" l="H"/>
		<a id="13" s="H" t="H" l="H"/>
		<a id="14" s="H" t="H" l="H"/>
	</atoms>
	<bonds>
		<b id="1" c="1 2" t="ar"/>
		<b id="2" c="2 3" t="ar"/>
		<b id="3" c="3 4" t="ar"/>
		<b id="4" c="4 5" t="ar"/>
		<b id="5" c="5 6" t="ar"/>
		<b id="6" c="1 6" t="ar"/>
		<b id="7" c="6 7" t="1"/>
		<b id="8" c="4 8" t="1"/>
		<b id="9" c="8 9" t="2"/>
		<b id="10" c="8 10" t="1"/>
		<b id="11" c="3 11" t="1"/>
		<b id="12" c="1 12" t="1"/>
		<b id="13" c="2 13" t="1"/>
		<b id="14" c="5 14" t="1"/>
	</bonds>
	<geometry>
		<g u="A" t="cart/3d">#14,3:0.5620,-1.2162,-0.0158;1.9578,-1.2008,-0.0060;2.6423,0.0135,-0.0000;1.9346,1.2179,-0.0068;0.5320,1.2105,-0.0188;-0.1424,-0.0119,-0.0207;-2.0326,-0.0370,-0.0249;2.6497,2.4927,0.0014;3.8880,2.4617,0.0157;1.9839,3.5361,-0.0070;3.9822,-0.0348,0.0126;0.0358,-2.1684,-0.0187;2.5194,-2.1313,-0.0012;-0.0332,2.1388,-0.0249;</g>
	</geometry>
	<conformers/>
	<properties/>
</molecule>
