<?xml version="1.0" ?>
<!--MOLLI PACKAGE EXPERIMENTAL XML FORMAT-->
<molecule name="prELN032036-097">
	<atoms>
		<a id="1" s="C" t="C.3" l="CB"/>
		<a id="2" s="C" t="C.3" l="CA"/>
		<a id="3" s="N" t="N.3" l="N"/>
		<a id="4" s="C" t="C.2" l="C"/>
		<a id="5" s="O" t="O.2" l="O"/>
		<a id="6" s="O" t="O.3" l="OXT"/>
		<a id="7" s="H" t="H" l="HB1"/>
		<a id="8" s="H" t="H" l="HB2"/>
		<a id="9" s="H" t="H" l="HB3"/>
		<a id="10" s="H" t="H" l="HA"/>
		<a id="11" s="H" t="H" l="H1"/>
		<a id="12" s="H" t="H" l="H2"/>
		<a id="13" s="H" t="H" l="HXT"/>
	</atoms>
	<bonds>
		<b id="1" c="2 4" t="1"/>
		<b id="2" c="4 5" t="2"/>
		<b id="3" c="4 6" t="1"/>
		<b id="4" c="2 3" t="1"/>
		<b id="5" c="2 1" t="1"/>
		<b id="6" c="1 7" t="1"/>
		<b id="7" c="1 8" t="1"/>
		<b id="8" c="1 9" t="1"/>
		<b id="9" c="2 10" t="1"/>
		<b id="10" c="3 11" t="1"/>
		<b id="11" c="3 12" t="1"/>
		<b id="12" c="6 13" t="1"/>
	</bonds>
	<geometry>
		<g u="A" t="cart/3d">#13,3:2.9942,1.4929,0.1058;2.5098,0.0545,-0.0258;1.0354,0.0562,-0.1312;2.9577,-0.7984,1.1767;2.1888,-1.3539,1.9486;4.3005,-0.9186,1.2938;4.0880,1.5445,0.0979;2.6538,1.9467,1.0432;2.6323,2.1084,-0.7254;2.9124,-0.4057,-0.9347;0.6545,0.4202,0.7478;0.7198,-0.9181,-0.1342;4.8102,-0.4615,0.5981;</g>
	</geometry>
	<conformers/>
	<properties/>
</molecule>
