<?xml version="1.0" ?>
<!--MOLLI PACKAGE EXPERIMENTAL XML FORMAT-->
<molecule name="prELN032036-098">
	<atoms>
		<a id="1" s="F" t="F" l="F"/>
		<a id="2" s="C" t="C.3" l="C"/>
		<a id="3" s="F" t="F" l="F"/>
		<a id="4" s="C" t="C.3" l="C"/>
		<a id="5" s="C" t="C.3" l="C"/>
		<a id="6" s="O" t="O.3" l="O"/>
		<a id="7" s="C" t="C.2" l="C"/>
		<a id="8" s="O" t="O.2" l="O"/>
		<a id="9" s="N" t="N.am" l="N"/>
		<a id="10" s="H" t="H" l="H"/>
		<a id="11" s="H" t="H" l="H"/>
		<a id="12" s="H" t="H" l="H"/>
		<a id="13" s="H" t="H" l="H"/>
		<a id="14" s="H" t="H" l="H"/>
	</atoms>
	<bonds>
		<b id="1" c="1 2" t="1"/>
		<b id="2" c="2 3" t="1"/>
		<b id="3" c="4 5" t="1"/>
		<b id="4" c="5 6" t="1"/>
		<b id="5" c="6 7" t="1"/>
		<b id="6" c="7 8" t="2"/>
		<b id="7" c="7 9" t="am"/>
		<b id="8" c="4 9" t="1"/>
		<b id="9" c="4 2" t="1"/>
		<b id="10" c="2 10" t="1"/>
		<b id="11" c="4 11" t="1"/>
		<b id="12" c="5 12" t="1"/>
		<b id="13" c="5 13" t="1"/>
		<b id="14" c="9 14" t="1"/>
	</bonds>
	<geometry>
		<g u="A" t="cart/3d">#14,3:4.0377,0.1744,-1.8500;4.0798,0.9147,-0.7122;4.4853,0.0721,0.2751;2.6789,1.4294,-0.3867;2.1843,2.3552,-1.4775;2.4860,3.6744,-0.9930;2.6652,3.6033,0.3580;2.8652,4.5541,1.0890;2.6328,2.2969,0.7551;4.8260,1.7066,-0.8252;2.0027,0.5839,-0.2311;1.0986,2.2877,-1.6098;2.6659,2.1996,-2.4477;2.9136,2.0511,1.6978;</g>
	</geometry>
	<conformers/>
	<properties/>
</molecule>
