<?xml version="1.0" ?>
<!--MOLLI PACKAGE EXPERIMENTAL XML FORMAT-->
<molecule name="prELN032036-098">
	<atoms>
		<a id="1" s="Br" t="Br" l="BR"/>
		<a id="2" s="C" t="C.ar" l="C"/>
		<a id="3" s="C" t="C.ar" l="C"/>
		<a id="4" s="C" t="C.ar" l="C"/>
		<a id="5" s="C" t="C.ar" l="C"/>
		<a id="6" s="C" t="C.ar" l="C"/>
		<a id="7" s="O" t="O.3" l="O"/>
		<a id="8" s="C" t="C.3" l="C"/>
		<a id="9" s="C" t="C.3" l="C"/>
		<a id="10" s="N" t="N.ar" l="N"/>
		<a id="11" s="C" t="C.ar" l="C"/>
		<a id="12" s="C" t="C.ar" l="C"/>
		<a id="13" s="I" t="I" l="I"/>
		<a id="14" s="N" t="N.ar" l="N"/>
		<a id="15" s="C" t="C.ar" l="C"/>
		<a id="16" s="C" t="C.ar" l="C"/>
		<a id="17" s="H" t="H" l="H"/>
		<a id="18" s="H" t="H" l="H"/>
		<a id="19" s="H" t="H" l="H"/>
		<a id="20" s="H" t="H" l="H"/>
		<a id="21" s="H" t="H" l="H"/>
		<a id="22" s="H" t="H" l="H"/>
		<a id="23" s="H" t="H" l="H"/>
		<a id="24" s="H" t="H" l="H"/>
	</atoms>
	<bonds>
		<b id="1" c="1 2" t="1"/>
		<b id="2" c="2 3" t="ar"/>
		<b id="3" c="3 4" t="ar"/>
		<b id="4" c="4 5" t="ar"/>
		<b id="5" c="5 6" t="ar"/>
		<b id="6" c="6 7" t="1"/>
		<b id="7" c="7 8" t="1"/>
		<b id="8" c="8 9" t="1"/>
		<b id="9" c="9 10" t="1"/>
		<b id="10" c="10 11" t="ar"/>
		<b id="11" c="11 12" t="ar"/>
		<b id="12" c="12 13" t="1"/>
		<b id="13" c="12 14" t="ar"/>
		<b id="14" c="14 15" t="ar"/>
		<b id="15" c="5 15" t="1"/>
		<b id="16" c="10 15" t="ar"/>
		<b id="17" c="6 16" t="ar"/>
		<b id="18" c="2 16" t="ar"/>
		<b id="19" c="3 17" t="1"/>
		<b id="20" c="4 18" t="1"/>
		<b id="21" c="8 19" t="1"/>
		<b id="22" c="8 20" t="1"/>
		<b id="23" c="9 21" t="1"/>
		<b id="24" c="9 22" t="1"/>
		<b id="25" c="11 23" t="1"/>
		<b id="26" c="16 24" t="1"/>
	</bonds>
	<geometry>
		<g u="A" t="cart/3d">#24,3:1.0828,-0.0212,0.0891;2.9700,-0.0488,0.0081;3.6731,1.1300,-0.1827;5.0671,1.0897,-0.2381;5.7823,-0.1230,-0.1365;5.0542,-1.3153,0.0321;5.4940,-2.6077,0.0944;6.8736,-2.9517,0.0043;7.5905,-2.3123,-1.1674;8.0528,-1.0030,-0.7633;9.3460,-0.5700,-0.7302;9.2668,0.6910,-0.1976;10.8595,1.8967,0.1468;7.9726,1.0293,0.0811;7.2401,-0.0251,-0.2479;3.6517,-1.2574,0.1237;3.1576,2.0805,-0.2891;5.6108,2.0243,-0.3839;6.8881,-4.0376,-0.1463;7.3643,-2.7624,0.9657;6.9446,-2.1805,-2.0437;8.4691,-2.9002,-1.4551;10.1811,-1.1722,-1.0654;3.0939,-2.1804,0.2722;</g>
	</geometry>
	<conformers/>
	<properties/>
</molecule>
