<?xml version="1.0" ?>
<!--MOLLI PACKAGE EXPERIMENTAL XML FORMAT-->
<molecule name="prELN032036-105">
	<atoms>
		<a id="1" s="C" t="C.3" l="C"/>
		<a id="2" s="C" t="C.2" l="C"/>
		<a id="3" s="O" t="O.2" l="O"/>
		<a id="4" s="C" t="C.ar" l="C"/>
		<a id="5" s="C" t="C.ar" l="C"/>
		<a id="6" s="C" t="C.ar" l="C"/>
		<a id="7" s="C" t="C.ar" l="C"/>
		<a id="8" s="N" t="N.ar" l="N"/>
		<a id="9" s="C" t="C.ar" l="C"/>
		<a id="10" s="N" t="N.ar" l="N"/>
		<a id="11" s="N" t="N.ar" l="N"/>
		<a id="12" s="C" t="C.ar" l="C"/>
		<a id="13" s="C" t="C.ar" l="C"/>
		<a id="14" s="C" t="C.ar" l="C"/>
		<a id="15" s="C" t="C.3" l="C"/>
		<a id="16" s="C" t="C.1" l="C"/>
		<a id="17" s="N" t="N.1" l="N"/>
		<a id="18" s="N" t="N.ar" l="N"/>
		<a id="19" s="C" t="C.ar" l="C"/>
		<a id="20" s="N" t="N.ar" l="N"/>
		<a id="21" s="C" t="C.ar" l="C"/>
		<a id="22" s="C" t="C.ar" l="C"/>
		<a id="23" s="C" t="C.ar" l="C"/>
		<a id="24" s="Br" t="Br" l="BR"/>
		<a id="25" s="C" t="C.ar" l="C"/>
		<a id="26" s="C" t="C.ar" l="C"/>
		<a id="27" s="C" t="C.ar" l="C"/>
		<a id="28" s="H" t="H" l="H"/>
		<a id="29" s="H" t="H" l="H"/>
		<a id="30" s="H" t="H" l="H"/>
		<a id="31" s="H" t="H" l="H"/>
		<a id="32" s="H" t="H" l="H"/>
		<a id="33" s="H" t="H" l="H"/>
		<a id="34" s="H" t="H" l="H"/>
		<a id="35" s="H" t="H" l="H"/>
		<a id="36" s="H" t="H" l="H"/>
		<a id="37" s="H" t="H" l="H"/>
		<a id="38" s="H" t="H" l="H"/>
		<a id="39" s="H" t="H" l="H"/>
		<a id="40" s="H" t="H" l="H"/>
	</atoms>
	<bonds>
		<b id="1" c="1 2" t="1"/>
		<b id="2" c="2 3" t="2"/>
		<b id="3" c="2 4" t="1"/>
		<b id="4" c="4 5" t="ar"/>
		<b id="5" c="5 6" t="ar"/>
		<b id="6" c="6 7" t="ar"/>
		<b id="7" c="7 8" t="ar"/>
		<b id="8" c="8 9" t="ar"/>
		<b id="9" c="4 9" t="ar"/>
		<b id="10" c="9 10" t="1"/>
		<b id="11" c="10 11" t="ar"/>
		<b id="12" c="11 12" t="ar"/>
		<b id="13" c="12 13" t="ar"/>
		<b id="14" c="13 14" t="ar"/>
		<b id="15" c="10 14" t="ar"/>
		<b id="16" c="14 15" t="1"/>
		<b id="17" c="12 16" t="1"/>
		<b id="18" c="16 17" t="3"/>
		<b id="19" c="7 18" t="1"/>
		<b id="20" c="18 19" t="ar"/>
		<b id="21" c="19 20" t="ar"/>
		<b id="22" c="20 21" t="ar"/>
		<b id="23" c="21 22" t="ar"/>
		<b id="24" c="22 23" t="ar"/>
		<b id="25" c="23 24" t="1"/>
		<b id="26" c="23 25" t="ar"/>
		<b id="27" c="25 26" t="ar"/>
		<b id="28" c="26 27" t="ar"/>
		<b id="29" c="18 27" t="ar"/>
		<b id="30" c="21 27" t="ar"/>
		<b id="31" c="1 28" t="1"/>
		<b id="32" c="1 29" t="1"/>
		<b id="33" c="1 30" t="1"/>
		<b id="34" c="5 31" t="1"/>
		<b id="35" c="6 32" t="1"/>
		<b id="36" c="13 33" t="1"/>
		<b id="37" c="15 34" t="1"/>
		<b id="38" c="15 35" t="1"/>
		<b id="39" c="15 36" t="1"/>
		<b id="40" c="19 37" t="1"/>
		<b id="41" c="22 38" t="1"/>
		<b id="42" c="25 39" t="1"/>
		<b id="43" c="26 40" t="1"/>
	</bonds>
	<geometry>
		<g u="A" t="cart/3d">#40,3:1.0432,-0.2439,0.2710;2.5347,-0.0973,0.0952;3.2175,-0.9926,-0.3949;3.2035,1.0884,0.6980;2.7742,1.5183,1.9592;3.5220,2.4464,2.6803;4.7154,2.9192,2.1506;5.1370,2.5458,0.9139;4.3795,1.6529,0.1945;4.8202,1.3336,-1.1312;3.9326,1.0981,-2.1342;4.6864,0.7161,-3.1585;6.0621,0.8412,-2.8944;6.1316,1.3087,-1.5984;7.3211,1.6011,-0.7577;4.0839,0.2368,-4.3735;3.6191,-0.1573,-5.3469;5.4846,3.8948,2.8514;6.4500,4.6857,2.2772;6.7223,5.7552,2.9956;6.0091,5.5818,4.1500;5.8046,6.4701,5.2063;4.9744,6.0231,6.2308;3.6030,7.2223,6.8056;4.7291,4.6691,6.4278;4.8427,3.8006,5.3457;5.3859,4.3304,4.1642;0.6618,-0.9691,-0.4542;0.5314,0.7068,0.1026;0.8315,-0.6137,1.2778;1.8731,1.1142,2.4156;3.1163,2.7981,3.6272;6.8930,0.6011,-3.5423;8.2452,1.3776,-1.3022;7.3200,0.9900,0.1507;7.3563,2.6591,-0.4803;6.8586,4.4826,1.2928;6.1428,7.4974,5.1399;4.3428,4.3123,7.3792;4.4868,2.7798,5.4217;</g>
	</geometry>
	<conformers/>
	<properties/>
</molecule>
