<?xml version="1.0" ?>
<!--MOLLI PACKAGE EXPERIMENTAL XML FORMAT-->
<molecule name="prELN032036-105">
	<atoms>
		<a id="1" s="O" t="O.2" l="O"/>
		<a id="2" s="C" t="C.2" l="C"/>
		<a id="3" s="N" t="N.am" l="N"/>
		<a id="4" s="C" t="C.3" l="C"/>
		<a id="5" s="C" t="C.3" l="C"/>
		<a id="6" s="C" t="C.3" l="C"/>
		<a id="7" s="C" t="C.3" l="C"/>
		<a id="8" s="N" t="N.3" l="N"/>
		<a id="9" s="C" t="C.3" l="C"/>
		<a id="10" s="H" t="H" l="H"/>
		<a id="11" s="H" t="H" l="H"/>
		<a id="12" s="H" t="H" l="H"/>
		<a id="13" s="H" t="H" l="H"/>
		<a id="14" s="H" t="H" l="H"/>
		<a id="15" s="H" t="H" l="H"/>
		<a id="16" s="H" t="H" l="H"/>
		<a id="17" s="H" t="H" l="H"/>
		<a id="18" s="H" t="H" l="H"/>
		<a id="19" s="H" t="H" l="H"/>
	</atoms>
	<bonds>
		<b id="1" c="1 2" t="2"/>
		<b id="2" c="2 3" t="am"/>
		<b id="3" c="3 4" t="1"/>
		<b id="4" c="4 5" t="1"/>
		<b id="5" c="5 6" t="1"/>
		<b id="6" c="6 7" t="1"/>
		<b id="7" c="7 8" t="1"/>
		<b id="8" c="8 9" t="1"/>
		<b id="9" c="2 9" t="1"/>
		<b id="10" c="5 9" t="1"/>
		<b id="11" c="3 10" t="1"/>
		<b id="12" c="4 11" t="1"/>
		<b id="13" c="4 12" t="1"/>
		<b id="14" c="5 13" t="1"/>
		<b id="15" c="6 14" t="1"/>
		<b id="16" c="6 15" t="1"/>
		<b id="17" c="7 16" t="1"/>
		<b id="18" c="7 17" t="1"/>
		<b id="19" c="8 18" t="1"/>
		<b id="20" c="9 19" t="1"/>
	</bonds>
	<geometry>
		<g u="A" t="cart/3d">#19,3:1.1206,-0.0751,0.3895;2.2871,0.0481,0.0524;3.0962,1.1115,0.4066;4.4418,0.9671,-0.0613;4.3529,-0.1166,-1.1301;5.5067,-1.1015,-1.1226;5.0313,-2.2879,-0.2926;3.6733,-1.9988,0.1673;3.1402,-0.9484,-0.7249;2.7519,1.8337,1.0282;5.0772,0.6941,0.7871;4.7824,1.9222,-0.4706;4.2158,0.3390,-2.1179;6.4281,-0.6625,-0.7262;5.7134,-1.4376,-2.1461;5.6939,-2.4652,0.5609;5.0283,-3.2005,-0.8981;3.7102,-1.6296,1.1194;2.6054,-1.3625,-1.5847;</g>
	</geometry>
	<conformers/>
	<properties/>
</molecule>
