<?xml version="1.0" ?>
<!--MOLLI PACKAGE EXPERIMENTAL XML FORMAT-->
<molecule name="prELN032036-106">
	<atoms>
		<a id="1" s="N" t="N.pl3" l="N"/>
		<a id="2" s="C" t="C.ar" l="C"/>
		<a id="3" s="C" t="C.ar" l="C"/>
		<a id="4" s="C" t="C.ar" l="C"/>
		<a id="5" s="C" t="C.ar" l="C"/>
		<a id="6" s="C" t="C.ar" l="C"/>
		<a id="7" s="C" t="C.3" l="C"/>
		<a id="8" s="C" t="C.3" l="C"/>
		<a id="9" s="C" t="C.3" l="C"/>
		<a id="10" s="C" t="C.3" l="C"/>
		<a id="11" s="O" t="O.3" l="O"/>
		<a id="12" s="C" t="C.2" l="C"/>
		<a id="13" s="O" t="O.2" l="O"/>
		<a id="14" s="N" t="N.ar" l="N"/>
		<a id="15" s="H" t="H" l="H"/>
		<a id="16" s="H" t="H" l="H"/>
		<a id="17" s="H" t="H" l="H"/>
		<a id="18" s="H" t="H" l="H"/>
		<a id="19" s="H" t="H" l="H"/>
		<a id="20" s="H" t="H" l="H"/>
		<a id="21" s="H" t="H" l="H"/>
		<a id="22" s="H" t="H" l="H"/>
		<a id="23" s="H" t="H" l="H"/>
		<a id="24" s="H" t="H" l="H"/>
		<a id="25" s="H" t="H" l="H"/>
		<a id="26" s="H" t="H" l="H"/>
	</atoms>
	<bonds>
		<b id="1" c="1 2" t="1"/>
		<b id="2" c="2 3" t="ar"/>
		<b id="3" c="3 4" t="ar"/>
		<b id="4" c="4 5" t="ar"/>
		<b id="5" c="5 6" t="ar"/>
		<b id="6" c="6 7" t="1"/>
		<b id="7" c="7 9" t="1"/>
		<b id="8" c="9 10" t="1"/>
		<b id="9" c="9 11" t="1"/>
		<b id="10" c="11 12" t="1"/>
		<b id="11" c="5 12" t="1"/>
		<b id="12" c="12 13" t="2"/>
		<b id="13" c="6 14" t="ar"/>
		<b id="14" c="2 14" t="ar"/>
		<b id="15" c="7 8" t="1"/>
		<b id="16" c="1 15" t="1"/>
		<b id="17" c="1 16" t="1"/>
		<b id="18" c="3 17" t="1"/>
		<b id="19" c="4 18" t="1"/>
		<b id="20" c="7 19" t="1"/>
		<b id="21" c="8 20" t="1"/>
		<b id="22" c="8 21" t="1"/>
		<b id="23" c="8 22" t="1"/>
		<b id="24" c="9 23" t="1"/>
		<b id="25" c="10 24" t="1"/>
		<b id="26" c="10 25" t="1"/>
		<b id="27" c="10 26" t="1"/>
	</bonds>
	<geometry>
		<g u="A" t="cart/3d">#26,3:1.0301,0.0297,-0.2012;2.4176,0.0545,-0.1305;3.1054,1.2560,-0.1622;4.4954,1.2329,-0.0947;5.1581,0.0086,-0.0182;4.4021,-1.1560,-0.0335;5.0769,-2.5056,0.0625;4.3334,-3.5683,-0.7585;6.5303,-2.3688,-0.4119;7.3773,-3.5940,-0.0744;7.1815,-1.2541,0.2296;6.6255,-0.0238,0.1344;7.2821,1.0022,0.2394;3.0400,-1.1360,-0.0729;0.6034,0.6243,0.4991;0.7385,-0.9400,-0.1037;2.5730,2.1978,-0.2342;5.0541,2.1677,-0.0930;5.0602,-2.7906,1.1225;4.3024,-3.2965,-1.8211;3.2997,-3.6864,-0.4181;4.8085,-4.5500,-0.6750;6.5797,-2.1963,-1.4954;7.3539,-3.7994,1.0024;8.4272,-3.4151,-0.3323;7.0444,-4.4876,-0.6082;</g>
	</geometry>
	<conformers/>
	<properties/>
</molecule>
