<?xml version="1.0" ?>
<!--MOLLI PACKAGE EXPERIMENTAL XML FORMAT-->
<molecule name="prELN032036-109">
	<atoms>
		<a id="1" s="N" t="N.pl3" l="N"/>
		<a id="2" s="C" t="C.ar" l="C"/>
		<a id="3" s="C" t="C.ar" l="C"/>
		<a id="4" s="N" t="N.ar" l="N"/>
		<a id="5" s="C" t="C.ar" l="C"/>
		<a id="6" s="O" t="O.3" l="O"/>
		<a id="7" s="C" t="C.3" l="C"/>
		<a id="8" s="C" t="C.3" l="C"/>
		<a id="9" s="C" t="C.3" l="C"/>
		<a id="10" s="C" t="C.3" l="C"/>
		<a id="11" s="N" t="N.3" l="N"/>
		<a id="12" s="C" t="C.3" l="C"/>
		<a id="13" s="C" t="C.3" l="C"/>
		<a id="14" s="C" t="C.3" l="C"/>
		<a id="15" s="C" t="C.3" l="C"/>
		<a id="16" s="C" t="C.ar" l="C"/>
		<a id="17" s="C" t="C.ar" l="C"/>
		<a id="18" s="H" t="H" l="H"/>
		<a id="19" s="H" t="H" l="H"/>
		<a id="20" s="H" t="H" l="H"/>
		<a id="21" s="H" t="H" l="H"/>
		<a id="22" s="H" t="H" l="H"/>
		<a id="23" s="H" t="H" l="H"/>
		<a id="24" s="H" t="H" l="H"/>
		<a id="25" s="H" t="H" l="H"/>
		<a id="26" s="H" t="H" l="H"/>
		<a id="27" s="H" t="H" l="H"/>
		<a id="28" s="H" t="H" l="H"/>
		<a id="29" s="H" t="H" l="H"/>
		<a id="30" s="H" t="H" l="H"/>
		<a id="31" s="H" t="H" l="H"/>
		<a id="32" s="H" t="H" l="H"/>
		<a id="33" s="H" t="H" l="H"/>
		<a id="34" s="H" t="H" l="H"/>
	</atoms>
	<bonds>
		<b id="1" c="2 3" t="ar"/>
		<b id="2" c="3 4" t="ar"/>
		<b id="3" c="4 5" t="ar"/>
		<b id="4" c="5 6" t="1"/>
		<b id="5" c="6 7" t="1"/>
		<b id="6" c="7 8" t="1"/>
		<b id="7" c="8 9" t="1"/>
		<b id="8" c="9 10" t="1"/>
		<b id="9" c="10 11" t="1"/>
		<b id="10" c="11 12" t="1"/>
		<b id="11" c="12 13" t="1"/>
		<b id="12" c="8 13" t="1"/>
		<b id="13" c="11 14" t="1"/>
		<b id="14" c="7 14" t="1"/>
		<b id="15" c="7 15" t="1"/>
		<b id="16" c="5 16" t="ar"/>
		<b id="17" c="15 16" t="1"/>
		<b id="18" c="16 17" t="ar"/>
		<b id="19" c="2 17" t="ar"/>
		<b id="20" c="1 2" t="1"/>
		<b id="21" c="1 18" t="1"/>
		<b id="22" c="1 19" t="1"/>
		<b id="23" c="3 20" t="1"/>
		<b id="24" c="8 21" t="1"/>
		<b id="25" c="9 22" t="1"/>
		<b id="26" c="9 23" t="1"/>
		<b id="27" c="10 24" t="1"/>
		<b id="28" c="10 25" t="1"/>
		<b id="29" c="12 26" t="1"/>
		<b id="30" c="12 27" t="1"/>
		<b id="31" c="13 28" t="1"/>
		<b id="32" c="13 29" t="1"/>
		<b id="33" c="14 30" t="1"/>
		<b id="34" c="14 31" t="1"/>
		<b id="35" c="15 32" t="1"/>
		<b id="36" c="15 33" t="1"/>
		<b id="37" c="17 34" t="1"/>
	</bonds>
	<geometry>
		<g u="A" t="cart/3d">#34,3:0.9552,0.4991,0.0556;2.3462,0.3813,0.0970;3.2049,1.1918,-0.6737;4.5555,1.0059,-0.8361;5.0403,-0.0513,-0.1805;6.3801,-0.4607,-0.2853;6.3557,-1.8120,0.2695;7.9826,-2.3063,1.0470;8.8190,-3.9612,1.0362;7.9947,-4.9970,-0.2678;7.2098,-4.0729,-1.2991;7.9736,-3.0327,-0.7624;7.0210,-3.3178,0.8975;5.9705,-3.0964,-1.0251;5.1505,-1.8368,1.2852;4.2852,-0.8700,0.6205;2.9197,-0.7079,0.7316;0.6114,1.4459,-0.0915;0.4687,0.0174,0.8072;2.8081,2.0466,-1.2114;8.1117,-1.7781,1.9976;8.7216,-4.4782,2.0056;9.8829,-3.8382,0.7934;7.3373,-5.7654,0.1741;8.7965,-5.5355,-0.7870;7.8745,-2.0591,-1.2890;9.0608,-3.2155,-0.8940;6.6029,-4.3202,1.0309;7.0341,-3.2690,2.0175;5.0823,-3.6725,-0.7478;5.7776,-2.5402,-1.9552;5.4513,-1.4544,2.2669;4.6761,-2.8162,1.3818;2.3259,-1.4176,1.2979;</g>
	</geometry>
	<conformers/>
	<properties/>
</molecule>
