<?xml version="1.0" ?>
<!--MOLLI PACKAGE EXPERIMENTAL XML FORMAT-->
<molecule name="prELN032036-117">
	<atoms>
		<a id="1" s="I" t="I" l="I"/>
		<a id="2" s="C" t="C.ar" l="C"/>
		<a id="3" s="N" t="N.ar" l="N"/>
		<a id="4" s="N" t="N.ar" l="N"/>
		<a id="5" s="C" t="C.3" l="C"/>
		<a id="6" s="O" t="O.3" l="O"/>
		<a id="7" s="C" t="C.3" l="C"/>
		<a id="8" s="C" t="C.3" l="C"/>
		<a id="9" s="C" t="C.3" l="C"/>
		<a id="10" s="C" t="C.3" l="C"/>
		<a id="11" s="C" t="C.ar" l="C"/>
		<a id="12" s="N" t="N.ar" l="N"/>
		<a id="13" s="C" t="C.ar" l="C"/>
		<a id="14" s="Cl" t="Cl" l="CL"/>
		<a id="15" s="C" t="C.ar" l="C"/>
		<a id="16" s="N" t="N.ar" l="N"/>
		<a id="17" s="C" t="C.ar" l="C"/>
		<a id="18" s="H" t="H" l="H"/>
		<a id="19" s="H" t="H" l="H"/>
		<a id="20" s="H" t="H" l="H"/>
		<a id="21" s="H" t="H" l="H"/>
		<a id="22" s="H" t="H" l="H"/>
		<a id="23" s="H" t="H" l="H"/>
		<a id="24" s="H" t="H" l="H"/>
		<a id="25" s="H" t="H" l="H"/>
		<a id="26" s="H" t="H" l="H"/>
		<a id="27" s="H" t="H" l="H"/>
	</atoms>
	<bonds>
		<b id="1" c="1 2" t="1"/>
		<b id="2" c="2 3" t="ar"/>
		<b id="3" c="3 4" t="ar"/>
		<b id="4" c="4 5" t="1"/>
		<b id="5" c="5 6" t="1"/>
		<b id="6" c="6 7" t="1"/>
		<b id="7" c="7 8" t="1"/>
		<b id="8" c="8 9" t="1"/>
		<b id="9" c="9 10" t="1"/>
		<b id="10" c="5 10" t="1"/>
		<b id="11" c="4 11" t="ar"/>
		<b id="12" c="11 12" t="ar"/>
		<b id="13" c="12 13" t="ar"/>
		<b id="14" c="13 14" t="1"/>
		<b id="15" c="13 15" t="ar"/>
		<b id="16" c="15 16" t="ar"/>
		<b id="17" c="16 17" t="ar"/>
		<b id="18" c="11 17" t="ar"/>
		<b id="19" c="2 17" t="ar"/>
		<b id="20" c="5 18" t="1"/>
		<b id="21" c="7 19" t="1"/>
		<b id="22" c="7 20" t="1"/>
		<b id="23" c="8 21" t="1"/>
		<b id="24" c="8 22" t="1"/>
		<b id="25" c="9 23" t="1"/>
		<b id="26" c="9 24" t="1"/>
		<b id="27" c="10 25" t="1"/>
		<b id="28" c="10 26" t="1"/>
		<b id="29" c="15 27" t="1"/>
	</bonds>
	<geometry>
		<g u="A" t="cart/3d">#27,3:1.0624,0.0923,-0.0545;3.0985,0.0524,0.0201;3.8311,1.1713,0.0246;5.1121,0.7094,0.0499;6.2464,1.6339,0.0382;6.1838,2.4118,-1.1685;7.2922,3.2973,-1.3024;7.3464,4.2876,-0.1467;7.3868,3.5553,1.1896;6.2530,2.5387,1.2744;5.1934,-0.6589,0.1276;6.3058,-1.4268,0.2192;5.9829,-2.7417,0.2640;7.3264,-3.8021,0.3807;4.6843,-3.2341,0.2257;3.5792,-2.4498,0.1414;3.8786,-1.1192,0.0937;7.1600,1.0275,0.0081;7.1735,3.8376,-2.2471;8.2179,2.7142,-1.3701;6.4506,4.9204,-0.1725;8.2177,4.9431,-0.2477;7.3126,4.2722,2.0146;8.3491,3.0397,1.2951;5.3060,3.0897,1.3430;6.3455,1.9430,2.1897;4.4881,-4.3008,0.2654;</g>
	</geometry>
	<conformers/>
	<properties/>
</molecule>
