<?xml version="1.0" ?>
<!--MOLLI PACKAGE EXPERIMENTAL XML FORMAT-->
<molecule name="prELN032036-117">
	<atoms>
		<a id="1" s="C" t="C.ar" l="C"/>
		<a id="2" s="N" t="N.ar" l="N"/>
		<a id="3" s="C" t="C.ar" l="C"/>
		<a id="4" s="C" t="C.ar" l="C"/>
		<a id="5" s="C" t="C.ar" l="C"/>
		<a id="6" s="C" t="C.ar" l="C"/>
		<a id="7" s="N" t="N.pl3" l="N"/>
		<a id="8" s="C" t="C.3" l="C"/>
		<a id="9" s="C" t="C.3" l="C"/>
		<a id="10" s="C" t="C.3" l="C"/>
		<a id="11" s="H" t="H" l="H"/>
		<a id="12" s="H" t="H" l="H"/>
		<a id="13" s="H" t="H" l="H"/>
		<a id="14" s="H" t="H" l="H"/>
		<a id="15" s="H" t="H" l="H"/>
		<a id="16" s="H" t="H" l="H"/>
		<a id="17" s="H" t="H" l="H"/>
		<a id="18" s="H" t="H" l="H"/>
		<a id="19" s="H" t="H" l="H"/>
		<a id="20" s="H" t="H" l="H"/>
	</atoms>
	<bonds>
		<b id="1" c="1 2" t="ar"/>
		<b id="2" c="2 3" t="ar"/>
		<b id="3" c="3 4" t="ar"/>
		<b id="4" c="4 5" t="ar"/>
		<b id="5" c="1 6" t="ar"/>
		<b id="6" c="5 6" t="ar"/>
		<b id="7" c="6 7" t="1"/>
		<b id="8" c="7 8" t="1"/>
		<b id="9" c="8 9" t="1"/>
		<b id="10" c="9 10" t="1"/>
		<b id="11" c="1 10" t="1"/>
		<b id="12" c="3 11" t="1"/>
		<b id="13" c="4 12" t="1"/>
		<b id="14" c="5 13" t="1"/>
		<b id="15" c="7 14" t="1"/>
		<b id="16" c="8 15" t="1"/>
		<b id="17" c="8 16" t="1"/>
		<b id="18" c="9 17" t="1"/>
		<b id="19" c="9 18" t="1"/>
		<b id="20" c="10 19" t="1"/>
		<b id="21" c="10 20" t="1"/>
	</bonds>
	<geometry>
		<g u="A" t="cart/3d">#20,3:0.0647,-0.6854,-0.0373;1.2250,-1.3904,-0.0031;2.3689,-0.6777,0.0481;2.4142,0.7054,0.0800;1.2104,1.4052,0.0410;-0.0013,0.7168,-0.0205;-1.1934,1.4222,-0.1729;-2.4303,0.6774,-0.3568;-2.4023,-0.6587,0.3727;-1.2102,-1.4841,-0.1023;3.2809,-1.2672,0.0569;3.3634,1.2275,0.1138;1.2236,2.4910,0.0344;-1.2529,2.2901,0.3500;-2.5866,0.5160,-1.4303;-3.2711,1.2814,0.0012;-3.3324,-1.2085,0.1901;-2.3323,-0.4885,1.4548;-1.3643,-1.8107,-1.1375;-1.1167,-2.3810,0.5209;</g>
	</geometry>
	<conformers/>
	<properties/>
</molecule>
