<?xml version="1.0" ?>
<!--MOLLI PACKAGE EXPERIMENTAL XML FORMAT-->
<molecule name="prELN032036-124">
	<atoms>
		<a id="1" s="C" t="C.3" l="C"/>
		<a id="2" s="C" t="C.3" l="C"/>
		<a id="3" s="C" t="C.3" l="C"/>
		<a id="4" s="C" t="C.3" l="C"/>
		<a id="5" s="C" t="C.ar" l="C"/>
		<a id="6" s="C" t="C.ar" l="C"/>
		<a id="7" s="C" t="C.ar" l="C"/>
		<a id="8" s="C" t="C.ar" l="C"/>
		<a id="9" s="C" t="C.ar" l="C"/>
		<a id="10" s="C" t="C.ar" l="C"/>
		<a id="11" s="P" t="P.3" l="P"/>
		<a id="12" s="O" t="O.2" l="O"/>
		<a id="13" s="C" t="C.ar" l="C"/>
		<a id="14" s="C" t="C.ar" l="C"/>
		<a id="15" s="C" t="C.ar" l="C"/>
		<a id="16" s="C" t="C.ar" l="C"/>
		<a id="17" s="C" t="C.ar" l="C"/>
		<a id="18" s="C" t="C.ar" l="C"/>
		<a id="19" s="C" t="C.3" l="C"/>
		<a id="20" s="C" t="C.3" l="C"/>
		<a id="21" s="C" t="C.3" l="C"/>
		<a id="22" s="C" t="C.3" l="C"/>
		<a id="23" s="C" t="C.3" l="C"/>
		<a id="24" s="C" t="C.3" l="C"/>
		<a id="25" s="C" t="C.3" l="C"/>
		<a id="26" s="C" t="C.3" l="C"/>
		<a id="27" s="C" t="C.ar" l="C"/>
		<a id="28" s="C" t="C.ar" l="C"/>
		<a id="29" s="C" t="C.ar" l="C"/>
		<a id="30" s="C" t="C.ar" l="C"/>
		<a id="31" s="C" t="C.ar" l="C"/>
		<a id="32" s="C" t="C.3" l="C"/>
		<a id="33" s="C" t="C.3" l="C"/>
		<a id="34" s="C" t="C.3" l="C"/>
		<a id="35" s="C" t="C.3" l="C"/>
		<a id="36" s="C" t="C.3" l="C"/>
		<a id="37" s="C" t="C.ar" l="C"/>
		<a id="38" s="C" t="C.ar" l="C"/>
		<a id="39" s="C" t="C.ar" l="C"/>
		<a id="40" s="C" t="C.ar" l="C"/>
		<a id="41" s="C" t="C.ar" l="C"/>
		<a id="42" s="C" t="C.ar" l="C"/>
		<a id="43" s="O" t="O.3" l="O"/>
		<a id="44" s="S" t="S.O2" l="S"/>
		<a id="45" s="O" t="O.2" l="O"/>
		<a id="46" s="O" t="O.2" l="O"/>
		<a id="47" s="C" t="C.3" l="C"/>
		<a id="48" s="F" t="F" l="F"/>
		<a id="49" s="F" t="F" l="F"/>
		<a id="50" s="F" t="F" l="F"/>
		<a id="51" s="C" t="C.ar" l="C"/>
		<a id="52" s="H" t="H" l="H"/>
		<a id="53" s="H" t="H" l="H"/>
		<a id="54" s="H" t="H" l="H"/>
		<a id="55" s="H" t="H" l="H"/>
		<a id="56" s="H" t="H" l="H"/>
		<a id="57" s="H" t="H" l="H"/>
		<a id="58" s="H" t="H" l="H"/>
		<a id="59" s="H" t="H" l="H"/>
		<a id="60" s="H" t="H" l="H"/>
		<a id="61" s="H" t="H" l="H"/>
		<a id="62" s="H" t="H" l="H"/>
		<a id="63" s="H" t="H" l="H"/>
		<a id="64" s="H" t="H" l="H"/>
		<a id="65" s="H" t="H" l="H"/>
		<a id="66" s="H" t="H" l="H"/>
		<a id="67" s="H" t="H" l="H"/>
		<a id="68" s="H" t="H" l="H"/>
		<a id="69" s="H" t="H" l="H"/>
		<a id="70" s="H" t="H" l="H"/>
		<a id="71" s="H" t="H" l="H"/>
		<a id="72" s="H" t="H" l="H"/>
		<a id="73" s="H" t="H" l="H"/>
		<a id="74" s="H" t="H" l="H"/>
		<a id="75" s="H" t="H" l="H"/>
		<a id="76" s="H" t="H" l="H"/>
		<a id="77" s="H" t="H" l="H"/>
		<a id="78" s="H" t="H" l="H"/>
		<a id="79" s="H" t="H" l="H"/>
		<a id="80" s="H" t="H" l="H"/>
		<a id="81" s="H" t="H" l="H"/>
		<a id="82" s="H" t="H" l="H"/>
		<a id="83" s="H" t="H" l="H"/>
		<a id="84" s="H" t="H" l="H"/>
		<a id="85" s="H" t="H" l="H"/>
		<a id="86" s="H" t="H" l="H"/>
		<a id="87" s="H" t="H" l="H"/>
		<a id="88" s="H" t="H" l="H"/>
		<a id="89" s="H" t="H" l="H"/>
		<a id="90" s="H" t="H" l="H"/>
		<a id="91" s="H" t="H" l="H"/>
		<a id="92" s="H" t="H" l="H"/>
		<a id="93" s="H" t="H" l="H"/>
		<a id="94" s="H" t="H" l="H"/>
		<a id="95" s="H" t="H" l="H"/>
		<a id="96" s="H" t="H" l="H"/>
		<a id="97" s="H" t="H" l="H"/>
		<a id="98" s="H" t="H" l="H"/>
		<a id="99" s="H" t="H" l="H"/>
	</atoms>
	<bonds>
		<b id="1" c="1 2" t="1"/>
		<b id="2" c="2 3" t="1"/>
		<b id="3" c="2 4" t="1"/>
		<b id="4" c="2 5" t="1"/>
		<b id="5" c="5 6" t="ar"/>
		<b id="6" c="6 7" t="ar"/>
		<b id="7" c="7 8" t="ar"/>
		<b id="8" c="8 9" t="ar"/>
		<b id="9" c="9 10" t="ar"/>
		<b id="10" c="5 10" t="ar"/>
		<b id="11" c="9 11" t="1"/>
		<b id="12" c="11 12" t="2"/>
		<b id="13" c="11 13" t="1"/>
		<b id="14" c="13 14" t="ar"/>
		<b id="15" c="14 15" t="ar"/>
		<b id="16" c="15 16" t="ar"/>
		<b id="17" c="16 17" t="ar"/>
		<b id="18" c="17 18" t="ar"/>
		<b id="19" c="13 18" t="ar"/>
		<b id="20" c="17 19" t="1"/>
		<b id="21" c="19 20" t="1"/>
		<b id="22" c="19 21" t="1"/>
		<b id="23" c="19 22" t="1"/>
		<b id="24" c="15 23" t="1"/>
		<b id="25" c="23 24" t="1"/>
		<b id="26" c="23 25" t="1"/>
		<b id="27" c="23 26" t="1"/>
		<b id="28" c="27 28" t="ar"/>
		<b id="29" c="28 29" t="ar"/>
		<b id="30" c="29 30" t="ar"/>
		<b id="31" c="30 31" t="ar"/>
		<b id="32" c="31 32" t="1"/>
		<b id="33" c="32 33" t="1"/>
		<b id="34" c="33 34" t="1"/>
		<b id="35" c="34 35" t="1"/>
		<b id="36" c="35 36" t="1"/>
		<b id="37" c="36 37" t="1"/>
		<b id="38" c="37 38" t="ar"/>
		<b id="39" c="38 39" t="ar"/>
		<b id="40" c="39 40" t="ar"/>
		<b id="41" c="40 41" t="ar"/>
		<b id="42" c="41 42" t="ar"/>
		<b id="43" c="34 42" t="1"/>
		<b id="44" c="37 42" t="ar"/>
		<b id="45" c="43 44" t="1"/>
		<b id="46" c="44 45" t="2"/>
		<b id="47" c="44 46" t="2"/>
		<b id="48" c="44 47" t="1"/>
		<b id="49" c="47 48" t="1"/>
		<b id="50" c="47 49" t="1"/>
		<b id="51" c="47 50" t="1"/>
		<b id="52" c="34 51" t="1"/>
		<b id="53" c="27 51" t="ar"/>
		<b id="54" c="31 51" t="ar"/>
		<b id="55" c="11 27" t="1"/>
		<b id="56" c="41 43" t="1"/>
		<b id="57" c="1 52" t="1"/>
		<b id="58" c="1 53" t="1"/>
		<b id="59" c="1 54" t="1"/>
		<b id="60" c="3 55" t="1"/>
		<b id="61" c="3 56" t="1"/>
		<b id="62" c="3 57" t="1"/>
		<b id="63" c="4 58" t="1"/>
		<b id="64" c="4 59" t="1"/>
		<b id="65" c="4 60" t="1"/>
		<b id="66" c="6 61" t="1"/>
		<b id="67" c="7 62" t="1"/>
		<b id="68" c="8 63" t="1"/>
		<b id="69" c="10 64" t="1"/>
		<b id="70" c="14 65" t="1"/>
		<b id="71" c="16 66" t="1"/>
		<b id="72" c="18 67" t="1"/>
		<b id="73" c="20 68" t="1"/>
		<b id="74" c="20 69" t="1"/>
		<b id="75" c="20 70" t="1"/>
		<b id="76" c="21 71" t="1"/>
		<b id="77" c="21 72" t="1"/>
		<b id="78" c="21 73" t="1"/>
		<b id="79" c="22 74" t="1"/>
		<b id="80" c="22 75" t="1"/>
		<b id="81" c="22 76" t="1"/>
		<b id="82" c="24 77" t="1"/>
		<b id="83" c="24 78" t="1"/>
		<b id="84" c="24 79" t="1"/>
		<b id="85" c="25 80" t="1"/>
		<b id="86" c="25 81" t="1"/>
		<b id="87" c="25 82" t="1"/>
		<b id="88" c="26 83" t="1"/>
		<b id="89" c="26 84" t="1"/>
		<b id="90" c="26 85" t="1"/>
		<b id="91" c="28 86" t="1"/>
		<b id="92" c="29 87" t="1"/>
		<b id="93" c="30 88" t="1"/>
		<b id="94" c="32 89" t="1"/>
		<b id="95" c="32 90" t="1"/>
		<b id="96" c="33 91" t="1"/>
		<b id="97" c="33 92" t="1"/>
		<b id="98" c="35 93" t="1"/>
		<b id="99" c="35 94" t="1"/>
		<b id="100" c="36 95" t="1"/>
		<b id="101" c="36 96" t="1"/>
		<b id="102" c="38 97" t="1"/>
		<b id="103" c="39 98" t="1"/>
		<b id="104" c="40 99" t="1"/>
	</bonds>
	<geometry>
		<g u="A" t="cart/3d">#99,3:-0.1348,3.2415,-1.6104;0.2035,2.4705,-2.9073;-1.0251,1.6362,-3.3350;0.4242,3.5330,-4.0088;1.4146,1.5646,-2.6127;1.3301,0.5908,-1.6005;2.4469,-0.1367,-1.1837;3.6871,0.0588,-1.7857;3.7896,0.8942,-2.8927;2.6546,1.6718,-3.2643;5.2571,0.9552,-3.9537;4.9045,1.9344,-5.0371;6.7227,1.6874,-3.1270;8.0094,1.2155,-3.4292;9.1857,1.8801,-3.0234;9.0271,3.0733,-2.2446;7.7544,3.6528,-1.9864;6.6239,2.9192,-2.4431;7.5478,5.0997,-1.4172;7.2963,6.0513,-2.6153;6.3073,5.1885,-0.4841;8.7080,5.7400,-0.6125;10.5697,1.3565,-3.5263;10.4898,0.4795,-4.8163;11.5069,2.5271,-3.8907;11.2601,0.4651,-2.4725;5.6538,-0.7271,-4.6132;5.4549,-1.8782,-3.8284;6.1035,-3.0939,-4.1045;7.0603,-3.1677,-5.1083;7.1941,-2.0777,-5.9508;7.8760,-2.0799,-7.2845;6.6636,-1.6986,-8.1172;5.8424,-0.6624,-7.2812;4.3417,-1.1087,-7.3998;3.4728,0.1132,-7.5944;4.4547,1.2246,-7.7099;4.1037,2.5682,-7.5810;5.1272,3.4769,-7.3368;6.4639,3.0793,-7.4135;6.8079,1.7551,-7.7147;5.7932,0.7966,-7.6819;8.0797,1.3492,-8.0097;9.3149,2.3836,-8.3743;9.4833,3.3179,-7.2660;10.4168,1.5444,-8.7155;8.7053,3.2598,-9.9100;7.4304,2.9521,-10.2804;8.7531,4.6198,-9.7678;9.4904,2.9793,-10.9960;6.3450,-0.9554,-5.8229;-0.9843,3.9174,-1.7541;0.7220,3.8430,-1.2829;-0.3968,2.5687,-0.7863;-1.8985,2.2799,-3.5024;-1.3181,0.8995,-2.5792;-0.8333,1.0945,-4.2683;-0.4683,4.1630,-4.1248;0.6210,3.0763,-4.9858;1.2564,4.2040,-3.7690;0.3838,0.4018,-1.0993;2.3446,-0.8581,-0.3812;4.5501,-0.4891,-1.4201;2.7617,2.3597,-4.1001;8.0822,0.3527,-4.0816;9.9146,3.5892,-1.8860;5.6305,3.3596,-2.3683;6.4194,5.7547,-3.1949;8.1582,6.0703,-3.2942;7.1237,7.0808,-2.2763;5.3718,4.9479,-0.9963;6.1773,6.2061,-0.0922;6.4098,4.5173,0.3757;9.5937,5.9264,-1.2287;8.9973,5.1404,0.2532;8.4029,6.7242,-0.2256;10.0032,1.0111,-5.6390;9.9507,-0.4607,-4.6512;11.4923,0.1912,-5.1605;11.0683,3.1447,-4.6819;12.4745,2.1639,-4.2605;11.7227,3.1718,-3.0339;10.7200,-0.4794,-2.3321;11.3413,0.9572,-1.4999;12.2760,0.1997,-2.7954;4.7624,-1.8786,-2.9981;5.8573,-3.9808,-3.5242;7.5689,-4.1052,-5.3149;8.3034,-3.0529,-7.5497;8.6555,-1.3131,-7.3303;6.0875,-2.6408,-8.2127;6.8994,-1.3900,-9.1379;4.1804,-1.7764,-8.2584;3.9941,-1.6889,-6.5333;2.8763,0.0270,-8.5131;2.8008,0.2541,-6.7417;3.0707,2.8444,-7.4203;4.8796,4.4582,-6.9408;7.2084,3.8171,-7.1214;</g>
	</geometry>
	<conformers/>
	<properties/>
</molecule>
