<?xml version="1.0" ?>
<!--MOLLI PACKAGE EXPERIMENTAL XML FORMAT-->
<molecule name="prELN032036-125">
	<atoms>
		<a id="1" s="C" t="C.3" l="C"/>
		<a id="2" s="C" t="C.3" l="C"/>
		<a id="3" s="C" t="C.3" l="C"/>
		<a id="4" s="C" t="C.3" l="C"/>
		<a id="5" s="C" t="C.ar" l="C"/>
		<a id="6" s="C" t="C.ar" l="C"/>
		<a id="7" s="C" t="C.ar" l="C"/>
		<a id="8" s="C" t="C.ar" l="C"/>
		<a id="9" s="C" t="C.ar" l="C"/>
		<a id="10" s="C" t="C.ar" l="C"/>
		<a id="11" s="P" t="P.3" l="P"/>
		<a id="12" s="O" t="O.2" l="O"/>
		<a id="13" s="C" t="C.ar" l="C"/>
		<a id="14" s="C" t="C.ar" l="C"/>
		<a id="15" s="C" t="C.ar" l="C"/>
		<a id="16" s="C" t="C.ar" l="C"/>
		<a id="17" s="C" t="C.ar" l="C"/>
		<a id="18" s="C" t="C.ar" l="C"/>
		<a id="19" s="C" t="C.3" l="C"/>
		<a id="20" s="C" t="C.3" l="C"/>
		<a id="21" s="C" t="C.3" l="C"/>
		<a id="22" s="C" t="C.3" l="C"/>
		<a id="23" s="C" t="C.3" l="C"/>
		<a id="24" s="C" t="C.3" l="C"/>
		<a id="25" s="C" t="C.3" l="C"/>
		<a id="26" s="C" t="C.3" l="C"/>
		<a id="27" s="C" t="C.ar" l="C"/>
		<a id="28" s="C" t="C.ar" l="C"/>
		<a id="29" s="C" t="C.ar" l="C"/>
		<a id="30" s="C" t="C.ar" l="C"/>
		<a id="31" s="C" t="C.ar" l="C"/>
		<a id="32" s="C" t="C.3" l="C"/>
		<a id="33" s="C" t="C.3" l="C"/>
		<a id="34" s="C" t="C.3" l="C"/>
		<a id="35" s="C" t="C.3" l="C"/>
		<a id="36" s="C" t="C.3" l="C"/>
		<a id="37" s="C" t="C.ar" l="C"/>
		<a id="38" s="C" t="C.ar" l="C"/>
		<a id="39" s="C" t="C.ar" l="C"/>
		<a id="40" s="C" t="C.ar" l="C"/>
		<a id="41" s="C" t="C.ar" l="C"/>
		<a id="42" s="C" t="C.ar" l="C"/>
		<a id="43" s="O" t="O.3" l="O"/>
		<a id="44" s="S" t="S.O2" l="S"/>
		<a id="45" s="O" t="O.2" l="O"/>
		<a id="46" s="O" t="O.2" l="O"/>
		<a id="47" s="C" t="C.3" l="C"/>
		<a id="48" s="F" t="F" l="F"/>
		<a id="49" s="F" t="F" l="F"/>
		<a id="50" s="F" t="F" l="F"/>
		<a id="51" s="C" t="C.ar" l="C"/>
		<a id="52" s="H" t="H" l="H"/>
		<a id="53" s="H" t="H" l="H"/>
		<a id="54" s="H" t="H" l="H"/>
		<a id="55" s="H" t="H" l="H"/>
		<a id="56" s="H" t="H" l="H"/>
		<a id="57" s="H" t="H" l="H"/>
		<a id="58" s="H" t="H" l="H"/>
		<a id="59" s="H" t="H" l="H"/>
		<a id="60" s="H" t="H" l="H"/>
		<a id="61" s="H" t="H" l="H"/>
		<a id="62" s="H" t="H" l="H"/>
		<a id="63" s="H" t="H" l="H"/>
		<a id="64" s="H" t="H" l="H"/>
		<a id="65" s="H" t="H" l="H"/>
		<a id="66" s="H" t="H" l="H"/>
		<a id="67" s="H" t="H" l="H"/>
		<a id="68" s="H" t="H" l="H"/>
		<a id="69" s="H" t="H" l="H"/>
		<a id="70" s="H" t="H" l="H"/>
		<a id="71" s="H" t="H" l="H"/>
		<a id="72" s="H" t="H" l="H"/>
		<a id="73" s="H" t="H" l="H"/>
		<a id="74" s="H" t="H" l="H"/>
		<a id="75" s="H" t="H" l="H"/>
		<a id="76" s="H" t="H" l="H"/>
		<a id="77" s="H" t="H" l="H"/>
		<a id="78" s="H" t="H" l="H"/>
		<a id="79" s="H" t="H" l="H"/>
		<a id="80" s="H" t="H" l="H"/>
		<a id="81" s="H" t="H" l="H"/>
		<a id="82" s="H" t="H" l="H"/>
		<a id="83" s="H" t="H" l="H"/>
		<a id="84" s="H" t="H" l="H"/>
		<a id="85" s="H" t="H" l="H"/>
		<a id="86" s="H" t="H" l="H"/>
		<a id="87" s="H" t="H" l="H"/>
		<a id="88" s="H" t="H" l="H"/>
		<a id="89" s="H" t="H" l="H"/>
		<a id="90" s="H" t="H" l="H"/>
		<a id="91" s="H" t="H" l="H"/>
		<a id="92" s="H" t="H" l="H"/>
		<a id="93" s="H" t="H" l="H"/>
		<a id="94" s="H" t="H" l="H"/>
		<a id="95" s="H" t="H" l="H"/>
		<a id="96" s="H" t="H" l="H"/>
		<a id="97" s="H" t="H" l="H"/>
		<a id="98" s="H" t="H" l="H"/>
		<a id="99" s="H" t="H" l="H"/>
	</atoms>
	<bonds>
		<b id="1" c="1 2" t="1"/>
		<b id="2" c="2 3" t="1"/>
		<b id="3" c="2 4" t="1"/>
		<b id="4" c="2 5" t="1"/>
		<b id="5" c="5 6" t="ar"/>
		<b id="6" c="6 7" t="ar"/>
		<b id="7" c="7 8" t="ar"/>
		<b id="8" c="8 9" t="ar"/>
		<b id="9" c="9 10" t="ar"/>
		<b id="10" c="5 10" t="ar"/>
		<b id="11" c="9 11" t="1"/>
		<b id="12" c="11 12" t="2"/>
		<b id="13" c="11 13" t="1"/>
		<b id="14" c="13 14" t="ar"/>
		<b id="15" c="14 15" t="ar"/>
		<b id="16" c="15 16" t="ar"/>
		<b id="17" c="16 17" t="ar"/>
		<b id="18" c="17 18" t="ar"/>
		<b id="19" c="13 18" t="ar"/>
		<b id="20" c="17 19" t="1"/>
		<b id="21" c="19 20" t="1"/>
		<b id="22" c="19 21" t="1"/>
		<b id="23" c="19 22" t="1"/>
		<b id="24" c="15 23" t="1"/>
		<b id="25" c="23 24" t="1"/>
		<b id="26" c="23 25" t="1"/>
		<b id="27" c="23 26" t="1"/>
		<b id="28" c="27 28" t="ar"/>
		<b id="29" c="28 29" t="ar"/>
		<b id="30" c="29 30" t="ar"/>
		<b id="31" c="30 31" t="ar"/>
		<b id="32" c="31 32" t="1"/>
		<b id="33" c="32 33" t="1"/>
		<b id="34" c="33 34" t="1"/>
		<b id="35" c="34 35" t="1"/>
		<b id="36" c="35 36" t="1"/>
		<b id="37" c="36 37" t="1"/>
		<b id="38" c="37 38" t="ar"/>
		<b id="39" c="38 39" t="ar"/>
		<b id="40" c="39 40" t="ar"/>
		<b id="41" c="40 41" t="ar"/>
		<b id="42" c="41 42" t="ar"/>
		<b id="43" c="34 42" t="1"/>
		<b id="44" c="37 42" t="ar"/>
		<b id="45" c="43 44" t="1"/>
		<b id="46" c="44 45" t="2"/>
		<b id="47" c="44 46" t="2"/>
		<b id="48" c="44 47" t="1"/>
		<b id="49" c="47 48" t="1"/>
		<b id="50" c="47 49" t="1"/>
		<b id="51" c="47 50" t="1"/>
		<b id="52" c="34 51" t="1"/>
		<b id="53" c="27 51" t="ar"/>
		<b id="54" c="31 51" t="ar"/>
		<b id="55" c="11 27" t="1"/>
		<b id="56" c="41 43" t="1"/>
		<b id="57" c="1 52" t="1"/>
		<b id="58" c="1 53" t="1"/>
		<b id="59" c="1 54" t="1"/>
		<b id="60" c="3 55" t="1"/>
		<b id="61" c="3 56" t="1"/>
		<b id="62" c="3 57" t="1"/>
		<b id="63" c="4 58" t="1"/>
		<b id="64" c="4 59" t="1"/>
		<b id="65" c="4 60" t="1"/>
		<b id="66" c="6 61" t="1"/>
		<b id="67" c="7 62" t="1"/>
		<b id="68" c="8 63" t="1"/>
		<b id="69" c="10 64" t="1"/>
		<b id="70" c="14 65" t="1"/>
		<b id="71" c="16 66" t="1"/>
		<b id="72" c="18 67" t="1"/>
		<b id="73" c="20 68" t="1"/>
		<b id="74" c="20 69" t="1"/>
		<b id="75" c="20 70" t="1"/>
		<b id="76" c="21 71" t="1"/>
		<b id="77" c="21 72" t="1"/>
		<b id="78" c="21 73" t="1"/>
		<b id="79" c="22 74" t="1"/>
		<b id="80" c="22 75" t="1"/>
		<b id="81" c="22 76" t="1"/>
		<b id="82" c="24 77" t="1"/>
		<b id="83" c="24 78" t="1"/>
		<b id="84" c="24 79" t="1"/>
		<b id="85" c="25 80" t="1"/>
		<b id="86" c="25 81" t="1"/>
		<b id="87" c="25 82" t="1"/>
		<b id="88" c="26 83" t="1"/>
		<b id="89" c="26 84" t="1"/>
		<b id="90" c="26 85" t="1"/>
		<b id="91" c="28 86" t="1"/>
		<b id="92" c="29 87" t="1"/>
		<b id="93" c="30 88" t="1"/>
		<b id="94" c="32 89" t="1"/>
		<b id="95" c="32 90" t="1"/>
		<b id="96" c="33 91" t="1"/>
		<b id="97" c="33 92" t="1"/>
		<b id="98" c="35 93" t="1"/>
		<b id="99" c="35 94" t="1"/>
		<b id="100" c="36 95" t="1"/>
		<b id="101" c="36 96" t="1"/>
		<b id="102" c="38 97" t="1"/>
		<b id="103" c="39 98" t="1"/>
		<b id="104" c="40 99" t="1"/>
	</bonds>
	<geometry>
		<g u="A" t="cart/3d">#99,3:2.9441,5.6060,-0.8338;2.3283,4.8774,0.3899;1.9842,5.9803,1.4178;1.0028,4.2437,-0.0856;3.2755,3.7981,0.9849;4.4737,3.4517,0.3520;5.3206,2.4546,0.8497;5.0025,1.7757,2.0207;3.8693,2.1378,2.7365;2.9851,3.1134,2.1864;3.5877,1.5138,4.4148;2.1975,1.9210,4.7974;3.6113,-0.3103,4.5271;4.8238,-0.9375,4.7769;4.9553,-2.3276,4.8662;3.7739,-3.1136,4.7679;2.4848,-2.5331,4.5971;2.4415,-1.1243,4.4877;1.1932,-3.4253,4.5119;1.4647,-4.9422,4.3550;0.3152,-3.2856,5.7798;0.3114,-3.0083,3.3105;6.3766,-2.8829,5.0875;6.8403,-2.5464,6.5221;6.4816,-4.4031,4.8887;7.3803,-2.2269,4.0970;4.9271,2.2038,5.5022;6.2586,2.3456,5.0624;7.3211,2.5664,5.9591;7.0997,2.5656,7.3323;5.7868,2.5594,7.7713;5.3194,3.0456,9.1118;4.5194,4.2442,8.6160;3.8320,3.7734,7.2988;3.9770,4.9250,6.2257;2.6868,5.7064,6.3195;1.7634,4.5440,6.4613;0.6515,4.2513,5.6991;0.0156,3.0270,5.9185;0.4410,2.1703,6.9523;1.5915,2.4646,7.6973;2.3317,3.5667,7.3012;2.0931,1.6979,8.6902;1.1962,0.7002,9.6134;1.6839,0.8602,11.0107;-0.2424,0.8891,9.4013;1.7727,-0.8728,8.9290;2.8207,-0.7058,8.0682;2.2075,-1.7486,9.8846;0.8011,-1.5246,8.2308;4.7251,2.5812,6.8398;2.2660,6.3727,-1.2282;3.1481,4.9128,-1.6590;3.8812,6.1101,-0.5686;1.3169,6.7296,0.9714;2.8834,6.5067,1.7560;1.4701,5.5858,2.2999;0.3534,4.9954,-0.5490;0.4399,3.8004,0.7430;1.1787,3.4601,-0.8310;4.7986,3.9462,-0.5599;6.2526,2.2368,0.3355;5.6795,1.0140,2.3965;2.0770,3.3514,2.7401;5.7001,-0.3147,4.9250;3.8661,-4.1908,4.8331;1.4816,-0.6199,4.3803;1.8392,-5.3930,5.2903;2.1883,-5.1632,3.5603;0.5425,-5.4960,4.1031;0.8382,-3.6417,6.6736;-0.5991,-3.8900,5.6838;0.0001,-2.2569,5.9530;0.8823,-2.9919,2.3755;-0.1378,-2.0178,3.4568;-0.5283,-3.7054,3.1729;6.1907,-3.0048,7.2723;6.8487,-1.4648,6.7097;7.8620,-2.9033,6.6947;5.8519,-4.9491,5.5989;7.5116,-4.7473,5.0436;6.1868,-4.6937,3.8724;7.4895,-1.1458,4.2581;7.0720,-2.3716,3.0567;8.3862,-2.6488,4.2176;6.5087,2.3244,4.0086;8.3223,2.7565,5.5766;7.9195,2.7471,8.0217;6.1381,3.3105,9.7866;4.6755,2.3012,9.5923;5.2619,5.0307,8.3928;3.8437,4.6614,9.3642;4.0361,4.5282,5.2022;4.8668,5.5497,6.3533;2.4917,6.3415,5.4531;2.6646,6.3171,7.2350;0.4031,4.8526,4.8310;-0.7082,2.6607,5.1915;-0.0557,1.2076,7.0295;</g>
	</geometry>
	<conformers/>
	<properties/>
</molecule>
