<?xml version="1.0" ?>
<!--MOLLI PACKAGE EXPERIMENTAL XML FORMAT-->
<molecule name="prELN032036-125">
	<atoms>
		<a id="1" s="N" t="N.am" l="N"/>
		<a id="2" s="C" t="C.2" l="C"/>
		<a id="3" s="C" t="C.ar" l="C"/>
		<a id="4" s="C" t="C.ar" l="C"/>
		<a id="5" s="C" t="C.ar" l="C"/>
		<a id="6" s="C" t="C.ar" l="C"/>
		<a id="7" s="C" t="C.ar" l="C"/>
		<a id="8" s="N" t="N.ar" l="N"/>
		<a id="9" s="O" t="O.2" l="O"/>
		<a id="10" s="H" t="H" l="H"/>
		<a id="11" s="H" t="H" l="H"/>
		<a id="12" s="H" t="H" l="H"/>
		<a id="13" s="H" t="H" l="H"/>
		<a id="14" s="H" t="H" l="H"/>
		<a id="15" s="H" t="H" l="H"/>
	</atoms>
	<bonds>
		<b id="1" c="1 2" t="am"/>
		<b id="2" c="2 3" t="1"/>
		<b id="3" c="3 4" t="ar"/>
		<b id="4" c="4 5" t="ar"/>
		<b id="5" c="5 6" t="ar"/>
		<b id="6" c="6 7" t="ar"/>
		<b id="7" c="7 8" t="ar"/>
		<b id="8" c="3 8" t="ar"/>
		<b id="9" c="2 9" t="2"/>
		<b id="10" c="1 10" t="1"/>
		<b id="11" c="1 11" t="1"/>
		<b id="12" c="4 12" t="1"/>
		<b id="13" c="5 13" t="1"/>
		<b id="14" c="6 14" t="1"/>
		<b id="15" c="7 15" t="1"/>
	</bonds>
	<geometry>
		<g u="A" t="cart/3d">#15,3:2.8787,1.2300,-0.3847;2.3799,-0.0134,-0.1069;3.1850,-0.8450,0.8426;2.7738,-2.1416,1.1305;3.5466,-2.8980,2.0053;4.6915,-2.3357,2.5612;5.0226,-1.0320,2.2185;4.3026,-0.2676,1.3677;1.3434,-0.4166,-0.6238;3.7844,1.4986,-0.0149;2.4133,1.8047,-1.0706;1.8752,-2.5522,0.6801;3.2582,-3.9170,2.2497;5.3129,-2.9019,3.2469;5.9071,-0.5571,2.6351;</g>
	</geometry>
	<conformers/>
	<properties/>
</molecule>
