<?xml version="1.0" ?>
<!--MOLLI PACKAGE EXPERIMENTAL XML FORMAT-->
<molecule name="prELN032036-126">
	<atoms>
		<a id="1" s="C" t="C.3" l="C"/>
		<a id="2" s="C" t="C.3" l="C"/>
		<a id="3" s="C" t="C.3" l="C"/>
		<a id="4" s="C" t="C.3" l="C"/>
		<a id="5" s="C" t="C.ar" l="C"/>
		<a id="6" s="C" t="C.ar" l="C"/>
		<a id="7" s="C" t="C.ar" l="C"/>
		<a id="8" s="C" t="C.ar" l="C"/>
		<a id="9" s="C" t="C.ar" l="C"/>
		<a id="10" s="C" t="C.ar" l="C"/>
		<a id="11" s="C" t="C.3" l="C"/>
		<a id="12" s="C" t="C.3" l="C"/>
		<a id="13" s="C" t="C.3" l="C"/>
		<a id="14" s="C" t="C.3" l="C"/>
		<a id="15" s="P" t="P.3" l="P"/>
		<a id="16" s="C" t="C.ar" l="C"/>
		<a id="17" s="C" t="C.ar" l="C"/>
		<a id="18" s="C" t="C.ar" l="C"/>
		<a id="19" s="C" t="C.ar" l="C"/>
		<a id="20" s="C" t="C.ar" l="C"/>
		<a id="21" s="C" t="C.ar" l="C"/>
		<a id="22" s="C" t="C.3" l="C"/>
		<a id="23" s="C" t="C.3" l="C"/>
		<a id="24" s="C" t="C.3" l="C"/>
		<a id="25" s="C" t="C.3" l="C"/>
		<a id="26" s="C" t="C.3" l="C"/>
		<a id="27" s="C" t="C.3" l="C"/>
		<a id="28" s="C" t="C.3" l="C"/>
		<a id="29" s="C" t="C.3" l="C"/>
		<a id="30" s="C" t="C.ar" l="C"/>
		<a id="31" s="C" t="C.ar" l="C"/>
		<a id="32" s="C" t="C.ar" l="C"/>
		<a id="33" s="C" t="C.ar" l="C"/>
		<a id="34" s="C" t="C.ar" l="C"/>
		<a id="35" s="C" t="C.3" l="C"/>
		<a id="36" s="C" t="C.3" l="C"/>
		<a id="37" s="C" t="C.3" l="C"/>
		<a id="38" s="C" t="C.3" l="C"/>
		<a id="39" s="C" t="C.3" l="C"/>
		<a id="40" s="C" t="C.ar" l="C"/>
		<a id="41" s="C" t="C.ar" l="C"/>
		<a id="42" s="C" t="C.ar" l="C"/>
		<a id="43" s="C" t="C.ar" l="C"/>
		<a id="44" s="C" t="C.ar" l="C"/>
		<a id="45" s="C" t="C.ar" l="C"/>
		<a id="46" s="O" t="O.3" l="O"/>
		<a id="47" s="S" t="S.O2" l="S"/>
		<a id="48" s="O" t="O.2" l="O"/>
		<a id="49" s="O" t="O.2" l="O"/>
		<a id="50" s="C" t="C.3" l="C"/>
		<a id="51" s="F" t="F" l="F"/>
		<a id="52" s="F" t="F" l="F"/>
		<a id="53" s="F" t="F" l="F"/>
		<a id="54" s="C" t="C.ar" l="C"/>
		<a id="55" s="H" t="H" l="H"/>
		<a id="56" s="H" t="H" l="H"/>
		<a id="57" s="H" t="H" l="H"/>
		<a id="58" s="H" t="H" l="H"/>
		<a id="59" s="H" t="H" l="H"/>
		<a id="60" s="H" t="H" l="H"/>
		<a id="61" s="H" t="H" l="H"/>
		<a id="62" s="H" t="H" l="H"/>
		<a id="63" s="H" t="H" l="H"/>
		<a id="64" s="H" t="H" l="H"/>
		<a id="65" s="H" t="H" l="H"/>
		<a id="66" s="H" t="H" l="H"/>
		<a id="67" s="H" t="H" l="H"/>
		<a id="68" s="H" t="H" l="H"/>
		<a id="69" s="H" t="H" l="H"/>
		<a id="70" s="H" t="H" l="H"/>
		<a id="71" s="H" t="H" l="H"/>
		<a id="72" s="H" t="H" l="H"/>
		<a id="73" s="H" t="H" l="H"/>
		<a id="74" s="H" t="H" l="H"/>
		<a id="75" s="H" t="H" l="H"/>
		<a id="76" s="H" t="H" l="H"/>
		<a id="77" s="H" t="H" l="H"/>
		<a id="78" s="H" t="H" l="H"/>
		<a id="79" s="H" t="H" l="H"/>
		<a id="80" s="H" t="H" l="H"/>
		<a id="81" s="H" t="H" l="H"/>
		<a id="82" s="H" t="H" l="H"/>
		<a id="83" s="H" t="H" l="H"/>
		<a id="84" s="H" t="H" l="H"/>
		<a id="85" s="H" t="H" l="H"/>
		<a id="86" s="H" t="H" l="H"/>
		<a id="87" s="H" t="H" l="H"/>
		<a id="88" s="H" t="H" l="H"/>
		<a id="89" s="H" t="H" l="H"/>
		<a id="90" s="H" t="H" l="H"/>
		<a id="91" s="H" t="H" l="H"/>
		<a id="92" s="H" t="H" l="H"/>
		<a id="93" s="H" t="H" l="H"/>
		<a id="94" s="H" t="H" l="H"/>
		<a id="95" s="H" t="H" l="H"/>
		<a id="96" s="H" t="H" l="H"/>
		<a id="97" s="H" t="H" l="H"/>
		<a id="98" s="H" t="H" l="H"/>
		<a id="99" s="H" t="H" l="H"/>
		<a id="100" s="H" t="H" l="H"/>
		<a id="101" s="H" t="H" l="H"/>
		<a id="102" s="H" t="H" l="H"/>
		<a id="103" s="H" t="H" l="H"/>
		<a id="104" s="H" t="H" l="H"/>
		<a id="105" s="H" t="H" l="H"/>
		<a id="106" s="H" t="H" l="H"/>
		<a id="107" s="H" t="H" l="H"/>
		<a id="108" s="H" t="H" l="H"/>
		<a id="109" s="H" t="H" l="H"/>
		<a id="110" s="H" t="H" l="H"/>
	</atoms>
	<bonds>
		<b id="1" c="1 2" t="1"/>
		<b id="2" c="2 3" t="1"/>
		<b id="3" c="2 4" t="1"/>
		<b id="4" c="2 5" t="1"/>
		<b id="5" c="5 6" t="ar"/>
		<b id="6" c="6 7" t="ar"/>
		<b id="7" c="7 8" t="ar"/>
		<b id="8" c="8 9" t="ar"/>
		<b id="9" c="9 10" t="ar"/>
		<b id="10" c="5 10" t="ar"/>
		<b id="11" c="9 11" t="1"/>
		<b id="12" c="11 12" t="1"/>
		<b id="13" c="11 13" t="1"/>
		<b id="14" c="11 14" t="1"/>
		<b id="15" c="7 15" t="1"/>
		<b id="16" c="15 16" t="1"/>
		<b id="17" c="16 17" t="ar"/>
		<b id="18" c="17 18" t="ar"/>
		<b id="19" c="18 19" t="ar"/>
		<b id="20" c="19 20" t="ar"/>
		<b id="21" c="20 21" t="ar"/>
		<b id="22" c="16 21" t="ar"/>
		<b id="23" c="20 22" t="1"/>
		<b id="24" c="22 23" t="1"/>
		<b id="25" c="22 24" t="1"/>
		<b id="26" c="22 25" t="1"/>
		<b id="27" c="18 26" t="1"/>
		<b id="28" c="26 27" t="1"/>
		<b id="29" c="26 28" t="1"/>
		<b id="30" c="26 29" t="1"/>
		<b id="31" c="30 31" t="ar"/>
		<b id="32" c="31 32" t="ar"/>
		<b id="33" c="32 33" t="ar"/>
		<b id="34" c="33 34" t="ar"/>
		<b id="35" c="34 35" t="1"/>
		<b id="36" c="35 36" t="1"/>
		<b id="37" c="36 37" t="1"/>
		<b id="38" c="37 38" t="1"/>
		<b id="39" c="38 39" t="1"/>
		<b id="40" c="39 40" t="1"/>
		<b id="41" c="40 41" t="ar"/>
		<b id="42" c="41 42" t="ar"/>
		<b id="43" c="42 43" t="ar"/>
		<b id="44" c="43 44" t="ar"/>
		<b id="45" c="44 45" t="ar"/>
		<b id="46" c="37 45" t="1"/>
		<b id="47" c="40 45" t="ar"/>
		<b id="48" c="46 47" t="1"/>
		<b id="49" c="47 48" t="2"/>
		<b id="50" c="47 49" t="2"/>
		<b id="51" c="47 50" t="1"/>
		<b id="52" c="50 51" t="1"/>
		<b id="53" c="50 52" t="1"/>
		<b id="54" c="50 53" t="1"/>
		<b id="55" c="37 54" t="1"/>
		<b id="56" c="30 54" t="ar"/>
		<b id="57" c="34 54" t="ar"/>
		<b id="58" c="15 30" t="1"/>
		<b id="59" c="44 46" t="1"/>
		<b id="60" c="1 55" t="1"/>
		<b id="61" c="1 56" t="1"/>
		<b id="62" c="1 57" t="1"/>
		<b id="63" c="3 58" t="1"/>
		<b id="64" c="3 59" t="1"/>
		<b id="65" c="3 60" t="1"/>
		<b id="66" c="4 61" t="1"/>
		<b id="67" c="4 62" t="1"/>
		<b id="68" c="4 63" t="1"/>
		<b id="69" c="6 64" t="1"/>
		<b id="70" c="8 65" t="1"/>
		<b id="71" c="10 66" t="1"/>
		<b id="72" c="12 67" t="1"/>
		<b id="73" c="12 68" t="1"/>
		<b id="74" c="12 69" t="1"/>
		<b id="75" c="13 70" t="1"/>
		<b id="76" c="13 71" t="1"/>
		<b id="77" c="13 72" t="1"/>
		<b id="78" c="14 73" t="1"/>
		<b id="79" c="14 74" t="1"/>
		<b id="80" c="14 75" t="1"/>
		<b id="81" c="17 76" t="1"/>
		<b id="82" c="19 77" t="1"/>
		<b id="83" c="21 78" t="1"/>
		<b id="84" c="23 79" t="1"/>
		<b id="85" c="23 80" t="1"/>
		<b id="86" c="23 81" t="1"/>
		<b id="87" c="24 82" t="1"/>
		<b id="88" c="24 83" t="1"/>
		<b id="89" c="24 84" t="1"/>
		<b id="90" c="25 85" t="1"/>
		<b id="91" c="25 86" t="1"/>
		<b id="92" c="25 87" t="1"/>
		<b id="93" c="27 88" t="1"/>
		<b id="94" c="27 89" t="1"/>
		<b id="95" c="27 90" t="1"/>
		<b id="96" c="28 91" t="1"/>
		<b id="97" c="28 92" t="1"/>
		<b id="98" c="28 93" t="1"/>
		<b id="99" c="29 94" t="1"/>
		<b id="100" c="29 95" t="1"/>
		<b id="101" c="29 96" t="1"/>
		<b id="102" c="31 97" t="1"/>
		<b id="103" c="32 98" t="1"/>
		<b id="104" c="33 99" t="1"/>
		<b id="105" c="35 100" t="1"/>
		<b id="106" c="35 101" t="1"/>
		<b id="107" c="36 102" t="1"/>
		<b id="108" c="36 103" t="1"/>
		<b id="109" c="38 104" t="1"/>
		<b id="110" c="38 105" t="1"/>
		<b id="111" c="39 106" t="1"/>
		<b id="112" c="39 107" t="1"/>
		<b id="113" c="41 108" t="1"/>
		<b id="114" c="42 109" t="1"/>
		<b id="115" c="43 110" t="1"/>
	</bonds>
	<geometry>
		<g u="A" t="cart/3d">#110,3:1.6824,0.6278,4.9068;3.2075,0.6129,4.6496;3.9012,1.4836,5.7238;3.6928,-0.8387,4.8283;3.5368,1.1954,3.2636;3.0692,2.4806,2.9618;3.4227,3.1627,1.8054;4.1863,2.4892,0.8605;4.7066,1.2015,1.0921;4.3560,0.5859,2.3171;5.7638,0.5977,0.1635;7.1230,1.0796,0.7111;5.7320,-0.9450,0.1435;5.6493,1.0575,-1.3099;2.9353,4.8563,1.4683;4.4011,5.8411,1.8344;5.3821,5.9443,0.8311;6.4135,6.8863,0.8836;6.4745,7.7163,2.0208;5.5252,7.6452,3.0578;4.5167,6.6717,2.9502;5.4350,8.7002,4.1784;4.3607,9.7257,3.7526;5.0168,8.0859,5.5355;6.7578,9.4570,4.4182;7.3798,7.1018,-0.2986;7.1255,6.1567,-1.4962;7.2162,8.5461,-0.8251;8.8387,6.8851,0.1494;1.6039,5.3575,2.5691;1.5469,5.1326,3.9504;0.3435,5.2306,4.6633;-0.8465,5.5310,4.0031;-0.7682,5.9098,2.6772;-1.8329,6.4922,1.8050;-1.0264,7.6196,1.1626;0.4043,7.0591,0.9555;1.4348,8.1739,1.3900;1.8040,8.9039,0.1194;1.9047,7.6996,-0.7605;2.9424,7.3947,-1.6214;2.9369,6.1496,-2.2356;1.8264,5.3097,-2.1033;0.7459,5.6559,-1.2743;0.8967,6.7615,-0.4502;-0.4362,4.9604,-1.3359;-1.0087,4.6013,-2.8488;-0.9355,5.8026,-3.6770;-0.3546,3.3825,-3.3087;-2.7598,4.2511,-2.4486;-3.0719,4.5071,-1.1494;-3.6248,4.9954,-3.2036;-3.0955,2.9478,-2.6800;0.4662,5.9541,2.0165;1.4430,0.1756,5.8763;1.1439,0.0709,4.1316;1.2663,1.6409,4.9290;3.7603,1.0641,6.7261;3.5050,2.5064,5.7479;4.9797,1.5591,5.5391;3.4579,-1.2079,5.8333;4.7766,-0.9212,4.7026;3.2092,-1.5079,4.1087;2.4320,2.9472,3.6888;4.4348,3.0036,-0.0694;4.7801,-0.3915,2.5455;7.2745,0.7541,1.7463;7.1829,2.1766,0.7071;7.9554,0.6989,0.1127;5.9600,-1.3837,1.1199;6.4774,-1.3455,-0.5531;4.7483,-1.3145,-0.1708;5.7865,2.1377,-1.4277;4.6777,0.7893,-1.7398;6.4271,0.5872,-1.9251;5.2678,5.3192,-0.0493;7.2502,8.4766,2.0587;3.7472,6.6380,3.7069;3.3668,9.2677,3.6900;4.5835,10.1522,2.7670;4.2943,10.5527,4.4683;3.9999,7.6795,5.5193;5.0250,8.8434,6.3285;5.6947,7.2784,5.8334;7.0557,10.0508,3.5475;7.5739,8.7667,4.6592;6.6598,10.1612,5.2536;6.1218,6.2970,-1.9120;7.2331,5.1039,-1.2112;7.8349,6.3462,-2.3102;6.1851,8.7316,-1.1503;7.8735,8.7333,-1.6817;7.4579,9.2977,-0.0658;8.9897,5.8657,0.5220;9.1376,7.5775,0.9430;9.5312,7.0376,-0.6886;2.4465,4.8559,4.5002;0.3430,5.0506,5.7356;-1.7830,5.5764,4.5473;-2.6960,6.8553,2.3707;-2.1569,5.7636,1.0544;-0.9965,8.4311,1.9120;-1.4843,8.0374,0.2679;2.3628,7.7389,1.7707;1.0883,8.8311,2.1923;2.7351,9.4690,0.2026;0.9911,9.5616,-0.2082;3.7946,8.0587,-1.7200;3.7889,5.8266,-2.8261;1.8336,4.3689,-2.6484;</g>
	</geometry>
	<conformers/>
	<properties/>
</molecule>
