<?xml version="1.0" ?>
<!--MOLLI PACKAGE EXPERIMENTAL XML FORMAT-->
<molecule name="prELN032036-127">
	<atoms>
		<a id="1" s="C" t="C.3" l="C"/>
		<a id="2" s="C" t="C.3" l="C"/>
		<a id="3" s="C" t="C.3" l="C"/>
		<a id="4" s="C" t="C.3" l="C"/>
		<a id="5" s="C" t="C.ar" l="C"/>
		<a id="6" s="C" t="C.ar" l="C"/>
		<a id="7" s="C" t="C.ar" l="C"/>
		<a id="8" s="C" t="C.ar" l="C"/>
		<a id="9" s="C" t="C.ar" l="C"/>
		<a id="10" s="C" t="C.ar" l="C"/>
		<a id="11" s="C" t="C.3" l="C"/>
		<a id="12" s="C" t="C.3" l="C"/>
		<a id="13" s="C" t="C.3" l="C"/>
		<a id="14" s="C" t="C.3" l="C"/>
		<a id="15" s="P" t="P.3" l="P"/>
		<a id="16" s="C" t="C.ar" l="C"/>
		<a id="17" s="C" t="C.ar" l="C"/>
		<a id="18" s="C" t="C.ar" l="C"/>
		<a id="19" s="C" t="C.ar" l="C"/>
		<a id="20" s="C" t="C.ar" l="C"/>
		<a id="21" s="C" t="C.ar" l="C"/>
		<a id="22" s="C" t="C.3" l="C"/>
		<a id="23" s="C" t="C.3" l="C"/>
		<a id="24" s="C" t="C.3" l="C"/>
		<a id="25" s="C" t="C.3" l="C"/>
		<a id="26" s="C" t="C.3" l="C"/>
		<a id="27" s="C" t="C.3" l="C"/>
		<a id="28" s="C" t="C.3" l="C"/>
		<a id="29" s="C" t="C.3" l="C"/>
		<a id="30" s="C" t="C.ar" l="C"/>
		<a id="31" s="C" t="C.ar" l="C"/>
		<a id="32" s="C" t="C.ar" l="C"/>
		<a id="33" s="C" t="C.ar" l="C"/>
		<a id="34" s="C" t="C.ar" l="C"/>
		<a id="35" s="C" t="C.3" l="C"/>
		<a id="36" s="C" t="C.3" l="C"/>
		<a id="37" s="C" t="C.3" l="C"/>
		<a id="38" s="C" t="C.3" l="C"/>
		<a id="39" s="C" t="C.3" l="C"/>
		<a id="40" s="C" t="C.ar" l="C"/>
		<a id="41" s="C" t="C.ar" l="C"/>
		<a id="42" s="C" t="C.ar" l="C"/>
		<a id="43" s="C" t="C.ar" l="C"/>
		<a id="44" s="C" t="C.ar" l="C"/>
		<a id="45" s="C" t="C.ar" l="C"/>
		<a id="46" s="O" t="O.3" l="O"/>
		<a id="47" s="S" t="S.O2" l="S"/>
		<a id="48" s="O" t="O.2" l="O"/>
		<a id="49" s="O" t="O.2" l="O"/>
		<a id="50" s="C" t="C.3" l="C"/>
		<a id="51" s="F" t="F" l="F"/>
		<a id="52" s="F" t="F" l="F"/>
		<a id="53" s="F" t="F" l="F"/>
		<a id="54" s="C" t="C.ar" l="C"/>
		<a id="55" s="H" t="H" l="H"/>
		<a id="56" s="H" t="H" l="H"/>
		<a id="57" s="H" t="H" l="H"/>
		<a id="58" s="H" t="H" l="H"/>
		<a id="59" s="H" t="H" l="H"/>
		<a id="60" s="H" t="H" l="H"/>
		<a id="61" s="H" t="H" l="H"/>
		<a id="62" s="H" t="H" l="H"/>
		<a id="63" s="H" t="H" l="H"/>
		<a id="64" s="H" t="H" l="H"/>
		<a id="65" s="H" t="H" l="H"/>
		<a id="66" s="H" t="H" l="H"/>
		<a id="67" s="H" t="H" l="H"/>
		<a id="68" s="H" t="H" l="H"/>
		<a id="69" s="H" t="H" l="H"/>
		<a id="70" s="H" t="H" l="H"/>
		<a id="71" s="H" t="H" l="H"/>
		<a id="72" s="H" t="H" l="H"/>
		<a id="73" s="H" t="H" l="H"/>
		<a id="74" s="H" t="H" l="H"/>
		<a id="75" s="H" t="H" l="H"/>
		<a id="76" s="H" t="H" l="H"/>
		<a id="77" s="H" t="H" l="H"/>
		<a id="78" s="H" t="H" l="H"/>
		<a id="79" s="H" t="H" l="H"/>
		<a id="80" s="H" t="H" l="H"/>
		<a id="81" s="H" t="H" l="H"/>
		<a id="82" s="H" t="H" l="H"/>
		<a id="83" s="H" t="H" l="H"/>
		<a id="84" s="H" t="H" l="H"/>
		<a id="85" s="H" t="H" l="H"/>
		<a id="86" s="H" t="H" l="H"/>
		<a id="87" s="H" t="H" l="H"/>
		<a id="88" s="H" t="H" l="H"/>
		<a id="89" s="H" t="H" l="H"/>
		<a id="90" s="H" t="H" l="H"/>
		<a id="91" s="H" t="H" l="H"/>
		<a id="92" s="H" t="H" l="H"/>
		<a id="93" s="H" t="H" l="H"/>
		<a id="94" s="H" t="H" l="H"/>
		<a id="95" s="H" t="H" l="H"/>
		<a id="96" s="H" t="H" l="H"/>
		<a id="97" s="H" t="H" l="H"/>
		<a id="98" s="H" t="H" l="H"/>
		<a id="99" s="H" t="H" l="H"/>
		<a id="100" s="H" t="H" l="H"/>
		<a id="101" s="H" t="H" l="H"/>
		<a id="102" s="H" t="H" l="H"/>
		<a id="103" s="H" t="H" l="H"/>
		<a id="104" s="H" t="H" l="H"/>
		<a id="105" s="H" t="H" l="H"/>
		<a id="106" s="H" t="H" l="H"/>
		<a id="107" s="H" t="H" l="H"/>
		<a id="108" s="H" t="H" l="H"/>
		<a id="109" s="H" t="H" l="H"/>
		<a id="110" s="H" t="H" l="H"/>
	</atoms>
	<bonds>
		<b id="1" c="1 2" t="1"/>
		<b id="2" c="2 3" t="1"/>
		<b id="3" c="2 4" t="1"/>
		<b id="4" c="2 5" t="1"/>
		<b id="5" c="5 6" t="ar"/>
		<b id="6" c="6 7" t="ar"/>
		<b id="7" c="7 8" t="ar"/>
		<b id="8" c="8 9" t="ar"/>
		<b id="9" c="9 10" t="ar"/>
		<b id="10" c="5 10" t="ar"/>
		<b id="11" c="9 11" t="1"/>
		<b id="12" c="11 12" t="1"/>
		<b id="13" c="11 13" t="1"/>
		<b id="14" c="11 14" t="1"/>
		<b id="15" c="7 15" t="1"/>
		<b id="16" c="15 16" t="1"/>
		<b id="17" c="16 17" t="ar"/>
		<b id="18" c="17 18" t="ar"/>
		<b id="19" c="18 19" t="ar"/>
		<b id="20" c="19 20" t="ar"/>
		<b id="21" c="20 21" t="ar"/>
		<b id="22" c="16 21" t="ar"/>
		<b id="23" c="20 22" t="1"/>
		<b id="24" c="22 23" t="1"/>
		<b id="25" c="22 24" t="1"/>
		<b id="26" c="22 25" t="1"/>
		<b id="27" c="18 26" t="1"/>
		<b id="28" c="26 27" t="1"/>
		<b id="29" c="26 28" t="1"/>
		<b id="30" c="26 29" t="1"/>
		<b id="31" c="30 31" t="ar"/>
		<b id="32" c="31 32" t="ar"/>
		<b id="33" c="32 33" t="ar"/>
		<b id="34" c="33 34" t="ar"/>
		<b id="35" c="34 35" t="1"/>
		<b id="36" c="35 36" t="1"/>
		<b id="37" c="36 37" t="1"/>
		<b id="38" c="37 38" t="1"/>
		<b id="39" c="38 39" t="1"/>
		<b id="40" c="39 40" t="1"/>
		<b id="41" c="40 41" t="ar"/>
		<b id="42" c="41 42" t="ar"/>
		<b id="43" c="42 43" t="ar"/>
		<b id="44" c="43 44" t="ar"/>
		<b id="45" c="44 45" t="ar"/>
		<b id="46" c="37 45" t="1"/>
		<b id="47" c="40 45" t="ar"/>
		<b id="48" c="46 47" t="1"/>
		<b id="49" c="47 48" t="2"/>
		<b id="50" c="47 49" t="2"/>
		<b id="51" c="47 50" t="1"/>
		<b id="52" c="50 51" t="1"/>
		<b id="53" c="50 52" t="1"/>
		<b id="54" c="50 53" t="1"/>
		<b id="55" c="37 54" t="1"/>
		<b id="56" c="30 54" t="ar"/>
		<b id="57" c="34 54" t="ar"/>
		<b id="58" c="15 30" t="1"/>
		<b id="59" c="44 46" t="1"/>
		<b id="60" c="1 55" t="1"/>
		<b id="61" c="1 56" t="1"/>
		<b id="62" c="1 57" t="1"/>
		<b id="63" c="3 58" t="1"/>
		<b id="64" c="3 59" t="1"/>
		<b id="65" c="3 60" t="1"/>
		<b id="66" c="4 61" t="1"/>
		<b id="67" c="4 62" t="1"/>
		<b id="68" c="4 63" t="1"/>
		<b id="69" c="6 64" t="1"/>
		<b id="70" c="8 65" t="1"/>
		<b id="71" c="10 66" t="1"/>
		<b id="72" c="12 67" t="1"/>
		<b id="73" c="12 68" t="1"/>
		<b id="74" c="12 69" t="1"/>
		<b id="75" c="13 70" t="1"/>
		<b id="76" c="13 71" t="1"/>
		<b id="77" c="13 72" t="1"/>
		<b id="78" c="14 73" t="1"/>
		<b id="79" c="14 74" t="1"/>
		<b id="80" c="14 75" t="1"/>
		<b id="81" c="17 76" t="1"/>
		<b id="82" c="19 77" t="1"/>
		<b id="83" c="21 78" t="1"/>
		<b id="84" c="23 79" t="1"/>
		<b id="85" c="23 80" t="1"/>
		<b id="86" c="23 81" t="1"/>
		<b id="87" c="24 82" t="1"/>
		<b id="88" c="24 83" t="1"/>
		<b id="89" c="24 84" t="1"/>
		<b id="90" c="25 85" t="1"/>
		<b id="91" c="25 86" t="1"/>
		<b id="92" c="25 87" t="1"/>
		<b id="93" c="27 88" t="1"/>
		<b id="94" c="27 89" t="1"/>
		<b id="95" c="27 90" t="1"/>
		<b id="96" c="28 91" t="1"/>
		<b id="97" c="28 92" t="1"/>
		<b id="98" c="28 93" t="1"/>
		<b id="99" c="29 94" t="1"/>
		<b id="100" c="29 95" t="1"/>
		<b id="101" c="29 96" t="1"/>
		<b id="102" c="31 97" t="1"/>
		<b id="103" c="32 98" t="1"/>
		<b id="104" c="33 99" t="1"/>
		<b id="105" c="35 100" t="1"/>
		<b id="106" c="35 101" t="1"/>
		<b id="107" c="36 102" t="1"/>
		<b id="108" c="36 103" t="1"/>
		<b id="109" c="38 104" t="1"/>
		<b id="110" c="38 105" t="1"/>
		<b id="111" c="39 106" t="1"/>
		<b id="112" c="39 107" t="1"/>
		<b id="113" c="41 108" t="1"/>
		<b id="114" c="42 109" t="1"/>
		<b id="115" c="43 110" t="1"/>
	</bonds>
	<geometry>
		<g u="A" t="cart/3d">#110,3:1.6150,-1.6528,4.6452;3.1365,-1.6665,4.3628;3.8897,-1.5384,5.7114;3.4824,-3.0404,3.7604;3.5312,-0.4906,3.4605;3.2121,0.7992,3.8909;3.6068,1.9424,3.2114;4.2745,1.7837,1.9968;4.6579,0.5268,1.5195;4.2694,-0.6032,2.2722;5.6352,0.4314,0.3383;7.0489,0.4940,0.9540;5.4638,-0.8759,-0.4574;5.5112,1.5902,-0.6830;3.3308,3.5987,3.7772;4.8886,4.1761,4.4773;5.8599,4.6889,3.5935;6.9173,5.5028,4.0282;7.0113,5.7360,5.4163;6.0978,5.1960,6.3449;5.0663,4.3861,5.8452;6.0876,5.6145,7.8274;5.0536,6.7508,7.9936;5.6841,4.4497,8.7612;7.4543,6.1346,8.3163;7.8705,6.2260,3.0507;7.5928,5.9283,1.5604;7.7570,7.7588,3.2398;9.3314,5.8149,3.3098;2.0157,3.6613,4.9907;1.8764,2.8081,6.0926;0.6820,2.7349,6.8246;-0.4173,3.5064,6.4607;-0.2457,4.4575,5.4700;-1.1860,5.5458,5.0557;-0.1937,6.6948,4.8802;1.1325,6.0656,4.3735;2.2683,6.6699,5.3024;2.8539,7.8344,4.5513;2.8271,7.2210,3.1911;3.8881,7.2800,2.3040;3.8474,6.4889,1.1774;2.6984,5.7688,0.8912;1.5527,5.8079,1.7144;1.6982,6.3855,2.9826;0.3542,5.3384,1.1889;0.1299,5.5588,-0.4657;0.3198,6.9773,-0.7585;0.9127,4.5671,-1.1682;-1.6276,5.1381,-0.6703;-2.2720,4.8860,0.4953;-2.3280,6.1405,-1.2946;-1.7988,4.0339,-1.4568;0.9901,4.6044,4.8234;1.3248,-2.4915,5.2887;1.0409,-1.7261,3.7144;1.2868,-0.7422,5.1579;3.6915,-2.3984,6.3612;3.5897,-0.6441,6.2691;4.9733,-1.4760,5.5563;3.2098,-3.8518,4.4452;4.5555,-3.1361,3.5612;2.9431,-3.2062,2.8208;2.6594,0.8890,4.8110;4.5415,2.6794,1.4429;4.5889,-1.5858,1.9458;7.2121,-0.3210,1.6690;7.2005,1.4348,1.5002;7.8254,0.4302,0.1855;5.6804,-1.7638,0.1441;6.1456,-0.9081,-1.3144;4.4401,-0.9678,-0.8395;5.7446,2.5678,-0.2462;4.5031,1.6425,-1.1095;6.2188,1.4576,-1.5104;5.7155,4.5182,2.5297;7.7928,6.4038,5.7654;4.3121,4.0143,6.5288;4.0339,6.4006,7.7958;5.2531,7.5805,7.3046;5.0663,7.1534,9.0127;4.6450,4.1343,8.6141;5.7640,4.7431,9.8145;6.3246,3.5749,8.6042;7.7439,7.0631,7.8119;8.2432,5.3928,8.1497;7.4288,6.3614,9.3885;6.6127,6.2953,1.2640;7.6384,4.8561,1.3385;8.3174,6.4284,0.9069;6.7430,8.1163,3.0554;8.4170,8.2954,2.5484;8.0243,8.0762,4.2530;9.4688,4.7383,3.1669;9.6577,6.0694,4.3220;10.0051,6.3318,2.6141;2.7080,2.1812,6.4107;0.6189,2.0647,7.6777;-1.3477,3.4357,7.0165;-1.9370,5.7605,5.8212;-1.6740,5.2996,4.1080;-0.0509,7.1022,5.8958;-0.5662,7.5243,4.2776;3.0804,5.9616,5.4578;1.9530,6.9270,6.3187;3.8630,8.0784,4.8958;2.2121,8.7181,4.5988;4.7846,7.8242,2.5603;4.6939,6.4087,0.5065;2.7443,5.1660,-0.0100;</g>
	</geometry>
	<conformers/>
	<properties/>
</molecule>
