<?xml version="1.0" ?>
<!--MOLLI PACKAGE EXPERIMENTAL XML FORMAT-->
<molecule name="prELN032036-011">
	<atoms>
		<a id="1" s="Cl" t="Cl" l="CL"/>
		<a id="2" s="C" t="C.ar" l="C"/>
		<a id="3" s="C" t="C.ar" l="C"/>
		<a id="4" s="C" t="C.ar" l="C"/>
		<a id="5" s="C" t="C.ar" l="C"/>
		<a id="6" s="C" t="C.ar" l="C"/>
		<a id="7" s="N" t="N.ar" l="N"/>
		<a id="8" s="C" t="C.1" l="C"/>
		<a id="9" s="N" t="N.1" l="N"/>
		<a id="10" s="H" t="H" l="H"/>
		<a id="11" s="H" t="H" l="H"/>
		<a id="12" s="H" t="H" l="H"/>
	</atoms>
	<bonds>
		<b id="1" c="1 2" t="1"/>
		<b id="2" c="2 3" t="ar"/>
		<b id="3" c="3 4" t="ar"/>
		<b id="4" c="4 5" t="ar"/>
		<b id="5" c="5 6" t="ar"/>
		<b id="6" c="6 7" t="ar"/>
		<b id="7" c="2 7" t="ar"/>
		<b id="8" c="5 8" t="1"/>
		<b id="9" c="8 9" t="3"/>
		<b id="10" c="3 10" t="1"/>
		<b id="11" c="4 11" t="1"/>
		<b id="12" c="6 12" t="1"/>
	</bonds>
	<geometry>
		<g u="A" t="cart/3d">#12,3:1.2829,-0.0546,0.2264;2.9845,0.0650,0.0665;3.6068,1.2992,-0.0261;4.9909,1.3242,-0.1997;5.6947,0.1204,-0.2685;4.9777,-1.0622,-0.1431;3.6339,-1.1170,0.0205;7.1080,0.0952,-0.4796;8.2527,0.0770,-0.6630;3.0341,2.2188,0.0245;5.5070,2.2778,-0.2885;5.4696,-2.0323,-0.1761;</g>
	</geometry>
	<conformers/>
	<properties/>
</molecule>
