<?xml version="1.0" ?>
<!--MOLLI PACKAGE EXPERIMENTAL XML FORMAT-->
<molecule name="prELN032036-131">
	<atoms>
		<a id="1" s="Cl" t="Cl" l="CL"/>
		<a id="2" s="F" t="F" l="F"/>
		<a id="3" s="C" t="C.3" l="C"/>
		<a id="4" s="C" t="C.3" l="C"/>
		<a id="5" s="C" t="C.3" l="C"/>
		<a id="6" s="N" t="N.3" l="N"/>
		<a id="7" s="C" t="C.3" l="C"/>
		<a id="8" s="H" t="H" l="H"/>
		<a id="9" s="H" t="H" l="H"/>
		<a id="10" s="H" t="H" l="H"/>
		<a id="11" s="H" t="H" l="H"/>
		<a id="12" s="H" t="H" l="H"/>
		<a id="13" s="H" t="H" l="H"/>
		<a id="14" s="H" t="H" l="H"/>
		<a id="15" s="H" t="H" l="H"/>
		<a id="16" s="H" t="H" l="H"/>
	</atoms>
	<bonds>
		<b id="1" c="2 3" t="1"/>
		<b id="2" c="3 4" t="1"/>
		<b id="3" c="4 5" t="1"/>
		<b id="4" c="5 6" t="1"/>
		<b id="5" c="6 7" t="1"/>
		<b id="6" c="3 7" t="1"/>
		<b id="7" c="1 8" t="1"/>
		<b id="8" c="3 9" t="1"/>
		<b id="9" c="4 10" t="1"/>
		<b id="10" c="4 11" t="1"/>
		<b id="11" c="5 12" t="1"/>
		<b id="12" c="5 13" t="1"/>
		<b id="13" c="6 14" t="1"/>
		<b id="14" c="7 15" t="1"/>
		<b id="15" c="7 16" t="1"/>
	</bonds>
	<geometry>
		<g u="A" t="cart/3d">#16,3:-1.2638,-0.8376,0.2690;1.6932,0.3493,-0.9455;2.9492,0.2157,-0.3830;3.0952,-1.0176,0.4685;4.3984,-0.6901,1.1811;4.3715,0.7603,1.4495;3.2491,1.2803,0.6549;-0.1016,-0.5816,0.9563;3.7319,0.2249,-1.1745;3.1028,-1.9803,-0.0852;2.2718,-1.0402,1.2193;5.2410,-0.9132,0.4832;4.5385,-1.2896,2.1047;5.2631,1.1747,1.0891;3.4501,2.2811,0.2135;2.3737,1.3727,1.3401;</g>
	</geometry>
	<conformers/>
	<properties/>
</molecule>
