<?xml version="1.0" ?>
<!--MOLLI PACKAGE EXPERIMENTAL XML FORMAT-->
<molecule name="prELN032036-132">
	<atoms>
		<a id="1" s="Cl" t="Cl" l="CL"/>
		<a id="2" s="F" t="F" l="F"/>
		<a id="3" s="C" t="C.3" l="C"/>
		<a id="4" s="C" t="C.3" l="C"/>
		<a id="5" s="C" t="C.3" l="C"/>
		<a id="6" s="N" t="N.3" l="N"/>
		<a id="7" s="C" t="C.3" l="C"/>
		<a id="8" s="H" t="H" l="H"/>
		<a id="9" s="H" t="H" l="H"/>
		<a id="10" s="H" t="H" l="H"/>
		<a id="11" s="H" t="H" l="H"/>
		<a id="12" s="H" t="H" l="H"/>
		<a id="13" s="H" t="H" l="H"/>
		<a id="14" s="H" t="H" l="H"/>
		<a id="15" s="H" t="H" l="H"/>
		<a id="16" s="H" t="H" l="H"/>
	</atoms>
	<bonds>
		<b id="1" c="2 3" t="1"/>
		<b id="2" c="3 4" t="1"/>
		<b id="3" c="4 5" t="1"/>
		<b id="4" c="5 6" t="1"/>
		<b id="5" c="6 7" t="1"/>
		<b id="6" c="3 7" t="1"/>
		<b id="7" c="1 8" t="1"/>
		<b id="8" c="3 9" t="1"/>
		<b id="9" c="4 10" t="1"/>
		<b id="10" c="4 11" t="1"/>
		<b id="11" c="5 12" t="1"/>
		<b id="12" c="5 13" t="1"/>
		<b id="13" c="6 14" t="1"/>
		<b id="14" c="7 15" t="1"/>
		<b id="15" c="7 16" t="1"/>
	</bonds>
	<geometry>
		<g u="A" t="cart/3d">#16,3:-1.1200,0.2564,1.0333;1.6790,-0.0572,-1.0753;2.9174,-0.1055,-0.4630;3.0742,-1.2745,0.4753;4.3353,-0.8517,1.2127;4.2527,0.6118,1.3757;3.1446,1.0383,0.5099;0.1211,-0.1332,1.4739;3.7291,-0.1209,-1.2244;3.1404,-2.2696,-0.0128;2.2220,-1.2795,1.1918;5.2127,-1.0949,0.5679;4.4544,-1.3787,2.1824;5.1434,1.0298,1.0170;3.3307,2.0121,0.0060;2.2456,1.1502,1.1564;</g>
	</geometry>
	<conformers/>
	<properties/>
</molecule>
