<?xml version="1.0" ?>
<!--MOLLI PACKAGE EXPERIMENTAL XML FORMAT-->
<molecule name="prELN032036-136">
	<atoms>
		<a id="1" s="Br" t="Br" l="BR"/>
		<a id="2" s="C" t="C.ar" l="C"/>
		<a id="3" s="C" t="C.ar" l="C"/>
		<a id="4" s="N" t="N.ar" l="N"/>
		<a id="5" s="C" t="C.ar" l="C"/>
		<a id="6" s="C" t="C.ar" l="C"/>
		<a id="7" s="C" t="C.ar" l="C"/>
		<a id="8" s="O" t="O.3" l="O"/>
		<a id="9" s="C" t="C.3" l="C"/>
		<a id="10" s="C" t="C.ar" l="C"/>
		<a id="11" s="C" t="C.ar" l="C"/>
		<a id="12" s="C" t="C.ar" l="C"/>
		<a id="13" s="C" t="C.ar" l="C"/>
		<a id="14" s="C" t="C.ar" l="C"/>
		<a id="15" s="C" t="C.ar" l="C"/>
		<a id="16" s="H" t="H" l="H"/>
		<a id="17" s="H" t="H" l="H"/>
		<a id="18" s="H" t="H" l="H"/>
		<a id="19" s="H" t="H" l="H"/>
		<a id="20" s="H" t="H" l="H"/>
		<a id="21" s="H" t="H" l="H"/>
		<a id="22" s="H" t="H" l="H"/>
		<a id="23" s="H" t="H" l="H"/>
		<a id="24" s="H" t="H" l="H"/>
		<a id="25" s="H" t="H" l="H"/>
	</atoms>
	<bonds>
		<b id="1" c="1 2" t="1"/>
		<b id="2" c="2 3" t="ar"/>
		<b id="3" c="3 4" t="ar"/>
		<b id="4" c="4 5" t="ar"/>
		<b id="5" c="5 6" t="ar"/>
		<b id="6" c="6 7" t="ar"/>
		<b id="7" c="2 7" t="ar"/>
		<b id="8" c="7 8" t="1"/>
		<b id="9" c="8 9" t="1"/>
		<b id="10" c="9 10" t="1"/>
		<b id="11" c="10 11" t="ar"/>
		<b id="12" c="11 12" t="ar"/>
		<b id="13" c="12 13" t="ar"/>
		<b id="14" c="13 14" t="ar"/>
		<b id="15" c="14 15" t="ar"/>
		<b id="16" c="10 15" t="ar"/>
		<b id="17" c="3 16" t="1"/>
		<b id="18" c="5 17" t="1"/>
		<b id="19" c="6 18" t="1"/>
		<b id="20" c="9 19" t="1"/>
		<b id="21" c="9 20" t="1"/>
		<b id="22" c="11 21" t="1"/>
		<b id="23" c="12 22" t="1"/>
		<b id="24" c="13 23" t="1"/>
		<b id="25" c="14 24" t="1"/>
		<b id="26" c="15 25" t="1"/>
	</bonds>
	<geometry>
		<g u="A" t="cart/3d">#25,3:-1.5735,-0.6385,-0.2194;0.2601,-0.1530,-0.2282;1.1458,-1.2290,-0.3356;2.4950,-1.1286,-0.3577;2.9967,0.1140,-0.2691;2.2089,1.2468,-0.1613;0.8084,1.1308,-0.1382;0.2200,2.3620,-0.0259;-1.1956,2.4820,0.0003;-1.6398,3.9283,0.0682;-2.8924,4.2765,-0.4640;-3.3699,5.5842,-0.3728;-2.6056,6.5594,0.2619;-1.3668,6.2257,0.8068;-0.8864,4.9161,0.7163;0.7818,-2.2515,-0.4103;4.0804,0.1834,-0.2880;2.6785,2.2240,-0.0953;-1.5954,1.9841,0.8901;-1.6019,2.0606,-0.9254;-3.5096,3.5240,-0.9520;-4.3402,5.8385,-0.7912;-2.9780,7.5773,0.3369;-0.7741,6.9864,1.3089;0.0761,4.6714,1.1584;</g>
	</geometry>
	<conformers/>
	<properties/>
</molecule>
