<?xml version="1.0" ?>
<!--MOLLI PACKAGE EXPERIMENTAL XML FORMAT-->
<molecule name="prELN032036-136">
	<atoms>
		<a id="1" s="C" t="C.3" l="C"/>
		<a id="2" s="C" t="C.ar" l="C"/>
		<a id="3" s="C" t="C.ar" l="C"/>
		<a id="4" s="C" t="C.ar" l="C"/>
		<a id="5" s="N" t="N.ar" l="N"/>
		<a id="6" s="N" t="N.ar" l="N"/>
		<a id="7" s="C" t="C.3" l="C"/>
		<a id="8" s="F" t="F" l="F"/>
		<a id="9" s="F" t="F" l="F"/>
		<a id="10" s="H" t="H" l="H"/>
		<a id="11" s="H" t="H" l="H"/>
		<a id="12" s="H" t="H" l="H"/>
		<a id="13" s="H" t="H" l="H"/>
		<a id="14" s="H" t="H" l="H"/>
		<a id="15" s="H" t="H" l="H"/>
	</atoms>
	<bonds>
		<b id="1" c="1 2" t="1"/>
		<b id="2" c="2 3" t="ar"/>
		<b id="3" c="3 4" t="ar"/>
		<b id="4" c="4 5" t="ar"/>
		<b id="5" c="5 6" t="ar"/>
		<b id="6" c="2 6" t="ar"/>
		<b id="7" c="4 7" t="1"/>
		<b id="8" c="7 8" t="1"/>
		<b id="9" c="7 9" t="1"/>
		<b id="10" c="1 10" t="1"/>
		<b id="11" c="1 11" t="1"/>
		<b id="12" c="1 12" t="1"/>
		<b id="13" c="3 13" t="1"/>
		<b id="14" c="6 14" t="1"/>
		<b id="15" c="7 15" t="1"/>
	</bonds>
	<geometry>
		<g u="A" t="cart/3d">#15,3:-2.2737,-0.0802,-0.0150;-0.8044,0.0889,-0.0060;-0.0040,1.2088,-0.0221;1.3276,0.7222,0.0145;1.3486,-0.6231,0.0426;0.0534,-0.9744,0.0219;2.5855,1.5323,0.0252;2.6761,2.3186,-1.0855;2.6129,2.3867,1.0876;-2.7809,0.8892,0.0080;-2.6013,-0.6533,0.8585;-2.5955,-0.6107,-0.9168;-0.3232,2.2422,-0.0502;-0.1762,-1.9634,0.0305;3.4785,0.9029,0.0713;</g>
	</geometry>
	<conformers/>
	<properties/>
</molecule>
