<?xml version="1.0" ?>
<!--MOLLI PACKAGE EXPERIMENTAL XML FORMAT-->
<molecule name="prELN032036-143">
	<atoms>
		<a id="1" s="C" t="C.3" l="C"/>
		<a id="2" s="O" t="O.3" l="O"/>
		<a id="3" s="C" t="C.ar" l="C"/>
		<a id="4" s="N" t="N.ar" l="N"/>
		<a id="5" s="C" t="C.ar" l="C"/>
		<a id="6" s="N" t="N.pl3" l="N"/>
		<a id="7" s="S" t="S.O2" l="S"/>
		<a id="8" s="O" t="O.2" l="O"/>
		<a id="9" s="O" t="O.2" l="O"/>
		<a id="10" s="C" t="C.ar" l="C"/>
		<a id="11" s="C" t="C.ar" l="C"/>
		<a id="12" s="N" t="N.ar" l="N"/>
		<a id="13" s="C" t="C.ar" l="C"/>
		<a id="14" s="C" t="C.ar" l="C"/>
		<a id="15" s="Br" t="Br" l="BR"/>
		<a id="16" s="C" t="C.ar" l="C"/>
		<a id="17" s="Cl" t="Cl" l="CL"/>
		<a id="18" s="C" t="C.ar" l="C"/>
		<a id="19" s="C" t="C.ar" l="C"/>
		<a id="20" s="C" t="C.ar" l="C"/>
		<a id="21" s="N" t="N.ar" l="N"/>
		<a id="22" s="C" t="C.ar" l="C"/>
		<a id="23" s="C" t="C.ar" l="C"/>
		<a id="24" s="C" t="C.3" l="C"/>
		<a id="25" s="C" t="C.3" l="C"/>
		<a id="26" s="F" t="F" l="F"/>
		<a id="27" s="F" t="F" l="F"/>
		<a id="28" s="H" t="H" l="H"/>
		<a id="29" s="H" t="H" l="H"/>
		<a id="30" s="H" t="H" l="H"/>
		<a id="31" s="H" t="H" l="H"/>
		<a id="32" s="H" t="H" l="H"/>
		<a id="33" s="H" t="H" l="H"/>
		<a id="34" s="H" t="H" l="H"/>
		<a id="35" s="H" t="H" l="H"/>
		<a id="36" s="H" t="H" l="H"/>
		<a id="37" s="H" t="H" l="H"/>
		<a id="38" s="H" t="H" l="H"/>
		<a id="39" s="H" t="H" l="H"/>
	</atoms>
	<bonds>
		<b id="1" c="1 2" t="1"/>
		<b id="2" c="2 3" t="1"/>
		<b id="3" c="3 4" t="ar"/>
		<b id="4" c="4 5" t="ar"/>
		<b id="5" c="5 6" t="1"/>
		<b id="6" c="6 7" t="1"/>
		<b id="7" c="7 8" t="2"/>
		<b id="8" c="7 9" t="2"/>
		<b id="9" c="7 10" t="1"/>
		<b id="10" c="10 11" t="ar"/>
		<b id="11" c="11 12" t="ar"/>
		<b id="12" c="12 13" t="ar"/>
		<b id="13" c="13 14" t="ar"/>
		<b id="14" c="14 15" t="1"/>
		<b id="15" c="14 16" t="ar"/>
		<b id="16" c="16 17" t="1"/>
		<b id="17" c="16 18" t="ar"/>
		<b id="18" c="18 19" t="ar"/>
		<b id="19" c="19 20" t="ar"/>
		<b id="20" c="10 20" t="ar"/>
		<b id="21" c="13 20" t="ar"/>
		<b id="22" c="5 21" t="ar"/>
		<b id="23" c="21 22" t="ar"/>
		<b id="24" c="22 23" t="ar"/>
		<b id="25" c="3 23" t="ar"/>
		<b id="26" c="23 24" t="1"/>
		<b id="27" c="24 25" t="1"/>
		<b id="28" c="25 26" t="1"/>
		<b id="29" c="25 27" t="1"/>
		<b id="30" c="1 28" t="1"/>
		<b id="31" c="1 29" t="1"/>
		<b id="32" c="1 30" t="1"/>
		<b id="33" c="6 31" t="1"/>
		<b id="34" c="11 32" t="1"/>
		<b id="35" c="12 33" t="1"/>
		<b id="36" c="18 34" t="1"/>
		<b id="37" c="19 35" t="1"/>
		<b id="38" c="22 36" t="1"/>
		<b id="39" c="24 37" t="1"/>
		<b id="40" c="24 38" t="1"/>
		<b id="41" c="25 39" t="1"/>
	</bonds>
	<geometry>
		<g u="A" t="cart/3d">#39,3:5.4255,-2.2850,-0.7929;4.2220,-2.5418,-0.0634;4.0244,-1.7595,1.0522;5.0613,-1.0196,1.5004;4.8221,-0.2827,2.5813;5.8786,0.5153,3.0224;6.9041,-0.2600,4.0865;7.9101,0.7197,4.4379;6.1724,-0.9851,5.1088;7.8233,-1.4676,3.2409;9.0235,-1.2466,2.5861;9.4489,-2.4408,2.0730;8.5462,-3.4385,2.3641;8.5780,-4.8068,2.0420;10.0336,-5.4882,1.0314;7.5211,-5.6094,2.4960;7.4449,-7.3060,2.1675;6.4813,-5.0563,3.2445;6.4647,-3.6909,3.5538;7.5116,-2.8543,3.1084;3.6707,-0.1829,3.2344;2.6693,-0.9338,2.7474;2.7754,-1.7790,1.6531;1.5425,-2.5319,1.2313;1.6685,-3.8732,0.5301;2.3897,-4.7330,1.2901;0.4199,-4.4150,0.4343;6.1439,-3.0956,-0.6307;5.9090,-1.3251,-0.5809;5.1607,-2.2723,-1.8544;6.3957,0.8937,2.2467;9.6238,-0.3505,2.4799;10.3180,-2.5918,1.5695;5.6716,-5.6848,3.6058;5.6496,-3.2907,4.1512;1.7309,-0.8327,3.2895;0.9129,-1.8732,0.6187;0.9561,-2.7302,2.1403;2.0880,-3.8194,-0.4759;</g>
	</geometry>
	<conformers/>
	<properties/>
</molecule>
