<?xml version="1.0" ?>
<!--MOLLI PACKAGE EXPERIMENTAL XML FORMAT-->
<molecule name="prELN032036-183">
	<atoms>
		<a id="1" s="C" t="C.3" l="C"/>
		<a id="2" s="O" t="O.3" l="O"/>
		<a id="3" s="C" t="C.ar" l="C"/>
		<a id="4" s="N" t="N.ar" l="N"/>
		<a id="5" s="C" t="C.ar" l="C"/>
		<a id="6" s="N" t="N.pl3" l="N"/>
		<a id="7" s="S" t="S.O2" l="S"/>
		<a id="8" s="O" t="O.2" l="O"/>
		<a id="9" s="O" t="O.2" l="O"/>
		<a id="10" s="C" t="C.ar" l="C"/>
		<a id="11" s="C" t="C.ar" l="C"/>
		<a id="12" s="N" t="N.ar" l="N"/>
		<a id="13" s="C" t="C.ar" l="C"/>
		<a id="14" s="C" t="C.ar" l="C"/>
		<a id="15" s="Br" t="Br" l="BR"/>
		<a id="16" s="C" t="C.ar" l="C"/>
		<a id="17" s="Cl" t="Cl" l="CL"/>
		<a id="18" s="C" t="C.ar" l="C"/>
		<a id="19" s="C" t="C.ar" l="C"/>
		<a id="20" s="C" t="C.ar" l="C"/>
		<a id="21" s="N" t="N.ar" l="N"/>
		<a id="22" s="C" t="C.ar" l="C"/>
		<a id="23" s="C" t="C.ar" l="C"/>
		<a id="24" s="C" t="C.3" l="C"/>
		<a id="25" s="C" t="C.3" l="C"/>
		<a id="26" s="F" t="F" l="F"/>
		<a id="27" s="F" t="F" l="F"/>
		<a id="28" s="H" t="H" l="H"/>
		<a id="29" s="H" t="H" l="H"/>
		<a id="30" s="H" t="H" l="H"/>
		<a id="31" s="H" t="H" l="H"/>
		<a id="32" s="H" t="H" l="H"/>
		<a id="33" s="H" t="H" l="H"/>
		<a id="34" s="H" t="H" l="H"/>
		<a id="35" s="H" t="H" l="H"/>
		<a id="36" s="H" t="H" l="H"/>
		<a id="37" s="H" t="H" l="H"/>
		<a id="38" s="H" t="H" l="H"/>
		<a id="39" s="H" t="H" l="H"/>
	</atoms>
	<bonds>
		<b id="1" c="1 2" t="1"/>
		<b id="2" c="2 3" t="1"/>
		<b id="3" c="3 4" t="ar"/>
		<b id="4" c="4 5" t="ar"/>
		<b id="5" c="5 6" t="1"/>
		<b id="6" c="6 7" t="1"/>
		<b id="7" c="7 8" t="2"/>
		<b id="8" c="7 9" t="2"/>
		<b id="9" c="7 10" t="1"/>
		<b id="10" c="10 11" t="ar"/>
		<b id="11" c="11 12" t="ar"/>
		<b id="12" c="12 13" t="ar"/>
		<b id="13" c="13 14" t="ar"/>
		<b id="14" c="14 15" t="1"/>
		<b id="15" c="14 16" t="ar"/>
		<b id="16" c="16 17" t="1"/>
		<b id="17" c="16 18" t="ar"/>
		<b id="18" c="18 19" t="ar"/>
		<b id="19" c="19 20" t="ar"/>
		<b id="20" c="10 20" t="ar"/>
		<b id="21" c="13 20" t="ar"/>
		<b id="22" c="5 21" t="ar"/>
		<b id="23" c="21 22" t="ar"/>
		<b id="24" c="22 23" t="ar"/>
		<b id="25" c="3 23" t="ar"/>
		<b id="26" c="23 24" t="1"/>
		<b id="27" c="24 25" t="1"/>
		<b id="28" c="25 26" t="1"/>
		<b id="29" c="25 27" t="1"/>
		<b id="30" c="1 28" t="1"/>
		<b id="31" c="1 29" t="1"/>
		<b id="32" c="1 30" t="1"/>
		<b id="33" c="6 31" t="1"/>
		<b id="34" c="11 32" t="1"/>
		<b id="35" c="12 33" t="1"/>
		<b id="36" c="18 34" t="1"/>
		<b id="37" c="19 35" t="1"/>
		<b id="38" c="22 36" t="1"/>
		<b id="39" c="24 37" t="1"/>
		<b id="40" c="24 38" t="1"/>
		<b id="41" c="25 39" t="1"/>
	</bonds>
	<geometry>
		<g u="A" t="cart/3d">#39,3:5.7489,0.8275,-1.9475;4.5762,0.2255,-2.5002;4.1487,-0.9307,-1.8872;5.0323,-1.6052,-1.1199;4.5967,-2.7534,-0.6036;5.4929,-3.4671,0.1827;6.4837,-4.5100,-0.6821;7.3775,-5.1013,0.2985;5.7193,-5.3175,-1.5958;7.5692,-3.5883,-1.6785;8.8230,-3.1389,-1.3040;9.3567,-2.4552,-2.3599;8.4725,-2.4362,-3.4181;8.5962,-1.8460,-4.6899;10.1898,-0.9115,-5.1250;7.5167,-1.9719,-5.5766;7.5460,-1.2923,-7.1665;6.3642,-2.6590,-5.1971;6.2633,-3.2498,-3.9309;7.3322,-3.1431,-3.0157;3.3710,-3.2537,-0.7154;2.5241,-2.5375,-1.4745;2.8572,-1.3650,-2.1376;1.7975,-0.7191,-2.9893;2.2178,0.1089,-4.1971;2.9555,-0.6510,-5.0436;1.0912,0.4529,-4.8849;6.4384,1.0694,-2.7625;6.3007,0.2318,-1.2138;5.4488,1.7649,-1.4668;6.0425,-2.8522,0.7752;9.3785,-3.2654,-0.3842;10.2666,-2.0094,-2.3753;5.5235,-2.7419,-5.8833;5.3506,-3.7786,-3.6635;1.5268,-2.9617,-1.5490;1.1405,-0.1121,-2.3536;1.1615,-1.5231,-3.3850;2.7538,1.0209,-3.9462;</g>
	</geometry>
	<conformers/>
	<properties/>
</molecule>
