<?xml version="1.0" ?>
<!--MOLLI PACKAGE EXPERIMENTAL XML FORMAT-->
<molecule name="prELN032036-143">
	<atoms>
		<a id="1" s="C" t="C.3" l="C"/>
		<a id="2" s="N" t="N.3" l="N"/>
		<a id="3" s="C" t="C.3" l="C"/>
		<a id="4" s="H" t="H" l="H"/>
		<a id="5" s="H" t="H" l="H"/>
		<a id="6" s="H" t="H" l="H"/>
		<a id="7" s="H" t="H" l="H"/>
		<a id="8" s="H" t="H" l="H"/>
		<a id="9" s="H" t="H" l="H"/>
		<a id="10" s="H" t="H" l="H"/>
	</atoms>
	<bonds>
		<b id="1" c="1 2" t="1"/>
		<b id="2" c="2 3" t="1"/>
		<b id="3" c="1 4" t="1"/>
		<b id="4" c="1 5" t="1"/>
		<b id="5" c="1 6" t="1"/>
		<b id="6" c="2 7" t="1"/>
		<b id="7" c="3 8" t="1"/>
		<b id="8" c="3 9" t="1"/>
		<b id="9" c="3 10" t="1"/>
	</bonds>
	<geometry>
		<g u="A" t="cart/3d">#10,3:0.9302,-0.0368,0.0617;2.3869,-0.0458,0.0473;2.8885,-0.8395,-1.0666;0.5769,0.5677,0.9028;0.5240,-1.0469,0.1782;0.5285,0.4073,-0.8548;2.7284,-0.4425,0.9221;2.5610,-0.4258,-2.0259;2.5614,-1.8820,-0.9957;3.9829,-0.8283,-1.0596;</g>
	</geometry>
	<conformers/>
	<properties/>
</molecule>
