<?xml version="1.0" ?>
<!--MOLLI PACKAGE EXPERIMENTAL XML FORMAT-->
<molecule name="prELN032036-150">
	<atoms>
		<a id="1" s="C" t="C.3" l="C"/>
		<a id="2" s="C" t="C.2" l="C"/>
		<a id="3" s="O" t="O.2" l="O"/>
		<a id="4" s="C" t="C.ar" l="C"/>
		<a id="5" s="C" t="C.ar" l="C"/>
		<a id="6" s="C" t="C.ar" l="C"/>
		<a id="7" s="C" t="C.ar" l="C"/>
		<a id="8" s="N" t="N.ar" l="N"/>
		<a id="9" s="C" t="C.ar" l="C"/>
		<a id="10" s="N" t="N.ar" l="N"/>
		<a id="11" s="N" t="N.ar" l="N"/>
		<a id="12" s="C" t="C.ar" l="C"/>
		<a id="13" s="C" t="C.ar" l="C"/>
		<a id="14" s="C" t="C.ar" l="C"/>
		<a id="15" s="C" t="C.3" l="C"/>
		<a id="16" s="C" t="C.3" l="C"/>
		<a id="17" s="F" t="F" l="F"/>
		<a id="18" s="F" t="F" l="F"/>
		<a id="19" s="N" t="N.ar" l="N"/>
		<a id="20" s="C" t="C.ar" l="C"/>
		<a id="21" s="N" t="N.ar" l="N"/>
		<a id="22" s="C" t="C.ar" l="C"/>
		<a id="23" s="C" t="C.ar" l="C"/>
		<a id="24" s="C" t="C.ar" l="C"/>
		<a id="25" s="Br" t="Br" l="BR"/>
		<a id="26" s="C" t="C.ar" l="C"/>
		<a id="27" s="F" t="F" l="F"/>
		<a id="28" s="C" t="C.ar" l="C"/>
		<a id="29" s="C" t="C.ar" l="C"/>
		<a id="30" s="H" t="H" l="H"/>
		<a id="31" s="H" t="H" l="H"/>
		<a id="32" s="H" t="H" l="H"/>
		<a id="33" s="H" t="H" l="H"/>
		<a id="34" s="H" t="H" l="H"/>
		<a id="35" s="H" t="H" l="H"/>
		<a id="36" s="H" t="H" l="H"/>
		<a id="37" s="H" t="H" l="H"/>
		<a id="38" s="H" t="H" l="H"/>
		<a id="39" s="H" t="H" l="H"/>
		<a id="40" s="H" t="H" l="H"/>
		<a id="41" s="H" t="H" l="H"/>
		<a id="42" s="H" t="H" l="H"/>
	</atoms>
	<bonds>
		<b id="1" c="1 2" t="1"/>
		<b id="2" c="2 3" t="2"/>
		<b id="3" c="2 4" t="1"/>
		<b id="4" c="4 5" t="ar"/>
		<b id="5" c="5 6" t="ar"/>
		<b id="6" c="6 7" t="ar"/>
		<b id="7" c="7 8" t="ar"/>
		<b id="8" c="8 9" t="ar"/>
		<b id="9" c="4 9" t="ar"/>
		<b id="10" c="9 10" t="1"/>
		<b id="11" c="10 11" t="ar"/>
		<b id="12" c="11 12" t="ar"/>
		<b id="13" c="12 13" t="ar"/>
		<b id="14" c="13 14" t="ar"/>
		<b id="15" c="10 14" t="ar"/>
		<b id="16" c="14 15" t="1"/>
		<b id="17" c="12 16" t="1"/>
		<b id="18" c="16 17" t="1"/>
		<b id="19" c="16 18" t="1"/>
		<b id="20" c="7 19" t="1"/>
		<b id="21" c="19 20" t="ar"/>
		<b id="22" c="20 21" t="ar"/>
		<b id="23" c="21 22" t="ar"/>
		<b id="24" c="22 23" t="ar"/>
		<b id="25" c="23 24" t="ar"/>
		<b id="26" c="24 25" t="1"/>
		<b id="27" c="24 26" t="ar"/>
		<b id="28" c="26 27" t="1"/>
		<b id="29" c="26 28" t="ar"/>
		<b id="30" c="28 29" t="ar"/>
		<b id="31" c="19 29" t="ar"/>
		<b id="32" c="22 29" t="ar"/>
		<b id="33" c="1 30" t="1"/>
		<b id="34" c="1 31" t="1"/>
		<b id="35" c="1 32" t="1"/>
		<b id="36" c="5 33" t="1"/>
		<b id="37" c="6 34" t="1"/>
		<b id="38" c="13 35" t="1"/>
		<b id="39" c="15 36" t="1"/>
		<b id="40" c="15 37" t="1"/>
		<b id="41" c="15 38" t="1"/>
		<b id="42" c="16 39" t="1"/>
		<b id="43" c="20 40" t="1"/>
		<b id="44" c="23 41" t="1"/>
		<b id="45" c="28 42" t="1"/>
	</bonds>
	<geometry>
		<g u="A" t="cart/3d">#42,3:1.0671,0.5035,-0.1261;2.5421,0.1807,-0.0830;3.1872,0.2739,0.9591;3.2561,-0.0639,-1.3643;2.9068,0.7541,-2.4500;3.6807,0.7607,-3.6033;4.8179,-0.0329,-3.6717;5.1837,-0.8376,-2.6350;4.3965,-0.8611,-1.4959;4.7636,-1.7963,-0.4599;3.8185,-2.4404,0.2938;4.5122,-3.2859,1.0801;5.8905,-3.2380,0.7979;6.0362,-2.2687,-0.1654;7.2863,-1.7381,-0.7467;3.8675,-4.1472,2.1214;3.4242,-5.3223,1.5936;4.7634,-4.4957,3.0922;5.5468,-0.0907,-4.9107;5.3381,0.7115,-6.0157;5.8642,0.2191,-7.1137;6.5104,-0.9125,-6.7107;7.1152,-1.9115,-7.4902;7.6751,-3.0137,-6.8379;8.1321,-4.5493,-7.8454;7.7878,-3.0319,-5.4540;8.4143,-4.0397,-4.8286;7.1954,-2.0433,-4.6733;6.4749,-1.0379,-5.3212;0.5946,0.1895,0.8087;0.5664,-0.0186,-0.9465;0.9409,1.5844,-0.2447;2.0448,1.4123,-2.4036;3.3461,1.3854,-4.4248;6.6808,-3.8092,1.2695;8.1591,-2.0762,-0.1805;7.2978,-0.6448,-0.7658;7.4130,-2.1250,-1.7489;3.0290,-3.6413,2.6062;4.7684,1.6285,-5.9858;7.0664,-1.8524,-8.5711;7.2339,-2.1165,-3.6053;</g>
	</geometry>
	<conformers/>
	<properties/>
</molecule>
