<?xml version="1.0" ?>
<!--MOLLI PACKAGE EXPERIMENTAL XML FORMAT-->
<molecule name="prELN032036-150">
	<atoms>
		<a id="1" s="C" t="C.3" l="C"/>
		<a id="2" s="C" t="C.2" l="C"/>
		<a id="3" s="O" t="O.2" l="O"/>
		<a id="4" s="C" t="C.ar" l="C"/>
		<a id="5" s="C" t="C.ar" l="C"/>
		<a id="6" s="C" t="C.ar" l="C"/>
		<a id="7" s="C" t="C.ar" l="C"/>
		<a id="8" s="N" t="N.ar" l="N"/>
		<a id="9" s="C" t="C.ar" l="C"/>
		<a id="10" s="N" t="N.ar" l="N"/>
		<a id="11" s="N" t="N.ar" l="N"/>
		<a id="12" s="C" t="C.ar" l="C"/>
		<a id="13" s="C" t="C.ar" l="C"/>
		<a id="14" s="C" t="C.ar" l="C"/>
		<a id="15" s="C" t="C.3" l="C"/>
		<a id="16" s="C" t="C.3" l="C"/>
		<a id="17" s="F" t="F" l="F"/>
		<a id="18" s="F" t="F" l="F"/>
		<a id="19" s="N" t="N.ar" l="N"/>
		<a id="20" s="C" t="C.ar" l="C"/>
		<a id="21" s="N" t="N.ar" l="N"/>
		<a id="22" s="C" t="C.ar" l="C"/>
		<a id="23" s="C" t="C.ar" l="C"/>
		<a id="24" s="C" t="C.ar" l="C"/>
		<a id="25" s="F" t="F" l="F"/>
		<a id="26" s="C" t="C.ar" l="C"/>
		<a id="27" s="Br" t="Br" l="BR"/>
		<a id="28" s="C" t="C.ar" l="C"/>
		<a id="29" s="C" t="C.ar" l="C"/>
		<a id="30" s="H" t="H" l="H"/>
		<a id="31" s="H" t="H" l="H"/>
		<a id="32" s="H" t="H" l="H"/>
		<a id="33" s="H" t="H" l="H"/>
		<a id="34" s="H" t="H" l="H"/>
		<a id="35" s="H" t="H" l="H"/>
		<a id="36" s="H" t="H" l="H"/>
		<a id="37" s="H" t="H" l="H"/>
		<a id="38" s="H" t="H" l="H"/>
		<a id="39" s="H" t="H" l="H"/>
		<a id="40" s="H" t="H" l="H"/>
		<a id="41" s="H" t="H" l="H"/>
		<a id="42" s="H" t="H" l="H"/>
	</atoms>
	<bonds>
		<b id="1" c="1 2" t="1"/>
		<b id="2" c="2 3" t="2"/>
		<b id="3" c="2 4" t="1"/>
		<b id="4" c="4 5" t="ar"/>
		<b id="5" c="5 6" t="ar"/>
		<b id="6" c="6 7" t="ar"/>
		<b id="7" c="7 8" t="ar"/>
		<b id="8" c="8 9" t="ar"/>
		<b id="9" c="4 9" t="ar"/>
		<b id="10" c="9 10" t="1"/>
		<b id="11" c="10 11" t="ar"/>
		<b id="12" c="11 12" t="ar"/>
		<b id="13" c="12 13" t="ar"/>
		<b id="14" c="13 14" t="ar"/>
		<b id="15" c="10 14" t="ar"/>
		<b id="16" c="14 15" t="1"/>
		<b id="17" c="12 16" t="1"/>
		<b id="18" c="16 17" t="1"/>
		<b id="19" c="16 18" t="1"/>
		<b id="20" c="7 19" t="1"/>
		<b id="21" c="19 20" t="ar"/>
		<b id="22" c="20 21" t="ar"/>
		<b id="23" c="21 22" t="ar"/>
		<b id="24" c="22 23" t="ar"/>
		<b id="25" c="23 24" t="ar"/>
		<b id="26" c="24 25" t="1"/>
		<b id="27" c="24 26" t="ar"/>
		<b id="28" c="26 27" t="1"/>
		<b id="29" c="26 28" t="ar"/>
		<b id="30" c="28 29" t="ar"/>
		<b id="31" c="19 29" t="ar"/>
		<b id="32" c="22 29" t="ar"/>
		<b id="33" c="1 30" t="1"/>
		<b id="34" c="1 31" t="1"/>
		<b id="35" c="1 32" t="1"/>
		<b id="36" c="5 33" t="1"/>
		<b id="37" c="6 34" t="1"/>
		<b id="38" c="13 35" t="1"/>
		<b id="39" c="15 36" t="1"/>
		<b id="40" c="15 37" t="1"/>
		<b id="41" c="15 38" t="1"/>
		<b id="42" c="16 39" t="1"/>
		<b id="43" c="20 40" t="1"/>
		<b id="44" c="23 41" t="1"/>
		<b id="45" c="28 42" t="1"/>
	</bonds>
	<geometry>
		<g u="A" t="cart/3d">#42,3:1.1408,-0.1669,0.2232;2.6072,0.0414,-0.0626;3.2018,-0.6590,-0.8768;3.3343,1.0967,0.6975;2.9184,1.4072,1.9924;3.6744,2.2772,2.7793;4.8233,2.8515,2.2417;5.2487,2.5798,0.9936;4.4953,1.7142,0.2356;4.9517,1.4248,-1.0781;4.0965,1.1176,-2.0982;4.8947,0.8557,-3.1492;6.2377,0.9817,-2.7910;6.2578,1.3650,-1.4806;7.4062,1.6238,-0.6089;4.3965,0.4749,-4.4952;4.1983,1.5749,-5.2699;5.3012,-0.3082,-5.1573;5.5948,3.7447,3.0361;6.7547,4.3593,2.5675;7.2357,5.2430,3.4133;6.4381,5.2250,4.4711;6.5474,5.9641,5.6037;5.5612,5.6411,6.4306;4.1773,4.8808,6.9675;4.6477,5.3563,7.2275;4.1668,6.0542,9.0686;4.4973,4.3042,5.5902;5.3998,4.3239,4.3165;0.7554,-0.9750,-0.4084;0.5773,0.7391,-0.0029;0.9726,-0.4472,1.2632;2.0187,0.9614,2.4021;3.3434,2.5282,3.7772;7.0916,0.8186,-3.4153;8.3259,1.4747,-1.1906;7.4225,0.9328,0.2320;7.3885,2.6433,-0.2488;3.4613,-0.0798,-4.4293;7.2118,4.1823,1.5942;7.2240,6.7009,5.9566;3.7652,3.5311,5.2643;</g>
	</geometry>
	<conformers/>
	<properties/>
</molecule>
