<?xml version="1.0" ?>
<!--MOLLI PACKAGE EXPERIMENTAL XML FORMAT-->
<molecule name="prELN032036-153">
	<atoms>
		<a id="1" s="C" t="C.3" l="C"/>
		<a id="2" s="C" t="C.3" l="C"/>
		<a id="3" s="C" t="C.3" l="C"/>
		<a id="4" s="C" t="C.3" l="C"/>
		<a id="5" s="O" t="O.3" l="O"/>
		<a id="6" s="C" t="C.2" l="C"/>
		<a id="7" s="O" t="O.2" l="O"/>
		<a id="8" s="N" t="N.am" l="N"/>
		<a id="9" s="C" t="C.3" l="C"/>
		<a id="10" s="C" t="C.3" l="C"/>
		<a id="11" s="S" t="S.3" l="S"/>
		<a id="12" s="C" t="C.ar" l="C"/>
		<a id="13" s="C" t="C.ar" l="C"/>
		<a id="14" s="C" t="C.ar" l="C"/>
		<a id="15" s="C" t="C.ar" l="C"/>
		<a id="16" s="C" t="C.ar" l="C"/>
		<a id="17" s="C" t="C.ar" l="C"/>
		<a id="18" s="N" t="N.am" l="N"/>
		<a id="19" s="C" t="C.3" l="C"/>
		<a id="20" s="C" t="C.ar" l="C"/>
		<a id="21" s="C" t="C.ar" l="C"/>
		<a id="22" s="C" t="C.ar" l="C"/>
		<a id="23" s="C" t="C.ar" l="C"/>
		<a id="24" s="Cl" t="Cl" l="CL"/>
		<a id="25" s="C" t="C.ar" l="C"/>
		<a id="26" s="C" t="C.ar" l="C"/>
		<a id="27" s="C" t="C.2" l="C"/>
		<a id="28" s="O" t="O.2" l="O"/>
		<a id="29" s="C" t="C.ar" l="C"/>
		<a id="30" s="O" t="O.2" l="O"/>
		<a id="31" s="C" t="C.ar" l="C"/>
		<a id="32" s="Br" t="Br" l="BR"/>
		<a id="33" s="N" t="N.ar" l="N"/>
		<a id="34" s="N" t="N.ar" l="N"/>
		<a id="35" s="H" t="H" l="H"/>
		<a id="36" s="H" t="H" l="H"/>
		<a id="37" s="H" t="H" l="H"/>
		<a id="38" s="H" t="H" l="H"/>
		<a id="39" s="H" t="H" l="H"/>
		<a id="40" s="H" t="H" l="H"/>
		<a id="41" s="H" t="H" l="H"/>
		<a id="42" s="H" t="H" l="H"/>
		<a id="43" s="H" t="H" l="H"/>
		<a id="44" s="H" t="H" l="H"/>
		<a id="45" s="H" t="H" l="H"/>
		<a id="46" s="H" t="H" l="H"/>
		<a id="47" s="H" t="H" l="H"/>
		<a id="48" s="H" t="H" l="H"/>
		<a id="49" s="H" t="H" l="H"/>
		<a id="50" s="H" t="H" l="H"/>
		<a id="51" s="H" t="H" l="H"/>
		<a id="52" s="H" t="H" l="H"/>
		<a id="53" s="H" t="H" l="H"/>
		<a id="54" s="H" t="H" l="H"/>
		<a id="55" s="H" t="H" l="H"/>
		<a id="56" s="H" t="H" l="H"/>
	</atoms>
	<bonds>
		<b id="1" c="1 2" t="1"/>
		<b id="2" c="2 3" t="1"/>
		<b id="3" c="2 4" t="1"/>
		<b id="4" c="2 5" t="1"/>
		<b id="5" c="5 6" t="1"/>
		<b id="6" c="6 7" t="2"/>
		<b id="7" c="6 8" t="am"/>
		<b id="8" c="8 9" t="1"/>
		<b id="9" c="9 10" t="1"/>
		<b id="10" c="10 11" t="1"/>
		<b id="11" c="11 12" t="1"/>
		<b id="12" c="12 13" t="ar"/>
		<b id="13" c="13 14" t="ar"/>
		<b id="14" c="14 15" t="ar"/>
		<b id="15" c="15 16" t="ar"/>
		<b id="16" c="16 17" t="ar"/>
		<b id="17" c="12 17" t="ar"/>
		<b id="18" c="17 18" t="1"/>
		<b id="19" c="18 19" t="1"/>
		<b id="20" c="19 20" t="1"/>
		<b id="21" c="20 21" t="ar"/>
		<b id="22" c="21 22" t="ar"/>
		<b id="23" c="22 23" t="ar"/>
		<b id="24" c="23 24" t="1"/>
		<b id="25" c="23 25" t="ar"/>
		<b id="26" c="25 26" t="ar"/>
		<b id="27" c="20 26" t="ar"/>
		<b id="28" c="18 27" t="am"/>
		<b id="29" c="9 27" t="1"/>
		<b id="30" c="27 28" t="2"/>
		<b id="31" c="15 29" t="1"/>
		<b id="32" c="29 30" t="ar"/>
		<b id="33" c="30 31" t="ar"/>
		<b id="34" c="31 32" t="1"/>
		<b id="35" c="31 33" t="ar"/>
		<b id="36" c="33 34" t="ar"/>
		<b id="37" c="29 34" t="ar"/>
		<b id="38" c="1 35" t="1"/>
		<b id="39" c="1 36" t="1"/>
		<b id="40" c="1 37" t="1"/>
		<b id="41" c="3 38" t="1"/>
		<b id="42" c="3 39" t="1"/>
		<b id="43" c="3 40" t="1"/>
		<b id="44" c="4 41" t="1"/>
		<b id="45" c="4 42" t="1"/>
		<b id="46" c="4 43" t="1"/>
		<b id="47" c="8 44" t="1"/>
		<b id="48" c="9 45" t="1"/>
		<b id="49" c="10 46" t="1"/>
		<b id="50" c="10 47" t="1"/>
		<b id="51" c="13 48" t="1"/>
		<b id="52" c="14 49" t="1"/>
		<b id="53" c="16 50" t="1"/>
		<b id="54" c="19 51" t="1"/>
		<b id="55" c="19 52" t="1"/>
		<b id="56" c="21 53" t="1"/>
		<b id="57" c="22 54" t="1"/>
		<b id="58" c="25 55" t="1"/>
		<b id="59" c="26 56" t="1"/>
	</bonds>
	<geometry>
		<g u="A" t="cart/3d">#56,3:3.1201,2.2993,-1.4510;2.4407,2.6668,-0.1247;2.4056,4.1850,0.1067;0.9899,2.1598,-0.1768;3.0700,1.9735,0.9909;4.3712,2.2272,1.2625;5.0956,2.9965,0.6469;4.7897,1.5003,2.3343;6.1763,1.5765,2.8057;6.5987,2.9709,3.2948;6.0736,3.4740,4.9684;4.6026,2.4895,5.1774;3.3979,3.1809,5.3606;2.2153,2.4932,5.6401;2.2177,1.1010,5.7704;3.4291,0.4124,5.5944;4.6219,1.0838,5.2735;5.7821,0.3039,4.9726;6.1860,-0.7542,5.9130;7.0812,-0.2483,7.0277;6.5321,0.2396,8.2240;7.3602,0.7316,9.2377;8.7422,0.7393,9.0627;9.7578,1.3788,10.2962;9.3049,0.2411,7.8909;8.4772,-0.2492,6.8769;6.5835,0.5118,3.8471;7.6339,-0.1178,3.6715;1.0027,0.3499,6.0523;-0.1658,1.0572,6.1493;-1.0759,0.0652,6.3935;-2.9037,0.3797,6.6182;-0.5227,-1.1289,6.4436;0.8276,-0.9444,6.2212;2.5921,2.7356,-2.3048;3.1512,1.2109,-1.5775;4.1559,2.6460,-1.4997;1.8776,4.6985,-0.7043;3.4053,4.6225,0.1717;1.9030,4.4218,1.0514;0.4370,2.6140,-1.0069;0.4588,2.3873,0.7543;0.9584,1.0712,-0.2968;4.1642,0.7734,2.6592;6.7739,1.3585,1.9087;6.2548,3.7543,2.6147;7.6937,3.0288,3.2966;3.3688,4.2673,5.2849;1.2959,3.0639,5.7589;3.4102,-0.6754,5.6435;6.7099,-1.5478,5.3647;5.3141,-1.2487,6.3533;5.4552,0.2437,8.3757;6.9221,1.1132,10.1562;10.3832,0.2385,7.7550;8.9305,-0.6275,5.9616;</g>
	</geometry>
	<conformers/>
	<properties/>
</molecule>
