<?xml version="1.0" ?>
<!--MOLLI PACKAGE EXPERIMENTAL XML FORMAT-->
<molecule name="prELN032036-154">
	<atoms>
		<a id="1" s="C" t="C.3" l="C"/>
		<a id="2" s="C" t="C.3" l="C"/>
		<a id="3" s="C" t="C.3" l="C"/>
		<a id="4" s="C" t="C.3" l="C"/>
		<a id="5" s="O" t="O.3" l="O"/>
		<a id="6" s="C" t="C.2" l="C"/>
		<a id="7" s="O" t="O.2" l="O"/>
		<a id="8" s="N" t="N.am" l="N"/>
		<a id="9" s="C" t="C.3" l="C"/>
		<a id="10" s="C" t="C.3" l="C"/>
		<a id="11" s="S" t="S.3" l="S"/>
		<a id="12" s="C" t="C.ar" l="C"/>
		<a id="13" s="C" t="C.ar" l="C"/>
		<a id="14" s="C" t="C.ar" l="C"/>
		<a id="15" s="C" t="C.ar" l="C"/>
		<a id="16" s="C" t="C.ar" l="C"/>
		<a id="17" s="C" t="C.ar" l="C"/>
		<a id="18" s="N" t="N.am" l="N"/>
		<a id="19" s="C" t="C.3" l="C"/>
		<a id="20" s="C" t="C.ar" l="C"/>
		<a id="21" s="C" t="C.ar" l="C"/>
		<a id="22" s="C" t="C.ar" l="C"/>
		<a id="23" s="C" t="C.ar" l="C"/>
		<a id="24" s="Cl" t="Cl" l="CL"/>
		<a id="25" s="C" t="C.ar" l="C"/>
		<a id="26" s="C" t="C.ar" l="C"/>
		<a id="27" s="C" t="C.2" l="C"/>
		<a id="28" s="O" t="O.2" l="O"/>
		<a id="29" s="C" t="C.ar" l="C"/>
		<a id="30" s="O" t="O.2" l="O"/>
		<a id="31" s="C" t="C.ar" l="C"/>
		<a id="32" s="Br" t="Br" l="BR"/>
		<a id="33" s="N" t="N.ar" l="N"/>
		<a id="34" s="N" t="N.ar" l="N"/>
		<a id="35" s="H" t="H" l="H"/>
		<a id="36" s="H" t="H" l="H"/>
		<a id="37" s="H" t="H" l="H"/>
		<a id="38" s="H" t="H" l="H"/>
		<a id="39" s="H" t="H" l="H"/>
		<a id="40" s="H" t="H" l="H"/>
		<a id="41" s="H" t="H" l="H"/>
		<a id="42" s="H" t="H" l="H"/>
		<a id="43" s="H" t="H" l="H"/>
		<a id="44" s="H" t="H" l="H"/>
		<a id="45" s="H" t="H" l="H"/>
		<a id="46" s="H" t="H" l="H"/>
		<a id="47" s="H" t="H" l="H"/>
		<a id="48" s="H" t="H" l="H"/>
		<a id="49" s="H" t="H" l="H"/>
		<a id="50" s="H" t="H" l="H"/>
		<a id="51" s="H" t="H" l="H"/>
		<a id="52" s="H" t="H" l="H"/>
		<a id="53" s="H" t="H" l="H"/>
		<a id="54" s="H" t="H" l="H"/>
		<a id="55" s="H" t="H" l="H"/>
		<a id="56" s="H" t="H" l="H"/>
	</atoms>
	<bonds>
		<b id="1" c="1 2" t="1"/>
		<b id="2" c="2 3" t="1"/>
		<b id="3" c="2 4" t="1"/>
		<b id="4" c="2 5" t="1"/>
		<b id="5" c="5 6" t="1"/>
		<b id="6" c="6 7" t="2"/>
		<b id="7" c="6 8" t="am"/>
		<b id="8" c="8 9" t="1"/>
		<b id="9" c="9 10" t="1"/>
		<b id="10" c="10 11" t="1"/>
		<b id="11" c="11 12" t="1"/>
		<b id="12" c="12 13" t="ar"/>
		<b id="13" c="13 14" t="ar"/>
		<b id="14" c="14 15" t="ar"/>
		<b id="15" c="15 16" t="ar"/>
		<b id="16" c="16 17" t="ar"/>
		<b id="17" c="12 17" t="ar"/>
		<b id="18" c="17 18" t="1"/>
		<b id="19" c="18 19" t="1"/>
		<b id="20" c="19 20" t="1"/>
		<b id="21" c="20 21" t="ar"/>
		<b id="22" c="21 22" t="ar"/>
		<b id="23" c="22 23" t="ar"/>
		<b id="24" c="23 24" t="1"/>
		<b id="25" c="23 25" t="ar"/>
		<b id="26" c="25 26" t="ar"/>
		<b id="27" c="20 26" t="ar"/>
		<b id="28" c="18 27" t="am"/>
		<b id="29" c="9 27" t="1"/>
		<b id="30" c="27 28" t="2"/>
		<b id="31" c="15 29" t="1"/>
		<b id="32" c="29 30" t="ar"/>
		<b id="33" c="30 31" t="ar"/>
		<b id="34" c="31 32" t="1"/>
		<b id="35" c="31 33" t="ar"/>
		<b id="36" c="33 34" t="ar"/>
		<b id="37" c="29 34" t="ar"/>
		<b id="38" c="1 35" t="1"/>
		<b id="39" c="1 36" t="1"/>
		<b id="40" c="1 37" t="1"/>
		<b id="41" c="3 38" t="1"/>
		<b id="42" c="3 39" t="1"/>
		<b id="43" c="3 40" t="1"/>
		<b id="44" c="4 41" t="1"/>
		<b id="45" c="4 42" t="1"/>
		<b id="46" c="4 43" t="1"/>
		<b id="47" c="8 44" t="1"/>
		<b id="48" c="9 45" t="1"/>
		<b id="49" c="10 46" t="1"/>
		<b id="50" c="10 47" t="1"/>
		<b id="51" c="13 48" t="1"/>
		<b id="52" c="14 49" t="1"/>
		<b id="53" c="16 50" t="1"/>
		<b id="54" c="19 51" t="1"/>
		<b id="55" c="19 52" t="1"/>
		<b id="56" c="21 53" t="1"/>
		<b id="57" c="22 54" t="1"/>
		<b id="58" c="25 55" t="1"/>
		<b id="59" c="26 56" t="1"/>
	</bonds>
	<geometry>
		<g u="A" t="cart/3d">#56,3:0.6506,-0.6535,-3.9317;1.1653,-0.0124,-2.6391;1.4579,1.4807,-2.8296;0.0773,-0.1569,-1.5579;2.3167,-0.7452,-2.1276;3.5184,-0.7255,-2.7525;3.7995,-0.1042,-3.7638;4.3803,-1.5235,-2.0632;5.7875,-1.7401,-2.4258;6.6755,-0.4968,-2.3236;7.1851,0.0927,-0.6505;5.9453,-0.6056,0.4251;5.3229,0.2563,1.3430;4.3335,-0.2095,2.2278;3.9507,-1.5524,2.2118;4.6436,-2.4223,1.3661;5.6414,-1.9755,0.4919;6.2893,-2.9684,-0.2832;6.9835,-4.0189,0.4815;6.3470,-5.3945,0.4515;5.3887,-5.7814,-0.4922;4.8606,-7.0749,-0.4942;5.2917,-8.0008,0.4502;4.6446,-9.5941,0.4415;6.2467,-7.6433,1.3963;6.7759,-6.3483,1.3889;6.5064,-2.8661,-1.6536;7.2986,-3.6058,-2.2438;2.8615,-2.1192,2.9918;2.0628,-1.2779,3.7183;1.1246,-2.1594,4.2034;-0.3083,-1.6616,5.2866;1.3324,-3.3984,3.8062;2.4555,-3.3712,3.0204;-0.2546,-0.1504,-4.2911;0.4145,-1.7118,-3.7740;1.3969,-0.6107,-4.7306;0.5302,2.0531,-2.9553;2.0715,1.6674,-3.7152;2.0004,1.8864,-1.9689;-0.9195,0.0740,-1.9512;0.2651,0.5209,-0.7168;0.0599,-1.1712,-1.1440;3.9476,-2.0826,-1.3418;5.7569,-2.0590,-3.4769;6.2206,0.3492,-2.8464;7.6193,-0.7084,-2.8433;5.6051,1.3088,1.3775;3.8693,0.4962,2.9144;4.3613,-3.4755,1.3506;7.0474,-3.6989,1.5330;8.0154,-4.0922,0.1190;5.0402,-5.0890,-1.2549;4.1231,-7.3523,-1.2420;6.5880,-8.3654,2.1329;7.5311,-6.0913,2.1342;</g>
	</geometry>
	<conformers/>
	<properties/>
</molecule>
