<?xml version="1.0" ?>
<!--MOLLI PACKAGE EXPERIMENTAL XML FORMAT-->
<molecule name="prELN032036-154">
	<atoms>
		<a id="1" s="F" t="F" l="F"/>
		<a id="2" s="C" t="C.3" l="C"/>
		<a id="3" s="F" t="F" l="F"/>
		<a id="4" s="C" t="C.3" l="C"/>
		<a id="5" s="N" t="N.3" l="N"/>
		<a id="6" s="C" t="C.3" l="C"/>
		<a id="7" s="C" t="C.3" l="C"/>
		<a id="8" s="F" t="F" l="F"/>
		<a id="9" s="F" t="F" l="F"/>
		<a id="10" s="O" t="O.3" l="O"/>
		<a id="11" s="H" t="H" l="H"/>
		<a id="12" s="H" t="H" l="H"/>
		<a id="13" s="H" t="H" l="H"/>
		<a id="14" s="H" t="H" l="H"/>
		<a id="15" s="H" t="H" l="H"/>
	</atoms>
	<bonds>
		<b id="1" c="1 2" t="1"/>
		<b id="2" c="2 3" t="1"/>
		<b id="3" c="2 4" t="1"/>
		<b id="4" c="4 5" t="1"/>
		<b id="5" c="5 6" t="1"/>
		<b id="6" c="6 7" t="1"/>
		<b id="7" c="7 8" t="1"/>
		<b id="8" c="7 9" t="1"/>
		<b id="9" c="7 10" t="1"/>
		<b id="10" c="2 10" t="1"/>
		<b id="11" c="4 11" t="1"/>
		<b id="12" c="4 12" t="1"/>
		<b id="13" c="5 13" t="1"/>
		<b id="14" c="6 14" t="1"/>
		<b id="15" c="6 15" t="1"/>
	</bonds>
	<geometry>
		<g u="A" t="cart/3d">#15,3:0.8888,-0.0256,0.1285;2.2348,-0.0391,-0.0039;2.7462,0.2555,1.2198;2.7153,1.0364,-1.0147;2.3962,0.7483,-2.4324;2.7651,-0.6616,-2.6978;2.2584,-1.6708,-1.6343;0.9135,-1.7957,-1.6763;2.7719,-2.8959,-1.9153;2.6549,-1.3515,-0.3157;3.8045,1.1329,-0.9232;2.2813,2.0047,-0.7461;2.9097,1.3760,-3.0505;3.8595,-0.7276,-2.7443;2.3805,-0.9478,-3.6823;</g>
	</geometry>
	<conformers/>
	<properties/>
</molecule>
