<?xml version="1.0" ?>
<!--MOLLI PACKAGE EXPERIMENTAL XML FORMAT-->
<molecule name="prELN032036-153">
	<atoms>
		<a id="1" s="Cl" t="Cl" l="CL"/>
		<a id="2" s="F" t="F" l="F"/>
		<a id="3" s="C" t="C.3" l="C"/>
		<a id="4" s="F" t="F" l="F"/>
		<a id="5" s="F" t="F" l="F"/>
		<a id="6" s="C" t="C.3" l="C"/>
		<a id="7" s="C" t="C.3" l="C"/>
		<a id="8" s="O" t="O.3" l="O"/>
		<a id="9" s="C" t="C.3" l="C"/>
		<a id="10" s="C" t="C.3" l="C"/>
		<a id="11" s="N" t="N.3" l="N"/>
		<a id="12" s="H" t="H" l="H"/>
		<a id="13" s="H" t="H" l="H"/>
		<a id="14" s="H" t="H" l="H"/>
		<a id="15" s="H" t="H" l="H"/>
		<a id="16" s="H" t="H" l="H"/>
		<a id="17" s="H" t="H" l="H"/>
		<a id="18" s="H" t="H" l="H"/>
		<a id="19" s="H" t="H" l="H"/>
		<a id="20" s="H" t="H" l="H"/>
	</atoms>
	<bonds>
		<b id="1" c="2 3" t="1"/>
		<b id="2" c="3 4" t="1"/>
		<b id="3" c="3 5" t="1"/>
		<b id="4" c="3 6" t="1"/>
		<b id="5" c="6 7" t="1"/>
		<b id="6" c="7 8" t="1"/>
		<b id="7" c="8 9" t="1"/>
		<b id="8" c="9 10" t="1"/>
		<b id="9" c="10 11" t="1"/>
		<b id="10" c="6 11" t="1"/>
		<b id="11" c="1 12" t="1"/>
		<b id="12" c="6 13" t="1"/>
		<b id="13" c="7 14" t="1"/>
		<b id="14" c="7 15" t="1"/>
		<b id="15" c="9 16" t="1"/>
		<b id="16" c="9 17" t="1"/>
		<b id="17" c="10 18" t="1"/>
		<b id="18" c="10 19" t="1"/>
		<b id="19" c="11 20" t="1"/>
	</bonds>
	<geometry>
		<g u="A" t="cart/3d">#20,3:0.6983,-0.5915,-2.8515;1.6095,1.0259,-0.1777;2.0581,-0.0559,0.5643;0.9672,-0.8530,0.8610;2.9257,-0.7885,-0.2280;2.7457,0.3909,1.8834;2.9558,1.9192,1.9484;3.5634,2.2875,3.1729;4.8423,1.6912,3.2578;4.7182,0.1634,3.2647;4.0486,-0.2826,2.0417;1.9755,-1.0381,-2.6054;2.0848,0.1207,2.7385;1.9636,2.4199,1.9001;3.5567,2.2911,1.0861;5.3268,2.0150,4.2034;5.4950,2.0378,2.4237;4.1342,-0.1598,4.1551;5.7317,-0.2913,3.3207;3.9123,-1.3186,2.0899;</g>
	</geometry>
	<conformers/>
	<properties/>
</molecule>
