<?xml version="1.0" ?>
<!--MOLLI PACKAGE EXPERIMENTAL XML FORMAT-->
<molecule name="prELN032036-157">
	<atoms>
		<a id="1" s="C" t="C.3" l="C"/>
		<a id="2" s="C" t="C.3" l="C"/>
		<a id="3" s="O" t="O.3" l="O"/>
		<a id="4" s="C" t="C.ar" l="C"/>
		<a id="5" s="C" t="C.ar" l="C"/>
		<a id="6" s="C" t="C.ar" l="C"/>
		<a id="7" s="C" t="C.ar" l="C"/>
		<a id="8" s="N" t="N.pl3" l="N"/>
		<a id="9" s="C" t="C.ar" l="C"/>
		<a id="10" s="C" t="C.ar" l="C"/>
		<a id="11" s="C" t="C.ar" l="C"/>
		<a id="12" s="C" t="C.ar" l="C"/>
		<a id="13" s="Cl" t="Cl" l="CL"/>
		<a id="14" s="C" t="C.ar" l="C"/>
		<a id="15" s="C" t="C.ar" l="C"/>
		<a id="16" s="N" t="N.am" l="N"/>
		<a id="17" s="C" t="C.2" l="C"/>
		<a id="18" s="O" t="O.2" l="O"/>
		<a id="19" s="O" t="O.3" l="O"/>
		<a id="20" s="C" t="C.3" l="C"/>
		<a id="21" s="C" t="C.3" l="C"/>
		<a id="22" s="C" t="C.3" l="C"/>
		<a id="23" s="C" t="C.3" l="C"/>
		<a id="24" s="N" t="N.ar" l="N"/>
		<a id="25" s="C" t="C.ar" l="C"/>
		<a id="26" s="N" t="N.ar" l="N"/>
		<a id="27" s="N" t="N.ar" l="N"/>
		<a id="28" s="C" t="C.ar" l="C"/>
		<a id="29" s="C" t="C.ar" l="C"/>
		<a id="30" s="C" t="C.ar" l="C"/>
		<a id="31" s="C" t="C.3" l="C"/>
		<a id="32" s="C" t="C.1" l="C"/>
		<a id="33" s="N" t="N.1" l="N"/>
		<a id="34" s="H" t="H" l="H"/>
		<a id="35" s="H" t="H" l="H"/>
		<a id="36" s="H" t="H" l="H"/>
		<a id="37" s="H" t="H" l="H"/>
		<a id="38" s="H" t="H" l="H"/>
		<a id="39" s="H" t="H" l="H"/>
		<a id="40" s="H" t="H" l="H"/>
		<a id="41" s="H" t="H" l="H"/>
		<a id="42" s="H" t="H" l="H"/>
		<a id="43" s="H" t="H" l="H"/>
		<a id="44" s="H" t="H" l="H"/>
		<a id="45" s="H" t="H" l="H"/>
		<a id="46" s="H" t="H" l="H"/>
		<a id="47" s="H" t="H" l="H"/>
		<a id="48" s="H" t="H" l="H"/>
		<a id="49" s="H" t="H" l="H"/>
		<a id="50" s="H" t="H" l="H"/>
		<a id="51" s="H" t="H" l="H"/>
		<a id="52" s="H" t="H" l="H"/>
		<a id="53" s="H" t="H" l="H"/>
		<a id="54" s="H" t="H" l="H"/>
		<a id="55" s="H" t="H" l="H"/>
		<a id="56" s="H" t="H" l="H"/>
		<a id="57" s="H" t="H" l="H"/>
		<a id="58" s="H" t="H" l="H"/>
	</atoms>
	<bonds>
		<b id="1" c="1 2" t="1"/>
		<b id="2" c="2 3" t="1"/>
		<b id="3" c="2 4" t="1"/>
		<b id="4" c="4 5" t="ar"/>
		<b id="5" c="5 6" t="ar"/>
		<b id="6" c="6 7" t="ar"/>
		<b id="7" c="7 8" t="1"/>
		<b id="8" c="8 9" t="1"/>
		<b id="9" c="9 10" t="ar"/>
		<b id="10" c="10 11" t="ar"/>
		<b id="11" c="11 12" t="ar"/>
		<b id="12" c="12 13" t="1"/>
		<b id="13" c="12 14" t="ar"/>
		<b id="14" c="14 15" t="ar"/>
		<b id="15" c="9 15" t="ar"/>
		<b id="16" c="15 16" t="1"/>
		<b id="17" c="16 17" t="am"/>
		<b id="18" c="17 18" t="2"/>
		<b id="19" c="17 19" t="1"/>
		<b id="20" c="19 20" t="1"/>
		<b id="21" c="20 21" t="1"/>
		<b id="22" c="20 22" t="1"/>
		<b id="23" c="20 23" t="1"/>
		<b id="24" c="7 24" t="ar"/>
		<b id="25" c="24 25" t="ar"/>
		<b id="26" c="4 25" t="ar"/>
		<b id="27" c="25 26" t="1"/>
		<b id="28" c="26 27" t="ar"/>
		<b id="29" c="27 28" t="ar"/>
		<b id="30" c="28 29" t="ar"/>
		<b id="31" c="29 30" t="ar"/>
		<b id="32" c="26 30" t="ar"/>
		<b id="33" c="30 31" t="1"/>
		<b id="34" c="28 32" t="1"/>
		<b id="35" c="32 33" t="3"/>
		<b id="36" c="1 34" t="1"/>
		<b id="37" c="1 35" t="1"/>
		<b id="38" c="1 36" t="1"/>
		<b id="39" c="2 37" t="1"/>
		<b id="40" c="3 38" t="1"/>
		<b id="41" c="5 39" t="1"/>
		<b id="42" c="6 40" t="1"/>
		<b id="43" c="8 41" t="1"/>
		<b id="44" c="10 42" t="1"/>
		<b id="45" c="11 43" t="1"/>
		<b id="46" c="14 44" t="1"/>
		<b id="47" c="16 45" t="1"/>
		<b id="48" c="21 46" t="1"/>
		<b id="49" c="21 47" t="1"/>
		<b id="50" c="21 48" t="1"/>
		<b id="51" c="22 49" t="1"/>
		<b id="52" c="22 50" t="1"/>
		<b id="53" c="22 51" t="1"/>
		<b id="54" c="23 52" t="1"/>
		<b id="55" c="23 53" t="1"/>
		<b id="56" c="23 54" t="1"/>
		<b id="57" c="29 55" t="1"/>
		<b id="58" c="31 56" t="1"/>
		<b id="59" c="31 57" t="1"/>
		<b id="60" c="31 58" t="1"/>
	</bonds>
	<geometry>
		<g u="A" t="cart/3d">#58,3:4.0099,-1.6894,-0.6989;3.1239,-0.5203,-0.2632;1.7614,-0.7957,-0.6212;3.2351,-0.3051,1.2327;2.3267,-0.9894,2.0627;2.4629,-0.9651,3.4401;3.4753,-0.2068,3.9950;3.6446,-0.2719,5.3891;4.3043,0.6328,6.2560;4.9713,0.0668,7.3688;5.5168,0.8585,8.3793;5.4149,2.2347,8.2872;6.0392,3.2322,9.5419;4.7864,2.8177,7.1923;4.1941,2.0422,6.1798;3.4727,2.6741,5.1283;2.9976,3.9636,5.1568;3.0540,4.7094,6.1245;2.4078,4.3195,3.9753;1.7739,5.6353,3.9263;2.7938,6.7778,4.0933;1.1422,5.7845,2.5315;0.6344,5.7279,4.9568;4.2891,0.5520,3.2375;4.2152,0.4753,1.8746;5.2376,1.1991,1.1487;5.4909,0.9526,-0.1660;6.5287,1.7250,-0.4864;6.9525,2.5125,0.5843;6.1258,2.1677,1.6318;6.1085,2.7375,3.0003;7.0653,1.6842,-1.8156;7.5163,1.6622,-2.8815;3.9683,-1.8175,-1.7847;3.6655,-2.6305,-0.2537;5.0558,-1.5594,-0.4043;3.3539,0.3941,-0.8119;1.6502,-1.7592,-0.6663;1.5093,-1.5699,1.6406;1.7744,-1.5224,4.0675;3.8562,-1.2382,5.6245;5.0551,-1.0131,7.4718;6.0014,0.3986,9.2355;4.7684,3.9021,7.1579;3.2396,2.1161,4.3158;3.5067,6.7903,3.2609;3.3945,6.6943,5.0020;2.2915,7.7511,4.1268;1.8960,5.7007,1.7412;0.6449,6.7570,2.4265;0.4004,5.0003,2.3471;0.9865,5.6621,5.9893;-0.0721,4.9014,4.8200;0.0915,6.6740,4.8686;7.7542,3.2425,0.6050;6.9077,3.4782,3.1198;6.2681,1.9739,3.7645;5.1645,3.2583,3.1718;</g>
	</geometry>
	<conformers/>
	<properties/>
</molecule>
