<?xml version="1.0" ?>
<!--MOLLI PACKAGE EXPERIMENTAL XML FORMAT-->
<molecule name="prELN032036-160">
	<atoms>
		<a id="1" s="C" t="C.ar" l="C"/>
		<a id="2" s="C" t="C.ar" l="C"/>
		<a id="3" s="N" t="N.ar" l="N"/>
		<a id="4" s="N" t="N.ar" l="N"/>
		<a id="5" s="C" t="C.ar" l="C"/>
		<a id="6" s="H" t="H" l="H"/>
		<a id="7" s="H" t="H" l="H"/>
		<a id="8" s="H" t="H" l="H"/>
		<a id="9" s="H" t="H" l="H"/>
	</atoms>
	<bonds>
		<b id="1" c="1 2" t="ar"/>
		<b id="2" c="2 3" t="ar"/>
		<b id="3" c="3 4" t="ar"/>
		<b id="4" c="4 5" t="ar"/>
		<b id="5" c="1 5" t="ar"/>
		<b id="6" c="1 6" t="1"/>
		<b id="7" c="2 7" t="1"/>
		<b id="8" c="4 8" t="1"/>
		<b id="9" c="5 9" t="1"/>
	</bonds>
	<geometry>
		<g u="A" t="cart/3d">#9,3:1.0019,0.7653,-0.0009;-0.3703,1.0749,0.0023;-1.1374,-0.0180,0.0033;-0.2513,-1.0281,0.0011;1.0472,-0.6081,-0.0013;1.8390,1.4485,-0.0023;-0.8422,2.0491,0.0041;-0.6053,-1.9791,0.0018;1.8686,-1.3098,-0.0029;</g>
	</geometry>
	<conformers/>
	<properties/>
</molecule>
