<?xml version="1.0" ?>
<!--MOLLI PACKAGE EXPERIMENTAL XML FORMAT-->
<molecule name="prELN032036-163">
	<atoms>
		<a id="1" s="Cl" t="Cl" l="CL"/>
		<a id="2" s="C" t="C.ar" l="C"/>
		<a id="3" s="C" t="C.ar" l="C"/>
		<a id="4" s="C" t="C.ar" l="C"/>
		<a id="5" s="O" t="O.2" l="O"/>
		<a id="6" s="N" t="N.ar" l="N"/>
		<a id="7" s="C" t="C.3" l="C"/>
		<a id="8" s="C" t="C.3" l="C"/>
		<a id="9" s="O" t="O.3" l="O"/>
		<a id="10" s="C" t="C.3" l="C"/>
		<a id="11" s="C" t="C.3" l="C"/>
		<a id="12" s="C" t="C.3" l="C"/>
		<a id="13" s="O" t="O.3" l="O"/>
		<a id="14" s="N" t="N.am" l="N"/>
		<a id="15" s="C" t="C.2" l="C"/>
		<a id="16" s="O" t="O.2" l="O"/>
		<a id="17" s="C" t="C.ar" l="C"/>
		<a id="18" s="C" t="C.ar" l="C"/>
		<a id="19" s="C" t="C.ar" l="C"/>
		<a id="20" s="C" t="C.ar" l="C"/>
		<a id="21" s="C" t="C.ar" l="C"/>
		<a id="22" s="C" t="C.ar" l="C"/>
		<a id="23" s="C" t="C.2" l="C"/>
		<a id="24" s="O" t="O.2" l="O"/>
		<a id="25" s="C" t="C.ar" l="C"/>
		<a id="26" s="C" t="C.ar" l="C"/>
		<a id="27" s="C" t="C.ar" l="C"/>
		<a id="28" s="C" t="C.ar" l="C"/>
		<a id="29" s="C" t="C.ar" l="C"/>
		<a id="30" s="C" t="C.ar" l="C"/>
		<a id="31" s="H" t="H" l="H"/>
		<a id="32" s="H" t="H" l="H"/>
		<a id="33" s="H" t="H" l="H"/>
		<a id="34" s="H" t="H" l="H"/>
		<a id="35" s="H" t="H" l="H"/>
		<a id="36" s="H" t="H" l="H"/>
		<a id="37" s="H" t="H" l="H"/>
		<a id="38" s="H" t="H" l="H"/>
		<a id="39" s="H" t="H" l="H"/>
		<a id="40" s="H" t="H" l="H"/>
		<a id="41" s="H" t="H" l="H"/>
		<a id="42" s="H" t="H" l="H"/>
		<a id="43" s="H" t="H" l="H"/>
		<a id="44" s="H" t="H" l="H"/>
		<a id="45" s="H" t="H" l="H"/>
		<a id="46" s="H" t="H" l="H"/>
		<a id="47" s="H" t="H" l="H"/>
	</atoms>
	<bonds>
		<b id="1" c="1 2" t="1"/>
		<b id="2" c="2 3" t="ar"/>
		<b id="3" c="3 4" t="ar"/>
		<b id="4" c="4 5" t="2"/>
		<b id="5" c="4 6" t="ar"/>
		<b id="6" c="6 7" t="1"/>
		<b id="7" c="7 8" t="1"/>
		<b id="8" c="8 9" t="1"/>
		<b id="9" c="9 10" t="1"/>
		<b id="10" c="10 11" t="1"/>
		<b id="11" c="11 12" t="1"/>
		<b id="12" c="12 13" t="1"/>
		<b id="13" c="8 13" t="1"/>
		<b id="14" c="11 14" t="1"/>
		<b id="15" c="14 15" t="am"/>
		<b id="16" c="15 16" t="2"/>
		<b id="17" c="15 17" t="1"/>
		<b id="18" c="17 18" t="ar"/>
		<b id="19" c="18 19" t="ar"/>
		<b id="20" c="19 20" t="ar"/>
		<b id="21" c="20 21" t="ar"/>
		<b id="22" c="21 22" t="ar"/>
		<b id="23" c="17 22" t="ar"/>
		<b id="24" c="22 23" t="1"/>
		<b id="25" c="14 23" t="am"/>
		<b id="26" c="23 24" t="2"/>
		<b id="27" c="6 25" t="ar"/>
		<b id="28" c="25 26" t="ar"/>
		<b id="29" c="26 27" t="ar"/>
		<b id="30" c="27 28" t="ar"/>
		<b id="31" c="28 29" t="ar"/>
		<b id="32" c="29 30" t="ar"/>
		<b id="33" c="2 30" t="ar"/>
		<b id="34" c="25 30" t="ar"/>
		<b id="35" c="3 31" t="1"/>
		<b id="36" c="7 32" t="1"/>
		<b id="37" c="7 33" t="1"/>
		<b id="38" c="8 34" t="1"/>
		<b id="39" c="10 35" t="1"/>
		<b id="40" c="10 36" t="1"/>
		<b id="41" c="11 37" t="1"/>
		<b id="42" c="12 38" t="1"/>
		<b id="43" c="12 39" t="1"/>
		<b id="44" c="18 40" t="1"/>
		<b id="45" c="19 41" t="1"/>
		<b id="46" c="20 42" t="1"/>
		<b id="47" c="21 43" t="1"/>
		<b id="48" c="26 44" t="1"/>
		<b id="49" c="27 45" t="1"/>
		<b id="50" c="28 46" t="1"/>
		<b id="51" c="29 47" t="1"/>
	</bonds>
	<geometry>
		<g u="A" t="cart/3d">#47,3:8.6233,4.5953,3.1183;8.1090,3.2132,2.2215;8.9844,2.2386,1.9726;8.6455,1.0605,1.1521;9.5494,0.2634,0.9129;7.3460,0.9667,0.6834;6.9110,-0.1630,-0.1441;7.7438,-1.4364,-0.3267;7.9473,-2.0343,0.9514;8.4678,-3.3477,0.8298;7.3889,-4.2051,0.1726;7.1965,-3.6148,-1.2257;6.8974,-2.2322,-1.1841;6.1679,-4.3247,0.9997;6.3925,-4.8591,2.2537;7.0429,-4.4383,3.1880;5.7565,-6.1636,2.2664;6.1519,-7.2897,2.9538;5.6070,-8.5010,2.5330;4.6611,-8.5447,1.4796;4.2952,-7.3835,0.7945;4.8992,-6.2050,1.1900;5.0827,-4.9728,0.4423;4.4346,-4.6967,-0.5494;6.3754,1.9953,0.9423;5.0552,1.9103,0.4396;4.1058,2.8918,0.7190;4.4573,3.9852,1.4922;5.7607,4.0976,1.9797;6.7308,3.1119,1.7208;10.0049,2.2752,2.3386;6.6816,0.2371,-1.1400;5.9710,-0.5184,0.3007;8.6997,-1.2527,-0.8291;8.7589,-3.7102,1.8172;9.3868,-3.3426,0.2298;7.7655,-5.2304,0.0538;6.4005,-4.1144,-1.7837;8.1096,-3.7571,-1.8171;6.9361,-7.2384,3.7049;5.9529,-9.4287,2.9854;4.2727,-9.5052,1.1578;3.6409,-7.4137,-0.0700;4.7239,1.0833,-0.1796;3.0933,2.7896,0.3372;3.7214,4.7527,1.7168;5.9967,4.9759,2.5764;</g>
	</geometry>
	<conformers/>
	<properties/>
</molecule>
