<?xml version="1.0" ?>
<!--MOLLI PACKAGE EXPERIMENTAL XML FORMAT-->
<molecule name="prELN032036-163">
	<atoms>
		<a id="1" s="C" t="C.3" l="C"/>
		<a id="2" s="C" t="C.3" l="C"/>
		<a id="3" s="C" t="C.3" l="C"/>
		<a id="4" s="C" t="C.3" l="C"/>
		<a id="5" s="N" t="N.3" l="N"/>
		<a id="6" s="C" t="C.3" l="C"/>
		<a id="7" s="C" t="C.3" l="C"/>
		<a id="8" s="C" t="C.3" l="C"/>
		<a id="9" s="C" t="C.3" l="C"/>
		<a id="10" s="N" t="N.3" l="N"/>
		<a id="11" s="H" t="H" l="H"/>
		<a id="12" s="H" t="H" l="H"/>
		<a id="13" s="H" t="H" l="H"/>
		<a id="14" s="H" t="H" l="H"/>
		<a id="15" s="H" t="H" l="H"/>
		<a id="16" s="H" t="H" l="H"/>
		<a id="17" s="H" t="H" l="H"/>
		<a id="18" s="H" t="H" l="H"/>
		<a id="19" s="H" t="H" l="H"/>
		<a id="20" s="H" t="H" l="H"/>
		<a id="21" s="H" t="H" l="H"/>
		<a id="22" s="H" t="H" l="H"/>
		<a id="23" s="H" t="H" l="H"/>
		<a id="24" s="H" t="H" l="H"/>
	</atoms>
	<bonds>
		<b id="1" c="1 2" t="1"/>
		<b id="2" c="2 3" t="1"/>
		<b id="3" c="1 3" t="1"/>
		<b id="4" c="3 4" t="1"/>
		<b id="5" c="4 5" t="1"/>
		<b id="6" c="5 6" t="1"/>
		<b id="7" c="6 7" t="1"/>
		<b id="8" c="7 8" t="1"/>
		<b id="9" c="6 8" t="1"/>
		<b id="10" c="6 9" t="1"/>
		<b id="11" c="9 10" t="1"/>
		<b id="12" c="3 10" t="1"/>
		<b id="13" c="1 11" t="1"/>
		<b id="14" c="1 12" t="1"/>
		<b id="15" c="2 13" t="1"/>
		<b id="16" c="2 14" t="1"/>
		<b id="17" c="4 15" t="1"/>
		<b id="18" c="4 16" t="1"/>
		<b id="19" c="5 17" t="1"/>
		<b id="20" c="7 18" t="1"/>
		<b id="21" c="7 19" t="1"/>
		<b id="22" c="8 20" t="1"/>
		<b id="23" c="8 21" t="1"/>
		<b id="24" c="9 22" t="1"/>
		<b id="25" c="9 23" t="1"/>
		<b id="26" c="10 24" t="1"/>
	</bonds>
	<geometry>
		<g u="A" t="cart/3d">#24,3:1.2825,-0.0733,0.4846;2.5574,-0.1148,1.2763;2.6139,-0.0772,-0.2319;3.0592,1.2143,-0.9160;2.5254,1.2418,-2.2848;2.8500,-0.0163,-3.0137;2.6934,0.0079,-4.5157;4.0672,-0.0170,-3.9120;2.4673,-1.3187,-2.2997;3.0124,-1.3325,-0.9316;0.7051,0.8435,0.4818;0.6779,-0.9714,0.4377;2.8004,-1.0440,1.7793;2.8349,0.7726,1.8318;4.1553,1.2584,-0.9358;2.7030,2.0952,-0.3715;2.8971,2.0565,-2.7669;2.3497,0.9239,-4.9824;2.3379,-0.8890,-5.0118;4.6659,0.8841,-3.9823;4.6442,-0.9297,-4.0030;2.8493,-2.1929,-2.8401;1.3755,-1.4122,-2.2678;4.0276,-1.3593,-1.0048;</g>
	</geometry>
	<conformers/>
	<properties/>
</molecule>
