<?xml version="1.0" ?>
<!--MOLLI PACKAGE EXPERIMENTAL XML FORMAT-->
<molecule name="prELN032036-165">
	<atoms>
		<a id="1" s="Br" t="Br" l="BR"/>
		<a id="2" s="C" t="C.ar" l="C"/>
		<a id="3" s="C" t="C.ar" l="C"/>
		<a id="4" s="C" t="C.ar" l="C"/>
		<a id="5" s="N" t="N.pl3" l="N"/>
		<a id="6" s="O" t="O.co2" l="O"/>
		<a id="7" s="O" t="O.2" l="O"/>
		<a id="8" s="C" t="C.ar" l="C"/>
		<a id="9" s="N" t="N.am" l="N"/>
		<a id="10" s="C" t="C.2" l="C"/>
		<a id="11" s="O" t="O.3" l="O"/>
		<a id="12" s="C" t="C.3" l="C"/>
		<a id="13" s="C" t="C.3" l="C"/>
		<a id="14" s="C" t="C.3" l="C"/>
		<a id="15" s="C" t="C.3" l="C"/>
		<a id="16" s="O" t="O.2" l="O"/>
		<a id="17" s="C" t="C.ar" l="C"/>
		<a id="18" s="C" t="C.ar" l="C"/>
		<a id="19" s="C" t="C.3" l="C"/>
		<a id="20" s="C" t="C.2" l="C"/>
		<a id="21" s="O" t="O.3" l="O"/>
		<a id="22" s="C" t="C.3" l="C"/>
		<a id="23" s="O" t="O.2" l="O"/>
		<a id="24" s="H" t="H" l="H"/>
		<a id="25" s="H" t="H" l="H"/>
		<a id="26" s="H" t="H" l="H"/>
		<a id="27" s="H" t="H" l="H"/>
		<a id="28" s="H" t="H" l="H"/>
		<a id="29" s="H" t="H" l="H"/>
		<a id="30" s="H" t="H" l="H"/>
		<a id="31" s="H" t="H" l="H"/>
		<a id="32" s="H" t="H" l="H"/>
		<a id="33" s="H" t="H" l="H"/>
		<a id="34" s="H" t="H" l="H"/>
		<a id="35" s="H" t="H" l="H"/>
		<a id="36" s="H" t="H" l="H"/>
		<a id="37" s="H" t="H" l="H"/>
		<a id="38" s="H" t="H" l="H"/>
		<a id="39" s="H" t="H" l="H"/>
		<a id="40" s="H" t="H" l="H"/>
	</atoms>
	<bonds>
		<b id="1" c="1 2" t="1"/>
		<b id="2" c="2 3" t="ar"/>
		<b id="3" c="3 4" t="ar"/>
		<b id="4" c="4 5" t="1"/>
		<b id="5" c="5 6" t="1"/>
		<b id="6" c="5 7" t="2"/>
		<b id="7" c="4 8" t="ar"/>
		<b id="8" c="8 9" t="1"/>
		<b id="9" c="9 10" t="am"/>
		<b id="10" c="10 11" t="1"/>
		<b id="11" c="11 12" t="1"/>
		<b id="12" c="12 13" t="1"/>
		<b id="13" c="12 14" t="1"/>
		<b id="14" c="12 15" t="1"/>
		<b id="15" c="10 16" t="2"/>
		<b id="16" c="8 17" t="ar"/>
		<b id="17" c="17 18" t="ar"/>
		<b id="18" c="2 18" t="ar"/>
		<b id="19" c="18 19" t="1"/>
		<b id="20" c="19 20" t="1"/>
		<b id="21" c="20 21" t="1"/>
		<b id="22" c="21 22" t="1"/>
		<b id="23" c="20 23" t="2"/>
		<b id="24" c="3 24" t="1"/>
		<b id="25" c="9 25" t="1"/>
		<b id="26" c="13 26" t="1"/>
		<b id="27" c="13 27" t="1"/>
		<b id="28" c="13 28" t="1"/>
		<b id="29" c="14 29" t="1"/>
		<b id="30" c="14 30" t="1"/>
		<b id="31" c="14 31" t="1"/>
		<b id="32" c="15 32" t="1"/>
		<b id="33" c="15 33" t="1"/>
		<b id="34" c="15 34" t="1"/>
		<b id="35" c="17 35" t="1"/>
		<b id="36" c="19 36" t="1"/>
		<b id="37" c="19 37" t="1"/>
		<b id="38" c="22 38" t="1"/>
		<b id="39" c="22 39" t="1"/>
		<b id="40" c="22 40" t="1"/>
	</bonds>
	<geometry>
		<g u="A" t="cart/3d">#40,3:-0.9473,0.7065,2.3340;0.6404,0.5307,1.3069;1.1827,-0.7329,1.1325;2.3358,-0.8639,0.3287;2.0311,-1.4387,-1.0206;0.8654,-1.7920,-1.2476;2.9303,-1.4285,-1.8778;3.1956,0.2241,0.2412;4.6067,0.1127,0.1331;5.4696,-0.9807,0.2418;4.9033,-2.2124,0.2863;5.6782,-3.4370,0.5674;5.9657,-3.5254,2.0738;4.7468,-4.5815,0.1280;7.0053,-3.6517,-0.1876;6.6763,-0.7731,0.3137;2.5801,1.4894,0.2550;1.2223,1.6071,0.6181;0.3702,2.7896,0.1616;-0.8361,2.4440,-0.7289;-1.0245,1.1078,-0.9045;-2.1991,0.7128,-1.6251;-1.5664,3.3090,-1.2072;0.6038,-1.6069,1.4033;5.1351,0.9770,0.0993;5.1206,-3.1727,2.6697;6.8258,-2.8989,2.3379;6.2109,-4.5497,2.3791;3.7485,-4.4792,0.5637;5.1484,-5.5677,0.3891;4.6148,-4.5566,-0.9616;7.7656,-2.9079,0.0640;6.8707,-3.6413,-1.2726;7.4349,-4.6291,0.0832;3.1355,2.3746,-0.0495;0.9949,3.4637,-0.4391;0.0070,3.3513,1.0318;-2.2568,-0.3810,-1.6065;-2.1311,1.0368,-2.6669;-3.1060,1.1062,-1.1535;</g>
	</geometry>
	<conformers/>
	<properties/>
</molecule>
