<?xml version="1.0" ?>
<!--MOLLI PACKAGE EXPERIMENTAL XML FORMAT-->
<molecule name="prELN032036-167">
	<atoms>
		<a id="1" s="C" t="C.3" l="C"/>
		<a id="2" s="C" t="C.3" l="C"/>
		<a id="3" s="O" t="O.3" l="O"/>
		<a id="4" s="C" t="C.ar" l="C"/>
		<a id="5" s="C" t="C.ar" l="C"/>
		<a id="6" s="C" t="C.ar" l="C"/>
		<a id="7" s="C" t="C.ar" l="C"/>
		<a id="8" s="N" t="N.ar" l="N"/>
		<a id="9" s="C" t="C.ar" l="C"/>
		<a id="10" s="N" t="N.ar" l="N"/>
		<a id="11" s="N" t="N.ar" l="N"/>
		<a id="12" s="C" t="C.ar" l="C"/>
		<a id="13" s="C" t="C.ar" l="C"/>
		<a id="14" s="C" t="C.ar" l="C"/>
		<a id="15" s="C" t="C.3" l="C"/>
		<a id="16" s="C" t="C.1" l="C"/>
		<a id="17" s="N" t="N.1" l="N"/>
		<a id="18" s="N" t="N.ar" l="N"/>
		<a id="19" s="C" t="C.ar" l="C"/>
		<a id="20" s="N" t="N.ar" l="N"/>
		<a id="21" s="C" t="C.ar" l="C"/>
		<a id="22" s="C" t="C.ar" l="C"/>
		<a id="23" s="C" t="C.ar" l="C"/>
		<a id="24" s="Cl" t="Cl" l="CL"/>
		<a id="25" s="C" t="C.ar" l="C"/>
		<a id="26" s="C" t="C.ar" l="C"/>
		<a id="27" s="C" t="C.ar" l="C"/>
		<a id="28" s="H" t="H" l="H"/>
		<a id="29" s="H" t="H" l="H"/>
		<a id="30" s="H" t="H" l="H"/>
		<a id="31" s="H" t="H" l="H"/>
		<a id="32" s="H" t="H" l="H"/>
		<a id="33" s="H" t="H" l="H"/>
		<a id="34" s="H" t="H" l="H"/>
		<a id="35" s="H" t="H" l="H"/>
		<a id="36" s="H" t="H" l="H"/>
		<a id="37" s="H" t="H" l="H"/>
		<a id="38" s="H" t="H" l="H"/>
		<a id="39" s="H" t="H" l="H"/>
		<a id="40" s="H" t="H" l="H"/>
		<a id="41" s="H" t="H" l="H"/>
		<a id="42" s="H" t="H" l="H"/>
	</atoms>
	<bonds>
		<b id="1" c="1 2" t="1"/>
		<b id="2" c="2 3" t="1"/>
		<b id="3" c="2 4" t="1"/>
		<b id="4" c="4 5" t="ar"/>
		<b id="5" c="5 6" t="ar"/>
		<b id="6" c="6 7" t="ar"/>
		<b id="7" c="7 8" t="ar"/>
		<b id="8" c="8 9" t="ar"/>
		<b id="9" c="4 9" t="ar"/>
		<b id="10" c="9 10" t="1"/>
		<b id="11" c="10 11" t="ar"/>
		<b id="12" c="11 12" t="ar"/>
		<b id="13" c="12 13" t="ar"/>
		<b id="14" c="13 14" t="ar"/>
		<b id="15" c="10 14" t="ar"/>
		<b id="16" c="14 15" t="1"/>
		<b id="17" c="12 16" t="1"/>
		<b id="18" c="16 17" t="3"/>
		<b id="19" c="7 18" t="1"/>
		<b id="20" c="18 19" t="ar"/>
		<b id="21" c="19 20" t="ar"/>
		<b id="22" c="20 21" t="ar"/>
		<b id="23" c="21 22" t="ar"/>
		<b id="24" c="22 23" t="ar"/>
		<b id="25" c="23 24" t="1"/>
		<b id="26" c="23 25" t="ar"/>
		<b id="27" c="25 26" t="ar"/>
		<b id="28" c="26 27" t="ar"/>
		<b id="29" c="18 27" t="ar"/>
		<b id="30" c="21 27" t="ar"/>
		<b id="31" c="1 28" t="1"/>
		<b id="32" c="1 29" t="1"/>
		<b id="33" c="1 30" t="1"/>
		<b id="34" c="2 31" t="1"/>
		<b id="35" c="3 32" t="1"/>
		<b id="36" c="5 33" t="1"/>
		<b id="37" c="6 34" t="1"/>
		<b id="38" c="13 35" t="1"/>
		<b id="39" c="15 36" t="1"/>
		<b id="40" c="15 37" t="1"/>
		<b id="41" c="15 38" t="1"/>
		<b id="42" c="19 39" t="1"/>
		<b id="43" c="22 40" t="1"/>
		<b id="44" c="25 41" t="1"/>
		<b id="45" c="26 42" t="1"/>
	</bonds>
	<geometry>
		<g u="A" t="cart/3d">#42,3:1.0100,0.5091,0.2084;2.4903,0.1314,0.1049;3.2903,1.3221,0.1784;2.8942,-0.8194,1.2128;3.3596,-0.2626,2.4193;3.6772,-1.0631,3.5080;3.5608,-2.4359,3.3656;3.2161,-3.0180,2.1971;2.8326,-2.2283,1.1492;2.2886,-2.9293,0.0004;1.5378,-2.2911,-0.9325;1.0623,-3.2538,-1.7273;1.5655,-4.5162,-1.3892;2.3448,-4.3042,-0.2709;3.1340,-5.2930,0.5077;0.2009,-2.9109,-2.8290;-0.5336,-2.6686,-3.7171;3.8696,-3.2762,4.4662;4.4300,-4.5297,4.3879;5.0292,-4.8587,5.5138;4.7028,-3.8564,6.3929;5.1796,-3.5854,7.6790;4.6575,-2.4573,8.3169;5.6491,-1.6068,9.4453;3.4964,-1.8305,7.8708;3.0730,-2.0355,6.5621;3.7939,-2.9758,5.8147;0.7267,1.1545,-0.6297;0.8109,1.0787,1.1242;0.3490,-0.3605,0.2143;2.7307,-0.2840,-0.8764;2.7362,2.0395,0.5278;3.4852,0.8142,2.5191;4.0617,-0.5945,4.4091;1.3827,-5.4606,-1.8846;3.0898,-6.2783,0.0322;2.7389,-5.4105,1.5207;4.1882,-5.0026,0.5551;4.4771,-5.0841,3.4595;6.0037,-4.1533,8.0930;2.9915,-1.0968,8.4944;2.2767,-1.4367,6.1320;</g>
	</geometry>
	<conformers/>
	<properties/>
</molecule>
