<?xml version="1.0" ?>
<!--MOLLI PACKAGE EXPERIMENTAL XML FORMAT-->
<molecule name="prELN032036-168">
	<atoms>
		<a id="1" s="C" t="C.3" l="C"/>
		<a id="2" s="Si" t="Si" l="SI"/>
		<a id="3" s="C" t="C.3" l="C"/>
		<a id="4" s="C" t="C.3" l="C"/>
		<a id="5" s="C" t="C.3" l="C"/>
		<a id="6" s="C" t="C.3" l="C"/>
		<a id="7" s="O" t="O.3" l="O"/>
		<a id="8" s="C" t="C.3" l="C"/>
		<a id="9" s="N" t="N.ar" l="N"/>
		<a id="10" s="C" t="C.ar" l="C"/>
		<a id="11" s="C" t="C.ar" l="C"/>
		<a id="12" s="C" t="C.ar" l="C"/>
		<a id="13" s="N" t="N.ar" l="N"/>
		<a id="14" s="C" t="C.2" l="C"/>
		<a id="15" s="O" t="O.2" l="O"/>
		<a id="16" s="C" t="C.ar" l="C"/>
		<a id="17" s="C" t="C.ar" l="C"/>
		<a id="18" s="C" t="C.ar" l="C"/>
		<a id="19" s="C" t="C.ar" l="C"/>
		<a id="20" s="Cl" t="Cl" l="CL"/>
		<a id="21" s="N" t="N.ar" l="N"/>
		<a id="22" s="C" t="C.ar" l="C"/>
		<a id="23" s="Cl" t="Cl" l="CL"/>
		<a id="24" s="H" t="H" l="H"/>
		<a id="25" s="H" t="H" l="H"/>
		<a id="26" s="H" t="H" l="H"/>
		<a id="27" s="H" t="H" l="H"/>
		<a id="28" s="H" t="H" l="H"/>
		<a id="29" s="H" t="H" l="H"/>
		<a id="30" s="H" t="H" l="H"/>
		<a id="31" s="H" t="H" l="H"/>
		<a id="32" s="H" t="H" l="H"/>
		<a id="33" s="H" t="H" l="H"/>
		<a id="34" s="H" t="H" l="H"/>
		<a id="35" s="H" t="H" l="H"/>
		<a id="36" s="H" t="H" l="H"/>
		<a id="37" s="H" t="H" l="H"/>
		<a id="38" s="H" t="H" l="H"/>
		<a id="39" s="H" t="H" l="H"/>
		<a id="40" s="H" t="H" l="H"/>
		<a id="41" s="H" t="H" l="H"/>
		<a id="42" s="H" t="H" l="H"/>
	</atoms>
	<bonds>
		<b id="1" c="1 2" t="1"/>
		<b id="2" c="2 3" t="1"/>
		<b id="3" c="2 4" t="1"/>
		<b id="4" c="2 5" t="1"/>
		<b id="5" c="5 6" t="1"/>
		<b id="6" c="6 7" t="1"/>
		<b id="7" c="7 8" t="1"/>
		<b id="8" c="8 9" t="1"/>
		<b id="9" c="9 10" t="ar"/>
		<b id="10" c="10 11" t="ar"/>
		<b id="11" c="11 12" t="ar"/>
		<b id="12" c="12 13" t="ar"/>
		<b id="13" c="9 13" t="ar"/>
		<b id="14" c="12 14" t="1"/>
		<b id="15" c="14 15" t="2"/>
		<b id="16" c="14 16" t="1"/>
		<b id="17" c="16 17" t="ar"/>
		<b id="18" c="17 18" t="ar"/>
		<b id="19" c="18 19" t="ar"/>
		<b id="20" c="19 20" t="1"/>
		<b id="21" c="19 21" t="ar"/>
		<b id="22" c="21 22" t="ar"/>
		<b id="23" c="16 22" t="ar"/>
		<b id="24" c="22 23" t="1"/>
		<b id="25" c="1 24" t="1"/>
		<b id="26" c="1 25" t="1"/>
		<b id="27" c="1 26" t="1"/>
		<b id="28" c="3 27" t="1"/>
		<b id="29" c="3 28" t="1"/>
		<b id="30" c="3 29" t="1"/>
		<b id="31" c="4 30" t="1"/>
		<b id="32" c="4 31" t="1"/>
		<b id="33" c="4 32" t="1"/>
		<b id="34" c="5 33" t="1"/>
		<b id="35" c="5 34" t="1"/>
		<b id="36" c="6 35" t="1"/>
		<b id="37" c="6 36" t="1"/>
		<b id="38" c="8 37" t="1"/>
		<b id="39" c="8 38" t="1"/>
		<b id="40" c="10 39" t="1"/>
		<b id="41" c="11 40" t="1"/>
		<b id="42" c="17 41" t="1"/>
		<b id="43" c="18 42" t="1"/>
	</bonds>
	<geometry>
		<g u="A" t="cart/3d">#42,3:3.1538,-2.2685,-6.5507;2.6300,-2.3471,-4.7491;0.7751,-2.1431,-4.6193;3.1520,-3.9969,-4.0241;3.4946,-0.9545,-3.7827;5.0169,-1.0395,-3.8146;5.5556,0.1052,-3.1520;6.9881,0.0788,-3.1055;7.5459,0.2263,-4.4458;7.3265,1.2599,-5.3075;7.9559,0.9171,-6.4789;8.5047,-0.3748,-6.2539;8.2575,-0.7838,-4.9973;9.2151,-1.1974,-7.2386;9.6710,-0.7262,-8.2767;9.2820,-2.6603,-7.0192;8.1411,-3.3621,-6.5936;8.1973,-4.7436,-6.4349;9.3918,-5.3780,-6.7248;9.5370,-7.0783,-6.5721;10.5053,-4.7490,-7.1428;10.4251,-3.4019,-7.2829;11.9297,-2.7198,-7.7653;2.6723,-3.0643,-7.1265;4.2372,-2.3877,-6.6471;2.8746,-1.3076,-6.9928;0.2597,-2.9409,-5.1623;0.4600,-1.1846,-5.0423;0.4528,-2.1777,-3.5745;2.6670,-4.8228,-4.5521;2.8792,-4.0561,-2.9664;4.2350,-4.1294,-4.1058;3.1491,-0.9717,-2.7421;3.1709,0.0106,-4.1911;5.3591,-1.0576,-4.8548;5.3662,-1.9502,-3.3146;7.3511,-0.8538,-2.6562;7.3411,0.9275,-2.5122;6.7278,2.1151,-5.0263;7.9815,1.4854,-7.3993;7.2097,-2.8421,-6.3863;7.3309,-5.3007,-6.0993;</g>
	</geometry>
	<conformers/>
	<properties/>
</molecule>
