<?xml version="1.0" ?>
<!--MOLLI PACKAGE EXPERIMENTAL XML FORMAT-->
<molecule name="prELN032036-168">
	<atoms>
		<a id="1" s="C" t="C.3" l="C"/>
		<a id="2" s="O" t="O.3" l="O"/>
		<a id="3" s="C" t="C.ar" l="C"/>
		<a id="4" s="C" t="C.ar" l="C"/>
		<a id="5" s="C" t="C.ar" l="C"/>
		<a id="6" s="C" t="C.ar" l="C"/>
		<a id="7" s="C" t="C.3" l="C"/>
		<a id="8" s="N" t="N.am" l="N"/>
		<a id="9" s="C" t="C.3" l="C"/>
		<a id="10" s="C" t="C.3" l="C"/>
		<a id="11" s="N" t="N.3" l="N"/>
		<a id="12" s="C" t="C.3" l="C"/>
		<a id="13" s="C" t="C.2" l="C"/>
		<a id="14" s="O" t="O.2" l="O"/>
		<a id="15" s="C" t="C.3" l="C"/>
		<a id="16" s="F" t="F" l="F"/>
		<a id="17" s="F" t="F" l="F"/>
		<a id="18" s="F" t="F" l="F"/>
		<a id="19" s="C" t="C.ar" l="C"/>
		<a id="20" s="C" t="C.ar" l="C"/>
		<a id="21" s="H" t="H" l="H"/>
		<a id="22" s="H" t="H" l="H"/>
		<a id="23" s="H" t="H" l="H"/>
		<a id="24" s="H" t="H" l="H"/>
		<a id="25" s="H" t="H" l="H"/>
		<a id="26" s="H" t="H" l="H"/>
		<a id="27" s="H" t="H" l="H"/>
		<a id="28" s="H" t="H" l="H"/>
		<a id="29" s="H" t="H" l="H"/>
		<a id="30" s="H" t="H" l="H"/>
		<a id="31" s="H" t="H" l="H"/>
		<a id="32" s="H" t="H" l="H"/>
		<a id="33" s="H" t="H" l="H"/>
		<a id="34" s="H" t="H" l="H"/>
		<a id="35" s="H" t="H" l="H"/>
	</atoms>
	<bonds>
		<b id="1" c="1 2" t="1"/>
		<b id="2" c="2 3" t="1"/>
		<b id="3" c="3 4" t="ar"/>
		<b id="4" c="4 5" t="ar"/>
		<b id="5" c="5 6" t="ar"/>
		<b id="6" c="6 7" t="1"/>
		<b id="7" c="7 8" t="1"/>
		<b id="8" c="8 9" t="1"/>
		<b id="9" c="9 10" t="1"/>
		<b id="10" c="10 11" t="1"/>
		<b id="11" c="11 12" t="1"/>
		<b id="12" c="12 13" t="1"/>
		<b id="13" c="8 13" t="am"/>
		<b id="14" c="13 14" t="2"/>
		<b id="15" c="10 15" t="1"/>
		<b id="16" c="15 16" t="1"/>
		<b id="17" c="15 17" t="1"/>
		<b id="18" c="15 18" t="1"/>
		<b id="19" c="6 19" t="ar"/>
		<b id="20" c="19 20" t="ar"/>
		<b id="21" c="3 20" t="ar"/>
		<b id="22" c="1 21" t="1"/>
		<b id="23" c="1 22" t="1"/>
		<b id="24" c="1 23" t="1"/>
		<b id="25" c="4 24" t="1"/>
		<b id="26" c="5 25" t="1"/>
		<b id="27" c="7 26" t="1"/>
		<b id="28" c="7 27" t="1"/>
		<b id="29" c="9 28" t="1"/>
		<b id="30" c="9 29" t="1"/>
		<b id="31" c="10 30" t="1"/>
		<b id="32" c="11 31" t="1"/>
		<b id="33" c="12 32" t="1"/>
		<b id="34" c="12 33" t="1"/>
		<b id="35" c="19 34" t="1"/>
		<b id="36" c="20 35" t="1"/>
	</bonds>
	<geometry>
		<g u="A" t="cart/3d">#35,3:1.0404,0.5269,0.8160;2.0316,-0.1739,0.0754;2.8693,-0.9921,0.7814;2.8786,-1.1612,2.1666;3.7848,-2.0478,2.7643;4.6930,-2.7758,1.9856;5.6249,-3.7882,2.6119;5.0133,-5.1116,2.6064;4.2276,-5.5187,3.7680;3.1574,-6.5602,3.4265;3.8346,-7.7088,2.7651;4.4660,-7.2828,1.5012;5.3259,-6.0136,1.5980;6.1669,-5.7709,0.7306;2.3367,-6.8915,4.7001;2.8284,-6.2990,5.8103;1.0560,-6.4724,4.5550;2.2882,-8.2233,4.9353;4.6784,-2.5987,0.5936;3.7808,-1.7078,0.0012;0.4244,1.0868,0.1055;1.4998,1.2470,1.5007;0.3817,-0.1641,1.3527;2.1906,-0.6238,2.8109;3.7652,-2.1687,3.8444;5.8701,-3.5091,3.6437;6.5727,-3.7999,2.0610;3.7590,-4.6316,4.2057;4.9402,-5.9203,4.5013;2.4578,-6.1217,2.7007;3.1494,-8.4404,2.5665;3.6968,-7.0993,0.7424;5.1069,-8.0990,1.1517;5.3676,-3.1595,-0.0355;3.7812,-1.5861,-1.0766;</g>
	</geometry>
	<conformers/>
	<properties/>
</molecule>
