<?xml version="1.0" ?>
<!--MOLLI PACKAGE EXPERIMENTAL XML FORMAT-->
<molecule name="prELN032036-169">
	<atoms>
		<a id="1" s="Br" t="Br" l="BR"/>
		<a id="2" s="C" t="C.ar" l="C"/>
		<a id="3" s="C" t="C.ar" l="C"/>
		<a id="4" s="C" t="C.ar" l="C"/>
		<a id="5" s="C" t="C.ar" l="C"/>
		<a id="6" s="C" t="C.ar" l="C"/>
		<a id="7" s="C" t="C.ar" l="C"/>
		<a id="8" s="N" t="N.ar" l="N"/>
		<a id="9" s="C" t="C.ar" l="C"/>
		<a id="10" s="N" t="N.ar" l="N"/>
		<a id="11" s="C" t="C.ar" l="C"/>
		<a id="12" s="C" t="C.ar" l="C"/>
		<a id="13" s="C" t="C.ar" l="C"/>
		<a id="14" s="C" t="C.ar" l="C"/>
		<a id="15" s="C" t="C.2" l="C"/>
		<a id="16" s="C" t="C.3" l="C"/>
		<a id="17" s="O" t="O.2" l="O"/>
		<a id="18" s="C" t="C.ar" l="C"/>
		<a id="19" s="N" t="N.ar" l="N"/>
		<a id="20" s="N" t="N.ar" l="N"/>
		<a id="21" s="C" t="C.ar" l="C"/>
		<a id="22" s="C" t="C.1" l="C"/>
		<a id="23" s="N" t="N.1" l="N"/>
		<a id="24" s="C" t="C.ar" l="C"/>
		<a id="25" s="C" t="C.ar" l="C"/>
		<a id="26" s="C" t="C.3" l="C"/>
		<a id="27" s="N" t="N.ar" l="N"/>
		<a id="28" s="H" t="H" l="H"/>
		<a id="29" s="H" t="H" l="H"/>
		<a id="30" s="H" t="H" l="H"/>
		<a id="31" s="H" t="H" l="H"/>
		<a id="32" s="H" t="H" l="H"/>
		<a id="33" s="H" t="H" l="H"/>
		<a id="34" s="H" t="H" l="H"/>
		<a id="35" s="H" t="H" l="H"/>
		<a id="36" s="H" t="H" l="H"/>
		<a id="37" s="H" t="H" l="H"/>
		<a id="38" s="H" t="H" l="H"/>
		<a id="39" s="H" t="H" l="H"/>
		<a id="40" s="H" t="H" l="H"/>
	</atoms>
	<bonds>
		<b id="1" c="1 2" t="1"/>
		<b id="2" c="2 3" t="ar"/>
		<b id="3" c="3 4" t="ar"/>
		<b id="4" c="4 5" t="ar"/>
		<b id="5" c="5 6" t="ar"/>
		<b id="6" c="6 7" t="ar"/>
		<b id="7" c="2 7" t="ar"/>
		<b id="8" c="5 8" t="ar"/>
		<b id="9" c="8 9" t="ar"/>
		<b id="10" c="9 10" t="ar"/>
		<b id="11" c="4 10" t="ar"/>
		<b id="12" c="10 11" t="1"/>
		<b id="13" c="11 12" t="ar"/>
		<b id="14" c="12 13" t="ar"/>
		<b id="15" c="13 14" t="ar"/>
		<b id="16" c="14 15" t="1"/>
		<b id="17" c="15 16" t="1"/>
		<b id="18" c="15 17" t="2"/>
		<b id="19" c="14 18" t="ar"/>
		<b id="20" c="18 19" t="1"/>
		<b id="21" c="19 20" t="ar"/>
		<b id="22" c="20 21" t="ar"/>
		<b id="23" c="21 22" t="1"/>
		<b id="24" c="22 23" t="3"/>
		<b id="25" c="21 24" t="ar"/>
		<b id="26" c="24 25" t="ar"/>
		<b id="27" c="19 25" t="ar"/>
		<b id="28" c="25 26" t="1"/>
		<b id="29" c="18 27" t="ar"/>
		<b id="30" c="11 27" t="ar"/>
		<b id="31" c="3 28" t="1"/>
		<b id="32" c="6 29" t="1"/>
		<b id="33" c="7 30" t="1"/>
		<b id="34" c="9 31" t="1"/>
		<b id="35" c="12 32" t="1"/>
		<b id="36" c="13 33" t="1"/>
		<b id="37" c="16 34" t="1"/>
		<b id="38" c="16 35" t="1"/>
		<b id="39" c="16 36" t="1"/>
		<b id="40" c="24 37" t="1"/>
		<b id="41" c="26 38" t="1"/>
		<b id="42" c="26 39" t="1"/>
		<b id="43" c="26 40" t="1"/>
	</bonds>
	<geometry>
		<g u="A" t="cart/3d">#40,3:1.8584,-0.0158,-2.6616;3.4639,-0.0605,-1.6580;3.9356,-1.2961,-1.1985;5.1305,-1.2997,-0.4562;5.7956,-0.1173,-0.1300;5.3059,1.1102,-0.6165;4.1397,1.1248,-1.3857;6.8669,-0.3608,0.6882;6.8530,-1.6601,0.8926;5.8717,-2.2949,0.1680;5.6809,-3.7013,0.1179;5.1340,-4.2781,-1.0177;4.8907,-5.6486,-1.0271;5.2161,-6.4401,0.0805;4.6979,-7.8371,0.1228;4.6386,-8.6625,-1.1446;4.2412,-8.2728,1.1776;5.8078,-5.7926,1.1729;6.2408,-6.5262,2.3266;6.8181,-7.7526,2.1948;7.1319,-8.1121,3.4470;7.6998,-9.4022,3.7168;8.1580,-10.4411,3.9609;6.8571,-7.0993,4.3794;6.2951,-6.0752,3.6435;5.7261,-4.7837,4.1147;6.0476,-4.4389,1.1926;3.3672,-2.1989,-1.3843;5.8252,2.0307,-0.3693;3.7529,2.0750,-1.7434;7.5605,-2.2049,1.5054;4.9054,-3.7043,-1.9084;4.3913,-6.0551,-1.9016;4.6392,-8.0679,-2.0582;3.7000,-9.2273,-1.1422;5.4817,-9.3549,-1.1798;7.0136,-7.1167,5.4505;5.7991,-4.7072,5.2051;4.6664,-4.7086,3.8519;6.2634,-3.9276,3.6948;</g>
	</geometry>
	<conformers/>
	<properties/>
</molecule>
