<?xml version="1.0" ?>
<!--MOLLI PACKAGE EXPERIMENTAL XML FORMAT-->
<molecule name="prELN032036-172">
	<atoms>
		<a id="1" s="C" t="C.3" l="C"/>
		<a id="2" s="C" t="C.ar" l="C"/>
		<a id="3" s="C" t="C.ar" l="C"/>
		<a id="4" s="C" t="C.ar" l="C"/>
		<a id="5" s="C" t="C.ar" l="C"/>
		<a id="6" s="N" t="N.pl3" l="N"/>
		<a id="7" s="C" t="C.ar" l="C"/>
		<a id="8" s="C" t="C.ar" l="C"/>
		<a id="9" s="N" t="N.ar" l="N"/>
		<a id="10" s="C" t="C.ar" l="C"/>
		<a id="11" s="C" t="C.ar" l="C"/>
		<a id="12" s="Br" t="Br" l="BR"/>
		<a id="13" s="C" t="C.ar" l="C"/>
		<a id="14" s="N" t="N.ar" l="N"/>
		<a id="15" s="N" t="N.ar" l="N"/>
		<a id="16" s="C" t="C.ar" l="C"/>
		<a id="17" s="N" t="N.ar" l="N"/>
		<a id="18" s="N" t="N.ar" l="N"/>
		<a id="19" s="H" t="H" l="H"/>
		<a id="20" s="H" t="H" l="H"/>
		<a id="21" s="H" t="H" l="H"/>
		<a id="22" s="H" t="H" l="H"/>
		<a id="23" s="H" t="H" l="H"/>
		<a id="24" s="H" t="H" l="H"/>
		<a id="25" s="H" t="H" l="H"/>
		<a id="26" s="H" t="H" l="H"/>
		<a id="27" s="H" t="H" l="H"/>
	</atoms>
	<bonds>
		<b id="1" c="1 2" t="1"/>
		<b id="2" c="2 3" t="ar"/>
		<b id="3" c="3 4" t="ar"/>
		<b id="4" c="4 5" t="ar"/>
		<b id="5" c="5 6" t="1"/>
		<b id="6" c="6 7" t="1"/>
		<b id="7" c="7 8" t="ar"/>
		<b id="8" c="8 9" t="ar"/>
		<b id="9" c="9 10" t="ar"/>
		<b id="10" c="10 11" t="ar"/>
		<b id="11" c="11 12" t="1"/>
		<b id="12" c="11 13" t="ar"/>
		<b id="13" c="13 14" t="ar"/>
		<b id="14" c="14 15" t="ar"/>
		<b id="15" c="10 15" t="ar"/>
		<b id="16" c="15 16" t="ar"/>
		<b id="17" c="7 16" t="ar"/>
		<b id="18" c="5 17" t="ar"/>
		<b id="19" c="17 18" t="ar"/>
		<b id="20" c="2 18" t="ar"/>
		<b id="21" c="1 19" t="1"/>
		<b id="22" c="1 20" t="1"/>
		<b id="23" c="1 21" t="1"/>
		<b id="24" c="3 22" t="1"/>
		<b id="25" c="4 23" t="1"/>
		<b id="26" c="6 24" t="1"/>
		<b id="27" c="8 25" t="1"/>
		<b id="28" c="13 26" t="1"/>
		<b id="29" c="16 27" t="1"/>
	</bonds>
	<geometry>
		<g u="A" t="cart/3d">#27,3:1.0898,0.1997,-0.1196;2.5762,0.1921,-0.0030;3.2999,1.3506,0.2636;4.6811,1.2617,0.3544;5.2897,0.0238,0.2420;6.7009,-0.0671,0.3560;7.3869,-1.2606,0.2060;8.5710,-1.5216,1.1065;9.4243,-2.4977,1.0171;9.1386,-3.4330,0.0599;9.8333,-4.4779,-0.4949;11.6436,-4.8965,-0.3320;8.8969,-5.2132,-1.2261;7.7378,-4.5623,-1.3471;7.9396,-3.4051,-0.6619;7.1391,-2.2747,-0.6403;4.5465,-1.0714,-0.0178;3.1878,-0.9961,-0.1423;0.6751,1.2068,-0.1322;0.6549,-0.3457,0.7211;0.7874,-0.3031,-1.0408;2.8011,2.2974,0.3738;5.2697,2.1500,0.5467;7.0320,0.4981,1.1304;8.6987,-0.8001,1.9316;9.0057,-6.1797,-1.7001;6.3312,-2.2720,-1.3598;</g>
	</geometry>
	<conformers/>
	<properties/>
</molecule>
