<?xml version="1.0" ?>
<!--MOLLI PACKAGE EXPERIMENTAL XML FORMAT-->
<molecule name="prELN032036-172">
	<atoms>
		<a id="1" s="O" t="O.3" l="O"/>
		<a id="2" s="C" t="C.3" l="C"/>
		<a id="3" s="C" t="C.3" l="C"/>
		<a id="4" s="C" t="C.3" l="C"/>
		<a id="5" s="N" t="N.3" l="N"/>
		<a id="6" s="C" t="C.3" l="C"/>
		<a id="7" s="C" t="C.3" l="C"/>
		<a id="8" s="C" t="C.ar" l="C"/>
		<a id="9" s="C" t="C.ar" l="C"/>
		<a id="10" s="N" t="N.ar" l="N"/>
		<a id="11" s="N" t="N.ar" l="N"/>
		<a id="12" s="C" t="C.3" l="C"/>
		<a id="13" s="C" t="C.3" l="C"/>
		<a id="14" s="F" t="F" l="F"/>
		<a id="15" s="F" t="F" l="F"/>
		<a id="16" s="F" t="F" l="F"/>
		<a id="17" s="C" t="C.ar" l="C"/>
		<a id="18" s="H" t="H" l="H"/>
		<a id="19" s="H" t="H" l="H"/>
		<a id="20" s="H" t="H" l="H"/>
		<a id="21" s="H" t="H" l="H"/>
		<a id="22" s="H" t="H" l="H"/>
		<a id="23" s="H" t="H" l="H"/>
		<a id="24" s="H" t="H" l="H"/>
		<a id="25" s="H" t="H" l="H"/>
		<a id="26" s="H" t="H" l="H"/>
		<a id="27" s="H" t="H" l="H"/>
		<a id="28" s="H" t="H" l="H"/>
		<a id="29" s="H" t="H" l="H"/>
		<a id="30" s="H" t="H" l="H"/>
		<a id="31" s="H" t="H" l="H"/>
	</atoms>
	<bonds>
		<b id="1" c="1 2" t="1"/>
		<b id="2" c="2 3" t="1"/>
		<b id="3" c="3 4" t="1"/>
		<b id="4" c="4 5" t="1"/>
		<b id="5" c="5 6" t="1"/>
		<b id="6" c="6 7" t="1"/>
		<b id="7" c="2 7" t="1"/>
		<b id="8" c="7 8" t="1"/>
		<b id="9" c="8 9" t="ar"/>
		<b id="10" c="9 10" t="ar"/>
		<b id="11" c="10 11" t="ar"/>
		<b id="12" c="11 12" t="1"/>
		<b id="13" c="12 13" t="1"/>
		<b id="14" c="13 14" t="1"/>
		<b id="15" c="13 15" t="1"/>
		<b id="16" c="13 16" t="1"/>
		<b id="17" c="11 17" t="ar"/>
		<b id="18" c="8 17" t="ar"/>
		<b id="19" c="1 18" t="1"/>
		<b id="20" c="2 19" t="1"/>
		<b id="21" c="3 20" t="1"/>
		<b id="22" c="3 21" t="1"/>
		<b id="23" c="4 22" t="1"/>
		<b id="24" c="4 23" t="1"/>
		<b id="25" c="5 24" t="1"/>
		<b id="26" c="6 25" t="1"/>
		<b id="27" c="6 26" t="1"/>
		<b id="28" c="7 27" t="1"/>
		<b id="29" c="9 28" t="1"/>
		<b id="30" c="12 29" t="1"/>
		<b id="31" c="12 30" t="1"/>
		<b id="32" c="17 31" t="1"/>
	</bonds>
	<geometry>
		<g u="A" t="cart/3d">#31,3:-1.8079,-0.0289,0.7361;-1.0518,0.0930,-0.4787;-0.2456,1.3917,-0.4411;0.9172,1.3227,0.5497;1.7720,0.1576,0.3296;0.9959,-1.0894,0.4013;-0.1489,-1.1453,-0.6341;0.3363,-1.3383,-2.0509;1.5501,-0.9013,-2.6395;1.6671,-1.2642,-3.9182;0.5176,-1.9155,-4.1684;0.3164,-2.5061,-5.4671;-0.3743,-1.5705,-6.4245;-0.7036,-0.3727,-5.8996;0.3866,-1.3414,-7.5205;-1.5297,-2.1342,-6.8646;-0.3036,-2.0014,-3.0812;-2.4165,0.7296,0.7771;-1.7839,0.1366,-1.2936;-0.8959,2.2268,-0.1534;0.1393,1.6131,-1.4437;0.5411,1.3201,1.5794;1.5274,2.2258,0.4364;2.5060,0.1355,1.0372;0.5890,-1.2030,1.4144;1.6775,-1.9344,0.2446;-0.7461,-2.0338,-0.3805;2.3587,-0.3420,-2.1852;-0.2659,-3.4216,-5.3249;1.2986,-2.8064,-5.8535;-1.2549,-2.5121,-3.1224;</g>
	</geometry>
	<conformers/>
	<properties/>
</molecule>
