<?xml version="1.0" ?>
<!--MOLLI PACKAGE EXPERIMENTAL XML FORMAT-->
<molecule name="prELN032036-173">
	<atoms>
		<a id="1" s="C" t="C.3" l="C"/>
		<a id="2" s="C" t="C.ar" l="C"/>
		<a id="3" s="C" t="C.ar" l="C"/>
		<a id="4" s="C" t="C.ar" l="C"/>
		<a id="5" s="N" t="N.ar" l="N"/>
		<a id="6" s="N" t="N.ar" l="N"/>
		<a id="7" s="C" t="C.ar" l="C"/>
		<a id="8" s="N" t="N.ar" l="N"/>
		<a id="9" s="C" t="C.ar" l="C"/>
		<a id="10" s="Cl" t="Cl" l="CL"/>
		<a id="11" s="C" t="C.ar" l="C"/>
		<a id="12" s="C" t="C.ar" l="C"/>
		<a id="13" s="C" t="C.ar" l="C"/>
		<a id="14" s="C" t="C.3" l="C"/>
		<a id="15" s="F" t="F" l="F"/>
		<a id="16" s="F" t="F" l="F"/>
		<a id="17" s="C" t="C.1" l="C"/>
		<a id="18" s="N" t="N.1" l="N"/>
		<a id="19" s="H" t="H" l="H"/>
		<a id="20" s="H" t="H" l="H"/>
		<a id="21" s="H" t="H" l="H"/>
		<a id="22" s="H" t="H" l="H"/>
		<a id="23" s="H" t="H" l="H"/>
		<a id="24" s="H" t="H" l="H"/>
		<a id="25" s="H" t="H" l="H"/>
	</atoms>
	<bonds>
		<b id="1" c="1 2" t="1"/>
		<b id="2" c="2 3" t="ar"/>
		<b id="3" c="3 4" t="ar"/>
		<b id="4" c="4 5" t="ar"/>
		<b id="5" c="5 6" t="ar"/>
		<b id="6" c="2 6" t="ar"/>
		<b id="7" c="6 7" t="1"/>
		<b id="8" c="7 8" t="ar"/>
		<b id="9" c="8 9" t="ar"/>
		<b id="10" c="9 10" t="1"/>
		<b id="11" c="9 11" t="ar"/>
		<b id="12" c="11 12" t="ar"/>
		<b id="13" c="12 13" t="ar"/>
		<b id="14" c="7 13" t="ar"/>
		<b id="15" c="13 14" t="1"/>
		<b id="16" c="14 15" t="1"/>
		<b id="17" c="14 16" t="1"/>
		<b id="18" c="4 17" t="1"/>
		<b id="19" c="17 18" t="3"/>
		<b id="20" c="1 19" t="1"/>
		<b id="21" c="1 20" t="1"/>
		<b id="22" c="1 21" t="1"/>
		<b id="23" c="3 22" t="1"/>
		<b id="24" c="11 23" t="1"/>
		<b id="25" c="12 24" t="1"/>
		<b id="26" c="14 25" t="1"/>
	</bonds>
	<geometry>
		<g u="A" t="cart/3d">#25,3:3.8018,-0.7506,2.5353;3.7288,-0.2194,1.1488;3.9744,1.0651,0.7044;3.7994,1.0107,-0.6826;3.4297,-0.2040,-1.0983;3.3255,-0.9526,0.0325;2.8830,-2.3229,-0.0256;3.1724,-3.0986,1.0574;2.7766,-4.3852,1.0413;3.2586,-5.2971,2.4091;2.0570,-4.9615,0.0196;1.7534,-4.1654,-1.0777;2.1848,-2.8252,-1.1373;1.8125,-2.0086,-2.3499;1.1344,-2.7451,-3.2847;0.9718,-0.9813,-2.0469;3.9891,2.0628,-1.6360;4.1611,2.9286,-2.3936;4.1034,0.0396,3.2320;4.5483,-1.5468,2.6116;2.8292,-1.1254,2.8681;4.2614,1.9170,1.3068;1.7383,-5.9967,0.0652;1.1668,-4.5908,-1.8917;2.6978,-1.6298,-2.8674;</g>
	</geometry>
	<conformers/>
	<properties/>
</molecule>
