<?xml version="1.0" ?>
<!--MOLLI PACKAGE EXPERIMENTAL XML FORMAT-->
<molecule name="prELN032036-174">
	<atoms>
		<a id="1" s="C" t="C.3" l="C"/>
		<a id="2" s="N" t="N.ar" l="N"/>
		<a id="3" s="C" t="C.ar" l="C"/>
		<a id="4" s="C" t="C.ar" l="C"/>
		<a id="5" s="N" t="N.ar" l="N"/>
		<a id="6" s="C" t="C.ar" l="C"/>
		<a id="7" s="C" t="C.2" l="C"/>
		<a id="8" s="O" t="O.2" l="O"/>
		<a id="9" s="N" t="N.am" l="N"/>
		<a id="10" s="C" t="C.ar" l="C"/>
		<a id="11" s="C" t="C.ar" l="C"/>
		<a id="12" s="C" t="C.ar" l="C"/>
		<a id="13" s="C" t="C.ar" l="C"/>
		<a id="14" s="C" t="C.2" l="C"/>
		<a id="15" s="O" t="O.2" l="O"/>
		<a id="16" s="N" t="N.am" l="N"/>
		<a id="17" s="C" t="C.3" l="C"/>
		<a id="18" s="C" t="C.3" l="C"/>
		<a id="19" s="N" t="N.am" l="N"/>
		<a id="20" s="C" t="C.3" l="C"/>
		<a id="21" s="C" t="C.3" l="C"/>
		<a id="22" s="C" t="C.2" l="C"/>
		<a id="23" s="O" t="O.2" l="O"/>
		<a id="24" s="O" t="O.3" l="O"/>
		<a id="25" s="C" t="C.3" l="C"/>
		<a id="26" s="C" t="C.3" l="C"/>
		<a id="27" s="C" t="C.3" l="C"/>
		<a id="28" s="C" t="C.3" l="C"/>
		<a id="29" s="C" t="C.ar" l="C"/>
		<a id="30" s="Cl" t="Cl" l="CL"/>
		<a id="31" s="C" t="C.ar" l="C"/>
		<a id="32" s="C" t="C.ar" l="C"/>
		<a id="33" s="C" t="C.ar" l="C"/>
		<a id="34" s="N" t="N.ar" l="N"/>
		<a id="35" s="N" t="N.ar" l="N"/>
		<a id="36" s="C" t="C.ar" l="C"/>
		<a id="37" s="C" t="C.3" l="C"/>
		<a id="38" s="F" t="F" l="F"/>
		<a id="39" s="F" t="F" l="F"/>
		<a id="40" s="F" t="F" l="F"/>
		<a id="41" s="H" t="H" l="H"/>
		<a id="42" s="H" t="H" l="H"/>
		<a id="43" s="H" t="H" l="H"/>
		<a id="44" s="H" t="H" l="H"/>
		<a id="45" s="H" t="H" l="H"/>
		<a id="46" s="H" t="H" l="H"/>
		<a id="47" s="H" t="H" l="H"/>
		<a id="48" s="H" t="H" l="H"/>
		<a id="49" s="H" t="H" l="H"/>
		<a id="50" s="H" t="H" l="H"/>
		<a id="51" s="H" t="H" l="H"/>
		<a id="52" s="H" t="H" l="H"/>
		<a id="53" s="H" t="H" l="H"/>
		<a id="54" s="H" t="H" l="H"/>
		<a id="55" s="H" t="H" l="H"/>
		<a id="56" s="H" t="H" l="H"/>
		<a id="57" s="H" t="H" l="H"/>
		<a id="58" s="H" t="H" l="H"/>
		<a id="59" s="H" t="H" l="H"/>
		<a id="60" s="H" t="H" l="H"/>
		<a id="61" s="H" t="H" l="H"/>
		<a id="62" s="H" t="H" l="H"/>
		<a id="63" s="H" t="H" l="H"/>
		<a id="64" s="H" t="H" l="H"/>
		<a id="65" s="H" t="H" l="H"/>
		<a id="66" s="H" t="H" l="H"/>
		<a id="67" s="H" t="H" l="H"/>
	</atoms>
	<bonds>
		<b id="1" c="1 2" t="1"/>
		<b id="2" c="2 3" t="ar"/>
		<b id="3" c="3 4" t="ar"/>
		<b id="4" c="4 5" t="ar"/>
		<b id="5" c="5 6" t="ar"/>
		<b id="6" c="2 6" t="ar"/>
		<b id="7" c="6 7" t="1"/>
		<b id="8" c="7 8" t="2"/>
		<b id="9" c="7 9" t="am"/>
		<b id="10" c="9 10" t="1"/>
		<b id="11" c="10 11" t="ar"/>
		<b id="12" c="11 12" t="ar"/>
		<b id="13" c="12 13" t="ar"/>
		<b id="14" c="13 14" t="1"/>
		<b id="15" c="14 15" t="2"/>
		<b id="16" c="14 16" t="am"/>
		<b id="17" c="16 17" t="1"/>
		<b id="18" c="17 18" t="1"/>
		<b id="19" c="18 19" t="1"/>
		<b id="20" c="19 20" t="1"/>
		<b id="21" c="20 21" t="1"/>
		<b id="22" c="16 21" t="1"/>
		<b id="23" c="19 22" t="am"/>
		<b id="24" c="22 23" t="2"/>
		<b id="25" c="22 24" t="1"/>
		<b id="26" c="24 25" t="1"/>
		<b id="27" c="25 26" t="1"/>
		<b id="28" c="25 27" t="1"/>
		<b id="29" c="25 28" t="1"/>
		<b id="30" c="13 29" t="ar"/>
		<b id="31" c="29 30" t="1"/>
		<b id="32" c="29 31" t="ar"/>
		<b id="33" c="10 31" t="ar"/>
		<b id="34" c="3 32" t="1"/>
		<b id="35" c="32 33" t="ar"/>
		<b id="36" c="33 34" t="ar"/>
		<b id="37" c="34 35" t="ar"/>
		<b id="38" c="35 36" t="ar"/>
		<b id="39" c="32 36" t="ar"/>
		<b id="40" c="36 37" t="1"/>
		<b id="41" c="37 38" t="1"/>
		<b id="42" c="37 39" t="1"/>
		<b id="43" c="37 40" t="1"/>
		<b id="44" c="1 41" t="1"/>
		<b id="45" c="1 42" t="1"/>
		<b id="46" c="1 43" t="1"/>
		<b id="47" c="4 44" t="1"/>
		<b id="48" c="9 45" t="1"/>
		<b id="49" c="11 46" t="1"/>
		<b id="50" c="12 47" t="1"/>
		<b id="51" c="17 48" t="1"/>
		<b id="52" c="17 49" t="1"/>
		<b id="53" c="18 50" t="1"/>
		<b id="54" c="18 51" t="1"/>
		<b id="55" c="20 52" t="1"/>
		<b id="56" c="20 53" t="1"/>
		<b id="57" c="21 54" t="1"/>
		<b id="58" c="21 55" t="1"/>
		<b id="59" c="26 56" t="1"/>
		<b id="60" c="26 57" t="1"/>
		<b id="61" c="26 58" t="1"/>
		<b id="62" c="27 59" t="1"/>
		<b id="63" c="27 60" t="1"/>
		<b id="64" c="27 61" t="1"/>
		<b id="65" c="28 62" t="1"/>
		<b id="66" c="28 63" t="1"/>
		<b id="67" c="28 64" t="1"/>
		<b id="68" c="31 65" t="1"/>
		<b id="69" c="33 66" t="1"/>
		<b id="70" c="34 67" t="1"/>
	</bonds>
	<geometry>
		<g u="A" t="cart/3d">#67,3:-2.3529,0.8540,1.2937;-1.1826,0.3280,0.6301;-0.9116,-0.9809,0.2943;0.3926,-0.9629,-0.1505;0.9089,0.3017,-0.1337;-0.0489,1.0681,0.3653;0.1540,2.4953,0.5923;-0.6879,3.2224,1.1107;1.3896,2.9043,0.1202;1.9698,4.1774,0.2058;1.4603,5.1858,1.0133;2.0887,6.4290,1.0637;3.1632,6.7400,0.2207;3.7127,8.1281,0.2268;4.9344,8.2647,0.2046;2.8561,9.2396,0.2857;1.3854,9.2327,0.3582;0.7066,10.4204,-0.3353;1.3854,11.6893,-0.0933;2.8349,11.6650,-0.2156;3.4641,10.5374,0.5980;0.7347,12.9059,-0.1897;1.3345,13.9700,-0.1415;-0.6112,12.7794,-0.3397;-1.4288,13.9750,-0.4193;-1.0579,14.8220,-1.6440;-2.8786,13.4925,-0.5995;-1.3534,14.7622,0.8947;3.7202,5.7028,-0.5431;5.1185,5.8857,-1.5451;3.1310,4.4257,-0.5326;-1.8013,-2.1695,0.3541;-3.1560,-2.1333,0.1092;-3.5957,-3.4172,0.2049;-2.6291,-4.2898,0.5073;-1.5053,-3.5439,0.6082;-0.2004,-4.1849,1.0107;0.7924,-3.2914,1.2652;-0.3235,-4.9261,2.1467;0.2782,-5.0185,0.0477;-3.0934,0.0754,1.4630;-2.7872,1.6388,0.6691;-2.0505,1.2498,2.2671;0.9872,-1.7872,-0.5228;1.9033,2.1701,-0.3643;0.5896,5.0333,1.6434;1.7086,7.1547,1.7748;1.1344,9.2629,1.4267;0.9744,8.3195,-0.0752;-0.3371,10.4686,-0.0018;0.6967,10.2628,-1.4203;3.2696,12.6199,0.1007;3.0628,11.5372,-1.2820;3.2980,10.7126,1.6687;4.5460,10.5301,0.4356;-1.1348,14.2259,-2.5611;-0.0304,15.1922,-1.6062;-1.7137,15.6932,-1.7400;-2.9874,12.8976,-1.5135;-3.5757,14.3365,-0.6551;-3.1867,12.8470,0.2307;-0.3450,15.1275,1.1056;-1.6302,14.1207,1.7400;-2.0224,15.6281,0.8818;3.5747,3.6327,-1.1315;-3.8334,-1.3389,-0.1681;-4.5386,-3.7700,0.0708;</g>
	</geometry>
	<conformers/>
	<properties/>
</molecule>
