<?xml version="1.0" ?>
<!--MOLLI PACKAGE EXPERIMENTAL XML FORMAT-->
<molecule name="prELN032036-174">
	<atoms>
		<a id="1" s="C" t="C.3" l="C"/>
		<a id="2" s="O" t="O.3" l="O"/>
		<a id="3" s="C" t="C.2" l="C"/>
		<a id="4" s="O" t="O.2" l="O"/>
		<a id="5" s="C" t="C.ar" l="C"/>
		<a id="6" s="C" t="C.ar" l="C"/>
		<a id="7" s="N" t="N.ar" l="N"/>
		<a id="8" s="C" t="C.2" l="C"/>
		<a id="9" s="O" t="O.2" l="O"/>
		<a id="10" s="O" t="O.3" l="O"/>
		<a id="11" s="C" t="C.3" l="C"/>
		<a id="12" s="C" t="C.3" l="C"/>
		<a id="13" s="C" t="C.3" l="C"/>
		<a id="14" s="C" t="C.3" l="C"/>
		<a id="15" s="C" t="C.ar" l="C"/>
		<a id="16" s="C" t="C.ar" l="C"/>
		<a id="17" s="C" t="C.ar" l="C"/>
		<a id="18" s="Br" t="Br" l="BR"/>
		<a id="19" s="N" t="N.ar" l="N"/>
		<a id="20" s="C" t="C.ar" l="C"/>
		<a id="21" s="C" t="C.ar" l="C"/>
		<a id="22" s="H" t="H" l="H"/>
		<a id="23" s="H" t="H" l="H"/>
		<a id="24" s="H" t="H" l="H"/>
		<a id="25" s="H" t="H" l="H"/>
		<a id="26" s="H" t="H" l="H"/>
		<a id="27" s="H" t="H" l="H"/>
		<a id="28" s="H" t="H" l="H"/>
		<a id="29" s="H" t="H" l="H"/>
		<a id="30" s="H" t="H" l="H"/>
		<a id="31" s="H" t="H" l="H"/>
		<a id="32" s="H" t="H" l="H"/>
		<a id="33" s="H" t="H" l="H"/>
		<a id="34" s="H" t="H" l="H"/>
		<a id="35" s="H" t="H" l="H"/>
		<a id="36" s="H" t="H" l="H"/>
	</atoms>
	<bonds>
		<b id="1" c="1 2" t="1"/>
		<b id="2" c="2 3" t="1"/>
		<b id="3" c="3 4" t="2"/>
		<b id="4" c="3 5" t="1"/>
		<b id="5" c="5 6" t="ar"/>
		<b id="6" c="6 7" t="ar"/>
		<b id="7" c="7 8" t="am"/>
		<b id="8" c="8 9" t="2"/>
		<b id="9" c="8 10" t="1"/>
		<b id="10" c="10 11" t="1"/>
		<b id="11" c="11 12" t="1"/>
		<b id="12" c="11 13" t="1"/>
		<b id="13" c="11 14" t="1"/>
		<b id="14" c="7 15" t="ar"/>
		<b id="15" c="15 16" t="ar"/>
		<b id="16" c="16 17" t="ar"/>
		<b id="17" c="17 18" t="1"/>
		<b id="18" c="17 19" t="ar"/>
		<b id="19" c="19 20" t="ar"/>
		<b id="20" c="20 21" t="ar"/>
		<b id="21" c="5 21" t="ar"/>
		<b id="22" c="15 21" t="ar"/>
		<b id="23" c="1 22" t="1"/>
		<b id="24" c="1 23" t="1"/>
		<b id="25" c="1 24" t="1"/>
		<b id="26" c="6 25" t="1"/>
		<b id="27" c="12 26" t="1"/>
		<b id="28" c="12 27" t="1"/>
		<b id="29" c="12 28" t="1"/>
		<b id="30" c="13 29" t="1"/>
		<b id="31" c="13 30" t="1"/>
		<b id="32" c="13 31" t="1"/>
		<b id="33" c="14 32" t="1"/>
		<b id="34" c="14 33" t="1"/>
		<b id="35" c="14 34" t="1"/>
		<b id="36" c="16 35" t="1"/>
		<b id="37" c="20 36" t="1"/>
	</bonds>
	<geometry>
		<g u="A" t="cart/3d">#36,3:1.2472,0.1116,-2.4767;2.6724,0.0945,-2.3907;3.1584,-0.3767,-1.2058;2.4599,-0.7476,-0.2711;4.6177,-0.3969,-1.1700;5.4737,0.0510,-2.1644;6.7898,-0.1334,-1.7740;7.9599,0.1891,-2.4986;9.0603,-0.0593,-2.0365;7.6795,0.7908,-3.6899;8.8177,1.2284,-4.4891;9.6855,0.0370,-4.9265;8.2501,1.8920,-5.7551;9.6379,2.2903,-3.7389;6.7749,-0.7123,-0.4999;7.8245,-1.1008,0.3481;7.4651,-1.6583,1.5621;8.8460,-2.2148,2.7399;6.1932,-1.8368,1.9650;5.1813,-1.4555,1.1472;5.4433,-0.8829,-0.1087;0.9762,0.3180,-3.5157;0.8435,0.9091,-1.8458;0.8197,-0.8573,-2.1989;5.2472,0.4872,-3.1301;9.0888,-0.6934,-5.4847;10.1174,-0.5036,-4.0803;10.5183,0.3621,-5.5587;7.6449,1.1888,-6.3372;9.0544,2.2664,-6.4003;7.5978,2.7345,-5.5001;10.0891,1.9042,-2.8213;8.9981,3.1283,-3.4393;10.4523,2.6771,-4.3600;8.8672,-0.9790,0.0788;4.1776,-1.6246,1.5255;</g>
	</geometry>
	<conformers/>
	<properties/>
</molecule>
