<?xml version="1.0" ?>
<!--MOLLI PACKAGE EXPERIMENTAL XML FORMAT-->
<molecule name="prELN032036-176">
	<atoms>
		<a id="1" s="C" t="C.3" l="C"/>
		<a id="2" s="N" t="N.ar" l="N"/>
		<a id="3" s="C" t="C.ar" l="C"/>
		<a id="4" s="O" t="O.2" l="O"/>
		<a id="5" s="N" t="N.ar" l="N"/>
		<a id="6" s="C" t="C.3" l="C"/>
		<a id="7" s="C" t="C.ar" l="C"/>
		<a id="8" s="C" t="C.ar" l="C"/>
		<a id="9" s="C" t="C.ar" l="C"/>
		<a id="10" s="C" t="C.ar" l="C"/>
		<a id="11" s="C" t="C.ar" l="C"/>
		<a id="12" s="C" t="C.ar" l="C"/>
		<a id="13" s="N" t="N.ar" l="N"/>
		<a id="14" s="C" t="C.ar" l="C"/>
		<a id="15" s="Br" t="Br" l="BR"/>
		<a id="16" s="C" t="C.ar" l="C"/>
		<a id="17" s="O" t="O.2" l="O"/>
		<a id="18" s="H" t="H" l="H"/>
		<a id="19" s="H" t="H" l="H"/>
		<a id="20" s="H" t="H" l="H"/>
		<a id="21" s="H" t="H" l="H"/>
		<a id="22" s="H" t="H" l="H"/>
		<a id="23" s="H" t="H" l="H"/>
		<a id="24" s="H" t="H" l="H"/>
		<a id="25" s="H" t="H" l="H"/>
		<a id="26" s="H" t="H" l="H"/>
		<a id="27" s="H" t="H" l="H"/>
	</atoms>
	<bonds>
		<b id="1" c="1 2" t="1"/>
		<b id="2" c="2 3" t="ar"/>
		<b id="3" c="3 4" t="2"/>
		<b id="4" c="3 5" t="ar"/>
		<b id="5" c="5 6" t="1"/>
		<b id="6" c="6 7" t="1"/>
		<b id="7" c="7 8" t="ar"/>
		<b id="8" c="8 9" t="ar"/>
		<b id="9" c="9 10" t="ar"/>
		<b id="10" c="10 11" t="ar"/>
		<b id="11" c="11 12" t="ar"/>
		<b id="12" c="7 12" t="ar"/>
		<b id="13" c="5 13" t="ar"/>
		<b id="14" c="13 14" t="ar"/>
		<b id="15" c="14 15" t="1"/>
		<b id="16" c="14 16" t="ar"/>
		<b id="17" c="2 16" t="ar"/>
		<b id="18" c="16 17" t="2"/>
		<b id="19" c="1 18" t="1"/>
		<b id="20" c="1 19" t="1"/>
		<b id="21" c="1 20" t="1"/>
		<b id="22" c="6 21" t="1"/>
		<b id="23" c="6 22" t="1"/>
		<b id="24" c="8 23" t="1"/>
		<b id="25" c="9 24" t="1"/>
		<b id="26" c="10 25" t="1"/>
		<b id="27" c="11 26" t="1"/>
		<b id="28" c="12 27" t="1"/>
	</bonds>
	<geometry>
		<g u="A" t="cart/3d">#27,3:2.2547,0.9938,2.1343;2.9888,0.4644,1.0023;3.8201,-0.6303,1.1783;4.0226,-1.1205,2.2907;4.4186,-1.1355,0.0217;5.2136,-2.3633,0.1041;4.3579,-3.6077,0.0124;4.0530,-4.1786,-1.2315;3.2349,-5.3082,-1.3119;2.7077,-5.8746,-0.1524;3.0056,-5.3185,1.0893;3.8263,-4.1926,1.1719;4.3504,-0.5443,-1.2211;3.6467,0.5355,-1.3425;3.6354,1.3521,-3.0239;2.8715,1.1325,-0.1982;2.2083,2.1481,-0.3773;2.2889,0.3295,3.0012;1.2084,1.1443,1.8462;2.6795,1.9652,2.4052;5.7812,-2.3686,1.0421;5.9557,-2.3584,-0.7047;4.4493,-3.7429,-2.1464;3.0046,-5.7444,-2.2805;2.0633,-6.7471,-0.2165;2.5958,-5.7578,1.9954;4.0438,-3.7676,2.1506;</g>
	</geometry>
	<conformers/>
	<properties/>
</molecule>
