<?xml version="1.0" ?>
<!--MOLLI PACKAGE EXPERIMENTAL XML FORMAT-->
<molecule name="prELN032036-179">
	<atoms>
		<a id="1" s="Br" t="Br" l="BR"/>
		<a id="2" s="C" t="C.ar" l="C"/>
		<a id="3" s="C" t="C.ar" l="C"/>
		<a id="4" s="C" t="C.ar" l="C"/>
		<a id="5" s="C" t="C.ar" l="C"/>
		<a id="6" s="N" t="N.ar" l="N"/>
		<a id="7" s="C" t="C.ar" l="C"/>
		<a id="8" s="H" t="H" l="H"/>
		<a id="9" s="H" t="H" l="H"/>
		<a id="10" s="H" t="H" l="H"/>
		<a id="11" s="H" t="H" l="H"/>
	</atoms>
	<bonds>
		<b id="1" c="1 2" t="1"/>
		<b id="2" c="2 3" t="ar"/>
		<b id="3" c="3 4" t="ar"/>
		<b id="4" c="4 5" t="ar"/>
		<b id="5" c="5 6" t="ar"/>
		<b id="6" c="6 7" t="ar"/>
		<b id="7" c="2 7" t="ar"/>
		<b id="8" c="3 8" t="1"/>
		<b id="9" c="4 9" t="1"/>
		<b id="10" c="5 10" t="1"/>
		<b id="11" c="7 11" t="1"/>
	</bonds>
	<geometry>
		<g u="A" t="cart/3d">#11,3:-1.6071,-0.0369,-0.0338;0.2762,0.0283,-0.0232;0.9431,1.2485,-0.0069;2.3359,1.2587,0.0059;3.0049,0.0439,0.0031;2.3830,-1.1562,-0.0157;1.0283,-1.1364,-0.0287;0.3938,2.1853,-0.0034;2.8878,2.1925,0.0194;4.0906,0.0022,0.0160;0.5589,-2.1158,-0.0441;</g>
	</geometry>
	<conformers/>
	<properties/>
</molecule>
