<?xml version="1.0" ?>
<!--MOLLI PACKAGE EXPERIMENTAL XML FORMAT-->
<molecule name="prELN032036-179">
	<atoms>
		<a id="1" s="O" t="O.3" l="O"/>
		<a id="2" s="C" t="C.3" l="C"/>
		<a id="3" s="C" t="C.3" l="C"/>
		<a id="4" s="N" t="N.3" l="N"/>
		<a id="5" s="C" t="C.3" l="C"/>
		<a id="6" s="O" t="O.3" l="O"/>
		<a id="7" s="C" t="C.3" l="C"/>
		<a id="8" s="H" t="H" l="H"/>
		<a id="9" s="H" t="H" l="H"/>
		<a id="10" s="H" t="H" l="H"/>
		<a id="11" s="H" t="H" l="H"/>
		<a id="12" s="H" t="H" l="H"/>
		<a id="13" s="H" t="H" l="H"/>
		<a id="14" s="H" t="H" l="H"/>
		<a id="15" s="H" t="H" l="H"/>
		<a id="16" s="H" t="H" l="H"/>
	</atoms>
	<bonds>
		<b id="1" c="1 2" t="1"/>
		<b id="2" c="2 3" t="1"/>
		<b id="3" c="3 4" t="1"/>
		<b id="4" c="3 5" t="1"/>
		<b id="5" c="5 6" t="1"/>
		<b id="6" c="6 7" t="1"/>
		<b id="7" c="3 7" t="1"/>
		<b id="8" c="1 8" t="1"/>
		<b id="9" c="2 9" t="1"/>
		<b id="10" c="2 10" t="1"/>
		<b id="11" c="4 11" t="1"/>
		<b id="12" c="4 12" t="1"/>
		<b id="13" c="5 13" t="1"/>
		<b id="14" c="5 14" t="1"/>
		<b id="15" c="7 15" t="1"/>
		<b id="16" c="7 16" t="1"/>
	</bonds>
	<geometry>
		<g u="A" t="cart/3d">#16,3:2.7691,-0.8445,-1.0788;2.2218,0.0919,-0.1455;2.8289,-0.1491,1.2183;4.3004,0.0394,1.2666;2.4549,-1.4398,1.9760;2.2903,-0.6884,3.2171;2.2011,0.5459,2.4434;2.3943,-0.6224,-1.9493;1.1350,-0.0438,-0.1291;2.4383,1.1042,-0.5027;4.7769,-0.5834,0.6081;4.6982,-0.1637,2.1837;3.2262,-2.2108,2.0590;1.5077,-1.9085,1.6852;2.7687,1.3615,2.9008;1.1549,0.8532,2.3341;</g>
	</geometry>
	<conformers/>
	<properties/>
</molecule>
