<?xml version="1.0" ?>
<!--MOLLI PACKAGE EXPERIMENTAL XML FORMAT-->
<molecule name="prELN032036-180">
	<atoms>
		<a id="1" s="C" t="C.3" l="C"/>
		<a id="2" s="C" t="C.ar" l="C"/>
		<a id="3" s="C" t="C.ar" l="C"/>
		<a id="4" s="C" t="C.ar" l="C"/>
		<a id="5" s="C" t="C.ar" l="C"/>
		<a id="6" s="N" t="N.pl3" l="N"/>
		<a id="7" s="C" t="C.ar" l="C"/>
		<a id="8" s="C" t="C.ar" l="C"/>
		<a id="9" s="C" t="C.ar" l="C"/>
		<a id="10" s="C" t="C.ar" l="C"/>
		<a id="11" s="N" t="N.pl3" l="N"/>
		<a id="12" s="C" t="C.ar" l="C"/>
		<a id="13" s="N" t="N.am" l="N"/>
		<a id="14" s="C" t="C.2" l="C"/>
		<a id="15" s="O" t="O.2" l="O"/>
		<a id="16" s="O" t="O.3" l="O"/>
		<a id="17" s="C" t="C.3" l="C"/>
		<a id="18" s="C" t="C.3" l="C"/>
		<a id="19" s="C" t="C.3" l="C"/>
		<a id="20" s="C" t="C.3" l="C"/>
		<a id="21" s="C" t="C.ar" l="C"/>
		<a id="22" s="N" t="N.ar" l="N"/>
		<a id="23" s="N" t="N.ar" l="N"/>
		<a id="24" s="H" t="H" l="H"/>
		<a id="25" s="H" t="H" l="H"/>
		<a id="26" s="H" t="H" l="H"/>
		<a id="27" s="H" t="H" l="H"/>
		<a id="28" s="H" t="H" l="H"/>
		<a id="29" s="H" t="H" l="H"/>
		<a id="30" s="H" t="H" l="H"/>
		<a id="31" s="H" t="H" l="H"/>
		<a id="32" s="H" t="H" l="H"/>
		<a id="33" s="H" t="H" l="H"/>
		<a id="34" s="H" t="H" l="H"/>
		<a id="35" s="H" t="H" l="H"/>
		<a id="36" s="H" t="H" l="H"/>
		<a id="37" s="H" t="H" l="H"/>
		<a id="38" s="H" t="H" l="H"/>
		<a id="39" s="H" t="H" l="H"/>
		<a id="40" s="H" t="H" l="H"/>
		<a id="41" s="H" t="H" l="H"/>
		<a id="42" s="H" t="H" l="H"/>
		<a id="43" s="H" t="H" l="H"/>
		<a id="44" s="H" t="H" l="H"/>
	</atoms>
	<bonds>
		<b id="1" c="1 2" t="1"/>
		<b id="2" c="2 3" t="ar"/>
		<b id="3" c="3 4" t="ar"/>
		<b id="4" c="4 5" t="ar"/>
		<b id="5" c="5 6" t="1"/>
		<b id="6" c="6 7" t="1"/>
		<b id="7" c="7 8" t="ar"/>
		<b id="8" c="8 9" t="ar"/>
		<b id="9" c="9 10" t="ar"/>
		<b id="10" c="10 11" t="1"/>
		<b id="11" c="10 12" t="ar"/>
		<b id="12" c="12 13" t="1"/>
		<b id="13" c="13 14" t="am"/>
		<b id="14" c="14 15" t="2"/>
		<b id="15" c="14 16" t="1"/>
		<b id="16" c="16 17" t="1"/>
		<b id="17" c="17 18" t="1"/>
		<b id="18" c="17 19" t="1"/>
		<b id="19" c="17 20" t="1"/>
		<b id="20" c="12 21" t="ar"/>
		<b id="21" c="7 21" t="ar"/>
		<b id="22" c="5 22" t="ar"/>
		<b id="23" c="22 23" t="ar"/>
		<b id="24" c="2 23" t="ar"/>
		<b id="25" c="1 24" t="1"/>
		<b id="26" c="1 25" t="1"/>
		<b id="27" c="1 26" t="1"/>
		<b id="28" c="3 27" t="1"/>
		<b id="29" c="4 28" t="1"/>
		<b id="30" c="6 29" t="1"/>
		<b id="31" c="8 30" t="1"/>
		<b id="32" c="9 31" t="1"/>
		<b id="33" c="11 32" t="1"/>
		<b id="34" c="11 33" t="1"/>
		<b id="35" c="13 34" t="1"/>
		<b id="36" c="18 35" t="1"/>
		<b id="37" c="18 36" t="1"/>
		<b id="38" c="18 37" t="1"/>
		<b id="39" c="19 38" t="1"/>
		<b id="40" c="19 39" t="1"/>
		<b id="41" c="19 40" t="1"/>
		<b id="42" c="20 41" t="1"/>
		<b id="43" c="20 42" t="1"/>
		<b id="44" c="20 43" t="1"/>
		<b id="45" c="21 44" t="1"/>
	</bonds>
	<geometry>
		<g u="A" t="cart/3d">#44,3:1.8843,0.7711,-2.1428;3.0943,0.4917,-1.3137;3.4180,-0.7873,-0.9096;4.5947,-0.9774,-0.2005;5.4541,0.0964,0.0331;6.7304,-0.1300,0.6045;7.4818,-1.3046,0.3657;8.3207,-1.8210,1.3466;8.9287,-3.0627,1.1346;8.8105,-3.7492,-0.0903;9.2988,-5.0653,-0.1712;8.0537,-3.1766,-1.1233;7.8922,-3.7906,-2.3889;8.3077,-3.1740,-3.5422;8.7941,-2.0394,-3.5428;8.1726,-3.9507,-4.6585;8.5804,-3.3762,-5.9446;10.0906,-3.0809,-5.9341;8.2414,-4.3186,-7.1297;7.7904,-2.0831,-6.1980;7.4111,-1.9555,-0.8802;5.0860,1.3357,-0.3371;3.8981,1.5356,-1.0158;1.2516,-0.1152,-2.2506;2.1944,1.0944,-3.1412;1.2873,1.5637,-1.6813;2.7948,-1.6397,-1.1553;4.8854,-1.9840,0.0803;7.2843,0.7119,0.4620;8.4457,-1.3075,2.2985;9.5057,-3.4948,1.9480;10.0135,-5.2665,0.5219;9.5828,-5.3371,-1.1060;7.7148,-4.7831,-2.4324;10.6882,-3.9817,-5.7568;10.3557,-2.3872,-5.1337;10.4160,-2.6113,-6.8681;8.7752,-5.2759,-7.0991;8.4890,-3.8418,-8.0903;7.1708,-4.5559,-7.1550;7.9510,-1.3370,-5.4226;6.7143,-2.2836,-6.2117;8.0899,-1.6133,-7.1394;6.7533,-1.5496,-1.6449;</g>
	</geometry>
	<conformers/>
	<properties/>
</molecule>
