<?xml version="1.0" ?>
<!--MOLLI PACKAGE EXPERIMENTAL XML FORMAT-->
<molecule name="prELN032036-182">
	<atoms>
		<a id="1" s="O" t="O.co2" l="O"/>
		<a id="2" s="N" t="N.pl3" l="N"/>
		<a id="3" s="C" t="C.ar" l="C"/>
		<a id="4" s="C" t="C.ar" l="C"/>
		<a id="5" s="C" t="C.ar" l="C"/>
		<a id="6" s="Cl" t="Cl" l="CL"/>
		<a id="7" s="C" t="C.ar" l="C"/>
		<a id="8" s="C" t="C.ar" l="C"/>
		<a id="9" s="C" t="C.ar" l="C"/>
		<a id="10" s="N" t="N.pl3" l="N"/>
		<a id="11" s="C" t="C.ar" l="C"/>
		<a id="12" s="C" t="C.ar" l="C"/>
		<a id="13" s="C" t="C.ar" l="C"/>
		<a id="14" s="C" t="C.ar" l="C"/>
		<a id="15" s="C" t="C.3" l="C"/>
		<a id="16" s="C" t="C.3" l="C"/>
		<a id="17" s="O" t="O.3" l="O"/>
		<a id="18" s="C" t="C.ar" l="C"/>
		<a id="19" s="N" t="N.ar" l="N"/>
		<a id="20" s="N" t="N.ar" l="N"/>
		<a id="21" s="C" t="C.ar" l="C"/>
		<a id="22" s="C" t="C.ar" l="C"/>
		<a id="23" s="C" t="C.ar" l="C"/>
		<a id="24" s="C" t="C.3" l="C"/>
		<a id="25" s="C" t="C.1" l="C"/>
		<a id="26" s="N" t="N.1" l="N"/>
		<a id="27" s="N" t="N.ar" l="N"/>
		<a id="28" s="O" t="O.2" l="O"/>
		<a id="29" s="H" t="H" l="H"/>
		<a id="30" s="H" t="H" l="H"/>
		<a id="31" s="H" t="H" l="H"/>
		<a id="32" s="H" t="H" l="H"/>
		<a id="33" s="H" t="H" l="H"/>
		<a id="34" s="H" t="H" l="H"/>
		<a id="35" s="H" t="H" l="H"/>
		<a id="36" s="H" t="H" l="H"/>
		<a id="37" s="H" t="H" l="H"/>
		<a id="38" s="H" t="H" l="H"/>
		<a id="39" s="H" t="H" l="H"/>
		<a id="40" s="H" t="H" l="H"/>
		<a id="41" s="H" t="H" l="H"/>
		<a id="42" s="H" t="H" l="H"/>
		<a id="43" s="H" t="H" l="H"/>
	</atoms>
	<bonds>
		<b id="1" c="1 2" t="1"/>
		<b id="2" c="2 3" t="1"/>
		<b id="3" c="3 4" t="ar"/>
		<b id="4" c="4 5" t="ar"/>
		<b id="5" c="5 6" t="1"/>
		<b id="6" c="5 7" t="ar"/>
		<b id="7" c="7 8" t="ar"/>
		<b id="8" c="8 9" t="ar"/>
		<b id="9" c="3 9" t="ar"/>
		<b id="10" c="9 10" t="1"/>
		<b id="11" c="10 11" t="1"/>
		<b id="12" c="11 12" t="ar"/>
		<b id="13" c="12 13" t="ar"/>
		<b id="14" c="13 14" t="ar"/>
		<b id="15" c="15 17" t="1"/>
		<b id="16" c="14 18" t="ar"/>
		<b id="17" c="18 19" t="1"/>
		<b id="18" c="19 20" t="ar"/>
		<b id="19" c="20 21" t="ar"/>
		<b id="20" c="21 22" t="ar"/>
		<b id="21" c="22 23" t="ar"/>
		<b id="22" c="19 23" t="ar"/>
		<b id="23" c="23 24" t="1"/>
		<b id="24" c="21 25" t="1"/>
		<b id="25" c="25 26" t="3"/>
		<b id="26" c="18 27" t="ar"/>
		<b id="27" c="11 27" t="ar"/>
		<b id="28" c="2 28" t="2"/>
		<b id="29" c="15 16" t="1"/>
		<b id="30" c="15 14" t="1"/>
		<b id="31" c="4 29" t="1"/>
		<b id="32" c="7 30" t="1"/>
		<b id="33" c="8 31" t="1"/>
		<b id="34" c="10 32" t="1"/>
		<b id="35" c="12 33" t="1"/>
		<b id="36" c="13 34" t="1"/>
		<b id="37" c="15 35" t="1"/>
		<b id="38" c="16 36" t="1"/>
		<b id="39" c="16 37" t="1"/>
		<b id="40" c="16 38" t="1"/>
		<b id="41" c="17 39" t="1"/>
		<b id="42" c="22 40" t="1"/>
		<b id="43" c="24 41" t="1"/>
		<b id="44" c="24 42" t="1"/>
		<b id="45" c="24 43" t="1"/>
	</bonds>
	<geometry>
		<g u="A" t="cart/3d">#43,3:3.9796,11.0458,2.2318;3.1488,10.3146,1.6743;3.6687,9.2177,0.8831;4.5849,9.5444,-0.1308;5.1635,8.5191,-0.8669;6.2950,8.8844,-2.1075;4.8292,7.1937,-0.6062;3.8982,6.8880,0.3939;3.3110,7.8906,1.1881;2.3954,7.5569,2.2196;2.3193,6.3331,2.9181;3.4752,5.6621,3.2713;3.3808,4.3783,3.7844;2.1343,3.7611,3.9876;2.1344,2.3336,4.5003;2.1224,2.2576,6.0246;3.2955,1.6479,3.9999;1.0055,4.5717,3.7605;-0.3353,4.1274,4.0738;-0.6616,2.8072,4.1550;-1.9855,2.7737,4.3097;-2.5305,4.0555,4.4569;-1.4597,4.9187,4.3221;-1.4308,6.3973,4.4728;-2.6775,1.5135,4.3402;-3.2650,0.5127,4.3638;1.1058,5.8380,3.2276;1.9199,10.4647,1.6989;4.8459,10.5807,-0.3344;5.2865,6.3866,-1.1747;3.6434,5.8398,0.5429;1.4432,7.8653,2.0166;4.4517,6.1048,3.1068;4.3076,3.8525,3.9992;1.3138,1.7540,4.0829;3.0133,2.7329,6.4523;2.1432,1.2117,6.3510;1.2400,2.7401,6.4550;4.0000,1.7177,4.6633;-3.5590,4.3235,4.6561;-2.4060,6.7676,4.8083;-1.2057,6.8899,3.5236;-0.6940,6.6986,5.2252;</g>
	</geometry>
	<conformers/>
	<properties/>
</molecule>
