<?xml version="1.0" ?>
<!--MOLLI PACKAGE EXPERIMENTAL XML FORMAT-->
<molecule name="prELN032036-183">
	<atoms>
		<a id="1" s="C" t="C.3" l="C"/>
		<a id="2" s="C" t="C.3" l="C"/>
		<a id="3" s="C" t="C.3" l="C"/>
		<a id="4" s="N" t="N.3" l="N"/>
		<a id="5" s="O" t="O.3" l="O"/>
		<a id="6" s="H" t="H" l="H"/>
		<a id="7" s="H" t="H" l="H"/>
		<a id="8" s="H" t="H" l="H"/>
		<a id="9" s="H" t="H" l="H"/>
		<a id="10" s="H" t="H" l="H"/>
		<a id="11" s="H" t="H" l="H"/>
		<a id="12" s="H" t="H" l="H"/>
	</atoms>
	<bonds>
		<b id="1" c="1 2" t="1"/>
		<b id="2" c="2 3" t="1"/>
		<b id="3" c="3 4" t="1"/>
		<b id="4" c="1 4" t="1"/>
		<b id="5" c="2 5" t="1"/>
		<b id="6" c="1 6" t="1"/>
		<b id="7" c="1 7" t="1"/>
		<b id="8" c="2 8" t="1"/>
		<b id="9" c="3 9" t="1"/>
		<b id="10" c="3 10" t="1"/>
		<b id="11" c="4 11" t="1"/>
		<b id="12" c="5 12" t="1"/>
	</bonds>
	<geometry>
		<g u="A" t="cart/3d">#12,3:0.5193,-1.0518,0.2448;-0.5728,0.0140,0.4984;0.5752,1.0256,0.2740;1.2904,-0.0220,-0.4898;-1.6647,0.0557,-0.4480;0.2178,-1.9069,-0.3656;1.0110,-1.4165,1.1543;-0.9714,0.0108,1.5181;1.0849,1.3385,1.1926;0.3201,1.9131,-0.3126;2.2981,-0.0514,-0.3341;-1.2126,0.0521,-1.3135;</g>
	</geometry>
	<conformers/>
	<properties/>
</molecule>
