<?xml version="1.0" ?>
<!--MOLLI PACKAGE EXPERIMENTAL XML FORMAT-->
<molecule name="prELN032036-186">
	<atoms>
		<a id="1" s="F" t="F" l="F"/>
		<a id="2" s="C" t="C.3" l="C"/>
		<a id="3" s="F" t="F" l="F"/>
		<a id="4" s="C" t="C.ar" l="C"/>
		<a id="5" s="C" t="C.ar" l="C"/>
		<a id="6" s="C" t="C.ar" l="C"/>
		<a id="7" s="C" t="C.ar" l="C"/>
		<a id="8" s="N" t="N.ar" l="N"/>
		<a id="9" s="N" t="N.ar" l="N"/>
		<a id="10" s="C" t="C.ar" l="C"/>
		<a id="11" s="C" t="C.1" l="C"/>
		<a id="12" s="N" t="N.1" l="N"/>
		<a id="13" s="C" t="C.ar" l="C"/>
		<a id="14" s="C" t="C.ar" l="C"/>
		<a id="15" s="C" t="C.3" l="C"/>
		<a id="16" s="N" t="N.ar" l="N"/>
		<a id="17" s="C" t="C.ar" l="C"/>
		<a id="18" s="N" t="N.ar" l="N"/>
		<a id="19" s="C" t="C.ar" l="C"/>
		<a id="20" s="N" t="N.ar" l="N"/>
		<a id="21" s="C" t="C.ar" l="C"/>
		<a id="22" s="C" t="C.ar" l="C"/>
		<a id="23" s="C" t="C.ar" l="C"/>
		<a id="24" s="C" t="C.ar" l="C"/>
		<a id="25" s="Br" t="Br" l="BR"/>
		<a id="26" s="C" t="C.ar" l="C"/>
		<a id="27" s="O" t="O.3" l="O"/>
		<a id="28" s="C" t="C.3" l="C"/>
		<a id="29" s="C" t="C.ar" l="C"/>
		<a id="30" s="H" t="H" l="H"/>
		<a id="31" s="H" t="H" l="H"/>
		<a id="32" s="H" t="H" l="H"/>
		<a id="33" s="H" t="H" l="H"/>
		<a id="34" s="H" t="H" l="H"/>
		<a id="35" s="H" t="H" l="H"/>
		<a id="36" s="H" t="H" l="H"/>
		<a id="37" s="H" t="H" l="H"/>
		<a id="38" s="H" t="H" l="H"/>
		<a id="39" s="H" t="H" l="H"/>
		<a id="40" s="H" t="H" l="H"/>
		<a id="41" s="H" t="H" l="H"/>
		<a id="42" s="H" t="H" l="H"/>
	</atoms>
	<bonds>
		<b id="1" c="1 2" t="1"/>
		<b id="2" c="2 3" t="1"/>
		<b id="3" c="2 4" t="1"/>
		<b id="4" c="4 5" t="ar"/>
		<b id="5" c="5 6" t="ar"/>
		<b id="6" c="4 7" t="ar"/>
		<b id="7" c="7 8" t="1"/>
		<b id="8" c="8 9" t="ar"/>
		<b id="9" c="9 10" t="ar"/>
		<b id="10" c="10 11" t="1"/>
		<b id="11" c="11 12" t="3"/>
		<b id="12" c="10 13" t="ar"/>
		<b id="13" c="13 14" t="ar"/>
		<b id="14" c="8 14" t="ar"/>
		<b id="15" c="14 15" t="1"/>
		<b id="16" c="7 16" t="ar"/>
		<b id="17" c="16 17" t="ar"/>
		<b id="18" c="6 17" t="ar"/>
		<b id="19" c="17 18" t="1"/>
		<b id="20" c="18 19" t="ar"/>
		<b id="21" c="19 20" t="ar"/>
		<b id="22" c="18 21" t="ar"/>
		<b id="23" c="21 22" t="ar"/>
		<b id="24" c="20 22" t="ar"/>
		<b id="25" c="22 23" t="ar"/>
		<b id="26" c="23 24" t="ar"/>
		<b id="27" c="24 25" t="1"/>
		<b id="28" c="24 26" t="ar"/>
		<b id="29" c="26 27" t="1"/>
		<b id="30" c="27 28" t="1"/>
		<b id="31" c="26 29" t="ar"/>
		<b id="32" c="21 29" t="ar"/>
		<b id="33" c="2 30" t="1"/>
		<b id="34" c="5 31" t="1"/>
		<b id="35" c="6 32" t="1"/>
		<b id="36" c="13 33" t="1"/>
		<b id="37" c="15 34" t="1"/>
		<b id="38" c="15 35" t="1"/>
		<b id="39" c="15 36" t="1"/>
		<b id="40" c="19 37" t="1"/>
		<b id="41" c="23 38" t="1"/>
		<b id="42" c="28 39" t="1"/>
		<b id="43" c="28 40" t="1"/>
		<b id="44" c="28 41" t="1"/>
		<b id="45" c="29 42" t="1"/>
	</bonds>
	<geometry>
		<g u="A" t="cart/3d">#42,3:1.3680,-1.3046,0.0437;2.2308,-0.2647,-0.1173;1.6300,0.5475,-1.0412;2.5234,0.4549,1.1706;2.1825,1.8128,1.2983;2.4273,2.5097,2.4822;3.0612,-0.1608,2.3000;3.3218,-1.5662,2.3468;3.7761,-2.2319,1.2486;4.1140,-3.4500,1.7090;4.7083,-4.4078,0.8333;5.2169,-5.2149,0.1408;3.8265,-3.5916,3.0724;3.2748,-2.3930,3.4672;2.6773,-2.0001,4.7720;3.3638,0.5276,3.4324;3.0642,1.8450,3.5157;3.1841,2.4221,4.8258;3.5649,1.6473,5.9076;2.5228,1.4836,6.6942;2.2557,3.3129,5.3560;1.6387,2.4214,6.2379;0.2431,2.4238,6.2702;-0.2971,3.6982,6.1425;-1.6662,4.1064,7.3896;0.3196,4.6680,5.3428;-0.3654,5.7399,4.8231;-1.5665,5.2960,4.1690;1.6463,4.4994,4.9216;3.1539,-0.6197,-0.5835;1.6850,2.3316,0.4786;2.0815,3.5329,2.5594;3.9765,-4.4721,3.7051;2.4920,-2.8831,5.3949;1.7092,-1.5003,4.6320;3.3433,-1.3393,5.3316;4.4659,1.0488,5.9180;-0.0998,1.7663,5.4392;-1.9288,6.0945,3.5181;-2.3591,5.0892,4.8920;-1.3887,4.4066,3.5491;2.1417,5.2056,4.2636;</g>
	</geometry>
	<conformers/>
	<properties/>
</molecule>
