<?xml version="1.0" ?>
<!--MOLLI PACKAGE EXPERIMENTAL XML FORMAT-->
<molecule name="prELN032036-230">
	<atoms>
		<a id="1" s="F" t="F" l="F"/>
		<a id="2" s="C" t="C.3" l="C"/>
		<a id="3" s="F" t="F" l="F"/>
		<a id="4" s="C" t="C.ar" l="C"/>
		<a id="5" s="C" t="C.ar" l="C"/>
		<a id="6" s="C" t="C.ar" l="C"/>
		<a id="7" s="C" t="C.ar" l="C"/>
		<a id="8" s="N" t="N.ar" l="N"/>
		<a id="9" s="N" t="N.ar" l="N"/>
		<a id="10" s="C" t="C.ar" l="C"/>
		<a id="11" s="C" t="C.1" l="C"/>
		<a id="12" s="N" t="N.1" l="N"/>
		<a id="13" s="C" t="C.ar" l="C"/>
		<a id="14" s="C" t="C.ar" l="C"/>
		<a id="15" s="C" t="C.3" l="C"/>
		<a id="16" s="N" t="N.ar" l="N"/>
		<a id="17" s="C" t="C.ar" l="C"/>
		<a id="18" s="N" t="N.ar" l="N"/>
		<a id="19" s="C" t="C.ar" l="C"/>
		<a id="20" s="N" t="N.ar" l="N"/>
		<a id="21" s="C" t="C.ar" l="C"/>
		<a id="22" s="C" t="C.ar" l="C"/>
		<a id="23" s="C" t="C.ar" l="C"/>
		<a id="24" s="C" t="C.ar" l="C"/>
		<a id="25" s="Br" t="Br" l="BR"/>
		<a id="26" s="C" t="C.ar" l="C"/>
		<a id="27" s="O" t="O.3" l="O"/>
		<a id="28" s="C" t="C.3" l="C"/>
		<a id="29" s="C" t="C.ar" l="C"/>
		<a id="30" s="H" t="H" l="H"/>
		<a id="31" s="H" t="H" l="H"/>
		<a id="32" s="H" t="H" l="H"/>
		<a id="33" s="H" t="H" l="H"/>
		<a id="34" s="H" t="H" l="H"/>
		<a id="35" s="H" t="H" l="H"/>
		<a id="36" s="H" t="H" l="H"/>
		<a id="37" s="H" t="H" l="H"/>
		<a id="38" s="H" t="H" l="H"/>
		<a id="39" s="H" t="H" l="H"/>
		<a id="40" s="H" t="H" l="H"/>
		<a id="41" s="H" t="H" l="H"/>
		<a id="42" s="H" t="H" l="H"/>
	</atoms>
	<bonds>
		<b id="1" c="1 2" t="1"/>
		<b id="2" c="2 3" t="1"/>
		<b id="3" c="2 4" t="1"/>
		<b id="4" c="4 5" t="ar"/>
		<b id="5" c="5 6" t="ar"/>
		<b id="6" c="4 7" t="ar"/>
		<b id="7" c="7 8" t="1"/>
		<b id="8" c="8 9" t="ar"/>
		<b id="9" c="9 10" t="ar"/>
		<b id="10" c="10 11" t="1"/>
		<b id="11" c="11 12" t="3"/>
		<b id="12" c="10 13" t="ar"/>
		<b id="13" c="13 14" t="ar"/>
		<b id="14" c="8 14" t="ar"/>
		<b id="15" c="14 15" t="1"/>
		<b id="16" c="7 16" t="ar"/>
		<b id="17" c="16 17" t="ar"/>
		<b id="18" c="6 17" t="ar"/>
		<b id="19" c="17 18" t="1"/>
		<b id="20" c="18 19" t="ar"/>
		<b id="21" c="19 20" t="ar"/>
		<b id="22" c="18 21" t="ar"/>
		<b id="23" c="21 22" t="ar"/>
		<b id="24" c="20 22" t="ar"/>
		<b id="25" c="22 23" t="ar"/>
		<b id="26" c="23 24" t="ar"/>
		<b id="27" c="24 25" t="1"/>
		<b id="28" c="24 26" t="ar"/>
		<b id="29" c="26 27" t="1"/>
		<b id="30" c="27 28" t="1"/>
		<b id="31" c="26 29" t="ar"/>
		<b id="32" c="21 29" t="ar"/>
		<b id="33" c="2 30" t="1"/>
		<b id="34" c="5 31" t="1"/>
		<b id="35" c="6 32" t="1"/>
		<b id="36" c="13 33" t="1"/>
		<b id="37" c="15 34" t="1"/>
		<b id="38" c="15 35" t="1"/>
		<b id="39" c="15 36" t="1"/>
		<b id="40" c="19 37" t="1"/>
		<b id="41" c="23 38" t="1"/>
		<b id="42" c="28 39" t="1"/>
		<b id="43" c="28 40" t="1"/>
		<b id="44" c="28 41" t="1"/>
		<b id="45" c="29 42" t="1"/>
	</bonds>
	<geometry>
		<g u="A" t="cart/3d">#42,3:1.4981,-1.1880,0.5783;2.1916,-0.2233,-0.0848;1.3700,0.1592,-1.1096;2.5748,0.9294,0.7984;2.0521,2.2101,0.5341;2.3867,3.3041,1.3311;3.3837,0.8080,1.9259;3.8377,-0.4559,2.4150;4.2123,-1.4422,1.5603;4.8122,-2.3303,2.3331;5.4227,-3.4573,1.7412;5.9553,-4.3859,1.2663;4.7675,-2.0192,3.6857;4.0962,-0.8134,3.7364;3.6601,-0.0246,4.9182;3.7642,1.8768,2.6647;3.2744,3.1052,2.3707;3.4875,4.0937,3.3857;4.1663,3.7631,4.5441;3.3004,3.7161,5.5337;2.5048,4.9823,3.8060;2.2183,4.3902,5.0354;0.9050,4.4400,5.4853;0.1297,5.5020,5.0374;-1.1406,6.1605,6.2853;0.4478,6.1635,3.8476;-0.4408,6.9916,3.2057;-1.6527,6.2840,2.9010;1.6546,5.9038,3.1811;3.0755,-0.6618,-0.5550;1.3389,2.3516,-0.2786;1.9133,4.2585,1.1324;5.1760,-2.5639,4.5182;3.6923,-0.6495,5.8215;2.6184,0.3139,4.8115;4.3029,0.8355,5.0920;5.1580,3.3293,4.5403;0.4117,3.4606,5.5283;-2.2025,6.8506,2.1465;-2.3018,6.2042,3.7764;-1.4511,5.2827,2.4984;1.8890,6.3573,2.2243;</g>
	</geometry>
	<conformers/>
	<properties/>
</molecule>
