<?xml version="1.0" ?>
<!--MOLLI PACKAGE EXPERIMENTAL XML FORMAT-->
<molecule name="prELN032036-186">
	<atoms>
		<a id="1" s="C" t="C.3" l="C"/>
		<a id="2" s="C" t="C.3" l="C"/>
		<a id="3" s="O" t="O.3" l="O"/>
		<a id="4" s="C" t="C.2" l="C"/>
		<a id="5" s="N" t="N.am" l="N"/>
		<a id="6" s="C" t="C.3" l="C"/>
		<a id="7" s="C" t="C.3" l="C"/>
		<a id="8" s="C" t="C.3" l="C"/>
		<a id="9" s="C" t="C.3" l="C"/>
		<a id="10" s="N" t="N.4" l="N"/>
		<a id="11" s="C" t="C.3" l="C"/>
		<a id="12" s="O" t="O.2" l="O"/>
		<a id="13" s="C" t="C.3" l="C"/>
		<a id="14" s="C" t="C.3" l="C"/>
		<a id="15" s="C" t="C.3" l="C"/>
		<a id="16" s="C" t="C.3" l="C"/>
		<a id="17" s="O" t="O.3" l="O"/>
		<a id="18" s="C" t="C.2" l="C"/>
		<a id="19" s="N" t="N.am" l="N"/>
		<a id="20" s="C" t="C.3" l="C"/>
		<a id="21" s="C" t="C.3" l="C"/>
		<a id="22" s="C" t="C.3" l="C"/>
		<a id="23" s="C" t="C.3" l="C"/>
		<a id="24" s="N" t="N.4" l="N"/>
		<a id="25" s="C" t="C.3" l="C"/>
		<a id="26" s="O" t="O.2" l="O"/>
		<a id="27" s="C" t="C.3" l="C"/>
		<a id="28" s="C" t="C.3" l="C"/>
		<a id="29" s="O" t="O.co2" l="O"/>
		<a id="30" s="C" t="C.2" l="C"/>
		<a id="31" s="C" t="C.2" l="C"/>
		<a id="32" s="O" t="O.co2" l="O"/>
		<a id="33" s="O" t="O.co2" l="O"/>
		<a id="34" s="O" t="O.co2" l="O"/>
		<a id="35" s="H" t="H" l="H"/>
		<a id="36" s="H" t="H" l="H"/>
		<a id="37" s="H" t="H" l="H"/>
		<a id="38" s="H" t="H" l="H"/>
		<a id="39" s="H" t="H" l="H"/>
		<a id="40" s="H" t="H" l="H"/>
		<a id="41" s="H" t="H" l="H"/>
		<a id="42" s="H" t="H" l="H"/>
		<a id="43" s="H" t="H" l="H"/>
		<a id="44" s="H" t="H" l="H"/>
		<a id="45" s="H" t="H" l="H"/>
		<a id="46" s="H" t="H" l="H"/>
		<a id="47" s="H" t="H" l="H"/>
		<a id="48" s="H" t="H" l="H"/>
		<a id="49" s="H" t="H" l="H"/>
		<a id="50" s="H" t="H" l="H"/>
		<a id="51" s="H" t="H" l="H"/>
		<a id="52" s="H" t="H" l="H"/>
		<a id="53" s="H" t="H" l="H"/>
		<a id="54" s="H" t="H" l="H"/>
		<a id="55" s="H" t="H" l="H"/>
		<a id="56" s="H" t="H" l="H"/>
		<a id="57" s="H" t="H" l="H"/>
		<a id="58" s="H" t="H" l="H"/>
		<a id="59" s="H" t="H" l="H"/>
		<a id="60" s="H" t="H" l="H"/>
		<a id="61" s="H" t="H" l="H"/>
		<a id="62" s="H" t="H" l="H"/>
		<a id="63" s="H" t="H" l="H"/>
		<a id="64" s="H" t="H" l="H"/>
		<a id="65" s="H" t="H" l="H"/>
		<a id="66" s="H" t="H" l="H"/>
		<a id="67" s="H" t="H" l="H"/>
		<a id="68" s="H" t="H" l="H"/>
		<a id="69" s="H" t="H" l="H"/>
		<a id="70" s="H" t="H" l="H"/>
		<a id="71" s="H" t="H" l="H"/>
		<a id="72" s="H" t="H" l="H"/>
	</atoms>
	<bonds>
		<b id="1" c="1 2" t="1"/>
		<b id="2" c="2 3" t="1"/>
		<b id="3" c="3 4" t="1"/>
		<b id="4" c="4 5" t="am"/>
		<b id="5" c="5 6" t="1"/>
		<b id="6" c="6 7" t="1"/>
		<b id="7" c="7 8" t="1"/>
		<b id="8" c="5 8" t="1"/>
		<b id="9" c="7 9" t="1"/>
		<b id="10" c="9 10" t="1"/>
		<b id="11" c="10 11" t="1"/>
		<b id="12" c="7 11" t="1"/>
		<b id="13" c="4 12" t="2"/>
		<b id="14" c="2 13" t="1"/>
		<b id="15" c="2 14" t="1"/>
		<b id="16" c="15 16" t="1"/>
		<b id="17" c="16 17" t="1"/>
		<b id="18" c="17 18" t="1"/>
		<b id="19" c="18 19" t="am"/>
		<b id="20" c="19 20" t="1"/>
		<b id="21" c="20 21" t="1"/>
		<b id="22" c="21 22" t="1"/>
		<b id="23" c="19 22" t="1"/>
		<b id="24" c="21 23" t="1"/>
		<b id="25" c="23 24" t="1"/>
		<b id="26" c="24 25" t="1"/>
		<b id="27" c="21 25" t="1"/>
		<b id="28" c="18 26" t="2"/>
		<b id="29" c="16 27" t="1"/>
		<b id="30" c="16 28" t="1"/>
		<b id="31" c="29 30" t="ar"/>
		<b id="32" c="30 31" t="1"/>
		<b id="33" c="31 32" t="ar"/>
		<b id="34" c="31 33" t="ar"/>
		<b id="35" c="30 34" t="ar"/>
		<b id="36" c="1 35" t="1"/>
		<b id="37" c="1 36" t="1"/>
		<b id="38" c="1 37" t="1"/>
		<b id="39" c="6 38" t="1"/>
		<b id="40" c="6 39" t="1"/>
		<b id="41" c="8 40" t="1"/>
		<b id="42" c="8 41" t="1"/>
		<b id="43" c="9 42" t="1"/>
		<b id="44" c="9 43" t="1"/>
		<b id="45" c="10 44" t="1"/>
		<b id="46" c="10 45" t="1"/>
		<b id="47" c="11 46" t="1"/>
		<b id="48" c="11 47" t="1"/>
		<b id="49" c="13 48" t="1"/>
		<b id="50" c="13 49" t="1"/>
		<b id="51" c="13 50" t="1"/>
		<b id="52" c="14 51" t="1"/>
		<b id="53" c="14 52" t="1"/>
		<b id="54" c="14 53" t="1"/>
		<b id="55" c="15 54" t="1"/>
		<b id="56" c="15 55" t="1"/>
		<b id="57" c="15 56" t="1"/>
		<b id="58" c="20 57" t="1"/>
		<b id="59" c="20 58" t="1"/>
		<b id="60" c="22 59" t="1"/>
		<b id="61" c="22 60" t="1"/>
		<b id="62" c="23 61" t="1"/>
		<b id="63" c="23 62" t="1"/>
		<b id="64" c="24 63" t="1"/>
		<b id="65" c="24 64" t="1"/>
		<b id="66" c="25 65" t="1"/>
		<b id="67" c="25 66" t="1"/>
		<b id="68" c="27 67" t="1"/>
		<b id="69" c="27 68" t="1"/>
		<b id="70" c="27 69" t="1"/>
		<b id="71" c="28 70" t="1"/>
		<b id="72" c="28 71" t="1"/>
		<b id="73" c="28 72" t="1"/>
	</bonds>
	<geometry>
		<g u="A" t="cart/3d">#72,3:4.5627,1.1241,0.8382;5.0117,0.4521,-0.4813;3.7720,0.3559,-1.2854;3.6370,0.2547,-2.6380;2.3102,0.3210,-3.0303;1.4198,-0.8793,-3.2526;1.5000,-0.5500,-4.7143;1.8937,0.8426,-4.3812;2.4050,-1.3711,-5.5747;1.1757,-1.9737,-6.1636;0.3803,-0.8234,-5.6514;4.5656,0.0641,-3.4333;6.1760,1.2732,-1.0435;5.5614,-0.9382,-0.1509;0.5729,-3.2655,1.8719;1.9550,-2.6737,1.5698;1.8370,-1.1973,1.6547;1.8808,-0.4920,2.8387;1.5544,0.8530,2.7574;0.6761,1.6322,1.8845;1.1647,2.8311,2.6675;1.6053,1.9274,3.7753;2.1894,3.8384,2.1754;1.0420,4.6770,1.7872;0.2162,4.0094,2.7902;2.2185,-0.9818,3.9129;3.0072,-3.3707,2.4720;2.3186,-3.0774,0.1121;0.5711,2.7389,-2.3931;1.2795,3.3354,-1.5252;2.7363,3.7082,-1.8759;3.4675,4.0376,-0.8780;3.0461,3.6631,-3.1099;0.8678,3.6755,-0.3641;4.7113,2.2076,0.8055;5.1128,0.7636,1.7115;3.4973,0.9685,1.0085;0.4380,-0.7273,-2.8014;1.8396,-1.8348,-2.9350;1.0521,1.5251,-4.3306;2.6997,1.2968,-4.9724;3.0375,-2.1139,-5.0824;2.9761,-0.8262,-6.3331;0.9192,-2.8697,-5.7417;1.2039,-2.0511,-7.1915;-0.5905,-1.1438,-5.2556;0.2149,-0.0927,-6.4563;5.9721,2.3546,-1.0276;6.4298,1.0053,-2.0730;7.0734,1.1173,-0.4342;4.7549,-1.6527,0.0420;6.2029,-0.9251,0.7336;6.1592,-1.3417,-0.9751;0.3383,-3.1749,2.9360;0.5204,-4.3293,1.6089;-0.2042,-2.7360,1.3127;-0.3872,1.3927,2.1025;0.8532,1.5332,0.8253;0.9010,1.7850,4.5984;2.6183,2.0982,4.1571;2.8664,3.5530,1.3797;2.7587,4.3541,2.9588;0.8223,4.3763,0.7844;1.1844,5.6811,1.7438;-0.8184,3.8710,2.4552;0.2178,4.5616,3.7323;2.9517,-3.0795,3.5103;4.0311,-3.1705,2.1286;2.8686,-4.4551,2.4370;1.9228,-2.3775,-0.6236;1.9672,-4.0889,-0.1310;3.4024,-3.1285,-0.0396;</g>
	</geometry>
	<conformers/>
	<properties/>
</molecule>
