<?xml version="1.0" ?>
<!--MOLLI PACKAGE EXPERIMENTAL XML FORMAT-->
<molecule name="prELN032036-012">
	<atoms>
		<a id="1" s="Br" t="Br" l="BR"/>
		<a id="2" s="C" t="C.ar" l="C"/>
		<a id="3" s="N" t="N.ar" l="N"/>
		<a id="4" s="C" t="C.ar" l="C"/>
		<a id="5" s="C" t="C.ar" l="C"/>
		<a id="6" s="C" t="C.1" l="C"/>
		<a id="7" s="N" t="N.1" l="N"/>
		<a id="8" s="C" t="C.ar" l="C"/>
		<a id="9" s="C" t="C.ar" l="C"/>
		<a id="10" s="H" t="H" l="H"/>
		<a id="11" s="H" t="H" l="H"/>
		<a id="12" s="H" t="H" l="H"/>
	</atoms>
	<bonds>
		<b id="1" c="1 2" t="1"/>
		<b id="2" c="2 3" t="ar"/>
		<b id="3" c="3 4" t="ar"/>
		<b id="4" c="4 5" t="ar"/>
		<b id="5" c="5 6" t="1"/>
		<b id="6" c="6 7" t="3"/>
		<b id="7" c="5 8" t="ar"/>
		<b id="8" c="8 9" t="ar"/>
		<b id="9" c="2 9" t="ar"/>
		<b id="10" c="4 10" t="1"/>
		<b id="11" c="8 11" t="1"/>
		<b id="12" c="9 12" t="1"/>
	</bonds>
	<geometry>
		<g u="A" t="cart/3d">#12,3:1.0775,0.0953,0.3161;2.9610,0.0274,0.1145;3.6301,1.2006,0.0595;4.9739,1.1352,-0.1001;5.6822,-0.0522,-0.2088;7.0973,-0.0394,-0.3944;8.2475,-0.0319,-0.5503;4.9679,-1.2481,-0.1408;3.5828,-1.2104,0.0237;5.4726,2.1018,-0.1415;5.4767,-2.2066,-0.2183;3.0104,-2.1311,0.0742;</g>
	</geometry>
	<conformers/>
	<properties/>
</molecule>
