<?xml version="1.0" ?>
<!--MOLLI PACKAGE EXPERIMENTAL XML FORMAT-->
<molecule name="prELN032036-197">
	<atoms>
		<a id="1" s="Cl" t="Cl" l="CL"/>
		<a id="2" s="C" t="C.ar" l="C"/>
		<a id="3" s="N" t="N.ar" l="N"/>
		<a id="4" s="N" t="N.ar" l="N"/>
		<a id="5" s="C" t="C.ar" l="C"/>
		<a id="6" s="Cl" t="Cl" l="CL"/>
		<a id="7" s="C" t="C.ar" l="C"/>
		<a id="8" s="O" t="O.3" l="O"/>
		<a id="9" s="C" t="C.3" l="C"/>
		<a id="10" s="C" t="C.ar" l="C"/>
		<a id="11" s="C" t="C.ar" l="C"/>
		<a id="12" s="C" t="C.ar" l="C"/>
		<a id="13" s="C" t="C.ar" l="C"/>
		<a id="14" s="C" t="C.ar" l="C"/>
		<a id="15" s="C" t="C.ar" l="C"/>
		<a id="16" s="N" t="N.ar" l="N"/>
		<a id="17" s="H" t="H" l="H"/>
		<a id="18" s="H" t="H" l="H"/>
		<a id="19" s="H" t="H" l="H"/>
		<a id="20" s="H" t="H" l="H"/>
		<a id="21" s="H" t="H" l="H"/>
		<a id="22" s="H" t="H" l="H"/>
		<a id="23" s="H" t="H" l="H"/>
	</atoms>
	<bonds>
		<b id="1" c="1 2" t="1"/>
		<b id="2" c="2 3" t="ar"/>
		<b id="3" c="3 4" t="ar"/>
		<b id="4" c="4 5" t="ar"/>
		<b id="5" c="5 6" t="1"/>
		<b id="6" c="5 7" t="ar"/>
		<b id="7" c="7 8" t="1"/>
		<b id="8" c="8 9" t="1"/>
		<b id="9" c="9 10" t="1"/>
		<b id="10" c="10 11" t="ar"/>
		<b id="11" c="11 12" t="ar"/>
		<b id="12" c="12 13" t="ar"/>
		<b id="13" c="13 14" t="ar"/>
		<b id="14" c="14 15" t="ar"/>
		<b id="15" c="10 15" t="ar"/>
		<b id="16" c="7 16" t="ar"/>
		<b id="17" c="2 16" t="ar"/>
		<b id="18" c="9 17" t="1"/>
		<b id="19" c="9 18" t="1"/>
		<b id="20" c="11 19" t="1"/>
		<b id="21" c="12 20" t="1"/>
		<b id="22" c="13 21" t="1"/>
		<b id="23" c="14 22" t="1"/>
		<b id="24" c="15 23" t="1"/>
	</bonds>
	<geometry>
		<g u="A" t="cart/3d">#23,3:6.6553,-2.3972,-0.0788;5.5127,-1.1341,-0.0841;4.2088,-1.4779,-0.0796;3.2713,-0.4858,-0.0808;3.6940,0.7954,-0.0851;2.4555,1.9735,-0.0863;5.0511,1.0812,-0.0882;5.4585,2.4053,-0.0890;6.8840,2.5434,-0.0882;7.3097,3.9940,-0.0523;8.5400,4.3263,0.5398;8.9981,5.6439,0.5439;8.2376,6.6453,-0.0534;7.0226,6.3278,-0.6593;6.5625,5.0084,-0.6648;5.9980,0.1149,-0.0897;7.3064,2.0967,-0.9974;7.2908,2.0460,0.8020;9.1544,3.5545,0.9994;9.9505,5.8862,1.0084;8.5943,7.6719,-0.0520;6.4347,7.1096,-1.1335;5.6182,4.7802,-1.1543;</g>
	</geometry>
	<conformers/>
	<properties/>
</molecule>
