<?xml version="1.0" ?>
<!--MOLLI PACKAGE EXPERIMENTAL XML FORMAT-->
<molecule name="prELN032036-197">
	<atoms>
		<a id="1" s="N" t="N.3" l="N"/>
		<a id="2" s="C" t="C.3" l="C"/>
		<a id="3" s="C" t="C.3" l="C"/>
		<a id="4" s="C" t="C.3" l="C"/>
		<a id="5" s="C" t="C.3" l="C"/>
		<a id="6" s="N" t="N.3" l="N"/>
		<a id="7" s="C" t="C.3" l="C"/>
		<a id="8" s="C" t="C.3" l="C"/>
		<a id="9" s="C" t="C.3" l="C"/>
		<a id="10" s="Cl" t="Cl" l="CL"/>
		<a id="11" s="Cl" t="Cl" l="CL"/>
		<a id="12" s="H" t="H" l="H"/>
		<a id="13" s="H" t="H" l="H"/>
		<a id="14" s="H" t="H" l="H"/>
		<a id="15" s="H" t="H" l="H"/>
		<a id="16" s="H" t="H" l="H"/>
		<a id="17" s="H" t="H" l="H"/>
		<a id="18" s="H" t="H" l="H"/>
		<a id="19" s="H" t="H" l="H"/>
		<a id="20" s="H" t="H" l="H"/>
		<a id="21" s="H" t="H" l="H"/>
		<a id="22" s="H" t="H" l="H"/>
		<a id="23" s="H" t="H" l="H"/>
		<a id="24" s="H" t="H" l="H"/>
		<a id="25" s="H" t="H" l="H"/>
		<a id="26" s="H" t="H" l="H"/>
		<a id="27" s="H" t="H" l="H"/>
		<a id="28" s="H" t="H" l="H"/>
		<a id="29" s="H" t="H" l="H"/>
	</atoms>
	<bonds>
		<b id="1" c="1 2" t="1"/>
		<b id="2" c="2 3" t="1"/>
		<b id="3" c="3 4" t="1"/>
		<b id="4" c="4 5" t="1"/>
		<b id="5" c="5 6" t="1"/>
		<b id="6" c="6 7" t="1"/>
		<b id="7" c="2 7" t="1"/>
		<b id="8" c="6 8" t="1"/>
		<b id="9" c="8 9" t="1"/>
		<b id="10" c="1 12" t="1"/>
		<b id="11" c="1 13" t="1"/>
		<b id="12" c="2 14" t="1"/>
		<b id="13" c="3 15" t="1"/>
		<b id="14" c="3 16" t="1"/>
		<b id="15" c="4 17" t="1"/>
		<b id="16" c="4 18" t="1"/>
		<b id="17" c="5 19" t="1"/>
		<b id="18" c="5 20" t="1"/>
		<b id="19" c="7 21" t="1"/>
		<b id="20" c="7 22" t="1"/>
		<b id="21" c="8 23" t="1"/>
		<b id="22" c="8 24" t="1"/>
		<b id="23" c="9 25" t="1"/>
		<b id="24" c="9 26" t="1"/>
		<b id="25" c="9 27" t="1"/>
		<b id="26" c="10 28" t="1"/>
		<b id="27" c="11 29" t="1"/>
	</bonds>
	<geometry>
		<g u="A" t="cart/3d">#29,3:1.1979,0.2843,-0.5263;2.6593,0.2109,-0.4474;3.3008,1.1851,-1.4447;2.9439,0.7706,-2.8714;3.3978,-0.6711,-3.1265;2.7750,-1.6012,-2.1529;3.1381,-1.2142,-0.7682;3.1857,-3.0077,-2.3806;2.7213,-3.5608,-3.7307;0.0334,-3.1272,0.3229;1.2293,1.7588,2.6865;0.8890,1.2715,-0.3748;0.7856,-0.2857,0.2459;2.9840,0.4811,0.5809;4.4057,1.1613,-1.3225;2.9572,2.2239,-1.2465;3.4326,1.4553,-3.5962;1.8427,0.8413,-3.0172;4.5064,-0.7358,-3.0674;3.0797,-0.9183,-4.1600;4.2465,-1.2686,-0.6332;2.6844,-1.9140,-0.0340;2.7184,-3.6523,-1.6027;4.2917,-3.1169,-2.2972;1.6199,-3.4588,-3.8294;2.9889,-4.6365,-3.7969;3.2223,-3.0504,-4.5772;0.7151,-2.4425,1.3039;2.0344,2.3884,1.7648;</g>
	</geometry>
	<conformers/>
	<properties/>
</molecule>
