<?xml version="1.0" ?>
<!--MOLLI PACKAGE EXPERIMENTAL XML FORMAT-->
<molecule name="prELN032036-205">
	<atoms>
		<a id="1" s="N" t="N.3" l="N"/>
		<a id="2" s="C" t="C.3" l="C"/>
		<a id="3" s="C" t="C.3" l="C"/>
		<a id="4" s="C" t="C.3" l="C"/>
		<a id="5" s="C" t="C.3" l="C"/>
		<a id="6" s="N" t="N.3" l="N"/>
		<a id="7" s="C" t="C.3" l="C"/>
		<a id="8" s="C" t="C.3" l="C"/>
		<a id="9" s="C" t="C.3" l="C"/>
		<a id="10" s="Cl" t="Cl" l="CL"/>
		<a id="11" s="Cl" t="Cl" l="CL"/>
		<a id="12" s="H" t="H" l="H"/>
		<a id="13" s="H" t="H" l="H"/>
		<a id="14" s="H" t="H" l="H"/>
		<a id="15" s="H" t="H" l="H"/>
		<a id="16" s="H" t="H" l="H"/>
		<a id="17" s="H" t="H" l="H"/>
		<a id="18" s="H" t="H" l="H"/>
		<a id="19" s="H" t="H" l="H"/>
		<a id="20" s="H" t="H" l="H"/>
		<a id="21" s="H" t="H" l="H"/>
		<a id="22" s="H" t="H" l="H"/>
		<a id="23" s="H" t="H" l="H"/>
		<a id="24" s="H" t="H" l="H"/>
		<a id="25" s="H" t="H" l="H"/>
		<a id="26" s="H" t="H" l="H"/>
		<a id="27" s="H" t="H" l="H"/>
		<a id="28" s="H" t="H" l="H"/>
		<a id="29" s="H" t="H" l="H"/>
	</atoms>
	<bonds>
		<b id="1" c="1 2" t="1"/>
		<b id="2" c="2 3" t="1"/>
		<b id="3" c="3 4" t="1"/>
		<b id="4" c="4 5" t="1"/>
		<b id="5" c="5 6" t="1"/>
		<b id="6" c="6 7" t="1"/>
		<b id="7" c="2 7" t="1"/>
		<b id="8" c="6 8" t="1"/>
		<b id="9" c="8 9" t="1"/>
		<b id="10" c="1 12" t="1"/>
		<b id="11" c="1 13" t="1"/>
		<b id="12" c="2 14" t="1"/>
		<b id="13" c="3 15" t="1"/>
		<b id="14" c="3 16" t="1"/>
		<b id="15" c="4 17" t="1"/>
		<b id="16" c="4 18" t="1"/>
		<b id="17" c="5 19" t="1"/>
		<b id="18" c="5 20" t="1"/>
		<b id="19" c="7 21" t="1"/>
		<b id="20" c="7 22" t="1"/>
		<b id="21" c="8 23" t="1"/>
		<b id="22" c="8 24" t="1"/>
		<b id="23" c="9 25" t="1"/>
		<b id="24" c="9 26" t="1"/>
		<b id="25" c="9 27" t="1"/>
		<b id="26" c="10 28" t="1"/>
		<b id="27" c="11 29" t="1"/>
	</bonds>
	<geometry>
		<g u="A" t="cart/3d">#29,3:1.1678,0.2208,-0.1844;2.6298,0.2018,-0.2842;3.1114,1.2124,-1.3348;2.6256,0.7924,-2.7220;3.1198,-0.6241,-3.0392;2.6325,-1.5889,-2.0238;3.1218,-1.2027,-0.6759;3.0674,-2.9756,-2.3138;2.5034,-3.5228,-3.6285;-0.5942,-2.5104,-1.2724;1.6763,1.3519,3.2078;0.8513,1.1858,0.0662;0.8732,-0.4098,0.5961;3.0595,0.4786,0.7043;4.2237,1.2401,-1.3333;2.7441,2.2325,-1.0905;3.0052,1.5052,-3.4850;1.5141,0.8094,-2.7536;4.2328,-0.6363,-3.0860;2.7206,-0.8735,-4.0426;4.2360,-1.2183,-0.6556;2.7630,-1.9276,0.0884;2.6870,-3.6449,-1.5098;4.1781,-3.0509,-2.3291;1.3957,-3.4494,-3.6347;2.7917,-4.5902,-3.7336;2.9182,-2.9893,-4.5069;0.3847,-2.6589,-0.3179;2.9444,1.0587,3.6528;</g>
	</geometry>
	<conformers/>
	<properties/>
</molecule>
