<?xml version="1.0" ?>
<!--MOLLI PACKAGE EXPERIMENTAL XML FORMAT-->
<molecule name="prELN032036-198">
	<atoms>
		<a id="1" s="Br" t="Br" l="BR"/>
		<a id="2" s="C" t="C.ar" l="C"/>
		<a id="3" s="C" t="C.ar" l="C"/>
		<a id="4" s="C" t="C.ar" l="C"/>
		<a id="5" s="N" t="N.ar" l="N"/>
		<a id="6" s="N" t="N.ar" l="N"/>
		<a id="7" s="C" t="C.3" l="C"/>
		<a id="8" s="C" t="C.3" l="C"/>
		<a id="9" s="C" t="C.3" l="C"/>
		<a id="10" s="C" t="C.3" l="C"/>
		<a id="11" s="C" t="C.3" l="C"/>
		<a id="12" s="O" t="O.3" l="O"/>
		<a id="13" s="H" t="H" l="H"/>
		<a id="14" s="H" t="H" l="H"/>
		<a id="15" s="H" t="H" l="H"/>
		<a id="16" s="H" t="H" l="H"/>
		<a id="17" s="H" t="H" l="H"/>
		<a id="18" s="H" t="H" l="H"/>
		<a id="19" s="H" t="H" l="H"/>
		<a id="20" s="H" t="H" l="H"/>
		<a id="21" s="H" t="H" l="H"/>
		<a id="22" s="H" t="H" l="H"/>
		<a id="23" s="H" t="H" l="H"/>
	</atoms>
	<bonds>
		<b id="1" c="1 2" t="1"/>
		<b id="2" c="2 3" t="ar"/>
		<b id="3" c="3 4" t="ar"/>
		<b id="4" c="4 5" t="ar"/>
		<b id="5" c="5 6" t="ar"/>
		<b id="6" c="2 6" t="ar"/>
		<b id="7" c="6 7" t="1"/>
		<b id="8" c="7 8" t="1"/>
		<b id="9" c="8 9" t="1"/>
		<b id="10" c="9 10" t="1"/>
		<b id="11" c="10 11" t="1"/>
		<b id="12" c="11 12" t="1"/>
		<b id="13" c="7 12" t="1"/>
		<b id="14" c="3 13" t="1"/>
		<b id="15" c="4 14" t="1"/>
		<b id="16" c="7 15" t="1"/>
		<b id="17" c="8 16" t="1"/>
		<b id="18" c="8 17" t="1"/>
		<b id="19" c="9 18" t="1"/>
		<b id="20" c="9 19" t="1"/>
		<b id="21" c="10 20" t="1"/>
		<b id="22" c="10 21" t="1"/>
		<b id="23" c="11 22" t="1"/>
		<b id="24" c="11 23" t="1"/>
	</bonds>
	<geometry>
		<g u="A" t="cart/3d">#23,3:5.9813,-2.2960,-1.0969;5.0268,-1.1395,0.0071;5.5717,-0.0639,0.6682;4.4939,0.5119,1.3613;3.3464,-0.1297,1.1429;3.7000,-1.1736,0.3387;2.6645,-2.1295,-0.0266;2.2466,-2.0930,-1.4962;1.0031,-2.9678,-1.6447;1.2436,-4.3672,-1.0762;1.9641,-4.3605,0.2738;3.0780,-3.4670,0.2976;6.6037,0.2566,0.6655;4.4929,1.3785,2.0091;1.8022,-1.8759,0.6044;3.0377,-2.5042,-2.1376;2.0414,-1.0730,-1.8354;0.7054,-3.0348,-2.6968;0.1701,-2.4962,-1.1080;1.8544,-4.9254,-1.7953;0.2911,-4.9016,-0.9824;2.3414,-5.3654,0.4916;1.2776,-4.0906,1.0843;</g>
	</geometry>
	<conformers/>
	<properties/>
</molecule>
