<?xml version="1.0" ?>
<!--MOLLI PACKAGE EXPERIMENTAL XML FORMAT-->
<molecule name="prELN032036-013">
	<atoms>
		<a id="1" s="I" t="I" l="I"/>
		<a id="2" s="C" t="C.ar" l="C"/>
		<a id="3" s="N" t="N.ar" l="N"/>
		<a id="4" s="C" t="C.ar" l="C"/>
		<a id="5" s="C" t="C.ar" l="C"/>
		<a id="6" s="C" t="C.1" l="C"/>
		<a id="7" s="N" t="N.1" l="N"/>
		<a id="8" s="C" t="C.ar" l="C"/>
		<a id="9" s="C" t="C.ar" l="C"/>
		<a id="10" s="H" t="H" l="H"/>
		<a id="11" s="H" t="H" l="H"/>
		<a id="12" s="H" t="H" l="H"/>
	</atoms>
	<bonds>
		<b id="1" c="1 2" t="1"/>
		<b id="2" c="2 3" t="ar"/>
		<b id="3" c="3 4" t="ar"/>
		<b id="4" c="4 5" t="ar"/>
		<b id="5" c="5 6" t="1"/>
		<b id="6" c="6 7" t="3"/>
		<b id="7" c="5 8" t="ar"/>
		<b id="8" c="8 9" t="ar"/>
		<b id="9" c="2 9" t="ar"/>
		<b id="10" c="4 10" t="1"/>
		<b id="11" c="8 11" t="1"/>
		<b id="12" c="9 12" t="1"/>
	</bonds>
	<geometry>
		<g u="A" t="cart/3d">#12,3:1.0983,0.1311,0.2993;3.1715,0.0565,0.0833;3.8351,1.2335,0.0319;5.1800,1.1760,-0.1215;5.8955,-0.0072,-0.2269;7.3122,0.0127,-0.4015;8.4632,0.0265,-0.5465;5.1867,-1.2072,-0.1651;3.8001,-1.1784,-0.0075;5.6731,2.1450,-0.1594;5.7014,-2.1628,-0.2414;3.2375,-2.1052,0.0387;</g>
	</geometry>
	<conformers/>
	<properties/>
</molecule>
