<?xml version="1.0" ?>
<!--MOLLI PACKAGE EXPERIMENTAL XML FORMAT-->
<molecule name="prELN032036-203">
	<atoms>
		<a id="1" s="Cl" t="Cl" l="CL"/>
		<a id="2" s="N" t="N.3" l="N"/>
		<a id="3" s="C" t="C.3" l="C"/>
		<a id="4" s="C" t="C.3" l="C"/>
		<a id="5" s="C" t="C.3" l="C"/>
		<a id="6" s="C" t="C.3" l="C"/>
		<a id="7" s="C" t="C.3" l="C"/>
		<a id="8" s="C" t="C.3" l="C"/>
		<a id="9" s="C" t="C.3" l="C"/>
		<a id="10" s="C" t="C.3" l="C"/>
		<a id="11" s="C" t="C.ar" l="C"/>
		<a id="12" s="C" t="C.ar" l="C"/>
		<a id="13" s="C" t="C.ar" l="C"/>
		<a id="14" s="C" t="C.ar" l="C"/>
		<a id="15" s="C" t="C.ar" l="C"/>
		<a id="16" s="C" t="C.ar" l="C"/>
		<a id="17" s="H" t="H" l="H"/>
		<a id="18" s="H" t="H" l="H"/>
		<a id="19" s="H" t="H" l="H"/>
		<a id="20" s="H" t="H" l="H"/>
		<a id="21" s="H" t="H" l="H"/>
		<a id="22" s="H" t="H" l="H"/>
		<a id="23" s="H" t="H" l="H"/>
		<a id="24" s="H" t="H" l="H"/>
		<a id="25" s="H" t="H" l="H"/>
		<a id="26" s="H" t="H" l="H"/>
		<a id="27" s="H" t="H" l="H"/>
		<a id="28" s="H" t="H" l="H"/>
		<a id="29" s="H" t="H" l="H"/>
		<a id="30" s="H" t="H" l="H"/>
		<a id="31" s="H" t="H" l="H"/>
		<a id="32" s="H" t="H" l="H"/>
		<a id="33" s="H" t="H" l="H"/>
		<a id="34" s="H" t="H" l="H"/>
		<a id="35" s="H" t="H" l="H"/>
		<a id="36" s="H" t="H" l="H"/>
		<a id="37" s="H" t="H" l="H"/>
		<a id="38" s="H" t="H" l="H"/>
	</atoms>
	<bonds>
		<b id="1" c="2 3" t="1"/>
		<b id="2" c="3 4" t="1"/>
		<b id="3" c="4 5" t="1"/>
		<b id="4" c="5 6" t="1"/>
		<b id="5" c="6 7" t="1"/>
		<b id="6" c="7 8" t="1"/>
		<b id="7" c="8 9" t="1"/>
		<b id="8" c="9 10" t="1"/>
		<b id="9" c="5 10" t="1"/>
		<b id="10" c="4 11" t="1"/>
		<b id="11" c="11 12" t="ar"/>
		<b id="12" c="12 13" t="ar"/>
		<b id="13" c="13 14" t="ar"/>
		<b id="14" c="14 15" t="ar"/>
		<b id="15" c="15 16" t="ar"/>
		<b id="16" c="11 16" t="ar"/>
		<b id="17" c="1 17" t="1"/>
		<b id="18" c="2 18" t="1"/>
		<b id="19" c="2 19" t="1"/>
		<b id="20" c="3 20" t="1"/>
		<b id="21" c="3 21" t="1"/>
		<b id="22" c="4 22" t="1"/>
		<b id="23" c="5 23" t="1"/>
		<b id="24" c="6 24" t="1"/>
		<b id="25" c="6 25" t="1"/>
		<b id="26" c="7 26" t="1"/>
		<b id="27" c="7 27" t="1"/>
		<b id="28" c="8 28" t="1"/>
		<b id="29" c="8 29" t="1"/>
		<b id="30" c="9 30" t="1"/>
		<b id="31" c="9 31" t="1"/>
		<b id="32" c="10 32" t="1"/>
		<b id="33" c="10 33" t="1"/>
		<b id="34" c="12 34" t="1"/>
		<b id="35" c="13 35" t="1"/>
		<b id="36" c="14 36" t="1"/>
		<b id="37" c="15 37" t="1"/>
		<b id="38" c="16 38" t="1"/>
	</bonds>
	<geometry>
		<g u="A" t="cart/3d">#38,3:0.0728,0.9671,2.7503;2.6574,0.1648,1.0663;2.5061,-0.3636,-0.2904;3.1167,0.5589,-1.3895;2.3952,1.9678,-1.5135;2.4610,2.8641,-0.2476;1.7365,4.2052,-0.4702;0.2712,3.9676,-0.8595;0.2068,3.1424,-2.1463;0.9108,1.7925,-1.9448;4.6654,0.5842,-1.3668;5.4416,-0.1771,-0.4450;6.8352,-0.1966,-0.5128;7.4994,0.5302,-1.4952;6.7681,1.2772,-2.4166;5.3674,1.3019,-2.3586;0.0303,0.5295,1.4459;2.4392,-0.5865,1.7583;3.6139,0.5378,1.2662;1.4283,-0.5369,-0.4753;2.9721,-1.3711,-0.3590;2.8985,0.0535,-2.3582;2.8820,2.5292,-2.3379;3.5186,3.0571,0.0293;1.9469,2.3790,0.6019;2.2425,4.7827,-1.2746;1.7719,4.8067,0.4640;-0.2435,4.9409,-1.0133;-0.2559,3.4266,-0.0406;0.6943,3.7071,-2.9713;-0.8554,2.9687,-2.4266;0.8608,1.2261,-2.9010;0.3431,1.2318,-1.1750;5.0047,-0.7953,0.3196;7.4010,-0.7927,0.1934;8.5802,0.4989,-1.5482;7.2898,1.8283,-3.1877;4.8418,1.8726,-3.1105;</g>
	</geometry>
	<conformers/>
	<properties/>
</molecule>
