<?xml version="1.0" ?>
<!--MOLLI PACKAGE EXPERIMENTAL XML FORMAT-->
<molecule name="prELN032036-228">
	<atoms>
		<a id="1" s="Cl" t="Cl" l="CL"/>
		<a id="2" s="N" t="N.3" l="N"/>
		<a id="3" s="C" t="C.3" l="C"/>
		<a id="4" s="C" t="C.3" l="C"/>
		<a id="5" s="C" t="C.3" l="C"/>
		<a id="6" s="C" t="C.3" l="C"/>
		<a id="7" s="C" t="C.3" l="C"/>
		<a id="8" s="C" t="C.3" l="C"/>
		<a id="9" s="C" t="C.3" l="C"/>
		<a id="10" s="C" t="C.3" l="C"/>
		<a id="11" s="C" t="C.ar" l="C"/>
		<a id="12" s="C" t="C.ar" l="C"/>
		<a id="13" s="C" t="C.ar" l="C"/>
		<a id="14" s="C" t="C.ar" l="C"/>
		<a id="15" s="C" t="C.ar" l="C"/>
		<a id="16" s="C" t="C.ar" l="C"/>
		<a id="17" s="H" t="H" l="H"/>
		<a id="18" s="H" t="H" l="H"/>
		<a id="19" s="H" t="H" l="H"/>
		<a id="20" s="H" t="H" l="H"/>
		<a id="21" s="H" t="H" l="H"/>
		<a id="22" s="H" t="H" l="H"/>
		<a id="23" s="H" t="H" l="H"/>
		<a id="24" s="H" t="H" l="H"/>
		<a id="25" s="H" t="H" l="H"/>
		<a id="26" s="H" t="H" l="H"/>
		<a id="27" s="H" t="H" l="H"/>
		<a id="28" s="H" t="H" l="H"/>
		<a id="29" s="H" t="H" l="H"/>
		<a id="30" s="H" t="H" l="H"/>
		<a id="31" s="H" t="H" l="H"/>
		<a id="32" s="H" t="H" l="H"/>
		<a id="33" s="H" t="H" l="H"/>
		<a id="34" s="H" t="H" l="H"/>
		<a id="35" s="H" t="H" l="H"/>
		<a id="36" s="H" t="H" l="H"/>
		<a id="37" s="H" t="H" l="H"/>
		<a id="38" s="H" t="H" l="H"/>
	</atoms>
	<bonds>
		<b id="1" c="2 3" t="1"/>
		<b id="2" c="3 4" t="1"/>
		<b id="3" c="4 5" t="1"/>
		<b id="4" c="5 6" t="1"/>
		<b id="5" c="6 7" t="1"/>
		<b id="6" c="7 8" t="1"/>
		<b id="7" c="8 9" t="1"/>
		<b id="8" c="9 10" t="1"/>
		<b id="9" c="5 10" t="1"/>
		<b id="10" c="4 11" t="1"/>
		<b id="11" c="11 12" t="ar"/>
		<b id="12" c="12 13" t="ar"/>
		<b id="13" c="13 14" t="ar"/>
		<b id="14" c="14 15" t="ar"/>
		<b id="15" c="15 16" t="ar"/>
		<b id="16" c="11 16" t="ar"/>
		<b id="17" c="1 17" t="1"/>
		<b id="18" c="2 18" t="1"/>
		<b id="19" c="2 19" t="1"/>
		<b id="20" c="3 20" t="1"/>
		<b id="21" c="3 21" t="1"/>
		<b id="22" c="4 22" t="1"/>
		<b id="23" c="5 23" t="1"/>
		<b id="24" c="6 24" t="1"/>
		<b id="25" c="6 25" t="1"/>
		<b id="26" c="7 26" t="1"/>
		<b id="27" c="7 27" t="1"/>
		<b id="28" c="8 28" t="1"/>
		<b id="29" c="8 29" t="1"/>
		<b id="30" c="9 30" t="1"/>
		<b id="31" c="9 31" t="1"/>
		<b id="32" c="10 32" t="1"/>
		<b id="33" c="10 33" t="1"/>
		<b id="34" c="12 34" t="1"/>
		<b id="35" c="13 35" t="1"/>
		<b id="36" c="14 36" t="1"/>
		<b id="37" c="15 37" t="1"/>
		<b id="38" c="16 38" t="1"/>
	</bonds>
	<geometry>
		<g u="A" t="cart/3d">#38,3:-1.2223,-1.2795,-0.7371;3.2665,-0.4502,-1.0366;2.8373,0.3549,0.1060;3.3410,-0.2141,1.4744;2.6913,-1.6024,1.8573;2.8557,-2.7181,0.7805;2.2202,-4.0339,1.2392;0.7247,-3.8208,1.4923;0.5282,-2.7656,2.5865;1.1846,-1.4333,2.1886;4.8753,-0.1373,1.5618;5.4939,1.1223,1.3894;6.8809,1.2654,1.4628;7.6829,0.1550,1.7228;7.0990,-1.0936,1.9136;5.7092,-1.2453,1.8433;0.1406,-1.3328,-0.9258;2.9612,0.0183,-1.9202;4.3059,-0.5468,-1.0508;1.7324,0.4363,0.0983;3.2043,1.3908,-0.0419;2.9979,0.4942,2.2603;3.1687,-1.9454,2.8026;3.9173,-2.9031,0.5335;2.3356,-2.4376,-0.1543;2.7177,-4.3974,2.1647;2.3530,-4.8020,0.4461;0.2545,-4.7773,1.8021;0.2344,-3.4890,0.5511;0.9781,-3.1372,3.5320;-0.5588,-2.6054,2.7562;1.0575,-0.7110,3.0246;0.6443,-1.0325,1.3161;4.9083,2.0099,1.2017;7.3319,2.2396,1.3258;8.7596,0.2687,1.7791;7.7228,-1.9518,2.1248;5.3150,-2.2312,2.0151;</g>
	</geometry>
	<conformers/>
	<properties/>
</molecule>
