<?xml version="1.0" ?>
<!--MOLLI PACKAGE EXPERIMENTAL XML FORMAT-->
<molecule name="prELN032036-203">
	<atoms>
		<a id="1" s="Br" t="Br" l="BR"/>
		<a id="2" s="C" t="C.ar" l="C"/>
		<a id="3" s="C" t="C.ar" l="C"/>
		<a id="4" s="N" t="N.ar" l="N"/>
		<a id="5" s="C" t="C.ar" l="C"/>
		<a id="6" s="N" t="N.ar" l="N"/>
		<a id="7" s="H" t="H" l="H"/>
		<a id="8" s="H" t="H" l="H"/>
		<a id="9" s="H" t="H" l="H"/>
	</atoms>
	<bonds>
		<b id="1" c="1 2" t="1"/>
		<b id="2" c="2 3" t="ar"/>
		<b id="3" c="3 4" t="ar"/>
		<b id="4" c="4 5" t="ar"/>
		<b id="5" c="5 6" t="ar"/>
		<b id="6" c="2 6" t="ar"/>
		<b id="7" c="3 7" t="1"/>
		<b id="8" c="4 8" t="1"/>
		<b id="9" c="5 9" t="1"/>
	</bonds>
	<geometry>
		<g u="A" t="cart/3d">#9,3:1.1242,0.0394,-0.0611;3.0042,0.0500,-0.0572;3.7960,1.1725,-0.0562;5.0782,0.6961,-0.0480;5.0090,-0.6690,-0.0470;3.7644,-1.0886,-0.0528;3.5687,2.2286,-0.0586;5.9263,1.2462,-0.0421;5.8904,-1.2967,-0.0411;</g>
	</geometry>
	<conformers/>
	<properties/>
</molecule>
