<?xml version="1.0" ?>
<!--MOLLI PACKAGE EXPERIMENTAL XML FORMAT-->
<molecule name="prELN032036-205">
	<atoms>
		<a id="1" s="C" t="C.3" l="C"/>
		<a id="2" s="O" t="O.3" l="O"/>
		<a id="3" s="C" t="C.ar" l="C"/>
		<a id="4" s="C" t="C.ar" l="C"/>
		<a id="5" s="C" t="C.ar" l="C"/>
		<a id="6" s="C" t="C.ar" l="C"/>
		<a id="7" s="C" t="C.3" l="C"/>
		<a id="8" s="N" t="N.ar" l="N"/>
		<a id="9" s="N" t="N.ar" l="N"/>
		<a id="10" s="C" t="C.ar" l="C"/>
		<a id="11" s="Br" t="Br" l="BR"/>
		<a id="12" s="C" t="C.ar" l="C"/>
		<a id="13" s="O" t="O.2" l="O"/>
		<a id="14" s="N" t="N.ar" l="N"/>
		<a id="15" s="C" t="C.3" l="C"/>
		<a id="16" s="C" t="C.ar" l="C"/>
		<a id="17" s="O" t="O.2" l="O"/>
		<a id="18" s="C" t="C.ar" l="C"/>
		<a id="19" s="C" t="C.ar" l="C"/>
		<a id="20" s="H" t="H" l="H"/>
		<a id="21" s="H" t="H" l="H"/>
		<a id="22" s="H" t="H" l="H"/>
		<a id="23" s="H" t="H" l="H"/>
		<a id="24" s="H" t="H" l="H"/>
		<a id="25" s="H" t="H" l="H"/>
		<a id="26" s="H" t="H" l="H"/>
		<a id="27" s="H" t="H" l="H"/>
		<a id="28" s="H" t="H" l="H"/>
		<a id="29" s="H" t="H" l="H"/>
		<a id="30" s="H" t="H" l="H"/>
		<a id="31" s="H" t="H" l="H"/>
	</atoms>
	<bonds>
		<b id="1" c="1 2" t="1"/>
		<b id="2" c="2 3" t="1"/>
		<b id="3" c="3 4" t="ar"/>
		<b id="4" c="4 5" t="ar"/>
		<b id="5" c="5 6" t="ar"/>
		<b id="6" c="6 7" t="1"/>
		<b id="7" c="7 8" t="1"/>
		<b id="8" c="8 9" t="ar"/>
		<b id="9" c="9 10" t="ar"/>
		<b id="10" c="10 11" t="1"/>
		<b id="11" c="10 12" t="ar"/>
		<b id="12" c="12 13" t="2"/>
		<b id="13" c="12 14" t="ar"/>
		<b id="14" c="14 15" t="1"/>
		<b id="15" c="14 16" t="ar"/>
		<b id="16" c="8 16" t="ar"/>
		<b id="17" c="16 17" t="2"/>
		<b id="18" c="6 18" t="ar"/>
		<b id="19" c="18 19" t="ar"/>
		<b id="20" c="3 19" t="ar"/>
		<b id="21" c="1 20" t="1"/>
		<b id="22" c="1 21" t="1"/>
		<b id="23" c="1 22" t="1"/>
		<b id="24" c="4 23" t="1"/>
		<b id="25" c="5 24" t="1"/>
		<b id="26" c="7 25" t="1"/>
		<b id="27" c="7 26" t="1"/>
		<b id="28" c="15 27" t="1"/>
		<b id="29" c="15 28" t="1"/>
		<b id="30" c="15 29" t="1"/>
		<b id="31" c="18 30" t="1"/>
		<b id="32" c="19 31" t="1"/>
	</bonds>
	<geometry>
		<g u="A" t="cart/3d">#31,3:1.2803,0.7330,-0.6251;2.2367,-0.0613,0.0673;2.9806,0.5647,1.0281;2.9100,1.9147,1.3699;3.7204,2.4277,2.3913;4.6181,1.6000,3.0781;5.4738,2.1496,4.1966;4.8233,2.0205,5.5016;5.0389,0.8321,6.1641;4.4205,0.6397,7.2844;4.7473,-0.9804,8.1593;3.4845,1.6560,7.8824;2.8861,1.3877,8.9165;3.3828,2.8403,7.1819;2.5211,3.8888,7.6900;4.0162,3.0579,5.9679;3.8673,4.1108,5.3440;4.6840,0.2451,2.7292;3.8741,-0.2630,1.7096;0.7136,0.0728,-1.2888;1.7770,1.4865,-1.2455;0.5677,1.1960,0.0651;2.2348,2.5982,0.8671;3.6394,3.4826,2.6505;5.7116,3.2023,4.0012;6.4345,1.6207,4.2311;2.0606,3.6221,8.6447;1.7333,4.0886,6.9564;3.1108,4.8018,7.8210;5.3621,-0.4248,3.2545;3.9381,-1.3166,1.4481;</g>
	</geometry>
	<conformers/>
	<properties/>
</molecule>
