<?xml version="1.0" ?>
<!--MOLLI PACKAGE EXPERIMENTAL XML FORMAT-->
<molecule name="prELN032036-216">
	<atoms>
		<a id="1" s="N" t="N.pl3" l="N"/>
		<a id="2" s="C" t="C.ar" l="C"/>
		<a id="3" s="C" t="C.ar" l="C"/>
		<a id="4" s="C" t="C.ar" l="C"/>
		<a id="5" s="C" t="C.ar" l="C"/>
		<a id="6" s="N" t="N.ar" l="N"/>
		<a id="7" s="C" t="C.ar" l="C"/>
		<a id="8" s="N" t="N.ar" l="N"/>
		<a id="9" s="C" t="C.ar" l="C"/>
		<a id="10" s="C" t="C.ar" l="C"/>
		<a id="11" s="H" t="H" l="H"/>
		<a id="12" s="H" t="H" l="H"/>
		<a id="13" s="H" t="H" l="H"/>
		<a id="14" s="H" t="H" l="H"/>
		<a id="15" s="H" t="H" l="H"/>
		<a id="16" s="H" t="H" l="H"/>
		<a id="17" s="H" t="H" l="H"/>
	</atoms>
	<bonds>
		<b id="1" c="1 2" t="1"/>
		<b id="2" c="2 3" t="ar"/>
		<b id="3" c="3 4" t="ar"/>
		<b id="4" c="4 5" t="ar"/>
		<b id="5" c="5 6" t="ar"/>
		<b id="6" c="6 7" t="ar"/>
		<b id="7" c="7 8" t="ar"/>
		<b id="8" c="8 9" t="ar"/>
		<b id="9" c="5 9" t="ar"/>
		<b id="10" c="9 10" t="ar"/>
		<b id="11" c="2 10" t="ar"/>
		<b id="12" c="1 11" t="1"/>
		<b id="13" c="1 12" t="1"/>
		<b id="14" c="3 13" t="1"/>
		<b id="15" c="4 14" t="1"/>
		<b id="16" c="6 15" t="1"/>
		<b id="17" c="7 16" t="1"/>
		<b id="18" c="10 17" t="1"/>
	</bonds>
	<geometry>
		<g u="A" t="cart/3d">#17,3:1.1458,0.0627,0.2105;2.5391,0.0569,0.0384;3.2387,-1.1566,0.0662;4.6392,-1.2115,0.0289;5.3090,0.0114,0.0105;6.6402,0.3397,-0.0081;6.7383,1.7024,0.0056;5.5567,2.2745,0.0302;4.6540,1.2370,0.0347;3.2515,1.2643,0.0731;0.6853,-0.7705,-0.1404;0.7013,0.9161,-0.1145;2.6864,-2.0926,0.1198;5.1653,-2.1596,0.0357;7.4124,-0.3102,-0.0167;7.6906,2.2161,0.0000;2.7438,2.2205,0.1269;</g>
	</geometry>
	<conformers/>
	<properties/>
</molecule>
