<?xml version="1.0" ?>
<!--MOLLI PACKAGE EXPERIMENTAL XML FORMAT-->
<molecule name="prELN032036-217">
	<atoms>
		<a id="1" s="C" t="C.3" l="C"/>
		<a id="2" s="C" t="C.ar" l="C"/>
		<a id="3" s="C" t="C.ar" l="C"/>
		<a id="4" s="C" t="C.ar" l="C"/>
		<a id="5" s="Cl" t="Cl" l="CL"/>
		<a id="6" s="N" t="N.ar" l="N"/>
		<a id="7" s="C" t="C.ar" l="C"/>
		<a id="8" s="Cl" t="Cl" l="CL"/>
		<a id="9" s="C" t="C.ar" l="C"/>
		<a id="10" s="C" t="C.2" l="C"/>
		<a id="11" s="O" t="O.2" l="O"/>
		<a id="12" s="C" t="C.ar" l="C"/>
		<a id="13" s="C" t="C.ar" l="C"/>
		<a id="14" s="C" t="C.ar" l="C"/>
		<a id="15" s="N" t="N.ar" l="N"/>
		<a id="16" s="C" t="C.3" l="C"/>
		<a id="17" s="O" t="O.3" l="O"/>
		<a id="18" s="C" t="C.3" l="C"/>
		<a id="19" s="C" t="C.3" l="C"/>
		<a id="20" s="Si" t="Si" l="SI"/>
		<a id="21" s="C" t="C.3" l="C"/>
		<a id="22" s="C" t="C.3" l="C"/>
		<a id="23" s="C" t="C.3" l="C"/>
		<a id="24" s="N" t="N.ar" l="N"/>
		<a id="25" s="H" t="H" l="H"/>
		<a id="26" s="H" t="H" l="H"/>
		<a id="27" s="H" t="H" l="H"/>
		<a id="28" s="H" t="H" l="H"/>
		<a id="29" s="H" t="H" l="H"/>
		<a id="30" s="H" t="H" l="H"/>
		<a id="31" s="H" t="H" l="H"/>
		<a id="32" s="H" t="H" l="H"/>
		<a id="33" s="H" t="H" l="H"/>
		<a id="34" s="H" t="H" l="H"/>
		<a id="35" s="H" t="H" l="H"/>
		<a id="36" s="H" t="H" l="H"/>
		<a id="37" s="H" t="H" l="H"/>
		<a id="38" s="H" t="H" l="H"/>
		<a id="39" s="H" t="H" l="H"/>
		<a id="40" s="H" t="H" l="H"/>
		<a id="41" s="H" t="H" l="H"/>
		<a id="42" s="H" t="H" l="H"/>
		<a id="43" s="H" t="H" l="H"/>
		<a id="44" s="H" t="H" l="H"/>
		<a id="45" s="H" t="H" l="H"/>
	</atoms>
	<bonds>
		<b id="1" c="1 2" t="1"/>
		<b id="2" c="2 3" t="ar"/>
		<b id="3" c="3 4" t="ar"/>
		<b id="4" c="4 5" t="1"/>
		<b id="5" c="4 6" t="ar"/>
		<b id="6" c="6 7" t="ar"/>
		<b id="7" c="7 8" t="1"/>
		<b id="8" c="7 9" t="ar"/>
		<b id="9" c="2 9" t="ar"/>
		<b id="10" c="9 10" t="1"/>
		<b id="11" c="10 11" t="2"/>
		<b id="12" c="10 12" t="1"/>
		<b id="13" c="12 13" t="ar"/>
		<b id="14" c="13 14" t="ar"/>
		<b id="15" c="14 15" t="ar"/>
		<b id="16" c="15 16" t="1"/>
		<b id="17" c="16 17" t="1"/>
		<b id="18" c="17 18" t="1"/>
		<b id="19" c="18 19" t="1"/>
		<b id="20" c="19 20" t="1"/>
		<b id="21" c="20 21" t="1"/>
		<b id="22" c="20 22" t="1"/>
		<b id="23" c="20 23" t="1"/>
		<b id="24" c="15 24" t="ar"/>
		<b id="25" c="12 24" t="ar"/>
		<b id="26" c="1 25" t="1"/>
		<b id="27" c="1 26" t="1"/>
		<b id="28" c="1 27" t="1"/>
		<b id="29" c="3 28" t="1"/>
		<b id="30" c="13 29" t="1"/>
		<b id="31" c="14 30" t="1"/>
		<b id="32" c="16 31" t="1"/>
		<b id="33" c="16 32" t="1"/>
		<b id="34" c="18 33" t="1"/>
		<b id="35" c="18 34" t="1"/>
		<b id="36" c="19 35" t="1"/>
		<b id="37" c="19 36" t="1"/>
		<b id="38" c="21 37" t="1"/>
		<b id="39" c="21 38" t="1"/>
		<b id="40" c="21 39" t="1"/>
		<b id="41" c="22 40" t="1"/>
		<b id="42" c="22 41" t="1"/>
		<b id="43" c="22 42" t="1"/>
		<b id="44" c="23 43" t="1"/>
		<b id="45" c="23 44" t="1"/>
		<b id="46" c="23 45" t="1"/>
	</bonds>
	<geometry>
		<g u="A" t="cart/3d">#45,3:-0.8400,5.3417,2.4413;0.5139,5.9760,2.2789;0.6145,7.3453,2.5721;1.8484,7.9603,2.4844;2.0316,9.6151,2.8887;2.9772,7.3422,2.1084;2.8654,6.0254,1.7974;4.3850,5.3855,1.2909;1.6768,5.2893,1.8489;1.7187,3.8274,1.5863;2.5586,3.1590,2.1762;0.7097,3.2024,0.7203;0.4094,1.8100,0.6785;-0.6753,1.6997,-0.1510;-0.9621,2.9618,-0.5820;-2.1435,3.3664,-1.3151;-1.7713,3.9872,-2.5429;-2.9224,4.4087,-3.2656;-2.4644,5.1287,-4.5275;-3.8826,5.6601,-5.6721;-3.1793,6.5251,-7.1739;-4.8313,4.1287,-6.1986;-5.0256,6.8177,-4.7390;-0.1121,3.8888,-0.0836;-1.4601,5.9161,3.1386;-0.7658,4.3315,2.8542;-1.3749,5.3277,1.4887;-0.2549,7.9155,2.8855;0.9069,1.0188,1.2239;-1.2742,0.8414,-0.4426;-2.7040,4.0606,-0.6756;-2.7515,2.4727,-1.5128;-3.5266,5.0777,-2.6402;-3.5244,3.5271,-3.5162;-1.7801,4.4818,-5.0898;-1.8781,6.0129,-4.2497;-2.5055,5.8606,-7.7229;-2.6154,7.4153,-6.8798;-3.9795,6.8361,-7.8519;-4.1729,3.4313,-6.7250;-5.6572,4.3932,-6.8647;-5.2476,3.6128,-5.3281;-4.4859,7.7098,-4.4079;-5.4418,6.3236,-3.8559;-5.8574,7.1355,-5.3742;</g>
	</geometry>
	<conformers/>
	<properties/>
</molecule>
