<?xml version="1.0" ?>
<!--MOLLI PACKAGE EXPERIMENTAL XML FORMAT-->
<molecule name="prELN032036-217">
	<atoms>
		<a id="1" s="C" t="C.3" l="C"/>
		<a id="2" s="O" t="O.3" l="O"/>
		<a id="3" s="C" t="C.ar" l="C"/>
		<a id="4" s="C" t="C.ar" l="C"/>
		<a id="5" s="C" t="C.ar" l="C"/>
		<a id="6" s="C" t="C.ar" l="C"/>
		<a id="7" s="C" t="C.3" l="C"/>
		<a id="8" s="N" t="N.am" l="N"/>
		<a id="9" s="C" t="C.3" l="C"/>
		<a id="10" s="C" t="C.3" l="C"/>
		<a id="11" s="C" t="C.3" l="C"/>
		<a id="12" s="N" t="N.3" l="N"/>
		<a id="13" s="C" t="C.3" l="C"/>
		<a id="14" s="C" t="C.2" l="C"/>
		<a id="15" s="O" t="O.2" l="O"/>
		<a id="16" s="C" t="C.ar" l="C"/>
		<a id="17" s="C" t="C.ar" l="C"/>
		<a id="18" s="H" t="H" l="H"/>
		<a id="19" s="H" t="H" l="H"/>
		<a id="20" s="H" t="H" l="H"/>
		<a id="21" s="H" t="H" l="H"/>
		<a id="22" s="H" t="H" l="H"/>
		<a id="23" s="H" t="H" l="H"/>
		<a id="24" s="H" t="H" l="H"/>
		<a id="25" s="H" t="H" l="H"/>
		<a id="26" s="H" t="H" l="H"/>
		<a id="27" s="H" t="H" l="H"/>
		<a id="28" s="H" t="H" l="H"/>
		<a id="29" s="H" t="H" l="H"/>
		<a id="30" s="H" t="H" l="H"/>
		<a id="31" s="H" t="H" l="H"/>
		<a id="32" s="H" t="H" l="H"/>
		<a id="33" s="H" t="H" l="H"/>
		<a id="34" s="H" t="H" l="H"/>
		<a id="35" s="H" t="H" l="H"/>
	</atoms>
	<bonds>
		<b id="1" c="1 2" t="1"/>
		<b id="2" c="2 3" t="1"/>
		<b id="3" c="3 4" t="ar"/>
		<b id="4" c="4 5" t="ar"/>
		<b id="5" c="5 6" t="ar"/>
		<b id="6" c="6 7" t="1"/>
		<b id="7" c="7 8" t="1"/>
		<b id="8" c="8 9" t="1"/>
		<b id="9" c="9 10" t="1"/>
		<b id="10" c="10 11" t="1"/>
		<b id="11" c="10 12" t="1"/>
		<b id="12" c="12 13" t="1"/>
		<b id="13" c="13 14" t="1"/>
		<b id="14" c="8 14" t="am"/>
		<b id="15" c="14 15" t="2"/>
		<b id="16" c="6 16" t="ar"/>
		<b id="17" c="16 17" t="ar"/>
		<b id="18" c="3 17" t="ar"/>
		<b id="19" c="1 18" t="1"/>
		<b id="20" c="1 19" t="1"/>
		<b id="21" c="1 20" t="1"/>
		<b id="22" c="4 21" t="1"/>
		<b id="23" c="5 22" t="1"/>
		<b id="24" c="7 23" t="1"/>
		<b id="25" c="7 24" t="1"/>
		<b id="26" c="9 25" t="1"/>
		<b id="27" c="9 26" t="1"/>
		<b id="28" c="10 27" t="1"/>
		<b id="29" c="11 28" t="1"/>
		<b id="30" c="11 29" t="1"/>
		<b id="31" c="11 30" t="1"/>
		<b id="32" c="12 31" t="1"/>
		<b id="33" c="13 32" t="1"/>
		<b id="34" c="13 33" t="1"/>
		<b id="35" c="16 34" t="1"/>
		<b id="36" c="17 35" t="1"/>
	</bonds>
	<geometry>
		<g u="A" t="cart/3d">#35,3:1.5279,0.5505,-1.3360;2.3952,0.1305,-0.2884;3.0956,1.1135,0.3621;3.0306,2.4790,0.0957;3.7925,3.3792,0.8460;4.6385,2.9313,1.8757;5.3953,3.9310,2.7272;4.5589,4.3772,3.8315;4.6419,3.6915,5.1136;3.2693,3.5654,5.7910;3.4038,2.9609,7.1853;2.6363,4.8903,5.8956;2.4447,5.4613,4.5471;3.6977,5.4516,3.6566;3.8292,6.2682,2.7439;4.6960,1.5579,2.1378;3.9323,0.6597,1.3853;1.0276,-0.3389,-1.7317;2.0933,1.0072,-2.1550;0.7525,1.2290,-0.9648;2.3939,2.8850,-0.6833;3.7106,4.4467,0.6395;5.6860,4.7865,2.1059;6.3212,3.4953,3.1192;5.3273,4.2797,5.7380;5.0884,2.7013,4.9755;2.6304,2.9047,5.1906;3.9628,3.6186,7.8607;3.9286,2.0003,7.1433;2.4174,2.7826,7.6272;3.2462,5.5183,6.4205;2.0969,6.4939,4.6489;1.6690,4.8969,4.0157;5.3236,1.1732,2.9378;3.9825,-0.4045,1.6009;</g>
	</geometry>
	<conformers/>
	<properties/>
</molecule>
