<?xml version="1.0" ?>
<!--MOLLI PACKAGE EXPERIMENTAL XML FORMAT-->
<molecule name="prELN032036-221">
	<atoms>
		<a id="1" s="C" t="C.3" l="C"/>
		<a id="2" s="O" t="O.3" l="O"/>
		<a id="3" s="C" t="C.ar" l="C"/>
		<a id="4" s="N" t="N.ar" l="N"/>
		<a id="5" s="C" t="C.ar" l="C"/>
		<a id="6" s="N" t="N.pl3" l="N"/>
		<a id="7" s="S" t="S.O2" l="S"/>
		<a id="8" s="O" t="O.2" l="O"/>
		<a id="9" s="O" t="O.2" l="O"/>
		<a id="10" s="C" t="C.ar" l="C"/>
		<a id="11" s="C" t="C.ar" l="C"/>
		<a id="12" s="N" t="N.ar" l="N"/>
		<a id="13" s="C" t="C.ar" l="C"/>
		<a id="14" s="C" t="C.ar" l="C"/>
		<a id="15" s="Br" t="Br" l="BR"/>
		<a id="16" s="C" t="C.ar" l="C"/>
		<a id="17" s="Cl" t="Cl" l="CL"/>
		<a id="18" s="C" t="C.ar" l="C"/>
		<a id="19" s="C" t="C.ar" l="C"/>
		<a id="20" s="C" t="C.ar" l="C"/>
		<a id="21" s="N" t="N.ar" l="N"/>
		<a id="22" s="C" t="C.ar" l="C"/>
		<a id="23" s="O" t="O.3" l="O"/>
		<a id="24" s="C" t="C.3" l="C"/>
		<a id="25" s="C" t="C.ar" l="C"/>
		<a id="26" s="C" t="C.3" l="C"/>
		<a id="27" s="C" t="C.3" l="C"/>
		<a id="28" s="F" t="F" l="F"/>
		<a id="29" s="F" t="F" l="F"/>
		<a id="30" s="H" t="H" l="H"/>
		<a id="31" s="H" t="H" l="H"/>
		<a id="32" s="H" t="H" l="H"/>
		<a id="33" s="H" t="H" l="H"/>
		<a id="34" s="H" t="H" l="H"/>
		<a id="35" s="H" t="H" l="H"/>
		<a id="36" s="H" t="H" l="H"/>
		<a id="37" s="H" t="H" l="H"/>
		<a id="38" s="H" t="H" l="H"/>
		<a id="39" s="H" t="H" l="H"/>
		<a id="40" s="H" t="H" l="H"/>
		<a id="41" s="H" t="H" l="H"/>
		<a id="42" s="H" t="H" l="H"/>
		<a id="43" s="H" t="H" l="H"/>
	</atoms>
	<bonds>
		<b id="1" c="1 2" t="1"/>
		<b id="2" c="2 3" t="1"/>
		<b id="3" c="3 4" t="ar"/>
		<b id="4" c="4 5" t="ar"/>
		<b id="5" c="5 6" t="1"/>
		<b id="6" c="6 7" t="1"/>
		<b id="7" c="7 8" t="2"/>
		<b id="8" c="7 9" t="2"/>
		<b id="9" c="7 10" t="1"/>
		<b id="10" c="10 11" t="ar"/>
		<b id="11" c="11 12" t="ar"/>
		<b id="12" c="12 13" t="ar"/>
		<b id="13" c="13 14" t="ar"/>
		<b id="14" c="14 15" t="1"/>
		<b id="15" c="14 16" t="ar"/>
		<b id="16" c="16 17" t="1"/>
		<b id="17" c="16 18" t="ar"/>
		<b id="18" c="18 19" t="ar"/>
		<b id="19" c="19 20" t="ar"/>
		<b id="20" c="10 20" t="ar"/>
		<b id="21" c="13 20" t="ar"/>
		<b id="22" c="5 21" t="ar"/>
		<b id="23" c="21 22" t="ar"/>
		<b id="24" c="22 23" t="1"/>
		<b id="25" c="23 24" t="1"/>
		<b id="26" c="22 25" t="ar"/>
		<b id="27" c="3 25" t="ar"/>
		<b id="28" c="25 26" t="1"/>
		<b id="29" c="26 27" t="1"/>
		<b id="30" c="27 28" t="1"/>
		<b id="31" c="27 29" t="1"/>
		<b id="32" c="1 30" t="1"/>
		<b id="33" c="1 31" t="1"/>
		<b id="34" c="1 32" t="1"/>
		<b id="35" c="6 33" t="1"/>
		<b id="36" c="11 34" t="1"/>
		<b id="37" c="12 35" t="1"/>
		<b id="38" c="18 36" t="1"/>
		<b id="39" c="19 37" t="1"/>
		<b id="40" c="24 38" t="1"/>
		<b id="41" c="24 39" t="1"/>
		<b id="42" c="24 40" t="1"/>
		<b id="43" c="26 41" t="1"/>
		<b id="44" c="26 42" t="1"/>
		<b id="45" c="27 43" t="1"/>
	</bonds>
	<geometry>
		<g u="A" t="cart/3d">#43,3:2.7115,1.1453,-0.4801;2.3862,-0.0944,0.1442;3.0620,-0.3621,1.3189;4.0666,0.4504,1.6806;4.6822,0.1241,2.8062;5.7560,0.9159,3.2048;5.3092,2.1985,4.1857;6.5176,2.9522,4.4493;4.1086,2.8439,3.7047;4.8941,1.5761,5.7549;5.7967,1.3362,6.7749;5.0966,0.8900,7.8590;3.7513,0.8072,7.5604;2.6713,0.4037,8.3663;3.0003,-0.1308,10.1587;1.3885,0.4236,7.7993;-0.0203,-0.0426,8.6882;1.2052,0.8304,6.4783;2.2921,1.2329,5.6913;3.5952,1.2276,6.2338;4.4216,-0.9150,3.5871;3.4110,-1.7052,3.1778;3.1328,-2.8286,3.9246;3.9494,-2.9668,5.0865;2.6632,-1.4863,2.0320;1.5904,-2.3948,1.4856;0.7442,-3.2137,2.4475;0.0710,-2.3916,3.2913;-0.2051,-3.8760,1.7282;3.4729,0.9798,-1.2485;3.0323,1.9302,0.2122;1.8045,1.5096,-0.9725;6.4454,0.3480,3.6837;6.8684,1.4837,6.8253;5.4893,0.6686,8.7653;0.2074,0.8487,6.0442;2.1138,1.5599,4.6687;3.6915,-3.9154,5.5663;3.7549,-2.1618,5.8036;5.0122,-3.0098,4.8226;2.0567,-3.0779,0.7633;0.8746,-1.7917,0.9118;1.2943,-3.9600,3.0222;</g>
	</geometry>
	<conformers/>
	<properties/>
</molecule>
