<?xml version="1.0" ?>
<!--MOLLI PACKAGE EXPERIMENTAL XML FORMAT-->
<molecule name="prELN030356-135">
	<atoms>
		<a id="1" s="O" t="O.2" l="O"/>
		<a id="2" s="C" t="C.2" l="C"/>
		<a id="3" s="N" t="N.am" l="N"/>
		<a id="4" s="C" t="C.3" l="C"/>
		<a id="5" s="C" t="C.3" l="C"/>
		<a id="6" s="F" t="F" l="F"/>
		<a id="7" s="F" t="F" l="F"/>
		<a id="8" s="F" t="F" l="F"/>
		<a id="9" s="C" t="C.ar" l="C"/>
		<a id="10" s="C" t="C.ar" l="C"/>
		<a id="11" s="C" t="C.ar" l="C"/>
		<a id="12" s="C" t="C.ar" l="C"/>
		<a id="13" s="O" t="O.3" l="O"/>
		<a id="14" s="C" t="C.3" l="C"/>
		<a id="15" s="F" t="F" l="F"/>
		<a id="16" s="F" t="F" l="F"/>
		<a id="17" s="C" t="C.ar" l="C"/>
		<a id="18" s="C" t="C.ar" l="C"/>
		<a id="19" s="N" t="N.ar" l="N"/>
		<a id="20" s="C" t="C.ar" l="C"/>
		<a id="21" s="N" t="N.ar" l="N"/>
		<a id="22" s="C" t="C.ar" l="C"/>
		<a id="23" s="C" t="C.ar" l="C"/>
		<a id="24" s="C" t="C.ar" l="C"/>
		<a id="25" s="C" t="C.ar" l="C"/>
		<a id="26" s="Br" t="Br" l="BR"/>
		<a id="27" s="C" t="C.ar" l="C"/>
		<a id="28" s="C" t="C.ar" l="C"/>
		<a id="29" s="H" t="H" l="H"/>
		<a id="30" s="H" t="H" l="H"/>
		<a id="31" s="H" t="H" l="H"/>
		<a id="32" s="H" t="H" l="H"/>
		<a id="33" s="H" t="H" l="H"/>
		<a id="34" s="H" t="H" l="H"/>
		<a id="35" s="H" t="H" l="H"/>
		<a id="36" s="H" t="H" l="H"/>
		<a id="37" s="H" t="H" l="H"/>
		<a id="38" s="H" t="H" l="H"/>
		<a id="39" s="H" t="H" l="H"/>
	</atoms>
	<bonds>
		<b id="1" c="1 2" t="2"/>
		<b id="2" c="2 3" t="am"/>
		<b id="3" c="3 4" t="1"/>
		<b id="4" c="4 5" t="1"/>
		<b id="5" c="5 6" t="1"/>
		<b id="6" c="5 7" t="1"/>
		<b id="7" c="5 8" t="1"/>
		<b id="8" c="2 9" t="1"/>
		<b id="9" c="9 10" t="ar"/>
		<b id="10" c="10 11" t="ar"/>
		<b id="11" c="9 12" t="ar"/>
		<b id="12" c="12 13" t="1"/>
		<b id="13" c="13 14" t="1"/>
		<b id="14" c="14 15" t="1"/>
		<b id="15" c="14 16" t="1"/>
		<b id="16" c="12 17" t="ar"/>
		<b id="17" c="17 18" t="ar"/>
		<b id="18" c="11 18" t="ar"/>
		<b id="19" c="18 19" t="1"/>
		<b id="20" c="19 20" t="ar"/>
		<b id="21" c="20 21" t="ar"/>
		<b id="22" c="19 22" t="ar"/>
		<b id="23" c="22 23" t="ar"/>
		<b id="24" c="21 23" t="ar"/>
		<b id="25" c="23 24" t="ar"/>
		<b id="26" c="24 25" t="ar"/>
		<b id="27" c="25 26" t="1"/>
		<b id="28" c="25 27" t="ar"/>
		<b id="29" c="27 28" t="ar"/>
		<b id="30" c="22 28" t="ar"/>
		<b id="31" c="3 29" t="1"/>
		<b id="32" c="4 30" t="1"/>
		<b id="33" c="4 31" t="1"/>
		<b id="34" c="10 32" t="1"/>
		<b id="35" c="11 33" t="1"/>
		<b id="36" c="14 34" t="1"/>
		<b id="37" c="17 35" t="1"/>
		<b id="38" c="20 36" t="1"/>
		<b id="39" c="24 37" t="1"/>
		<b id="40" c="27 38" t="1"/>
		<b id="41" c="28 39" t="1"/>
	</bonds>
	<geometry>
		<g u="A" t="cart/3d">#39,3:1.0435,-0.4129,-0.4209;2.0967,0.1343,-0.1187;2.6129,1.1682,-0.8653;2.0238,1.5216,-2.1582;2.4925,0.6827,-3.3568;3.4808,-0.1808,-3.0267;1.4846,-0.0283,-3.9058;2.9874,1.4929,-4.3260;2.8967,-0.3614,1.0479;2.3732,-1.4780,1.7295;3.1126,-2.1491,2.7084;4.1318,0.1685,1.4571;4.5841,1.3404,0.9036;5.3662,2.1638,1.7685;6.6518,1.7377,1.7228;5.3529,3.4147,1.2466;4.8952,-0.5484,2.3836;4.4136,-1.7318,2.9682;5.2637,-2.4637,3.8380;4.8822,-3.2117,4.9266;5.8988,-3.4772,5.7167;6.6504,-2.5070,3.8028;7.0040,-3.0277,5.0442;8.3535,-3.0459,5.4258;9.3090,-2.6097,4.4991;11.1346,-2.5643,4.9997;8.9506,-2.2081,3.2128;7.6067,-2.1561,2.8341;3.5559,1.4862,-0.6644;2.2729,2.5737,-2.3269;0.9336,1.4523,-2.0756;1.3867,-1.8605,1.4673;2.6758,-3.0290,3.1733;5.0018,2.2035,2.8032;5.8785,-0.1841,2.6669;3.8497,-3.4565,5.1453;8.6321,-3.3949,6.4116;9.7114,-1.9172,2.4906;7.3299,-1.8519,1.8296;</g>
	</geometry>
	<conformers/>
	<properties/>
</molecule>
