<?xml version="1.0" ?>
<!--MOLLI PACKAGE EXPERIMENTAL XML FORMAT-->
<molecule name="prELN032036-223">
	<atoms>
		<a id="1" s="C" t="C.3" l="C"/>
		<a id="2" s="C" t="C.3" l="C"/>
		<a id="3" s="C" t="C.3" l="C"/>
		<a id="4" s="C" t="C.3" l="C"/>
		<a id="5" s="O" t="O.3" l="O"/>
		<a id="6" s="C" t="C.2" l="C"/>
		<a id="7" s="O" t="O.2" l="O"/>
		<a id="8" s="N" t="N.am" l="N"/>
		<a id="9" s="C" t="C.3" l="C"/>
		<a id="10" s="C" t="C.3" l="C"/>
		<a id="11" s="N" t="N.pl3" l="N"/>
		<a id="12" s="C" t="C.3" l="C"/>
		<a id="13" s="C" t="C.3" l="C"/>
		<a id="14" s="C" t="C.ar" l="C"/>
		<a id="15" s="C" t="C.ar" l="C"/>
		<a id="16" s="C" t="C.ar" l="C"/>
		<a id="17" s="C" t="C.ar" l="C"/>
		<a id="18" s="Br" t="Br" l="BR"/>
		<a id="19" s="N" t="N.ar" l="N"/>
		<a id="20" s="C" t="C.ar" l="C"/>
		<a id="21" s="H" t="H" l="H"/>
		<a id="22" s="H" t="H" l="H"/>
		<a id="23" s="H" t="H" l="H"/>
		<a id="24" s="H" t="H" l="H"/>
		<a id="25" s="H" t="H" l="H"/>
		<a id="26" s="H" t="H" l="H"/>
		<a id="27" s="H" t="H" l="H"/>
		<a id="28" s="H" t="H" l="H"/>
		<a id="29" s="H" t="H" l="H"/>
		<a id="30" s="H" t="H" l="H"/>
		<a id="31" s="H" t="H" l="H"/>
		<a id="32" s="H" t="H" l="H"/>
		<a id="33" s="H" t="H" l="H"/>
		<a id="34" s="H" t="H" l="H"/>
		<a id="35" s="H" t="H" l="H"/>
		<a id="36" s="H" t="H" l="H"/>
		<a id="37" s="H" t="H" l="H"/>
		<a id="38" s="H" t="H" l="H"/>
		<a id="39" s="H" t="H" l="H"/>
		<a id="40" s="H" t="H" l="H"/>
	</atoms>
	<bonds>
		<b id="1" c="1 2" t="1"/>
		<b id="2" c="2 3" t="1"/>
		<b id="3" c="2 4" t="1"/>
		<b id="4" c="2 5" t="1"/>
		<b id="5" c="5 6" t="1"/>
		<b id="6" c="6 7" t="2"/>
		<b id="7" c="6 8" t="am"/>
		<b id="8" c="8 9" t="1"/>
		<b id="9" c="9 10" t="1"/>
		<b id="10" c="10 11" t="1"/>
		<b id="11" c="11 12" t="1"/>
		<b id="12" c="12 13" t="1"/>
		<b id="13" c="8 13" t="1"/>
		<b id="14" c="11 14" t="1"/>
		<b id="15" c="14 15" t="ar"/>
		<b id="16" c="15 16" t="ar"/>
		<b id="17" c="16 17" t="ar"/>
		<b id="18" c="17 18" t="1"/>
		<b id="19" c="17 19" t="ar"/>
		<b id="20" c="19 20" t="ar"/>
		<b id="21" c="14 20" t="ar"/>
		<b id="22" c="1 21" t="1"/>
		<b id="23" c="1 22" t="1"/>
		<b id="24" c="1 23" t="1"/>
		<b id="25" c="3 24" t="1"/>
		<b id="26" c="3 25" t="1"/>
		<b id="27" c="3 26" t="1"/>
		<b id="28" c="4 27" t="1"/>
		<b id="29" c="4 28" t="1"/>
		<b id="30" c="4 29" t="1"/>
		<b id="31" c="9 30" t="1"/>
		<b id="32" c="9 31" t="1"/>
		<b id="33" c="10 32" t="1"/>
		<b id="34" c="10 33" t="1"/>
		<b id="35" c="12 34" t="1"/>
		<b id="36" c="12 35" t="1"/>
		<b id="37" c="13 36" t="1"/>
		<b id="38" c="13 37" t="1"/>
		<b id="39" c="15 38" t="1"/>
		<b id="40" c="16 39" t="1"/>
		<b id="41" c="20 40" t="1"/>
	</bonds>
	<geometry>
		<g u="A" t="cart/3d">#40,3:4.2658,1.6858,0.2478;3.1091,0.8459,-0.3126;2.4878,-0.0810,0.7405;2.0197,1.8145,-0.8006;3.5196,0.0882,-1.4817;4.5097,-0.8363,-1.3573;5.1056,-1.0744,-0.3150;4.7809,-1.4999,-2.5326;4.1410,-1.2057,-3.8200;3.8761,-2.4928,-4.6353;5.1171,-3.2836,-4.7065;5.6595,-3.6589,-3.3864;5.9499,-2.3823,-2.5872;5.4191,-4.0731,-5.7978;6.7535,-4.3632,-6.1044;7.0921,-5.0937,-7.2428;6.0696,-5.5359,-8.0614;6.5103,-6.5085,-9.6265;4.7654,-5.2975,-7.8132;4.4807,-4.5744,-6.7008;3.9352,2.3111,1.0835;4.6798,2.3366,-0.5313;5.0962,1.0750,0.6107;2.0894,0.4857,1.5878;3.2075,-0.8024,1.1370;1.6730,-0.6697,0.3018;1.6554,2.4501,0.0145;1.1665,1.2700,-1.2205;2.3997,2.4621,-1.5989;4.8322,-0.5563,-4.3730;3.2062,-0.6549,-3.6846;3.5244,-2.2016,-5.6316;3.0884,-3.0852,-4.1530;6.5759,-4.2547,-3.4491;4.9171,-4.2676,-2.8532;6.7534,-1.8133,-3.0716;6.2945,-2.6474,-1.5832;7.5541,-3.9743,-5.4804;8.1323,-5.2845,-7.4780;3.4173,-4.4178,-6.5450;</g>
	</geometry>
	<conformers/>
	<properties/>
</molecule>
