<?xml version="1.0" ?>
<!--MOLLI PACKAGE EXPERIMENTAL XML FORMAT-->
<molecule name="prELN032036-230">
	<atoms>
		<a id="1" s="Cl" t="Cl" l="CL"/>
		<a id="2" s="Cl" t="Cl" l="CL"/>
		<a id="3" s="O" t="O.2" l="O"/>
		<a id="4" s="C" t="C.2" l="C"/>
		<a id="5" s="C" t="C.3" l="C"/>
		<a id="6" s="O" t="O.3" l="O"/>
		<a id="7" s="C" t="C.3" l="C"/>
		<a id="8" s="C" t="C.3" l="C"/>
		<a id="9" s="C" t="C.3" l="C"/>
		<a id="10" s="N" t="N.3" l="N"/>
		<a id="11" s="C" t="C.3" l="C"/>
		<a id="12" s="C" t="C.3" l="C"/>
		<a id="13" s="N" t="N.am" l="N"/>
		<a id="14" s="H" t="H" l="H"/>
		<a id="15" s="H" t="H" l="H"/>
		<a id="16" s="H" t="H" l="H"/>
		<a id="17" s="H" t="H" l="H"/>
		<a id="18" s="H" t="H" l="H"/>
		<a id="19" s="H" t="H" l="H"/>
		<a id="20" s="H" t="H" l="H"/>
		<a id="21" s="H" t="H" l="H"/>
		<a id="22" s="H" t="H" l="H"/>
		<a id="23" s="H" t="H" l="H"/>
		<a id="24" s="H" t="H" l="H"/>
		<a id="25" s="H" t="H" l="H"/>
		<a id="26" s="H" t="H" l="H"/>
		<a id="27" s="H" t="H" l="H"/>
	</atoms>
	<bonds>
		<b id="1" c="3 4" t="2"/>
		<b id="2" c="4 5" t="1"/>
		<b id="3" c="5 6" t="1"/>
		<b id="4" c="6 7" t="1"/>
		<b id="5" c="7 8" t="1"/>
		<b id="6" c="8 9" t="1"/>
		<b id="7" c="9 10" t="1"/>
		<b id="8" c="10 11" t="1"/>
		<b id="9" c="11 12" t="1"/>
		<b id="10" c="7 12" t="1"/>
		<b id="11" c="12 13" t="1"/>
		<b id="12" c="4 13" t="am"/>
		<b id="13" c="1 14" t="1"/>
		<b id="14" c="2 15" t="1"/>
		<b id="15" c="5 16" t="1"/>
		<b id="16" c="5 17" t="1"/>
		<b id="17" c="7 18" t="1"/>
		<b id="18" c="8 19" t="1"/>
		<b id="19" c="8 20" t="1"/>
		<b id="20" c="9 21" t="1"/>
		<b id="21" c="9 22" t="1"/>
		<b id="22" c="10 23" t="1"/>
		<b id="23" c="11 24" t="1"/>
		<b id="24" c="11 25" t="1"/>
		<b id="25" c="12 26" t="1"/>
		<b id="26" c="13 27" t="1"/>
	</bonds>
	<geometry>
		<g u="A" t="cart/3d">#27,3:-0.1898,-0.7354,-1.5033;0.0069,2.5851,0.5787;2.5281,0.6944,1.5419;3.1669,0.0501,0.7245;3.5868,0.7023,-0.5807;4.1451,-0.2059,-1.5193;5.0561,-1.0785,-0.8863;5.8059,-1.9125,-1.9318;4.8300,-2.8444,-2.6660;4.1570,-3.7452,-1.7164;3.3910,-2.9898,-0.7154;4.2948,-2.0192,0.0681;3.4817,-1.2443,0.9859;1.1125,-0.5740,-1.9099;1.3259,2.8122,0.2617;4.2814,1.5505,-0.3944;2.6700,1.1145,-1.0499;5.8154,-0.4792,-0.3265;6.5783,-2.5326,-1.4242;6.3204,-1.2446,-2.6554;5.3902,-3.4497,-3.4102;4.0741,-2.2454,-3.2202;4.8661,-4.3461,-1.2362;2.9031,-3.6972,-0.0098;2.5846,-2.4213,-1.2282;5.0572,-2.5918,0.6424;3.1190,-1.6989,1.8371;</g>
	</geometry>
	<conformers/>
	<properties/>
</molecule>
