<?xml version="1.0" ?>
<!--MOLLI PACKAGE EXPERIMENTAL XML FORMAT-->
<molecule name="prELN032036-254">
	<atoms>
		<a id="1" s="O" t="O.3" l="O"/>
		<a id="2" s="C" t="C.3" l="C"/>
		<a id="3" s="C" t="C.ar" l="C"/>
		<a id="4" s="C" t="C.ar" l="C"/>
		<a id="5" s="C" t="C.ar" l="C"/>
		<a id="6" s="C" t="C.ar" l="C"/>
		<a id="7" s="C" t="C.ar" l="C"/>
		<a id="8" s="C" t="C.3" l="C"/>
		<a id="9" s="N" t="N.am" l="N"/>
		<a id="10" s="C" t="C.2" l="C"/>
		<a id="11" s="O" t="O.2" l="O"/>
		<a id="12" s="C" t="C.ar" l="C"/>
		<a id="13" s="H" t="H" l="H"/>
		<a id="14" s="H" t="H" l="H"/>
		<a id="15" s="H" t="H" l="H"/>
		<a id="16" s="H" t="H" l="H"/>
		<a id="17" s="H" t="H" l="H"/>
		<a id="18" s="H" t="H" l="H"/>
		<a id="19" s="H" t="H" l="H"/>
		<a id="20" s="H" t="H" l="H"/>
		<a id="21" s="H" t="H" l="H"/>
	</atoms>
	<bonds>
		<b id="1" c="1 2" t="1"/>
		<b id="2" c="2 3" t="1"/>
		<b id="3" c="3 4" t="ar"/>
		<b id="4" c="4 5" t="ar"/>
		<b id="5" c="5 6" t="ar"/>
		<b id="6" c="6 7" t="ar"/>
		<b id="7" c="7 8" t="1"/>
		<b id="8" c="8 9" t="1"/>
		<b id="9" c="9 10" t="am"/>
		<b id="10" c="10 11" t="2"/>
		<b id="11" c="10 12" t="1"/>
		<b id="12" c="3 12" t="ar"/>
		<b id="13" c="7 12" t="ar"/>
		<b id="14" c="1 13" t="1"/>
		<b id="15" c="2 14" t="1"/>
		<b id="16" c="2 15" t="1"/>
		<b id="17" c="4 16" t="1"/>
		<b id="18" c="5 17" t="1"/>
		<b id="19" c="6 18" t="1"/>
		<b id="20" c="8 19" t="1"/>
		<b id="21" c="8 20" t="1"/>
		<b id="22" c="9 21" t="1"/>
	</bonds>
	<geometry>
		<g u="A" t="cart/3d">#21,3:2.8783,1.2481,0.4586;2.4157,-0.0209,0.0017;2.8247,-1.1146,0.9452;3.6305,-0.8911,2.0735;3.9722,-1.9370,2.9505;3.5231,-3.2408,2.7276;2.7378,-3.4719,1.6129;2.1274,-4.7463,1.1393;1.4448,-4.3376,-0.0624;1.5757,-2.9925,-0.3281;1.0980,-2.3881,-1.2666;2.4063,-2.4236,0.7454;2.2571,1.9087,0.1099;2.8329,-0.1960,-0.9951;1.3232,0.0255,-0.0566;4.0009,0.1113,2.2856;4.5947,-1.7197,3.8173;3.7873,-4.0425,3.4097;1.3927,-5.1404,1.8464;2.8777,-5.4992,0.8845;0.9098,-4.9436,-0.6698;</g>
	</geometry>
	<conformers/>
	<properties/>
</molecule>
