<?xml version="1.0" ?>
<!--MOLLI PACKAGE EXPERIMENTAL XML FORMAT-->
<molecule name="prELN032036-257">
	<atoms>
		<a id="1" s="C" t="C.3" l="C"/>
		<a id="2" s="C" t="C.3" l="C"/>
		<a id="3" s="O" t="O.3" l="O"/>
		<a id="4" s="C" t="C.ar" l="C"/>
		<a id="5" s="C" t="C.ar" l="C"/>
		<a id="6" s="C" t="C.ar" l="C"/>
		<a id="7" s="C" t="C.ar" l="C"/>
		<a id="8" s="N" t="N.ar" l="N"/>
		<a id="9" s="C" t="C.ar" l="C"/>
		<a id="10" s="N" t="N.ar" l="N"/>
		<a id="11" s="N" t="N.ar" l="N"/>
		<a id="12" s="C" t="C.ar" l="C"/>
		<a id="13" s="C" t="C.ar" l="C"/>
		<a id="14" s="C" t="C.ar" l="C"/>
		<a id="15" s="C" t="C.3" l="C"/>
		<a id="16" s="F" t="F" l="F"/>
		<a id="17" s="F" t="F" l="F"/>
		<a id="18" s="C" t="C.3" l="C"/>
		<a id="19" s="F" t="F" l="F"/>
		<a id="20" s="F" t="F" l="F"/>
		<a id="21" s="Cl" t="Cl" l="CL"/>
		<a id="22" s="H" t="H" l="H"/>
		<a id="23" s="H" t="H" l="H"/>
		<a id="24" s="H" t="H" l="H"/>
		<a id="25" s="H" t="H" l="H"/>
		<a id="26" s="H" t="H" l="H"/>
		<a id="27" s="H" t="H" l="H"/>
		<a id="28" s="H" t="H" l="H"/>
		<a id="29" s="H" t="H" l="H"/>
		<a id="30" s="H" t="H" l="H"/>
		<a id="31" s="H" t="H" l="H"/>
	</atoms>
	<bonds>
		<b id="1" c="2 4" t="1"/>
		<b id="2" c="4 5" t="ar"/>
		<b id="3" c="5 6" t="ar"/>
		<b id="4" c="6 7" t="ar"/>
		<b id="5" c="7 8" t="ar"/>
		<b id="6" c="8 9" t="ar"/>
		<b id="7" c="4 9" t="ar"/>
		<b id="8" c="9 10" t="1"/>
		<b id="9" c="10 11" t="ar"/>
		<b id="10" c="11 12" t="ar"/>
		<b id="11" c="12 13" t="ar"/>
		<b id="12" c="13 14" t="ar"/>
		<b id="13" c="10 14" t="ar"/>
		<b id="14" c="14 15" t="1"/>
		<b id="15" c="15 16" t="1"/>
		<b id="16" c="15 17" t="1"/>
		<b id="17" c="12 18" t="1"/>
		<b id="18" c="18 19" t="1"/>
		<b id="19" c="18 20" t="1"/>
		<b id="20" c="7 21" t="1"/>
		<b id="21" c="2 3" t="1"/>
		<b id="22" c="2 1" t="1"/>
		<b id="23" c="1 22" t="1"/>
		<b id="24" c="1 23" t="1"/>
		<b id="25" c="1 24" t="1"/>
		<b id="26" c="2 25" t="1"/>
		<b id="27" c="3 26" t="1"/>
		<b id="28" c="5 27" t="1"/>
		<b id="29" c="6 28" t="1"/>
		<b id="30" c="13 29" t="1"/>
		<b id="31" c="15 30" t="1"/>
		<b id="32" c="18 31" t="1"/>
	</bonds>
	<geometry>
		<g u="A" t="cart/3d">#31,3:1.5367,-1.2119,-0.3827;2.5232,-0.0882,-0.0543;3.6109,-0.2160,-0.9691;3.0595,-0.0650,1.3684;3.2686,-1.2889,2.0422;3.7482,-1.3206,3.3473;4.0131,-0.1191,3.9583;3.8279,1.0747,3.3731;3.3675,1.1086,2.0902;3.2462,2.4346,1.5348;3.2437,2.6487,0.1964;3.1867,3.9766,0.0285;3.1268,4.6359,1.2705;3.2001,3.6394,2.2244;3.1647,3.7335,3.6976;3.1195,5.0427,4.0821;2.0264,3.1768,4.1883;3.2006,4.5957,-1.3333;2.0353,5.2540,-1.5877;4.1875,5.5312,-1.4308;4.6484,-0.0404,5.5451;0.7461,-1.2956,0.3691;2.0395,-2.1785,-0.4932;1.0659,-1.0090,-1.3521;1.9699,0.8250,-0.2791;4.2478,-0.8471,-0.5953;3.0561,-2.2402,1.5585;3.9114,-2.2593,3.8648;3.0480,5.6994,1.4554;4.0354,3.2950,4.1906;3.3557,3.8530,-2.1203;</g>
	</geometry>
	<conformers/>
	<properties/>
</molecule>
