<?xml version="1.0" ?>
<!--MOLLI PACKAGE EXPERIMENTAL XML FORMAT-->
<molecule name="prELN032036-264">
	<atoms>
		<a id="1" s="C" t="C.3" l="C"/>
		<a id="2" s="O" t="O.3" l="O"/>
		<a id="3" s="C" t="C.2" l="C"/>
		<a id="4" s="O" t="O.2" l="O"/>
		<a id="5" s="C" t="C.ar" l="C"/>
		<a id="6" s="C" t="C.ar" l="C"/>
		<a id="7" s="C" t="C.ar" l="C"/>
		<a id="8" s="C" t="C.ar" l="C"/>
		<a id="9" s="C" t="C.ar" l="C"/>
		<a id="10" s="C" t="C.ar" l="C"/>
		<a id="11" s="O" t="O.3" l="O"/>
		<a id="12" s="C" t="C.3" l="C"/>
		<a id="13" s="C" t="C.3" l="C"/>
		<a id="14" s="C" t="C.ar" l="C"/>
		<a id="15" s="C" t="C.ar" l="C"/>
		<a id="16" s="N" t="N.ar" l="N"/>
		<a id="17" s="C" t="C.ar" l="C"/>
		<a id="18" s="N" t="N.ar" l="N"/>
		<a id="19" s="C" t="C.ar" l="C"/>
		<a id="20" s="Cl" t="Cl" l="CL"/>
		<a id="21" s="N" t="N.pl3" l="N"/>
		<a id="22" s="C" t="C.3" l="C"/>
		<a id="23" s="H" t="H" l="H"/>
		<a id="24" s="H" t="H" l="H"/>
		<a id="25" s="H" t="H" l="H"/>
		<a id="26" s="H" t="H" l="H"/>
		<a id="27" s="H" t="H" l="H"/>
		<a id="28" s="H" t="H" l="H"/>
		<a id="29" s="H" t="H" l="H"/>
		<a id="30" s="H" t="H" l="H"/>
		<a id="31" s="H" t="H" l="H"/>
		<a id="32" s="H" t="H" l="H"/>
		<a id="33" s="H" t="H" l="H"/>
		<a id="34" s="H" t="H" l="H"/>
		<a id="35" s="H" t="H" l="H"/>
		<a id="36" s="H" t="H" l="H"/>
		<a id="37" s="H" t="H" l="H"/>
		<a id="38" s="H" t="H" l="H"/>
	</atoms>
	<bonds>
		<b id="1" c="1 2" t="1"/>
		<b id="2" c="2 3" t="1"/>
		<b id="3" c="3 4" t="2"/>
		<b id="4" c="3 5" t="1"/>
		<b id="5" c="5 6" t="ar"/>
		<b id="6" c="6 7" t="ar"/>
		<b id="7" c="7 8" t="ar"/>
		<b id="8" c="8 9" t="ar"/>
		<b id="9" c="9 10" t="ar"/>
		<b id="10" c="5 10" t="ar"/>
		<b id="11" c="9 11" t="1"/>
		<b id="12" c="11 12" t="1"/>
		<b id="13" c="8 13" t="1"/>
		<b id="14" c="13 14" t="1"/>
		<b id="15" c="14 15" t="ar"/>
		<b id="16" c="15 16" t="ar"/>
		<b id="17" c="16 17" t="ar"/>
		<b id="18" c="17 18" t="ar"/>
		<b id="19" c="18 19" t="ar"/>
		<b id="20" c="14 19" t="ar"/>
		<b id="21" c="19 20" t="1"/>
		<b id="22" c="17 21" t="1"/>
		<b id="23" c="15 22" t="1"/>
		<b id="24" c="1 23" t="1"/>
		<b id="25" c="1 24" t="1"/>
		<b id="26" c="1 25" t="1"/>
		<b id="27" c="6 26" t="1"/>
		<b id="28" c="7 27" t="1"/>
		<b id="29" c="10 28" t="1"/>
		<b id="30" c="12 29" t="1"/>
		<b id="31" c="12 30" t="1"/>
		<b id="32" c="12 31" t="1"/>
		<b id="33" c="13 32" t="1"/>
		<b id="34" c="13 33" t="1"/>
		<b id="35" c="21 34" t="1"/>
		<b id="36" c="21 35" t="1"/>
		<b id="37" c="22 36" t="1"/>
		<b id="38" c="22 37" t="1"/>
		<b id="39" c="22 38" t="1"/>
	</bonds>
	<geometry>
		<g u="A" t="cart/3d">#38,3:1.0022,0.4363,-0.5017;2.4294,0.4498,-0.5356;2.9893,1.3521,0.3060;2.3836,2.1050,1.0533;4.4718,1.3110,0.2110;5.1513,0.4529,-0.6543;6.5456,0.4649,-0.6940;7.2956,1.3230,0.1298;6.6056,2.1564,1.0325;5.2055,2.1597,1.0466;7.3584,2.9307,1.8752;6.7045,3.4259,3.0433;8.8148,1.2778,0.0432;9.4396,2.1346,-1.0281;9.8655,3.4420,-0.8284;10.3956,4.1957,-1.8227;10.5297,3.6555,-3.0311;10.2190,2.4043,-3.3223;9.6801,1.6855,-2.3209;9.4000,0.0587,-2.8258;11.0775,4.4376,-4.0245;9.7941,4.1689,0.4795;0.6576,-0.3880,-1.1320;0.6080,1.3736,-0.9060;0.6370,0.2682,0.5164;4.6107,-0.2371,-1.2984;7.0396,-0.2295,-1.3686;4.6512,2.8244,1.7057;7.4604,3.8954,3.6796;6.2456,2.6113,3.6150;5.9672,4.1945,2.7895;9.1183,0.2325,-0.1002;9.2544,1.5018,1.0208;11.6283,5.1791,-3.6157;11.5198,3.8595,-4.7245;9.6632,3.5126,1.3376;8.9826,4.9023,0.4534;10.7365,4.7009,0.6508;</g>
	</geometry>
	<conformers/>
	<properties/>
</molecule>
