<?xml version="1.0" ?>
<!--MOLLI PACKAGE EXPERIMENTAL XML FORMAT-->
<molecule name="prELN032036-014">
	<atoms>
		<a id="1" s="O" t="O.2" l="O"/>
		<a id="2" s="C" t="C.2" l="C"/>
		<a id="3" s="N" t="N.am" l="N"/>
		<a id="4" s="C" t="C.3" l="C"/>
		<a id="5" s="C" t="C.3" l="C"/>
		<a id="6" s="F" t="F" l="F"/>
		<a id="7" s="F" t="F" l="F"/>
		<a id="8" s="F" t="F" l="F"/>
		<a id="9" s="C" t="C.ar" l="C"/>
		<a id="10" s="C" t="C.ar" l="C"/>
		<a id="11" s="C" t="C.ar" l="C"/>
		<a id="12" s="C" t="C.ar" l="C"/>
		<a id="13" s="O" t="O.3" l="O"/>
		<a id="14" s="C" t="C.3" l="C"/>
		<a id="15" s="F" t="F" l="F"/>
		<a id="16" s="F" t="F" l="F"/>
		<a id="17" s="C" t="C.ar" l="C"/>
		<a id="18" s="C" t="C.ar" l="C"/>
		<a id="19" s="N" t="N.ar" l="N"/>
		<a id="20" s="C" t="C.ar" l="C"/>
		<a id="21" s="N" t="N.ar" l="N"/>
		<a id="22" s="C" t="C.ar" l="C"/>
		<a id="23" s="C" t="C.ar" l="C"/>
		<a id="24" s="C" t="C.ar" l="C"/>
		<a id="25" s="C" t="C.ar" l="C"/>
		<a id="26" s="Br" t="Br" l="BR"/>
		<a id="27" s="C" t="C.ar" l="C"/>
		<a id="28" s="C" t="C.ar" l="C"/>
		<a id="29" s="H" t="H" l="H"/>
		<a id="30" s="H" t="H" l="H"/>
		<a id="31" s="H" t="H" l="H"/>
		<a id="32" s="H" t="H" l="H"/>
		<a id="33" s="H" t="H" l="H"/>
		<a id="34" s="H" t="H" l="H"/>
		<a id="35" s="H" t="H" l="H"/>
		<a id="36" s="H" t="H" l="H"/>
		<a id="37" s="H" t="H" l="H"/>
		<a id="38" s="H" t="H" l="H"/>
		<a id="39" s="H" t="H" l="H"/>
	</atoms>
	<bonds>
		<b id="1" c="1 2" t="2"/>
		<b id="2" c="2 3" t="am"/>
		<b id="3" c="3 4" t="1"/>
		<b id="4" c="4 5" t="1"/>
		<b id="5" c="5 6" t="1"/>
		<b id="6" c="5 7" t="1"/>
		<b id="7" c="5 8" t="1"/>
		<b id="8" c="2 9" t="1"/>
		<b id="9" c="9 10" t="ar"/>
		<b id="10" c="10 11" t="ar"/>
		<b id="11" c="9 12" t="ar"/>
		<b id="12" c="12 13" t="1"/>
		<b id="13" c="13 14" t="1"/>
		<b id="14" c="14 15" t="1"/>
		<b id="15" c="14 16" t="1"/>
		<b id="16" c="12 17" t="ar"/>
		<b id="17" c="17 18" t="ar"/>
		<b id="18" c="11 18" t="ar"/>
		<b id="19" c="18 19" t="1"/>
		<b id="20" c="19 20" t="ar"/>
		<b id="21" c="20 21" t="ar"/>
		<b id="22" c="19 22" t="ar"/>
		<b id="23" c="22 23" t="ar"/>
		<b id="24" c="21 23" t="ar"/>
		<b id="25" c="23 24" t="ar"/>
		<b id="26" c="24 25" t="ar"/>
		<b id="27" c="25 26" t="1"/>
		<b id="28" c="25 27" t="ar"/>
		<b id="29" c="27 28" t="ar"/>
		<b id="30" c="22 28" t="ar"/>
		<b id="31" c="3 29" t="1"/>
		<b id="32" c="4 30" t="1"/>
		<b id="33" c="4 31" t="1"/>
		<b id="34" c="10 32" t="1"/>
		<b id="35" c="11 33" t="1"/>
		<b id="36" c="14 34" t="1"/>
		<b id="37" c="17 35" t="1"/>
		<b id="38" c="20 36" t="1"/>
		<b id="39" c="24 37" t="1"/>
		<b id="40" c="27 38" t="1"/>
		<b id="41" c="28 39" t="1"/>
	</bonds>
	<geometry>
		<g u="A" t="cart/3d">#39,3:0.9477,-0.3608,0.0847;2.0408,-0.0025,-0.3425;2.6366,-0.6250,-1.4191;2.0894,-1.8777,-1.9412;2.5460,-3.1556,-1.2168;3.4874,-2.9043,-0.2790;1.5177,-3.7926,-0.6160;3.0951,-4.0193,-2.0997;2.7960,1.0931,0.3453;2.2068,1.6147,1.5147;2.8929,2.5034,2.3476;4.0541,1.5754,-0.0529;4.5748,1.1847,-1.2631;5.3869,2.1527,-1.9237;6.6471,2.0648,-1.4297;5.4573,1.7917,-3.2281;4.7597,2.4131,0.8153;4.2078,2.8319,2.0373;4.9989,3.6200,2.9148;4.5524,4.5858,3.7873;5.5285,5.3699,4.1921;6.3839,3.6268,3.0075;6.6735,4.8016,3.6967;8.0059,5.2213,3.8112;9.0106,4.3934,3.2982;10.8144,4.9572,3.3881;8.7136,3.1574,2.7262;7.3889,2.7447,2.5745;3.5959,-0.3862,-1.6425;2.3901,-1.9238,-2.9924;0.9958,-1.8230,-1.9147;1.2049,1.2957,1.8071;2.4025,2.8453,3.2545;5.0086,3.1800,-1.8549;5.7520,2.7560,0.5384;3.5072,4.7325,4.0243;8.2329,6.1655,4.2920;9.5109,2.5025,2.3792;7.1606,1.7781,2.1347;</g>
	</geometry>
	<conformers/>
	<properties/>
</molecule>
