<?xml version="1.0" ?>
<!--MOLLI PACKAGE EXPERIMENTAL XML FORMAT-->
<molecule name="prELN032036-264">
	<atoms>
		<a id="1" s="C" t="C.3" l="C"/>
		<a id="2" s="C" t="C.3" l="C"/>
		<a id="3" s="C" t="C.3" l="C"/>
		<a id="4" s="C" t="C.3" l="C"/>
		<a id="5" s="N" t="N.3" l="N"/>
		<a id="6" s="C" t="C.3" l="C"/>
		<a id="7" s="C" t="C.3" l="C"/>
		<a id="8" s="O" t="O.3" l="O"/>
		<a id="9" s="H" t="H" l="H"/>
		<a id="10" s="H" t="H" l="H"/>
		<a id="11" s="H" t="H" l="H"/>
		<a id="12" s="H" t="H" l="H"/>
		<a id="13" s="H" t="H" l="H"/>
		<a id="14" s="H" t="H" l="H"/>
		<a id="15" s="H" t="H" l="H"/>
		<a id="16" s="H" t="H" l="H"/>
		<a id="17" s="H" t="H" l="H"/>
		<a id="18" s="H" t="H" l="H"/>
		<a id="19" s="H" t="H" l="H"/>
		<a id="20" s="H" t="H" l="H"/>
		<a id="21" s="H" t="H" l="H"/>
		<a id="22" s="H" t="H" l="H"/>
		<a id="23" s="H" t="H" l="H"/>
	</atoms>
	<bonds>
		<b id="1" c="1 2" t="1"/>
		<b id="2" c="2 3" t="1"/>
		<b id="3" c="3 4" t="1"/>
		<b id="4" c="4 5" t="1"/>
		<b id="5" c="4 6" t="1"/>
		<b id="6" c="6 7" t="1"/>
		<b id="7" c="7 8" t="1"/>
		<b id="8" c="1 9" t="1"/>
		<b id="9" c="1 10" t="1"/>
		<b id="10" c="1 11" t="1"/>
		<b id="11" c="2 12" t="1"/>
		<b id="12" c="2 13" t="1"/>
		<b id="13" c="3 14" t="1"/>
		<b id="14" c="3 15" t="1"/>
		<b id="15" c="4 16" t="1"/>
		<b id="16" c="5 17" t="1"/>
		<b id="17" c="5 18" t="1"/>
		<b id="18" c="6 19" t="1"/>
		<b id="19" c="6 20" t="1"/>
		<b id="20" c="7 21" t="1"/>
		<b id="21" c="7 22" t="1"/>
		<b id="22" c="8 23" t="1"/>
	</bonds>
	<geometry>
		<g u="A" t="cart/3d">#23,3:0.9404,-0.0837,0.0272;2.4609,-0.1404,0.0397;3.0613,0.5954,-1.1630;4.6038,0.5762,-1.1974;5.1165,-0.7941,-1.2719;5.1152,1.3829,-2.4032;6.6366,1.4380,-2.4923;7.0168,2.2150,-3.6251;0.5355,-0.6260,0.8870;0.5399,-0.5442,-0.8819;0.5835,0.9496,0.0766;2.7620,-1.1933,0.0366;2.8326,0.3038,0.9701;2.7211,1.6395,-1.1414;2.6642,0.1589,-2.0891;4.9872,1.0375,-0.2799;4.6464,-1.2993,-2.0226;4.8902,-1.2954,-0.4134;4.7318,2.4096,-2.3484;4.7128,0.9719,-3.3392;7.0827,0.4442,-2.6011;7.0622,1.9104,-1.6017;6.7490,1.7141,-4.4141;</g>
	</geometry>
	<conformers/>
	<properties/>
</molecule>
