<?xml version="1.0" ?>
<!--MOLLI PACKAGE EXPERIMENTAL XML FORMAT-->
<molecule name="prELN032036-271">
	<atoms>
		<a id="1" s="C" t="C.3" l="C"/>
		<a id="2" s="C" t="C.3" l="C"/>
		<a id="3" s="C" t="C.3" l="C"/>
		<a id="4" s="C" t="C.3" l="C"/>
		<a id="5" s="N" t="N.3" l="N"/>
		<a id="6" s="C" t="C.3" l="C"/>
		<a id="7" s="C" t="C.3" l="C"/>
		<a id="8" s="O" t="O.3" l="O"/>
		<a id="9" s="H" t="H" l="H"/>
		<a id="10" s="H" t="H" l="H"/>
		<a id="11" s="H" t="H" l="H"/>
		<a id="12" s="H" t="H" l="H"/>
		<a id="13" s="H" t="H" l="H"/>
		<a id="14" s="H" t="H" l="H"/>
		<a id="15" s="H" t="H" l="H"/>
		<a id="16" s="H" t="H" l="H"/>
		<a id="17" s="H" t="H" l="H"/>
		<a id="18" s="H" t="H" l="H"/>
		<a id="19" s="H" t="H" l="H"/>
		<a id="20" s="H" t="H" l="H"/>
		<a id="21" s="H" t="H" l="H"/>
		<a id="22" s="H" t="H" l="H"/>
		<a id="23" s="H" t="H" l="H"/>
	</atoms>
	<bonds>
		<b id="1" c="1 2" t="1"/>
		<b id="2" c="2 3" t="1"/>
		<b id="3" c="3 4" t="1"/>
		<b id="4" c="4 5" t="1"/>
		<b id="5" c="4 6" t="1"/>
		<b id="6" c="6 7" t="1"/>
		<b id="7" c="7 8" t="1"/>
		<b id="8" c="1 9" t="1"/>
		<b id="9" c="1 10" t="1"/>
		<b id="10" c="1 11" t="1"/>
		<b id="11" c="2 12" t="1"/>
		<b id="12" c="2 13" t="1"/>
		<b id="13" c="3 14" t="1"/>
		<b id="14" c="3 15" t="1"/>
		<b id="15" c="4 16" t="1"/>
		<b id="16" c="5 17" t="1"/>
		<b id="17" c="5 18" t="1"/>
		<b id="18" c="6 19" t="1"/>
		<b id="19" c="6 20" t="1"/>
		<b id="20" c="7 21" t="1"/>
		<b id="21" c="7 22" t="1"/>
		<b id="22" c="8 23" t="1"/>
	</bonds>
	<geometry>
		<g u="A" t="cart/3d">#23,3:0.8998,0.0222,0.0980;2.4205,-0.0304,0.0714;3.0203,1.3052,-0.3792;4.5633,1.3123,-0.4190;5.0767,0.3081,-1.3537;5.0731,2.7031,-0.8290;6.5951,2.8062,-0.8545;6.9739,4.1291,-1.2253;0.4937,-0.9443,0.4107;0.4985,0.2536,-0.8942;0.5466,0.7845,0.7998;2.7205,-0.8366,-0.6062;2.7927,-0.2871,1.0701;2.6805,2.0925,0.3059;2.6239,1.5630,-1.3709;4.9461,1.0799,0.5824;4.6048,0.3991,-2.2529;4.8523,-0.6268,-1.0139;4.6859,3.4580,-0.1309;4.6745,2.9861,-1.8118;7.0446,2.1132,-1.5730;7.0166,2.5993,0.1334;6.7104,4.2484,-2.1537;</g>
	</geometry>
	<conformers/>
	<properties/>
</molecule>
