<?xml version="1.0" ?>
<!--MOLLI PACKAGE EXPERIMENTAL XML FORMAT-->
<molecule name="prELN032036-316">
	<atoms>
		<a id="1" s="C" t="C.3" l="C"/>
		<a id="2" s="C" t="C.3" l="C"/>
		<a id="3" s="C" t="C.3" l="C"/>
		<a id="4" s="C" t="C.3" l="C"/>
		<a id="5" s="N" t="N.3" l="N"/>
		<a id="6" s="C" t="C.3" l="C"/>
		<a id="7" s="C" t="C.3" l="C"/>
		<a id="8" s="O" t="O.3" l="O"/>
		<a id="9" s="H" t="H" l="H"/>
		<a id="10" s="H" t="H" l="H"/>
		<a id="11" s="H" t="H" l="H"/>
		<a id="12" s="H" t="H" l="H"/>
		<a id="13" s="H" t="H" l="H"/>
		<a id="14" s="H" t="H" l="H"/>
		<a id="15" s="H" t="H" l="H"/>
		<a id="16" s="H" t="H" l="H"/>
		<a id="17" s="H" t="H" l="H"/>
		<a id="18" s="H" t="H" l="H"/>
		<a id="19" s="H" t="H" l="H"/>
		<a id="20" s="H" t="H" l="H"/>
		<a id="21" s="H" t="H" l="H"/>
		<a id="22" s="H" t="H" l="H"/>
		<a id="23" s="H" t="H" l="H"/>
	</atoms>
	<bonds>
		<b id="1" c="1 2" t="1"/>
		<b id="2" c="2 3" t="1"/>
		<b id="3" c="3 4" t="1"/>
		<b id="4" c="4 5" t="1"/>
		<b id="5" c="4 6" t="1"/>
		<b id="6" c="6 7" t="1"/>
		<b id="7" c="7 8" t="1"/>
		<b id="8" c="1 9" t="1"/>
		<b id="9" c="1 10" t="1"/>
		<b id="10" c="1 11" t="1"/>
		<b id="11" c="2 12" t="1"/>
		<b id="12" c="2 13" t="1"/>
		<b id="13" c="3 14" t="1"/>
		<b id="14" c="3 15" t="1"/>
		<b id="15" c="4 16" t="1"/>
		<b id="16" c="5 17" t="1"/>
		<b id="17" c="5 18" t="1"/>
		<b id="18" c="6 19" t="1"/>
		<b id="19" c="6 20" t="1"/>
		<b id="20" c="7 21" t="1"/>
		<b id="21" c="7 22" t="1"/>
		<b id="22" c="8 23" t="1"/>
	</bonds>
	<geometry>
		<g u="A" t="cart/3d">#23,3:0.8796,0.0619,-0.0586;2.3997,0.1099,-0.0446;2.9975,-1.0980,0.6859;4.5394,-1.0984,0.7241;5.0530,0.0870,1.4142;5.0532,-2.3629,1.4299;6.5762,-2.4439,1.4876;6.9610,-3.6475,2.1469;0.4791,0.9407,-0.5728;0.4786,0.0536,0.9601;0.5185,-0.8320,-0.5789;2.7046,1.0428,0.4410;2.7711,0.1413,-1.0754;2.6551,-2.0154,0.1867;2.5994,-1.1351,1.7082;4.9212,-1.0918,-0.3044;4.5901,0.1898,2.3175;4.8201,0.9255,0.8836;4.6757,-3.2549,0.9120;4.6496,-2.4267,2.4493;7.0154,-1.6041,2.0353;7.0031,-2.4590,0.4802;6.6893,-3.5576,3.0768;</g>
	</geometry>
	<conformers/>
	<properties/>
</molecule>
