<?xml version="1.0" ?>
<!--MOLLI PACKAGE EXPERIMENTAL XML FORMAT-->
<molecule name="prELN032036-271">
	<atoms>
		<a id="1" s="C" t="C.3" l="C"/>
		<a id="2" s="O" t="O.3" l="O"/>
		<a id="3" s="C" t="C.ar" l="C"/>
		<a id="4" s="C" t="C.ar" l="C"/>
		<a id="5" s="C" t="C.ar" l="C"/>
		<a id="6" s="C" t="C.ar" l="C"/>
		<a id="7" s="C" t="C.ar" l="C"/>
		<a id="8" s="C" t="C.ar" l="C"/>
		<a id="9" s="C" t="C.3" l="C"/>
		<a id="10" s="C" t="C.ar" l="C"/>
		<a id="11" s="C" t="C.ar" l="C"/>
		<a id="12" s="N" t="N.ar" l="N"/>
		<a id="13" s="C" t="C.ar" l="C"/>
		<a id="14" s="N" t="N.ar" l="N"/>
		<a id="15" s="C" t="C.ar" l="C"/>
		<a id="16" s="Cl" t="Cl" l="CL"/>
		<a id="17" s="N" t="N.pl3" l="N"/>
		<a id="18" s="C" t="C.3" l="C"/>
		<a id="19" s="C" t="C.3" l="C"/>
		<a id="20" s="N" t="N.3" l="N"/>
		<a id="21" s="C" t="C.3" l="C"/>
		<a id="22" s="C" t="C.3" l="C"/>
		<a id="23" s="N" t="N.am" l="N"/>
		<a id="24" s="C" t="C.3" l="C"/>
		<a id="25" s="C" t="C.3" l="C"/>
		<a id="26" s="C" t="C.2" l="C"/>
		<a id="27" s="O" t="O.2" l="O"/>
		<a id="28" s="O" t="O.3" l="O"/>
		<a id="29" s="C" t="C.3" l="C"/>
		<a id="30" s="C" t="C.3" l="C"/>
		<a id="31" s="C" t="C.3" l="C"/>
		<a id="32" s="C" t="C.3" l="C"/>
		<a id="33" s="H" t="H" l="H"/>
		<a id="34" s="H" t="H" l="H"/>
		<a id="35" s="H" t="H" l="H"/>
		<a id="36" s="H" t="H" l="H"/>
		<a id="37" s="H" t="H" l="H"/>
		<a id="38" s="H" t="H" l="H"/>
		<a id="39" s="H" t="H" l="H"/>
		<a id="40" s="H" t="H" l="H"/>
		<a id="41" s="H" t="H" l="H"/>
		<a id="42" s="H" t="H" l="H"/>
		<a id="43" s="H" t="H" l="H"/>
		<a id="44" s="H" t="H" l="H"/>
		<a id="45" s="H" t="H" l="H"/>
		<a id="46" s="H" t="H" l="H"/>
		<a id="47" s="H" t="H" l="H"/>
		<a id="48" s="H" t="H" l="H"/>
		<a id="49" s="H" t="H" l="H"/>
		<a id="50" s="H" t="H" l="H"/>
		<a id="51" s="H" t="H" l="H"/>
		<a id="52" s="H" t="H" l="H"/>
		<a id="53" s="H" t="H" l="H"/>
		<a id="54" s="H" t="H" l="H"/>
		<a id="55" s="H" t="H" l="H"/>
		<a id="56" s="H" t="H" l="H"/>
		<a id="57" s="H" t="H" l="H"/>
		<a id="58" s="H" t="H" l="H"/>
		<a id="59" s="H" t="H" l="H"/>
		<a id="60" s="H" t="H" l="H"/>
		<a id="61" s="H" t="H" l="H"/>
		<a id="62" s="H" t="H" l="H"/>
		<a id="63" s="H" t="H" l="H"/>
		<a id="64" s="H" t="H" l="H"/>
	</atoms>
	<bonds>
		<b id="1" c="1 2" t="1"/>
		<b id="2" c="2 3" t="1"/>
		<b id="3" c="3 4" t="ar"/>
		<b id="4" c="4 5" t="ar"/>
		<b id="5" c="5 6" t="ar"/>
		<b id="6" c="6 7" t="ar"/>
		<b id="7" c="7 8" t="ar"/>
		<b id="8" c="3 8" t="ar"/>
		<b id="9" c="8 9" t="1"/>
		<b id="10" c="9 10" t="1"/>
		<b id="11" c="10 11" t="ar"/>
		<b id="12" c="11 12" t="ar"/>
		<b id="13" c="12 13" t="ar"/>
		<b id="14" c="13 14" t="ar"/>
		<b id="15" c="14 15" t="ar"/>
		<b id="16" c="10 15" t="ar"/>
		<b id="17" c="15 16" t="1"/>
		<b id="18" c="13 17" t="1"/>
		<b id="19" c="11 18" t="1"/>
		<b id="20" c="5 19" t="1"/>
		<b id="21" c="19 20" t="1"/>
		<b id="22" c="20 21" t="1"/>
		<b id="23" c="21 22" t="1"/>
		<b id="24" c="22 23" t="1"/>
		<b id="25" c="23 24" t="1"/>
		<b id="26" c="24 25" t="1"/>
		<b id="27" c="20 25" t="1"/>
		<b id="28" c="23 26" t="am"/>
		<b id="29" c="26 27" t="2"/>
		<b id="30" c="26 28" t="1"/>
		<b id="31" c="28 29" t="1"/>
		<b id="32" c="29 30" t="1"/>
		<b id="33" c="29 31" t="1"/>
		<b id="34" c="29 32" t="1"/>
		<b id="35" c="1 33" t="1"/>
		<b id="36" c="1 34" t="1"/>
		<b id="37" c="1 35" t="1"/>
		<b id="38" c="4 36" t="1"/>
		<b id="39" c="6 37" t="1"/>
		<b id="40" c="7 38" t="1"/>
		<b id="41" c="9 39" t="1"/>
		<b id="42" c="9 40" t="1"/>
		<b id="43" c="17 41" t="1"/>
		<b id="44" c="17 42" t="1"/>
		<b id="45" c="18 43" t="1"/>
		<b id="46" c="18 44" t="1"/>
		<b id="47" c="18 45" t="1"/>
		<b id="48" c="19 46" t="1"/>
		<b id="49" c="19 47" t="1"/>
		<b id="50" c="21 48" t="1"/>
		<b id="51" c="21 49" t="1"/>
		<b id="52" c="22 50" t="1"/>
		<b id="53" c="22 51" t="1"/>
		<b id="54" c="24 52" t="1"/>
		<b id="55" c="24 53" t="1"/>
		<b id="56" c="25 54" t="1"/>
		<b id="57" c="25 55" t="1"/>
		<b id="58" c="30 56" t="1"/>
		<b id="59" c="30 57" t="1"/>
		<b id="60" c="30 58" t="1"/>
		<b id="61" c="31 59" t="1"/>
		<b id="62" c="31 60" t="1"/>
		<b id="63" c="31 61" t="1"/>
		<b id="64" c="32 62" t="1"/>
		<b id="65" c="32 63" t="1"/>
		<b id="66" c="32 64" t="1"/>
	</bonds>
	<geometry>
		<g u="A" t="cart/3d">#64,3:3.0369,5.0988,0.0656;3.6242,3.8781,-0.3589;3.8006,2.8886,0.5658;3.2271,2.8912,1.8460;3.4427,1.8367,2.7490;4.2244,0.7542,2.3262;4.8187,0.7567,1.0632;4.6351,1.8262,0.1711;5.4054,1.8529,-1.1432;4.7364,1.1680,-2.3038;3.9275,1.8068,-3.2338;3.2667,1.1276,-4.2036;3.4098,-0.1936,-4.2622;4.2356,-0.8896,-3.5010;4.8723,-0.1911,-2.5458;5.9756,-1.2032,-1.6856;2.6750,-0.8758,-5.2055;3.6909,3.2864,-3.2935;2.9798,1.9236,4.1809;1.6505,1.4483,4.5317;1.3286,0.0431,4.2758;0.5563,-0.2754,2.9727;-0.4670,0.7132,2.6374;-0.1386,2.1091,2.8889;0.5365,2.3434,4.2387;-1.4372,0.4966,1.6668;-2.1525,1.4045,1.2559;-1.5036,-0.7884,1.2112;-2.5059,-1.1075,0.2023;-2.2651,-0.3342,-1.1054;-2.3530,-2.6053,-0.1141;-3.9249,-0.8936,0.7537;3.0150,5.7701,-0.7988;3.6480,5.5706,0.8409;2.0041,4.9566,0.3980;2.6200,3.7287,2.1787;4.4208,-0.0749,3.0018;5.4684,-0.0763,0.8051;6.3988,1.4161,-0.9714;5.6658,2.8869,-1.3955;2.4161,-0.2602,-5.9622;3.1214,-1.7518,-5.4345;4.3761,3.8716,-2.6816;2.6616,3.5083,-2.9949;3.8335,3.6384,-4.3218;3.0906,2.9669,4.5120;3.7072,1.3888,4.8091;0.6932,-0.2771,5.1133;2.2210,-0.5902,4.3463;0.0742,-1.2549,3.0794;1.2445,-0.3374,2.1239;-1.0499,2.7185,2.8520;0.4959,2.4418,2.0626;-0.2171,2.1879,5.0226;0.8314,3.3959,4.3281;-1.2680,-0.5529,-1.5050;-2.3115,0.7499,-0.9765;-3.0067,-0.6005,-1.8666;-1.3479,-2.8303,-0.4873;-3.0790,-2.9277,-0.8705;-2.5001,-3.2159,0.7833;-4.1210,0.1461,1.0276;-4.0735,-1.4838,1.6655;-4.6866,-1.1858,0.0235;</g>
	</geometry>
	<conformers/>
	<properties/>
</molecule>
