<?xml version="1.0" ?>
<!--MOLLI PACKAGE EXPERIMENTAL XML FORMAT-->
<molecule name="prELN032036-276">
	<atoms>
		<a id="1" s="F" t="F" l="F"/>
		<a id="2" s="C" t="C.ar" l="C"/>
		<a id="3" s="C" t="C.ar" l="C"/>
		<a id="4" s="C" t="C.ar" l="C"/>
		<a id="5" s="C" t="C.ar" l="C"/>
		<a id="6" s="C" t="C.ar" l="C"/>
		<a id="7" s="C" t="C.ar" l="C"/>
		<a id="8" s="C" t="C.ar" l="C"/>
		<a id="9" s="N" t="N.ar" l="N"/>
		<a id="10" s="C" t="C.ar" l="C"/>
		<a id="11" s="C" t="C.ar" l="C"/>
		<a id="12" s="C" t="C.ar" l="C"/>
		<a id="13" s="N" t="N.ar" l="N"/>
		<a id="14" s="C" t="C.ar" l="C"/>
		<a id="15" s="C" t="C.ar" l="C"/>
		<a id="16" s="N" t="N.ar" l="N"/>
		<a id="17" s="Cl" t="Cl" l="CL"/>
		<a id="18" s="Cl" t="Cl" l="CL"/>
		<a id="19" s="H" t="H" l="H"/>
		<a id="20" s="H" t="H" l="H"/>
		<a id="21" s="H" t="H" l="H"/>
		<a id="22" s="H" t="H" l="H"/>
		<a id="23" s="H" t="H" l="H"/>
		<a id="24" s="H" t="H" l="H"/>
	</atoms>
	<bonds>
		<b id="1" c="1 2" t="1"/>
		<b id="2" c="2 3" t="ar"/>
		<b id="3" c="3 4" t="ar"/>
		<b id="4" c="4 5" t="ar"/>
		<b id="5" c="5 6" t="ar"/>
		<b id="6" c="6 7" t="ar"/>
		<b id="7" c="2 7" t="ar"/>
		<b id="8" c="7 8" t="1"/>
		<b id="9" c="8 9" t="ar"/>
		<b id="10" c="9 10" t="ar"/>
		<b id="11" c="10 11" t="ar"/>
		<b id="12" c="11 12" t="ar"/>
		<b id="13" c="12 13" t="ar"/>
		<b id="14" c="13 14" t="ar"/>
		<b id="15" c="14 15" t="ar"/>
		<b id="16" c="15 16" t="ar"/>
		<b id="17" c="8 16" t="ar"/>
		<b id="18" c="12 16" t="ar"/>
		<b id="19" c="10 17" t="1"/>
		<b id="20" c="4 18" t="1"/>
		<b id="21" c="3 19" t="1"/>
		<b id="22" c="5 20" t="1"/>
		<b id="23" c="6 21" t="1"/>
		<b id="24" c="11 22" t="1"/>
		<b id="25" c="14 23" t="1"/>
		<b id="26" c="15 24" t="1"/>
	</bonds>
	<geometry>
		<g u="A" t="cart/3d">#24,3:-2.5470,0.9866,-1.0331;-1.5640,0.2134,-0.5508;-0.2651,0.7198,-0.5960;0.7792,-0.0290,-0.0662;0.5368,-1.2922,0.4712;-0.7633,-1.8098,0.4836;-1.8344,-1.0426,0.0072;-3.2399,-1.5496,0.0577;-4.0192,-1.2691,-0.9548;-5.3236,-1.7155,-0.9401;-5.8603,-2.4727,0.0241;-5.0466,-2.8290,1.1154;-5.2873,-3.5710,2.1745;-4.1479,-3.5085,2.9263;-3.2084,-2.7056,2.3243;-3.7616,-2.3215,1.1238;-6.3066,-1.2183,-2.2730;2.3782,0.6017,-0.0742;-0.0897,1.6967,-1.0363;1.3564,-1.8820,0.8769;-0.9099,-2.8191,0.8587;-6.8921,-2.8016,0.0021;-4.0714,-4.0292,3.8728;-2.2294,-2.3998,2.6571;</g>
	</geometry>
	<conformers/>
	<properties/>
</molecule>
