<?xml version="1.0" ?>
<!--MOLLI PACKAGE EXPERIMENTAL XML FORMAT-->
<molecule name="prELN032036-279">
	<atoms>
		<a id="1" s="C" t="C.3" l="C"/>
		<a id="2" s="C" t="C.2" l="C"/>
		<a id="3" s="O" t="O.2" l="O"/>
		<a id="4" s="N" t="N.am" l="N"/>
		<a id="5" s="C" t="C.ar" l="C"/>
		<a id="6" s="C" t="C.ar" l="C"/>
		<a id="7" s="C" t="C.ar" l="C"/>
		<a id="8" s="C" t="C.ar" l="C"/>
		<a id="9" s="N" t="N.ar" l="N"/>
		<a id="10" s="C" t="C.ar" l="C"/>
		<a id="11" s="C" t="C.3" l="C"/>
		<a id="12" s="H" t="H" l="H"/>
		<a id="13" s="H" t="H" l="H"/>
		<a id="14" s="H" t="H" l="H"/>
		<a id="15" s="H" t="H" l="H"/>
		<a id="16" s="H" t="H" l="H"/>
		<a id="17" s="H" t="H" l="H"/>
		<a id="18" s="H" t="H" l="H"/>
		<a id="19" s="H" t="H" l="H"/>
		<a id="20" s="H" t="H" l="H"/>
		<a id="21" s="H" t="H" l="H"/>
	</atoms>
	<bonds>
		<b id="1" c="1 2" t="1"/>
		<b id="2" c="2 3" t="2"/>
		<b id="3" c="2 4" t="am"/>
		<b id="4" c="4 5" t="1"/>
		<b id="5" c="5 6" t="ar"/>
		<b id="6" c="6 7" t="ar"/>
		<b id="7" c="7 8" t="ar"/>
		<b id="8" c="8 9" t="ar"/>
		<b id="9" c="9 10" t="ar"/>
		<b id="10" c="5 10" t="ar"/>
		<b id="11" c="8 11" t="1"/>
		<b id="12" c="1 12" t="1"/>
		<b id="13" c="1 13" t="1"/>
		<b id="14" c="1 14" t="1"/>
		<b id="15" c="4 15" t="1"/>
		<b id="16" c="6 16" t="1"/>
		<b id="17" c="7 17" t="1"/>
		<b id="18" c="10 18" t="1"/>
		<b id="19" c="11 19" t="1"/>
		<b id="20" c="11 20" t="1"/>
		<b id="21" c="11 21" t="1"/>
	</bonds>
	<geometry>
		<g u="A" t="cart/3d">#21,3:1.0751,-0.1491,-0.0926;2.5428,-0.0032,0.2116;2.9358,0.8350,1.0155;3.3245,-0.8969,-0.4998;4.7278,-1.0229,-0.4223;5.5095,-0.4311,0.5661;6.8981,-0.5644,0.5300;7.4820,-1.2969,-0.4967;6.7462,-1.9165,-1.4510;5.4005,-1.7713,-1.3850;8.9726,-1.3849,-0.6215;0.5429,0.7397,0.2596;0.6829,-1.0295,0.4224;0.9102,-0.2414,-1.1695;2.8624,-1.4408,-1.2182;5.0712,0.1359,1.3804;7.5037,-0.0863,1.2928;4.8648,-2.2782,-2.1824;9.4769,-0.9618,0.2534;9.3005,-0.8304,-1.5074;9.2795,-2.4286,-0.7204;</g>
	</geometry>
	<conformers/>
	<properties/>
</molecule>
