<?xml version="1.0" ?>
<!--MOLLI PACKAGE EXPERIMENTAL XML FORMAT-->
<molecule name="prELN032036-279">
	<atoms>
		<a id="1" s="Br" t="Br" l="BR"/>
		<a id="2" s="C" t="C.ar" l="C"/>
		<a id="3" s="C" t="C.ar" l="C"/>
		<a id="4" s="C" t="C.ar" l="C"/>
		<a id="5" s="N" t="N.ar" l="N"/>
		<a id="6" s="C" t="C.ar" l="C"/>
		<a id="7" s="N" t="N.ar" l="N"/>
		<a id="8" s="C" t="C.ar" l="C"/>
		<a id="9" s="C" t="C.ar" l="C"/>
		<a id="10" s="C" t="C.ar" l="C"/>
		<a id="11" s="Br" t="Br" l="BR"/>
		<a id="12" s="H" t="H" l="H"/>
		<a id="13" s="H" t="H" l="H"/>
		<a id="14" s="H" t="H" l="H"/>
		<a id="15" s="H" t="H" l="H"/>
	</atoms>
	<bonds>
		<b id="1" c="1 2" t="1"/>
		<b id="2" c="2 3" t="ar"/>
		<b id="3" c="3 4" t="ar"/>
		<b id="4" c="4 5" t="ar"/>
		<b id="5" c="5 6" t="ar"/>
		<b id="6" c="6 7" t="ar"/>
		<b id="7" c="7 8" t="ar"/>
		<b id="8" c="4 8" t="ar"/>
		<b id="9" c="8 9" t="ar"/>
		<b id="10" c="9 10" t="ar"/>
		<b id="11" c="2 10" t="ar"/>
		<b id="12" c="10 11" t="1"/>
		<b id="13" c="3 12" t="1"/>
		<b id="14" c="6 13" t="1"/>
		<b id="15" c="7 14" t="1"/>
		<b id="16" c="9 15" t="1"/>
	</bonds>
	<geometry>
		<g u="A" t="cart/3d">#15,3:1.0084,0.0785,-0.0647;2.9073,-0.0405,-0.0698;3.6110,1.1740,-0.0741;5.0120,1.1409,-0.0799;5.9142,2.1751,-0.0846;7.0966,1.6041,-0.0896;6.9986,0.2413,-0.0887;5.6658,-0.0855,-0.0818;4.9959,-1.3107,-0.0770;3.5919,-1.2653,-0.0701;2.6963,-2.9448,-0.0604;3.1023,2.1319,-0.0731;8.0487,2.1184,-0.0941;7.7721,-0.4078,-0.0922;5.5372,-2.2510,-0.0782;</g>
	</geometry>
	<conformers/>
	<properties/>
</molecule>
