<?xml version="1.0" ?>
<!--MOLLI PACKAGE EXPERIMENTAL XML FORMAT-->
<molecule name="prELN032036-293">
	<atoms>
		<a id="1" s="C" t="C.3" l="C"/>
		<a id="2" s="C" t="C.3" l="C"/>
		<a id="3" s="N" t="N.3" l="N"/>
		<a id="4" s="C" t="C.3" l="C"/>
		<a id="5" s="C" t="C.3" l="C"/>
		<a id="6" s="C" t="C.3" l="C"/>
		<a id="7" s="C" t="C.3" l="C"/>
		<a id="8" s="C" t="C.3" l="C"/>
		<a id="9" s="N" t="N.pl3" l="N"/>
		<a id="10" s="C" t="C.ar" l="C"/>
		<a id="11" s="N" t="N.ar" l="N"/>
		<a id="12" s="N" t="N.ar" l="N"/>
		<a id="13" s="C" t="C.ar" l="C"/>
		<a id="14" s="C" t="C.ar" l="C"/>
		<a id="15" s="N" t="N.ar" l="N"/>
		<a id="16" s="C" t="C.3" l="C"/>
		<a id="17" s="H" t="H" l="H"/>
		<a id="18" s="H" t="H" l="H"/>
		<a id="19" s="H" t="H" l="H"/>
		<a id="20" s="H" t="H" l="H"/>
		<a id="21" s="H" t="H" l="H"/>
		<a id="22" s="H" t="H" l="H"/>
		<a id="23" s="H" t="H" l="H"/>
		<a id="24" s="H" t="H" l="H"/>
		<a id="25" s="H" t="H" l="H"/>
		<a id="26" s="H" t="H" l="H"/>
		<a id="27" s="H" t="H" l="H"/>
		<a id="28" s="H" t="H" l="H"/>
		<a id="29" s="H" t="H" l="H"/>
		<a id="30" s="H" t="H" l="H"/>
		<a id="31" s="H" t="H" l="H"/>
		<a id="32" s="H" t="H" l="H"/>
		<a id="33" s="H" t="H" l="H"/>
		<a id="34" s="H" t="H" l="H"/>
		<a id="35" s="H" t="H" l="H"/>
	</atoms>
	<bonds>
		<b id="1" c="1 2" t="1"/>
		<b id="2" c="2 3" t="1"/>
		<b id="3" c="3 4" t="1"/>
		<b id="4" c="4 5" t="1"/>
		<b id="5" c="5 6" t="1"/>
		<b id="6" c="6 7" t="1"/>
		<b id="7" c="7 8" t="1"/>
		<b id="8" c="3 8" t="1"/>
		<b id="9" c="7 9" t="1"/>
		<b id="10" c="9 10" t="1"/>
		<b id="11" c="10 11" t="ar"/>
		<b id="12" c="11 12" t="ar"/>
		<b id="13" c="12 13" t="ar"/>
		<b id="14" c="13 14" t="ar"/>
		<b id="15" c="14 15" t="ar"/>
		<b id="16" c="10 15" t="ar"/>
		<b id="17" c="14 16" t="1"/>
		<b id="18" c="1 17" t="1"/>
		<b id="19" c="1 18" t="1"/>
		<b id="20" c="1 19" t="1"/>
		<b id="21" c="2 20" t="1"/>
		<b id="22" c="2 21" t="1"/>
		<b id="23" c="4 22" t="1"/>
		<b id="24" c="4 23" t="1"/>
		<b id="25" c="5 24" t="1"/>
		<b id="26" c="5 25" t="1"/>
		<b id="27" c="6 26" t="1"/>
		<b id="28" c="6 27" t="1"/>
		<b id="29" c="7 28" t="1"/>
		<b id="30" c="8 29" t="1"/>
		<b id="31" c="8 30" t="1"/>
		<b id="32" c="9 31" t="1"/>
		<b id="33" c="13 32" t="1"/>
		<b id="34" c="16 33" t="1"/>
		<b id="35" c="16 34" t="1"/>
		<b id="36" c="16 35" t="1"/>
	</bonds>
	<geometry>
		<g u="A" t="cart/3d">#35,3:2.9390,-1.4150,0.2747;2.4419,-0.0166,-0.0785;2.9273,0.4900,-1.3774;2.4270,-0.3183,-2.5003;2.9123,0.2317,-3.8408;2.4667,1.6758,-4.0470;2.9264,2.5609,-2.8806;2.5102,1.9001,-1.5352;2.2946,3.8811,-2.9656;2.9300,4.8577,-3.7196;3.7032,4.5593,-4.7859;4.2926,5.5553,-5.5049;4.0770,6.8250,-5.1272;3.2847,7.1039,-4.0362;2.7106,6.1188,-3.3099;3.0403,8.5146,-3.5990;2.5784,-1.6942,1.2707;4.0329,-1.4533,0.2904;2.5723,-2.1742,-0.4222;2.7934,0.6544,0.7159;1.3450,-0.0056,-0.0420;1.3299,-0.3598,-2.4935;2.7944,-1.3468,-2.4238;2.5240,-0.3930,-4.6531;4.0070,0.1731,-3.8893;1.3726,1.7075,-4.1375;2.8664,2.0433,-4.9988;4.0218,2.6478,-2.8876;1.4198,1.9823,-1.4189;2.9547,2.4943,-0.7254;2.0901,4.3316,-2.0793;4.5525,7.5867,-5.7259;3.4406,9.2369,-4.3185;3.5186,8.6942,-2.6310;1.9655,8.6984,-3.5026;</g>
	</geometry>
	<conformers/>
	<properties/>
</molecule>
