<?xml version="1.0" ?>
<!--MOLLI PACKAGE EXPERIMENTAL XML FORMAT-->
<molecule name="prELN032036-336">
	<atoms>
		<a id="1" s="C" t="C.3" l="C"/>
		<a id="2" s="N" t="N.3" l="N"/>
		<a id="3" s="C" t="C.3" l="C"/>
		<a id="4" s="C" t="C.3" l="C"/>
		<a id="5" s="C" t="C.3" l="C"/>
		<a id="6" s="N" t="N.pl3" l="N"/>
		<a id="7" s="C" t="C.3" l="C"/>
		<a id="8" s="C" t="C.3" l="C"/>
		<a id="9" s="C" t="C.ar" l="C"/>
		<a id="10" s="C" t="C.ar" l="C"/>
		<a id="11" s="C" t="C.ar" l="C"/>
		<a id="12" s="C" t="C.ar" l="C"/>
		<a id="13" s="C" t="C.ar" l="C"/>
		<a id="14" s="C" t="C.ar" l="C"/>
		<a id="15" s="H" t="H" l="H"/>
		<a id="16" s="H" t="H" l="H"/>
		<a id="17" s="H" t="H" l="H"/>
		<a id="18" s="H" t="H" l="H"/>
		<a id="19" s="H" t="H" l="H"/>
		<a id="20" s="H" t="H" l="H"/>
		<a id="21" s="H" t="H" l="H"/>
		<a id="22" s="H" t="H" l="H"/>
		<a id="23" s="H" t="H" l="H"/>
		<a id="24" s="H" t="H" l="H"/>
		<a id="25" s="H" t="H" l="H"/>
		<a id="26" s="H" t="H" l="H"/>
		<a id="27" s="H" t="H" l="H"/>
		<a id="28" s="H" t="H" l="H"/>
		<a id="29" s="H" t="H" l="H"/>
		<a id="30" s="H" t="H" l="H"/>
	</atoms>
	<bonds>
		<b id="1" c="1 2" t="1"/>
		<b id="2" c="2 3" t="1"/>
		<b id="3" c="3 4" t="1"/>
		<b id="4" c="4 5" t="1"/>
		<b id="5" c="5 6" t="1"/>
		<b id="6" c="6 7" t="1"/>
		<b id="7" c="7 8" t="1"/>
		<b id="8" c="1 8" t="1"/>
		<b id="9" c="4 8" t="1"/>
		<b id="10" c="6 9" t="1"/>
		<b id="11" c="9 10" t="ar"/>
		<b id="12" c="10 11" t="ar"/>
		<b id="13" c="11 12" t="ar"/>
		<b id="14" c="12 13" t="ar"/>
		<b id="15" c="13 14" t="ar"/>
		<b id="16" c="9 14" t="ar"/>
		<b id="17" c="1 15" t="1"/>
		<b id="18" c="1 16" t="1"/>
		<b id="19" c="2 17" t="1"/>
		<b id="20" c="3 18" t="1"/>
		<b id="21" c="3 19" t="1"/>
		<b id="22" c="4 20" t="1"/>
		<b id="23" c="5 21" t="1"/>
		<b id="24" c="5 22" t="1"/>
		<b id="25" c="7 23" t="1"/>
		<b id="26" c="7 24" t="1"/>
		<b id="27" c="8 25" t="1"/>
		<b id="28" c="10 26" t="1"/>
		<b id="29" c="11 27" t="1"/>
		<b id="30" c="12 28" t="1"/>
		<b id="31" c="13 29" t="1"/>
		<b id="32" c="14 30" t="1"/>
	</bonds>
	<geometry>
		<g u="A" t="cart/3d">#30,3:1.5734,0.8994,-0.3787;1.9610,-0.1632,0.5569;0.9465,-1.2290,0.4697;-0.0873,-0.7901,-0.5606;-1.5423,-0.9691,-0.1399;-1.8872,0.2688,0.5599;-0.8285,1.2717,0.4286;0.0983,0.7120,-0.6531;-3.1682,0.5831,0.9646;-4.2434,-0.3042,0.7894;-5.5504,0.0260,1.1700;-5.8183,1.2561,1.7567;-4.7735,2.1459,1.9730;-3.4709,1.8055,1.5888;2.1456,0.7679,-1.3042;1.8078,1.8915,0.0190;1.9571,0.2055,1.5086;0.5034,-1.3994,1.4573;1.4225,-2.1650,0.1601;0.1172,-1.2816,-1.5194;-1.6772,-1.8498,0.4965;-2.1632,-1.0785,-1.0376;-0.3229,1.4010,1.3927;-1.2033,2.2486,0.1009;-0.1938,1.0937,-1.6379;-4.0879,-1.2776,0.3357;-6.3567,-0.6840,1.0030;-6.8311,1.5175,2.0474;-4.9647,3.1068,2.4421;-2.6863,2.5276,1.7949;</g>
	</geometry>
	<conformers/>
	<properties/>
</molecule>
