<?xml version="1.0" ?>
<!--MOLLI PACKAGE EXPERIMENTAL XML FORMAT-->
<molecule name="prELN032036-299">
	<atoms>
		<a id="1" s="C" t="C.3" l="C"/>
		<a id="2" s="C" t="C.3" l="C"/>
		<a id="3" s="C" t="C.3" l="C"/>
		<a id="4" s="N" t="N.pl3" l="N"/>
		<a id="5" s="C" t="C.3" l="C"/>
		<a id="6" s="C" t="C.3" l="C"/>
		<a id="7" s="C" t="C.3" l="C"/>
		<a id="8" s="C" t="C.ar" l="C"/>
		<a id="9" s="C" t="C.ar" l="C"/>
		<a id="10" s="C" t="C.ar" l="C"/>
		<a id="11" s="C" t="C.ar" l="C"/>
		<a id="12" s="C" t="C.ar" l="C"/>
		<a id="13" s="N" t="N.ar" l="N"/>
		<a id="14" s="Cl" t="Cl" l="CL"/>
		<a id="15" s="C" t="C.ar" l="C"/>
		<a id="16" s="C" t="C.ar" l="C"/>
		<a id="17" s="C" t="C.ar" l="C"/>
		<a id="18" s="N" t="N.ar" l="N"/>
		<a id="19" s="C" t="C.ar" l="C"/>
		<a id="20" s="N" t="N.ar" l="N"/>
		<a id="21" s="N" t="N.ar" l="N"/>
		<a id="22" s="C" t="C.ar" l="C"/>
		<a id="23" s="C" t="C.ar" l="C"/>
		<a id="24" s="C" t="C.3" l="C"/>
		<a id="25" s="C" t="C.3" l="C"/>
		<a id="26" s="H" t="H" l="H"/>
		<a id="27" s="H" t="H" l="H"/>
		<a id="28" s="H" t="H" l="H"/>
		<a id="29" s="H" t="H" l="H"/>
		<a id="30" s="H" t="H" l="H"/>
		<a id="31" s="H" t="H" l="H"/>
		<a id="32" s="H" t="H" l="H"/>
		<a id="33" s="H" t="H" l="H"/>
		<a id="34" s="H" t="H" l="H"/>
		<a id="35" s="H" t="H" l="H"/>
		<a id="36" s="H" t="H" l="H"/>
		<a id="37" s="H" t="H" l="H"/>
		<a id="38" s="H" t="H" l="H"/>
		<a id="39" s="H" t="H" l="H"/>
		<a id="40" s="H" t="H" l="H"/>
		<a id="41" s="H" t="H" l="H"/>
		<a id="42" s="H" t="H" l="H"/>
		<a id="43" s="H" t="H" l="H"/>
		<a id="44" s="H" t="H" l="H"/>
		<a id="45" s="H" t="H" l="H"/>
		<a id="46" s="H" t="H" l="H"/>
		<a id="47" s="H" t="H" l="H"/>
	</atoms>
	<bonds>
		<b id="1" c="1 2" t="1"/>
		<b id="2" c="2 3" t="1"/>
		<b id="3" c="3 4" t="1"/>
		<b id="4" c="4 5" t="1"/>
		<b id="5" c="5 6" t="1"/>
		<b id="6" c="6 7" t="1"/>
		<b id="7" c="2 7" t="1"/>
		<b id="8" c="7 8" t="1"/>
		<b id="9" c="8 9" t="ar"/>
		<b id="10" c="9 10" t="ar"/>
		<b id="11" c="10 11" t="ar"/>
		<b id="12" c="11 12" t="ar"/>
		<b id="13" c="12 13" t="ar"/>
		<b id="14" c="8 13" t="ar"/>
		<b id="15" c="11 14" t="1"/>
		<b id="16" c="4 15" t="1"/>
		<b id="17" c="15 16" t="ar"/>
		<b id="18" c="16 17" t="ar"/>
		<b id="19" c="17 18" t="ar"/>
		<b id="20" c="18 19" t="ar"/>
		<b id="21" c="19 20" t="ar"/>
		<b id="22" c="20 21" t="ar"/>
		<b id="23" c="21 22" t="ar"/>
		<b id="24" c="22 23" t="ar"/>
		<b id="25" c="15 23" t="ar"/>
		<b id="26" c="19 23" t="ar"/>
		<b id="27" c="20 24" t="1"/>
		<b id="28" c="17 25" t="1"/>
		<b id="29" c="1 26" t="1"/>
		<b id="30" c="1 27" t="1"/>
		<b id="31" c="1 28" t="1"/>
		<b id="32" c="2 29" t="1"/>
		<b id="33" c="3 30" t="1"/>
		<b id="34" c="3 31" t="1"/>
		<b id="35" c="5 32" t="1"/>
		<b id="36" c="5 33" t="1"/>
		<b id="37" c="6 34" t="1"/>
		<b id="38" c="6 35" t="1"/>
		<b id="39" c="7 36" t="1"/>
		<b id="40" c="9 37" t="1"/>
		<b id="41" c="10 38" t="1"/>
		<b id="42" c="12 39" t="1"/>
		<b id="43" c="16 40" t="1"/>
		<b id="44" c="22 41" t="1"/>
		<b id="45" c="24 42" t="1"/>
		<b id="46" c="24 43" t="1"/>
		<b id="47" c="24 44" t="1"/>
		<b id="48" c="25 45" t="1"/>
		<b id="49" c="25 46" t="1"/>
		<b id="50" c="25 47" t="1"/>
	</bonds>
	<geometry>
		<g u="A" t="cart/3d">#47,3:-2.5096,0.1075,0.1038;-1.0427,0.0309,-0.3363;-0.2846,1.2529,0.2077;1.1260,1.1552,-0.1676;1.8327,-0.0222,0.3259;1.1515,-1.2750,-0.2108;-0.3525,-1.2768,0.1262;-1.0188,-2.5174,-0.4390;-1.0310,-2.7842,-1.8097;-1.6730,-3.9327,-2.2740;-2.2905,-4.7760,-1.3634;-2.2397,-4.4419,-0.0205;-1.6184,-3.3365,0.4602;-3.0996,-6.1939,-1.8938;1.7450,2.1252,-0.9414;1.3827,3.4829,-0.8282;1.9766,4.4796,-1.6044;2.9393,4.2507,-2.5228;3.2856,2.9497,-2.6188;4.2104,2.4135,-3.4725;4.3490,1.0754,-3.3618;3.4560,0.7619,-2.4198;2.7649,1.8821,-1.8946;4.9944,3.1136,-4.4591;1.5458,5.9097,-1.4363;-2.9623,1.0485,-0.2279;-2.6004,0.0563,1.1940;-3.1022,-0.7056,-0.3265;-1.0204,0.0811,-1.4339;-0.3624,1.3042,1.3011;-0.7675,2.1530,-0.1883;1.8014,-0.0227,1.4220;2.8953,-0.0279,0.0670;1.6341,-2.1646,0.2128;1.2998,-1.3245,-1.2963;-0.4369,-1.3280,1.2219;-0.5526,-2.1131,-2.5165;-1.6860,-4.1529,-3.3379;-2.7092,-5.0667,0.7335;0.6378,3.7793,-0.0963;3.3484,-0.2777,-2.1533;4.7614,4.1815,-4.4395;4.7510,2.6994,-5.4409;6.0527,2.9590,-4.2341;0.7966,6.0158,-0.6434;1.1064,6.2752,-2.3680;2.4053,6.5323,-1.1729;</g>
	</geometry>
	<conformers/>
	<properties/>
</molecule>
