<?xml version="1.0" ?>
<!--MOLLI PACKAGE EXPERIMENTAL XML FORMAT-->
<molecule name="prELN032036-309">
	<atoms>
		<a id="1" s="C" t="C.3" l="C"/>
		<a id="2" s="O" t="O.3" l="O"/>
		<a id="3" s="C" t="C.ar" l="C"/>
		<a id="4" s="C" t="C.ar" l="C"/>
		<a id="5" s="C" t="C.ar" l="C"/>
		<a id="6" s="C" t="C.ar" l="C"/>
		<a id="7" s="C" t="C.ar" l="C"/>
		<a id="8" s="C" t="C.ar" l="C"/>
		<a id="9" s="C" t="C.3" l="C"/>
		<a id="10" s="C" t="C.ar" l="C"/>
		<a id="11" s="C" t="C.ar" l="C"/>
		<a id="12" s="N" t="N.ar" l="N"/>
		<a id="13" s="C" t="C.ar" l="C"/>
		<a id="14" s="N" t="N.ar" l="N"/>
		<a id="15" s="C" t="C.ar" l="C"/>
		<a id="16" s="O" t="O.3" l="O"/>
		<a id="17" s="S" t="S.O2" l="S"/>
		<a id="18" s="O" t="O.2" l="O"/>
		<a id="19" s="O" t="O.2" l="O"/>
		<a id="20" s="C" t="C.ar" l="C"/>
		<a id="21" s="C" t="C.ar" l="C"/>
		<a id="22" s="C" t="C.ar" l="C"/>
		<a id="23" s="C" t="C.ar" l="C"/>
		<a id="24" s="C" t="C.ar" l="C"/>
		<a id="25" s="C" t="C.ar" l="C"/>
		<a id="26" s="C" t="C.3" l="C"/>
		<a id="27" s="N" t="N.pl3" l="N"/>
		<a id="28" s="C" t="C.3" l="C"/>
		<a id="29" s="C" t="C.3" l="C"/>
		<a id="30" s="N" t="N.3" l="N"/>
		<a id="31" s="C" t="C.3" l="C"/>
		<a id="32" s="C" t="C.3" l="C"/>
		<a id="33" s="N" t="N.am" l="N"/>
		<a id="34" s="C" t="C.3" l="C"/>
		<a id="35" s="C" t="C.3" l="C"/>
		<a id="36" s="C" t="C.2" l="C"/>
		<a id="37" s="O" t="O.2" l="O"/>
		<a id="38" s="O" t="O.3" l="O"/>
		<a id="39" s="C" t="C.3" l="C"/>
		<a id="40" s="C" t="C.3" l="C"/>
		<a id="41" s="C" t="C.3" l="C"/>
		<a id="42" s="C" t="C.3" l="C"/>
		<a id="43" s="H" t="H" l="H"/>
		<a id="44" s="H" t="H" l="H"/>
		<a id="45" s="H" t="H" l="H"/>
		<a id="46" s="H" t="H" l="H"/>
		<a id="47" s="H" t="H" l="H"/>
		<a id="48" s="H" t="H" l="H"/>
		<a id="49" s="H" t="H" l="H"/>
		<a id="50" s="H" t="H" l="H"/>
		<a id="51" s="H" t="H" l="H"/>
		<a id="52" s="H" t="H" l="H"/>
		<a id="53" s="H" t="H" l="H"/>
		<a id="54" s="H" t="H" l="H"/>
		<a id="55" s="H" t="H" l="H"/>
		<a id="56" s="H" t="H" l="H"/>
		<a id="57" s="H" t="H" l="H"/>
		<a id="58" s="H" t="H" l="H"/>
		<a id="59" s="H" t="H" l="H"/>
		<a id="60" s="H" t="H" l="H"/>
		<a id="61" s="H" t="H" l="H"/>
		<a id="62" s="H" t="H" l="H"/>
		<a id="63" s="H" t="H" l="H"/>
		<a id="64" s="H" t="H" l="H"/>
		<a id="65" s="H" t="H" l="H"/>
		<a id="66" s="H" t="H" l="H"/>
		<a id="67" s="H" t="H" l="H"/>
		<a id="68" s="H" t="H" l="H"/>
		<a id="69" s="H" t="H" l="H"/>
		<a id="70" s="H" t="H" l="H"/>
		<a id="71" s="H" t="H" l="H"/>
		<a id="72" s="H" t="H" l="H"/>
		<a id="73" s="H" t="H" l="H"/>
		<a id="74" s="H" t="H" l="H"/>
		<a id="75" s="H" t="H" l="H"/>
		<a id="76" s="H" t="H" l="H"/>
		<a id="77" s="H" t="H" l="H"/>
		<a id="78" s="H" t="H" l="H"/>
		<a id="79" s="H" t="H" l="H"/>
		<a id="80" s="H" t="H" l="H"/>
		<a id="81" s="H" t="H" l="H"/>
	</atoms>
	<bonds>
		<b id="1" c="1 2" t="1"/>
		<b id="2" c="2 3" t="1"/>
		<b id="3" c="3 4" t="ar"/>
		<b id="4" c="4 5" t="ar"/>
		<b id="5" c="5 6" t="ar"/>
		<b id="6" c="6 7" t="ar"/>
		<b id="7" c="7 8" t="ar"/>
		<b id="8" c="3 8" t="ar"/>
		<b id="9" c="8 9" t="1"/>
		<b id="10" c="9 10" t="1"/>
		<b id="11" c="10 11" t="ar"/>
		<b id="12" c="11 12" t="ar"/>
		<b id="13" c="12 13" t="ar"/>
		<b id="14" c="13 14" t="ar"/>
		<b id="15" c="14 15" t="ar"/>
		<b id="16" c="10 15" t="ar"/>
		<b id="17" c="15 16" t="1"/>
		<b id="18" c="16 17" t="1"/>
		<b id="19" c="17 18" t="2"/>
		<b id="20" c="17 19" t="2"/>
		<b id="21" c="17 20" t="1"/>
		<b id="22" c="20 21" t="ar"/>
		<b id="23" c="21 22" t="ar"/>
		<b id="24" c="22 23" t="ar"/>
		<b id="25" c="23 24" t="ar"/>
		<b id="26" c="24 25" t="ar"/>
		<b id="27" c="20 25" t="ar"/>
		<b id="28" c="23 26" t="1"/>
		<b id="29" c="13 27" t="1"/>
		<b id="30" c="11 28" t="1"/>
		<b id="31" c="5 29" t="1"/>
		<b id="32" c="29 30" t="1"/>
		<b id="33" c="30 31" t="1"/>
		<b id="34" c="31 32" t="1"/>
		<b id="35" c="32 33" t="1"/>
		<b id="36" c="33 34" t="1"/>
		<b id="37" c="34 35" t="1"/>
		<b id="38" c="30 35" t="1"/>
		<b id="39" c="33 36" t="am"/>
		<b id="40" c="36 37" t="2"/>
		<b id="41" c="36 38" t="1"/>
		<b id="42" c="38 39" t="1"/>
		<b id="43" c="39 40" t="1"/>
		<b id="44" c="39 41" t="1"/>
		<b id="45" c="39 42" t="1"/>
		<b id="46" c="1 43" t="1"/>
		<b id="47" c="1 44" t="1"/>
		<b id="48" c="1 45" t="1"/>
		<b id="49" c="4 46" t="1"/>
		<b id="50" c="6 47" t="1"/>
		<b id="51" c="7 48" t="1"/>
		<b id="52" c="9 49" t="1"/>
		<b id="53" c="9 50" t="1"/>
		<b id="54" c="21 51" t="1"/>
		<b id="55" c="22 52" t="1"/>
		<b id="56" c="24 53" t="1"/>
		<b id="57" c="25 54" t="1"/>
		<b id="58" c="26 55" t="1"/>
		<b id="59" c="26 56" t="1"/>
		<b id="60" c="26 57" t="1"/>
		<b id="61" c="27 58" t="1"/>
		<b id="62" c="27 59" t="1"/>
		<b id="63" c="28 60" t="1"/>
		<b id="64" c="28 61" t="1"/>
		<b id="65" c="28 62" t="1"/>
		<b id="66" c="29 63" t="1"/>
		<b id="67" c="29 64" t="1"/>
		<b id="68" c="31 65" t="1"/>
		<b id="69" c="31 66" t="1"/>
		<b id="70" c="32 67" t="1"/>
		<b id="71" c="32 68" t="1"/>
		<b id="72" c="34 69" t="1"/>
		<b id="73" c="34 70" t="1"/>
		<b id="74" c="35 71" t="1"/>
		<b id="75" c="35 72" t="1"/>
		<b id="76" c="40 73" t="1"/>
		<b id="77" c="40 74" t="1"/>
		<b id="78" c="40 75" t="1"/>
		<b id="79" c="41 76" t="1"/>
		<b id="80" c="41 77" t="1"/>
		<b id="81" c="41 78" t="1"/>
		<b id="82" c="42 79" t="1"/>
		<b id="83" c="42 80" t="1"/>
		<b id="84" c="42 81" t="1"/>
	</bonds>
	<geometry>
		<g u="A" t="cart/3d">#81,3:2.1111,-0.1663,1.4195;2.6775,-0.0561,0.1254;3.3660,-1.0592,-0.4915;3.3505,-0.8876,-1.8943;3.9588,-1.7923,-2.7797;4.7188,-2.8222,-2.2276;4.7727,-2.9902,-0.8370;4.0760,-2.1381,0.0547;4.2883,-2.3870,1.5273;3.4866,-3.4123,2.3056;3.7447,-3.5308,3.6819;3.2279,-4.5104,4.4539;2.4161,-5.3790,3.8760;2.0490,-5.3118,2.6063;2.5497,-4.3251,1.8374;2.0839,-4.2979,0.5374;0.7656,-5.2199,0.1841;1.1523,-6.6215,0.1635;-0.3772,-4.7445,0.9450;0.3439,-4.8407,-1.5079;-0.3993,-5.7700,-2.2488;-0.7726,-5.4672,-3.5612;-0.3920,-4.2471,-4.1354;0.3458,-3.3312,-3.3732;0.7199,-3.6238,-2.0642;-0.7701,-3.8872,-5.5464;2.0389,-6.4913,4.5974;4.7089,-2.6523,4.4306;3.5805,-1.7925,-4.2509;4.4952,-1.2029,-5.2434;4.6204,0.2677,-5.1503;3.3132,1.0599,-5.3879;2.5792,0.6481,-6.5854;2.6470,-0.7667,-6.9721;3.9751,-1.4812,-6.6132;1.4997,1.3884,-7.0788;0.7581,0.9661,-7.9488;1.3569,2.6152,-6.4835;0.3072,3.5362,-6.9112;-1.0969,2.9663,-6.6905;0.4390,4.7897,-6.0254;0.5077,3.9789,-8.3667;2.6091,0.5538,2.0770;2.1343,-1.1589,1.8608;1.0560,0.1177,1.3568;2.7855,-0.0490,-2.2982;5.2342,-3.5333,-2.8707;5.3763,-3.8090,-0.4430;4.2427,-1.4160,2.0292;5.3416,-2.6862,1.6429;-0.7214,-6.7084,-1.8023;-1.3663,-6.1828,-4.1306;0.6161,-2.3705,-3.7989;1.2760,-2.8957,-1.4846;-1.3146,-4.6979,-6.0393;0.1320,-3.6833,-6.1324;-1.4065,-2.9968,-5.5492;2.7456,-6.6767,5.2958;1.8424,-7.2423,3.9473;4.8113,-1.6531,4.0048;5.6899,-3.1347,4.4562;4.3627,-2.5125,5.4612;2.5824,-1.3515,-4.3304;3.4395,-2.8517,-4.5100;5.3468,0.5820,-5.9160;5.0743,0.5530,-4.1957;3.5481,2.1269,-5.4657;2.6369,0.9378,-4.5366;2.4749,-0.8492,-8.0527;1.8082,-1.2744,-6.4817;4.7424,-1.1786,-7.3389;3.8588,-2.5635,-6.7595;-1.2439,2.6566,-5.6504;-1.2930,2.0852,-7.3099;-1.8726,3.7059,-6.9379;0.2965,4.5461,-4.9666;-0.2988,5.5539,-6.3004;1.4367,5.2328,-6.1158;0.4771,3.1396,-9.0658;1.4839,4.4602,-8.4923;-0.2661,4.6928,-8.6722;</g>
	</geometry>
	<conformers/>
	<properties/>
</molecule>
