<?xml version="1.0" ?>
<!--MOLLI PACKAGE EXPERIMENTAL XML FORMAT-->
<molecule name="prELN032036-015">
	<atoms>
		<a id="1" s="C" t="C.3" l="C"/>
		<a id="2" s="C" t="C.3" l="C"/>
		<a id="3" s="N" t="N.3" l="N"/>
		<a id="4" s="C" t="C.3" l="C"/>
		<a id="5" s="C" t="C.3" l="C"/>
		<a id="6" s="N" t="N.3" l="N"/>
		<a id="7" s="H" t="H" l="H"/>
		<a id="8" s="H" t="H" l="H"/>
		<a id="9" s="H" t="H" l="H"/>
		<a id="10" s="H" t="H" l="H"/>
		<a id="11" s="H" t="H" l="H"/>
		<a id="12" s="H" t="H" l="H"/>
		<a id="13" s="H" t="H" l="H"/>
		<a id="14" s="H" t="H" l="H"/>
		<a id="15" s="H" t="H" l="H"/>
		<a id="16" s="H" t="H" l="H"/>
	</atoms>
	<bonds>
		<b id="1" c="1 2" t="1"/>
		<b id="2" c="2 3" t="1"/>
		<b id="3" c="3 4" t="1"/>
		<b id="4" c="4 5" t="1"/>
		<b id="5" c="5 6" t="1"/>
		<b id="6" c="1 6" t="1"/>
		<b id="7" c="1 7" t="1"/>
		<b id="8" c="1 8" t="1"/>
		<b id="9" c="2 9" t="1"/>
		<b id="10" c="2 10" t="1"/>
		<b id="11" c="3 11" t="1"/>
		<b id="12" c="4 12" t="1"/>
		<b id="13" c="4 13" t="1"/>
		<b id="14" c="5 14" t="1"/>
		<b id="15" c="5 15" t="1"/>
		<b id="16" c="6 16" t="1"/>
	</bonds>
	<geometry>
		<g u="A" t="cart/3d">#16,3:0.6706,-1.2382,0.2461;-0.7912,-1.1631,-0.2455;-1.4765,0.0714,0.1824;-0.6766,1.2300,-0.2579;0.7866,1.1699,0.2327;1.4665,-0.0718,-0.1602;1.1390,-2.1435,-0.1548;0.6854,-1.3246,1.3398;-1.3474,-2.0240,0.1417;-0.8224,-1.2341,-1.3400;-1.5034,0.0779,1.2014;-1.1473,2.1442,0.1204;-0.7014,1.2924,-1.3528;0.8112,1.2675,1.3254;1.3391,2.0215,-0.1787;2.3864,-0.1138,0.2760;</g>
	</geometry>
	<conformers/>
	<properties/>
</molecule>
