<?xml version="1.0" ?>
<!--MOLLI PACKAGE EXPERIMENTAL XML FORMAT-->
<molecule name="prELN032036-316">
	<atoms>
		<a id="1" s="C" t="C.3" l="C"/>
		<a id="2" s="O" t="O.3" l="O"/>
		<a id="3" s="C" t="C.ar" l="C"/>
		<a id="4" s="C" t="C.ar" l="C"/>
		<a id="5" s="C" t="C.ar" l="C"/>
		<a id="6" s="C" t="C.ar" l="C"/>
		<a id="7" s="C" t="C.ar" l="C"/>
		<a id="8" s="C" t="C.ar" l="C"/>
		<a id="9" s="C" t="C.3" l="C"/>
		<a id="10" s="C" t="C.ar" l="C"/>
		<a id="11" s="C" t="C.ar" l="C"/>
		<a id="12" s="N" t="N.ar" l="N"/>
		<a id="13" s="C" t="C.ar" l="C"/>
		<a id="14" s="N" t="N.ar" l="N"/>
		<a id="15" s="C" t="C.ar" l="C"/>
		<a id="16" s="Cl" t="Cl" l="CL"/>
		<a id="17" s="N" t="N.am" l="N"/>
		<a id="18" s="C" t="C.2" l="C"/>
		<a id="19" s="O" t="O.2" l="O"/>
		<a id="20" s="C" t="C.3" l="C"/>
		<a id="21" s="C" t="C.3" l="C"/>
		<a id="22" s="C" t="C.3" l="C"/>
		<a id="23" s="N" t="N.3" l="N"/>
		<a id="24" s="C" t="C.3" l="C"/>
		<a id="25" s="C" t="C.3" l="C"/>
		<a id="26" s="N" t="N.am" l="N"/>
		<a id="27" s="C" t="C.3" l="C"/>
		<a id="28" s="C" t="C.3" l="C"/>
		<a id="29" s="C" t="C.2" l="C"/>
		<a id="30" s="O" t="O.2" l="O"/>
		<a id="31" s="O" t="O.3" l="O"/>
		<a id="32" s="C" t="C.3" l="C"/>
		<a id="33" s="C" t="C.3" l="C"/>
		<a id="34" s="C" t="C.3" l="C"/>
		<a id="35" s="C" t="C.3" l="C"/>
		<a id="36" s="H" t="H" l="H"/>
		<a id="37" s="H" t="H" l="H"/>
		<a id="38" s="H" t="H" l="H"/>
		<a id="39" s="H" t="H" l="H"/>
		<a id="40" s="H" t="H" l="H"/>
		<a id="41" s="H" t="H" l="H"/>
		<a id="42" s="H" t="H" l="H"/>
		<a id="43" s="H" t="H" l="H"/>
		<a id="44" s="H" t="H" l="H"/>
		<a id="45" s="H" t="H" l="H"/>
		<a id="46" s="H" t="H" l="H"/>
		<a id="47" s="H" t="H" l="H"/>
		<a id="48" s="H" t="H" l="H"/>
		<a id="49" s="H" t="H" l="H"/>
		<a id="50" s="H" t="H" l="H"/>
		<a id="51" s="H" t="H" l="H"/>
		<a id="52" s="H" t="H" l="H"/>
		<a id="53" s="H" t="H" l="H"/>
		<a id="54" s="H" t="H" l="H"/>
		<a id="55" s="H" t="H" l="H"/>
		<a id="56" s="H" t="H" l="H"/>
		<a id="57" s="H" t="H" l="H"/>
		<a id="58" s="H" t="H" l="H"/>
		<a id="59" s="H" t="H" l="H"/>
		<a id="60" s="H" t="H" l="H"/>
		<a id="61" s="H" t="H" l="H"/>
		<a id="62" s="H" t="H" l="H"/>
		<a id="63" s="H" t="H" l="H"/>
		<a id="64" s="H" t="H" l="H"/>
		<a id="65" s="H" t="H" l="H"/>
		<a id="66" s="H" t="H" l="H"/>
		<a id="67" s="H" t="H" l="H"/>
		<a id="68" s="H" t="H" l="H"/>
		<a id="69" s="H" t="H" l="H"/>
	</atoms>
	<bonds>
		<b id="1" c="1 2" t="1"/>
		<b id="2" c="2 3" t="1"/>
		<b id="3" c="3 4" t="ar"/>
		<b id="4" c="4 5" t="ar"/>
		<b id="5" c="5 6" t="ar"/>
		<b id="6" c="6 7" t="ar"/>
		<b id="7" c="7 8" t="ar"/>
		<b id="8" c="3 8" t="ar"/>
		<b id="9" c="8 9" t="1"/>
		<b id="10" c="9 10" t="1"/>
		<b id="11" c="10 11" t="ar"/>
		<b id="12" c="11 12" t="ar"/>
		<b id="13" c="12 13" t="ar"/>
		<b id="14" c="13 14" t="ar"/>
		<b id="15" c="14 15" t="ar"/>
		<b id="16" c="10 15" t="ar"/>
		<b id="17" c="15 16" t="1"/>
		<b id="18" c="13 17" t="1"/>
		<b id="19" c="17 18" t="am"/>
		<b id="20" c="18 19" t="2"/>
		<b id="21" c="18 20" t="1"/>
		<b id="22" c="11 21" t="1"/>
		<b id="23" c="5 22" t="1"/>
		<b id="24" c="22 23" t="1"/>
		<b id="25" c="23 24" t="1"/>
		<b id="26" c="24 25" t="1"/>
		<b id="27" c="25 26" t="1"/>
		<b id="28" c="26 27" t="1"/>
		<b id="29" c="27 28" t="1"/>
		<b id="30" c="23 28" t="1"/>
		<b id="31" c="26 29" t="am"/>
		<b id="32" c="29 30" t="2"/>
		<b id="33" c="29 31" t="1"/>
		<b id="34" c="31 32" t="1"/>
		<b id="35" c="32 33" t="1"/>
		<b id="36" c="32 34" t="1"/>
		<b id="37" c="32 35" t="1"/>
		<b id="38" c="1 36" t="1"/>
		<b id="39" c="1 37" t="1"/>
		<b id="40" c="1 38" t="1"/>
		<b id="41" c="4 39" t="1"/>
		<b id="42" c="6 40" t="1"/>
		<b id="43" c="7 41" t="1"/>
		<b id="44" c="9 42" t="1"/>
		<b id="45" c="9 43" t="1"/>
		<b id="46" c="17 44" t="1"/>
		<b id="47" c="20 45" t="1"/>
		<b id="48" c="20 46" t="1"/>
		<b id="49" c="20 47" t="1"/>
		<b id="50" c="21 48" t="1"/>
		<b id="51" c="21 49" t="1"/>
		<b id="52" c="21 50" t="1"/>
		<b id="53" c="22 51" t="1"/>
		<b id="54" c="22 52" t="1"/>
		<b id="55" c="24 53" t="1"/>
		<b id="56" c="24 54" t="1"/>
		<b id="57" c="25 55" t="1"/>
		<b id="58" c="25 56" t="1"/>
		<b id="59" c="27 57" t="1"/>
		<b id="60" c="27 58" t="1"/>
		<b id="61" c="28 59" t="1"/>
		<b id="62" c="28 60" t="1"/>
		<b id="63" c="33 61" t="1"/>
		<b id="64" c="33 62" t="1"/>
		<b id="65" c="33 63" t="1"/>
		<b id="66" c="34 64" t="1"/>
		<b id="67" c="34 65" t="1"/>
		<b id="68" c="34 66" t="1"/>
		<b id="69" c="35 67" t="1"/>
		<b id="70" c="35 68" t="1"/>
		<b id="71" c="35 69" t="1"/>
	</bonds>
	<geometry>
		<g u="A" t="cart/3d">#69,3:1.4805,-0.1317,0.1317;2.7562,-0.0531,-0.4857;3.4017,1.1418,-0.5719;3.0320,2.2683,0.1756;3.6359,3.5167,-0.0120;4.7081,3.5840,-0.9075;5.1289,2.4399,-1.6226;4.4703,1.2014,-1.4867;4.7767,0.0275,-2.4266;5.7938,-1.0324,-2.0634;7.1143,-1.0132,-2.5089;7.9625,-2.0614,-2.3453;7.5373,-3.1554,-1.7233;6.3251,-3.2609,-1.1983;5.4914,-2.2204,-1.4093;3.9020,-2.6807,-0.9310;8.2995,-4.3145,-1.6338;9.4559,-4.5685,-2.3272;10.0233,-3.8180,-3.1140;10.0114,-5.9513,-2.0760;7.7081,0.0666,-3.3628;3.1710,4.6834,0.8368;2.0390,5.5022,0.4051;0.7689,4.8755,0.0318;0.5668,4.5870,-1.4776;1.0090,5.6795,-2.3448;2.2257,6.3826,-1.9403;2.3382,6.6520,-0.4392;0.7470,5.7042,-3.7128;1.4018,6.4112,-4.4695;-0.2709,4.8870,-4.1329;-0.5568,4.8441,-5.5681;0.6265,4.2301,-6.3365;-1.7673,3.9144,-5.7868;-0.9664,6.2239,-6.1169;1.5861,-0.5936,1.1173;0.8608,-0.7830,-0.4906;0.9487,0.8191,0.2119;2.2612,2.1972,0.9359;5.2417,4.5224,-1.0530;5.9550,2.5515,-2.3216;5.0355,0.4524,-3.4035;3.8278,-0.4739,-2.6656;7.8385,-5.0495,-1.1200;9.4421,-6.4984,-1.3198;11.0462,-5.8627,-1.7329;9.9854,-6.5220,-3.0094;7.1072,0.9713,-3.4194;7.8486,-0.3126,-4.3829;8.6896,0.3516,-2.9659;4.0347,5.3248,1.0597;2.9049,4.2774,1.8229;-0.0191,5.5852,0.3256;0.5686,3.9788,0.6279;-0.4951,4.3940,-1.6713;1.1218,3.6907,-1.7711;2.2662,7.3488,-2.4613;3.0792,5.7902,-2.2874;1.6161,7.4399,-0.1813;3.3203,7.0801,-0.2066;0.7507,3.1743,-6.0666;1.5812,4.7103,-6.1103;0.4727,4.2864,-7.4194;-1.5834,2.9118,-5.3878;-1.9974,3.8180,-6.8565;-2.6621,4.2981,-5.2850;-0.2061,6.9943,-5.9771;-1.8663,6.5868,-5.6063;-1.1797,6.1760,-7.1908;</g>
	</geometry>
	<conformers/>
	<properties/>
</molecule>
