<?xml version="1.0" ?>
<!--MOLLI PACKAGE EXPERIMENTAL XML FORMAT-->
<molecule name="prELN032036-320">
	<atoms>
		<a id="1" s="C" t="C.3" l="C"/>
		<a id="2" s="C" t="C.ar" l="C"/>
		<a id="3" s="N" t="N.ar" l="N"/>
		<a id="4" s="C" t="C.ar" l="C"/>
		<a id="5" s="C" t="C.ar" l="C"/>
		<a id="6" s="N" t="N.ar" l="N"/>
		<a id="7" s="C" t="C.3" l="C"/>
		<a id="8" s="O" t="O.3" l="O"/>
		<a id="9" s="C" t="C.3" l="C"/>
		<a id="10" s="C" t="C.3" l="C"/>
		<a id="11" s="Si" t="Si" l="SI"/>
		<a id="12" s="C" t="C.3" l="C"/>
		<a id="13" s="C" t="C.3" l="C"/>
		<a id="14" s="C" t="C.3" l="C"/>
		<a id="15" s="Br" t="Br" l="BR"/>
		<a id="16" s="H" t="H" l="H"/>
		<a id="17" s="H" t="H" l="H"/>
		<a id="18" s="H" t="H" l="H"/>
		<a id="19" s="H" t="H" l="H"/>
		<a id="20" s="H" t="H" l="H"/>
		<a id="21" s="H" t="H" l="H"/>
		<a id="22" s="H" t="H" l="H"/>
		<a id="23" s="H" t="H" l="H"/>
		<a id="24" s="H" t="H" l="H"/>
		<a id="25" s="H" t="H" l="H"/>
		<a id="26" s="H" t="H" l="H"/>
		<a id="27" s="H" t="H" l="H"/>
		<a id="28" s="H" t="H" l="H"/>
		<a id="29" s="H" t="H" l="H"/>
		<a id="30" s="H" t="H" l="H"/>
		<a id="31" s="H" t="H" l="H"/>
		<a id="32" s="H" t="H" l="H"/>
		<a id="33" s="H" t="H" l="H"/>
		<a id="34" s="H" t="H" l="H"/>
	</atoms>
	<bonds>
		<b id="1" c="1 2" t="1"/>
		<b id="2" c="2 3" t="ar"/>
		<b id="3" c="3 4" t="ar"/>
		<b id="4" c="4 5" t="ar"/>
		<b id="5" c="5 6" t="ar"/>
		<b id="6" c="2 6" t="ar"/>
		<b id="7" c="6 7" t="1"/>
		<b id="8" c="7 8" t="1"/>
		<b id="9" c="8 9" t="1"/>
		<b id="10" c="9 10" t="1"/>
		<b id="11" c="10 11" t="1"/>
		<b id="12" c="11 12" t="1"/>
		<b id="13" c="11 13" t="1"/>
		<b id="14" c="11 14" t="1"/>
		<b id="15" c="4 15" t="1"/>
		<b id="16" c="1 16" t="1"/>
		<b id="17" c="1 17" t="1"/>
		<b id="18" c="1 18" t="1"/>
		<b id="19" c="5 19" t="1"/>
		<b id="20" c="7 20" t="1"/>
		<b id="21" c="7 21" t="1"/>
		<b id="22" c="9 22" t="1"/>
		<b id="23" c="9 23" t="1"/>
		<b id="24" c="10 24" t="1"/>
		<b id="25" c="10 25" t="1"/>
		<b id="26" c="12 26" t="1"/>
		<b id="27" c="12 27" t="1"/>
		<b id="28" c="12 28" t="1"/>
		<b id="29" c="13 29" t="1"/>
		<b id="30" c="13 30" t="1"/>
		<b id="31" c="13 31" t="1"/>
		<b id="32" c="14 32" t="1"/>
		<b id="33" c="14 33" t="1"/>
		<b id="34" c="14 34" t="1"/>
	</bonds>
	<geometry>
		<g u="A" t="cart/3d">#34,3:1.4203,-0.0269,-1.2865;2.7381,0.0658,-0.6075;3.4305,1.1731,-0.4261;4.5574,0.7968,0.2519;4.5587,-0.5517,0.5008;3.3999,-1.0143,-0.0631;2.9045,-2.3790,-0.0211;3.9994,-3.2944,-0.0254;3.5201,-4.6366,-0.0191;4.7070,-5.5925,-0.0193;4.2050,-7.4285,0.0054;5.7339,-8.5050,-0.0104;3.2065,-7.7550,1.5611;3.1507,-7.7901,-1.5044;5.8956,2.0107,0.7715;1.0909,0.9603,-1.6230;0.6615,-0.4231,-0.6041;1.4803,-0.6787,-2.1635;5.2594,-1.2014,1.0051;2.2816,-2.5490,-0.9044;2.3164,-2.4814,0.8973;2.8991,-4.7980,-0.9089;2.9000,-4.7903,0.8721;5.3444,-5.3869,0.8486;5.3304,-5.4053,-0.9016;6.3617,-8.3006,0.8619;6.3288,-8.3217,-0.9100;5.4607,-9.5644,0.0072;3.7984,-7.5297,2.4523;2.8953,-8.8029,1.6093;2.3071,-7.1321,1.5816;3.7110,-7.5906,-2.4229;2.2532,-7.1643,-1.5096;2.8346,-8.8371,-1.5148;</g>
	</geometry>
	<conformers/>
	<properties/>
</molecule>
