<?xml version="1.0" ?>
<!--MOLLI PACKAGE EXPERIMENTAL XML FORMAT-->
<molecule name="prELN032036-324">
	<atoms>
		<a id="1" s="C" t="C.3" l="C"/>
		<a id="2" s="C" t="C.3" l="C"/>
		<a id="3" s="C" t="C.3" l="C"/>
		<a id="4" s="C" t="C.3" l="C"/>
		<a id="5" s="C" t="C.ar" l="C"/>
		<a id="6" s="N" t="N.ar" l="N"/>
		<a id="7" s="N" t="N.ar" l="N"/>
		<a id="8" s="C" t="C.ar" l="C"/>
		<a id="9" s="O" t="O.2" l="O"/>
		<a id="10" s="Br" t="Br" l="BR"/>
		<a id="11" s="H" t="H" l="H"/>
		<a id="12" s="H" t="H" l="H"/>
		<a id="13" s="H" t="H" l="H"/>
		<a id="14" s="H" t="H" l="H"/>
		<a id="15" s="H" t="H" l="H"/>
		<a id="16" s="H" t="H" l="H"/>
		<a id="17" s="H" t="H" l="H"/>
		<a id="18" s="H" t="H" l="H"/>
		<a id="19" s="H" t="H" l="H"/>
	</atoms>
	<bonds>
		<b id="1" c="1 2" t="1"/>
		<b id="2" c="2 3" t="1"/>
		<b id="3" c="2 4" t="1"/>
		<b id="4" c="2 5" t="1"/>
		<b id="5" c="5 6" t="ar"/>
		<b id="6" c="6 7" t="ar"/>
		<b id="7" c="7 8" t="ar"/>
		<b id="8" c="8 9" t="ar"/>
		<b id="9" c="5 9" t="ar"/>
		<b id="10" c="8 10" t="1"/>
		<b id="11" c="1 11" t="1"/>
		<b id="12" c="1 12" t="1"/>
		<b id="13" c="1 13" t="1"/>
		<b id="14" c="3 14" t="1"/>
		<b id="15" c="3 15" t="1"/>
		<b id="16" c="3 16" t="1"/>
		<b id="17" c="4 17" t="1"/>
		<b id="18" c="4 18" t="1"/>
		<b id="19" c="4 19" t="1"/>
	</bonds>
	<geometry>
		<g u="A" t="cart/3d">#19,3:0.9331,-0.0076,-0.0132;2.4675,-0.0924,0.0125;2.9865,-0.3141,-1.4201;3.0409,1.2358,0.5366;2.8796,-1.2462,0.8808;3.1108,-2.4994,0.5445;3.4175,-3.1665,1.7110;3.3434,-2.2805,2.6807;2.9988,-1.0336,2.2298;3.6706,-2.6785,4.4771;0.5910,0.8022,-0.6673;0.5279,0.1787,0.9884;0.4880,-0.9415,-0.3767;2.6842,0.5037,-2.0840;2.6009,-1.2470,-1.8480;4.0816,-0.3732,-1.4399;2.7563,2.0718,-0.1132;4.1357,1.2072,0.5830;2.6747,1.4665,1.5439;</g>
	</geometry>
	<conformers/>
	<properties/>
</molecule>
