<?xml version="1.0" ?>
<!--MOLLI PACKAGE EXPERIMENTAL XML FORMAT-->
<molecule name="prELN032036-327">
	<atoms>
		<a id="1" s="C" t="C.3" l="C"/>
		<a id="2" s="C" t="C.ar" l="C"/>
		<a id="3" s="C" t="C.ar" l="C"/>
		<a id="4" s="N" t="N.ar" l="N"/>
		<a id="5" s="C" t="C.ar" l="C"/>
		<a id="6" s="N" t="N.ar" l="N"/>
		<a id="7" s="Br" t="Br" l="BR"/>
		<a id="8" s="C" t="C.2" l="C"/>
		<a id="9" s="O" t="O.2" l="O"/>
		<a id="10" s="O" t="O.3" l="O"/>
		<a id="11" s="C" t="C.3" l="C"/>
		<a id="12" s="C" t="C.3" l="C"/>
		<a id="13" s="C" t="C.3" l="C"/>
		<a id="14" s="C" t="C.3" l="C"/>
		<a id="15" s="H" t="H" l="H"/>
		<a id="16" s="H" t="H" l="H"/>
		<a id="17" s="H" t="H" l="H"/>
		<a id="18" s="H" t="H" l="H"/>
		<a id="19" s="H" t="H" l="H"/>
		<a id="20" s="H" t="H" l="H"/>
		<a id="21" s="H" t="H" l="H"/>
		<a id="22" s="H" t="H" l="H"/>
		<a id="23" s="H" t="H" l="H"/>
		<a id="24" s="H" t="H" l="H"/>
		<a id="25" s="H" t="H" l="H"/>
		<a id="26" s="H" t="H" l="H"/>
		<a id="27" s="H" t="H" l="H"/>
	</atoms>
	<bonds>
		<b id="1" c="1 2" t="1"/>
		<b id="2" c="2 3" t="ar"/>
		<b id="3" c="3 4" t="ar"/>
		<b id="4" c="4 5" t="ar"/>
		<b id="5" c="5 6" t="ar"/>
		<b id="6" c="2 6" t="ar"/>
		<b id="7" c="5 7" t="1"/>
		<b id="8" c="4 8" t="am"/>
		<b id="9" c="8 9" t="2"/>
		<b id="10" c="8 10" t="1"/>
		<b id="11" c="10 11" t="1"/>
		<b id="12" c="11 12" t="1"/>
		<b id="13" c="11 13" t="1"/>
		<b id="14" c="11 14" t="1"/>
		<b id="15" c="1 15" t="1"/>
		<b id="16" c="1 16" t="1"/>
		<b id="17" c="1 17" t="1"/>
		<b id="18" c="3 18" t="1"/>
		<b id="19" c="12 19" t="1"/>
		<b id="20" c="12 20" t="1"/>
		<b id="21" c="12 21" t="1"/>
		<b id="22" c="13 22" t="1"/>
		<b id="23" c="13 23" t="1"/>
		<b id="24" c="13 24" t="1"/>
		<b id="25" c="14 25" t="1"/>
		<b id="26" c="14 26" t="1"/>
		<b id="27" c="14 27" t="1"/>
	</bonds>
	<geometry>
		<g u="A" t="cart/3d">#27,3:1.1179,0.0766,0.0512;2.5974,0.0983,0.0501;3.4781,1.1584,0.0478;4.7524,0.6082,0.0360;4.5590,-0.7651,0.0440;3.2826,-1.0830,0.0499;5.8692,-2.1156,0.0642;5.9856,1.2722,0.0199;7.0336,0.6508,-0.0238;5.8353,2.6298,0.0697;7.0482,3.4400,0.1133;7.8816,3.2721,-1.1670;6.5993,4.9096,0.1916;7.8682,3.1387,1.3779;0.6964,1.0850,0.0513;0.7500,-0.4527,0.9365;0.7502,-0.4519,-0.8346;3.3203,2.2281,0.0468;7.2853,3.5230,-2.0518;8.2298,2.2461,-1.3115;8.7678,3.9161,-1.1534;6.0012,5.1895,-0.6824;7.4613,5.5862,0.2457;5.9726,5.0850,1.0728;8.2405,2.1113,1.4028;7.2514,3.2669,2.2749;8.7379,3.7997,1.4574;</g>
	</geometry>
	<conformers/>
	<properties/>
</molecule>
