<?xml version="1.0" ?>
<!--MOLLI PACKAGE EXPERIMENTAL XML FORMAT-->
<molecule name="prELN032036-333">
	<atoms>
		<a id="1" s="C" t="C.3" l="C"/>
		<a id="2" s="N" t="N.am" l="N"/>
		<a id="3" s="C" t="C.2" l="C"/>
		<a id="4" s="O" t="O.2" l="O"/>
		<a id="5" s="C" t="C.3" l="C"/>
		<a id="6" s="C" t="C.3" l="C"/>
		<a id="7" s="N" t="N.am" l="N"/>
		<a id="8" s="C" t="C.2" l="C"/>
		<a id="9" s="O" t="O.2" l="O"/>
		<a id="10" s="C" t="C.ar" l="C"/>
		<a id="11" s="C" t="C.ar" l="C"/>
		<a id="12" s="C" t="C.ar" l="C"/>
		<a id="13" s="C" t="C.ar" l="C"/>
		<a id="14" s="C" t="C.ar" l="C"/>
		<a id="15" s="C" t="C.ar" l="C"/>
		<a id="16" s="N" t="N.pl3" l="N"/>
		<a id="17" s="C" t="C.3" l="C"/>
		<a id="18" s="C" t="C.3" l="C"/>
		<a id="19" s="O" t="O.3" l="O"/>
		<a id="20" s="S" t="S.O2" l="S"/>
		<a id="21" s="O" t="O.2" l="O"/>
		<a id="22" s="O" t="O.2" l="O"/>
		<a id="23" s="C" t="C.ar" l="C"/>
		<a id="24" s="C" t="C.ar" l="C"/>
		<a id="25" s="C" t="C.ar" l="C"/>
		<a id="26" s="C" t="C.ar" l="C"/>
		<a id="27" s="C" t="C.ar" l="C"/>
		<a id="28" s="C" t="C.ar" l="C"/>
		<a id="29" s="C" t="C.3" l="C"/>
		<a id="30" s="C" t="C.ar" l="C"/>
		<a id="31" s="C" t="C.ar" l="C"/>
		<a id="32" s="C" t="C.ar" l="C"/>
		<a id="33" s="C" t="C.ar" l="C"/>
		<a id="34" s="C" t="C.ar" l="C"/>
		<a id="35" s="C" t="C.ar" l="C"/>
		<a id="36" s="Cl" t="Cl" l="CL"/>
		<a id="37" s="C" t="C.3" l="C"/>
		<a id="38" s="F" t="F" l="F"/>
		<a id="39" s="F" t="F" l="F"/>
		<a id="40" s="F" t="F" l="F"/>
		<a id="41" s="H" t="H" l="H"/>
		<a id="42" s="H" t="H" l="H"/>
		<a id="43" s="H" t="H" l="H"/>
		<a id="44" s="H" t="H" l="H"/>
		<a id="45" s="H" t="H" l="H"/>
		<a id="46" s="H" t="H" l="H"/>
		<a id="47" s="H" t="H" l="H"/>
		<a id="48" s="H" t="H" l="H"/>
		<a id="49" s="H" t="H" l="H"/>
		<a id="50" s="H" t="H" l="H"/>
		<a id="51" s="H" t="H" l="H"/>
		<a id="52" s="H" t="H" l="H"/>
		<a id="53" s="H" t="H" l="H"/>
		<a id="54" s="H" t="H" l="H"/>
		<a id="55" s="H" t="H" l="H"/>
		<a id="56" s="H" t="H" l="H"/>
		<a id="57" s="H" t="H" l="H"/>
		<a id="58" s="H" t="H" l="H"/>
		<a id="59" s="H" t="H" l="H"/>
		<a id="60" s="H" t="H" l="H"/>
		<a id="61" s="H" t="H" l="H"/>
		<a id="62" s="H" t="H" l="H"/>
		<a id="63" s="H" t="H" l="H"/>
		<a id="64" s="H" t="H" l="H"/>
		<a id="65" s="H" t="H" l="H"/>
	</atoms>
	<bonds>
		<b id="1" c="1 2" t="1"/>
		<b id="2" c="2 3" t="am"/>
		<b id="3" c="3 4" t="2"/>
		<b id="4" c="3 5" t="1"/>
		<b id="5" c="5 6" t="1"/>
		<b id="6" c="6 7" t="1"/>
		<b id="7" c="7 8" t="am"/>
		<b id="8" c="8 9" t="2"/>
		<b id="9" c="8 10" t="1"/>
		<b id="10" c="10 11" t="ar"/>
		<b id="11" c="11 12" t="ar"/>
		<b id="12" c="12 13" t="ar"/>
		<b id="13" c="13 14" t="ar"/>
		<b id="14" c="14 15" t="ar"/>
		<b id="15" c="10 15" t="ar"/>
		<b id="16" c="14 16" t="1"/>
		<b id="17" c="16 17" t="1"/>
		<b id="18" c="17 18" t="1"/>
		<b id="19" c="18 19" t="1"/>
		<b id="20" c="13 19" t="1"/>
		<b id="21" c="16 20" t="1"/>
		<b id="22" c="20 21" t="2"/>
		<b id="23" c="20 22" t="2"/>
		<b id="24" c="20 23" t="1"/>
		<b id="25" c="23 24" t="ar"/>
		<b id="26" c="24 25" t="ar"/>
		<b id="27" c="25 26" t="ar"/>
		<b id="28" c="26 27" t="ar"/>
		<b id="29" c="27 28" t="ar"/>
		<b id="30" c="23 28" t="ar"/>
		<b id="31" c="27 29" t="1"/>
		<b id="32" c="6 30" t="1"/>
		<b id="33" c="30 31" t="ar"/>
		<b id="34" c="31 32" t="ar"/>
		<b id="35" c="32 33" t="ar"/>
		<b id="36" c="33 34" t="ar"/>
		<b id="37" c="34 35" t="ar"/>
		<b id="38" c="30 35" t="ar"/>
		<b id="39" c="35 36" t="1"/>
		<b id="40" c="32 37" t="1"/>
		<b id="41" c="37 38" t="1"/>
		<b id="42" c="37 39" t="1"/>
		<b id="43" c="37 40" t="1"/>
		<b id="44" c="1 41" t="1"/>
		<b id="45" c="1 42" t="1"/>
		<b id="46" c="1 43" t="1"/>
		<b id="47" c="2 44" t="1"/>
		<b id="48" c="5 45" t="1"/>
		<b id="49" c="5 46" t="1"/>
		<b id="50" c="6 47" t="1"/>
		<b id="51" c="7 48" t="1"/>
		<b id="52" c="11 49" t="1"/>
		<b id="53" c="12 50" t="1"/>
		<b id="54" c="15 51" t="1"/>
		<b id="55" c="17 52" t="1"/>
		<b id="56" c="17 53" t="1"/>
		<b id="57" c="18 54" t="1"/>
		<b id="58" c="18 55" t="1"/>
		<b id="59" c="24 56" t="1"/>
		<b id="60" c="25 57" t="1"/>
		<b id="61" c="26 58" t="1"/>
		<b id="62" c="28 59" t="1"/>
		<b id="63" c="29 60" t="1"/>
		<b id="64" c="29 61" t="1"/>
		<b id="65" c="29 62" t="1"/>
		<b id="66" c="31 63" t="1"/>
		<b id="67" c="33 64" t="1"/>
		<b id="68" c="34 65" t="1"/>
	</bonds>
	<geometry>
		<g u="A" t="cart/3d">#65,3:4.0864,-1.4645,-5.7593;4.6631,-0.5447,-4.8184;6.0273,-0.4073,-4.7100;6.8200,-1.0751,-5.3664;6.4854,0.6457,-3.7217;6.6903,2.0317,-4.3803;5.4135,2.5021,-4.9123;4.3019,2.7846,-4.1583;4.2305,2.6183,-2.9485;3.1374,3.3124,-4.9214;2.2016,4.1092,-4.2589;1.1417,4.6593,-4.9743;1.0112,4.4056,-6.3449;1.9282,3.5779,-7.0241;2.9785,3.0301,-6.2875;1.8806,3.5024,-8.4678;0.9432,4.4524,-9.1132;-0.3158,4.5884,-8.2703;-0.0316,5.0638,-6.9538;2.4254,2.1809,-9.3796;2.3755,2.5571,-10.7793;3.6586,1.6579,-8.8288;1.1803,0.9225,-9.1376;0.1555,0.7808,-10.0775;-0.7345,-0.2886,-9.9730;-0.5940,-1.2221,-8.9449;0.4410,-1.1022,-8.0098;1.3347,-0.0243,-8.1153;0.6081,-2.1381,-6.9358;7.8097,2.1107,-5.4441;8.8985,1.2104,-5.3874;9.9063,1.1729,-6.3713;9.8275,2.0495,-7.4549;8.8202,3.0062,-7.4965;7.8551,3.0710,-6.4814;6.7803,4.4282,-6.5809;11.0709,0.2164,-6.2641;11.0610,-0.5366,-5.1296;11.1372,-0.6594,-7.3029;12.2660,0.8740,-6.2560;3.0069,-1.4642,-5.6153;4.4858,-2.4680,-5.5888;4.3328,-1.1431,-6.7765;4.0586,0.0248,-4.2376;7.3929,0.2809,-3.2313;5.7449,0.7013,-2.9158;6.9738,2.7328,-3.5843;5.4479,2.8822,-5.8501;2.3173,4.3314,-3.1992;0.4305,5.3108,-4.4729;3.7185,2.4078,-6.7712;0.6672,4.1507,-10.1260;1.4589,5.4191,-9.1840;-0.8593,3.6389,-8.1967;-0.9855,5.3192,-8.7345;0.0643,1.4697,-10.9135;-1.5248,-0.4153,-10.7092;-1.2876,-2.0597,-8.8911;2.1690,0.0576,-7.4236;-0.1892,-2.8884,-6.9704;0.5761,-1.6675,-5.9482;1.5593,-2.6649,-7.0617;8.9809,0.4920,-4.5729;10.5688,2.0123,-8.2519;8.7971,3.7151,-8.3221;</g>
	</geometry>
	<conformers/>
	<properties/>
</molecule>
