<?xml version="1.0" ?>
<!--MOLLI PACKAGE EXPERIMENTAL XML FORMAT-->
<molecule name="prELN032036-336">
	<atoms>
		<a id="1" s="C" t="C.3" l="C"/>
		<a id="2" s="C" t="C.ar" l="C"/>
		<a id="3" s="C" t="C.ar" l="C"/>
		<a id="4" s="N" t="N.ar" l="N"/>
		<a id="5" s="C" t="C.ar" l="C"/>
		<a id="6" s="N" t="N.ar" l="N"/>
		<a id="7" s="Br" t="Br" l="BR"/>
		<a id="8" s="C" t="C.3" l="C"/>
		<a id="9" s="O" t="O.3" l="O"/>
		<a id="10" s="C" t="C.3" l="C"/>
		<a id="11" s="C" t="C.3" l="C"/>
		<a id="12" s="Si" t="Si" l="SI"/>
		<a id="13" s="C" t="C.3" l="C"/>
		<a id="14" s="C" t="C.3" l="C"/>
		<a id="15" s="C" t="C.3" l="C"/>
		<a id="16" s="H" t="H" l="H"/>
		<a id="17" s="H" t="H" l="H"/>
		<a id="18" s="H" t="H" l="H"/>
		<a id="19" s="H" t="H" l="H"/>
		<a id="20" s="H" t="H" l="H"/>
		<a id="21" s="H" t="H" l="H"/>
		<a id="22" s="H" t="H" l="H"/>
		<a id="23" s="H" t="H" l="H"/>
		<a id="24" s="H" t="H" l="H"/>
		<a id="25" s="H" t="H" l="H"/>
		<a id="26" s="H" t="H" l="H"/>
		<a id="27" s="H" t="H" l="H"/>
		<a id="28" s="H" t="H" l="H"/>
		<a id="29" s="H" t="H" l="H"/>
		<a id="30" s="H" t="H" l="H"/>
		<a id="31" s="H" t="H" l="H"/>
		<a id="32" s="H" t="H" l="H"/>
		<a id="33" s="H" t="H" l="H"/>
		<a id="34" s="H" t="H" l="H"/>
	</atoms>
	<bonds>
		<b id="1" c="1 2" t="1"/>
		<b id="2" c="2 3" t="ar"/>
		<b id="3" c="3 4" t="ar"/>
		<b id="4" c="4 5" t="ar"/>
		<b id="5" c="5 6" t="ar"/>
		<b id="6" c="2 6" t="ar"/>
		<b id="7" c="5 7" t="1"/>
		<b id="8" c="4 8" t="1"/>
		<b id="9" c="8 9" t="1"/>
		<b id="10" c="9 10" t="1"/>
		<b id="11" c="10 11" t="1"/>
		<b id="12" c="11 12" t="1"/>
		<b id="13" c="12 13" t="1"/>
		<b id="14" c="12 14" t="1"/>
		<b id="15" c="12 15" t="1"/>
		<b id="16" c="1 16" t="1"/>
		<b id="17" c="1 17" t="1"/>
		<b id="18" c="1 18" t="1"/>
		<b id="19" c="3 19" t="1"/>
		<b id="20" c="8 20" t="1"/>
		<b id="21" c="8 21" t="1"/>
		<b id="22" c="10 22" t="1"/>
		<b id="23" c="10 23" t="1"/>
		<b id="24" c="11 24" t="1"/>
		<b id="25" c="11 25" t="1"/>
		<b id="26" c="13 26" t="1"/>
		<b id="27" c="13 27" t="1"/>
		<b id="28" c="13 28" t="1"/>
		<b id="29" c="14 29" t="1"/>
		<b id="30" c="14 30" t="1"/>
		<b id="31" c="14 31" t="1"/>
		<b id="32" c="15 32" t="1"/>
		<b id="33" c="15 33" t="1"/>
		<b id="34" c="15 34" t="1"/>
	</bonds>
	<geometry>
		<g u="A" t="cart/3d">#34,3:1.1434,-0.2288,0.7269;2.5691,-0.0798,0.3671;3.4213,0.9734,0.6138;4.6180,0.6108,0.0541;4.4590,-0.6431,-0.4789;3.2311,-1.0804,-0.3057;5.7778,-1.6681,-1.3294;5.8496,1.3701,0.0866;5.5530,2.7681,0.0970;6.7571,3.5270,0.1073;6.4103,5.0119,0.1026;7.9408,6.1418,0.1387;7.3993,7.9304,0.1184;8.9074,5.7772,1.7060;9.0075,5.7711,-1.3595;0.7769,0.6503,1.2657;1.0020,-1.1056,1.3659;0.5376,-0.3546,-0.1750;3.2805,1.9234,1.1113;6.4373,1.1321,-0.8042;6.3851,1.0840,0.9991;7.3512,3.2710,-0.7780;7.3337,3.2685,1.0032;5.7758,5.2447,0.9654;5.8106,5.2479,-0.7849;6.7696,8.1538,0.9847;6.8255,8.1520,-0.7863;8.2655,8.5981,0.1451;8.2908,5.9680,2.5891;9.8014,6.4033,1.7665;9.2230,4.7295,1.7313;8.4529,5.9573,-2.2841;9.3273,4.7243,-1.3597;9.9028,6.3989,-1.3629;</g>
	</geometry>
	<conformers/>
	<properties/>
</molecule>
