<?xml version="1.0" ?>
<!--MOLLI PACKAGE EXPERIMENTAL XML FORMAT-->
<molecule name="prELN032036-016">
	<atoms>
		<a id="1" s="C" t="C.3" l="C"/>
		<a id="2" s="C" t="C.3" l="C"/>
		<a id="3" s="C" t="C.3" l="C"/>
		<a id="4" s="C" t="C.3" l="C"/>
		<a id="5" s="C" t="C.3" l="C"/>
		<a id="6" s="N" t="N.3" l="N"/>
		<a id="7" s="H" t="H" l="H"/>
		<a id="8" s="H" t="H" l="H"/>
		<a id="9" s="H" t="H" l="H"/>
		<a id="10" s="H" t="H" l="H"/>
		<a id="11" s="H" t="H" l="H"/>
		<a id="12" s="H" t="H" l="H"/>
		<a id="13" s="H" t="H" l="H"/>
		<a id="14" s="H" t="H" l="H"/>
		<a id="15" s="H" t="H" l="H"/>
		<a id="16" s="H" t="H" l="H"/>
		<a id="17" s="H" t="H" l="H"/>
		<a id="18" s="H" t="H" l="H"/>
		<a id="19" s="H" t="H" l="H"/>
	</atoms>
	<bonds>
		<b id="1" c="1 2" t="1"/>
		<b id="2" c="2 3" t="1"/>
		<b id="3" c="2 4" t="1"/>
		<b id="4" c="4 5" t="1"/>
		<b id="5" c="4 6" t="1"/>
		<b id="6" c="1 7" t="1"/>
		<b id="7" c="1 8" t="1"/>
		<b id="8" c="1 9" t="1"/>
		<b id="9" c="2 10" t="1"/>
		<b id="10" c="3 11" t="1"/>
		<b id="11" c="3 12" t="1"/>
		<b id="12" c="3 13" t="1"/>
		<b id="13" c="4 14" t="1"/>
		<b id="14" c="5 15" t="1"/>
		<b id="15" c="5 16" t="1"/>
		<b id="16" c="5 17" t="1"/>
		<b id="17" c="6 18" t="1"/>
		<b id="18" c="6 19" t="1"/>
	</bonds>
	<geometry>
		<g u="A" t="cart/3d">#19,3:1.0448,-0.0188,0.0517;2.5779,-0.0728,0.0358;3.0887,0.1988,1.4587;3.1078,-1.4216,-0.5178;2.6512,-1.6982,-1.9531;4.5745,-1.4448,-0.4921;0.6947,0.9277,0.4778;0.6273,-0.8334,0.6521;0.6276,-0.0869,-0.9573;2.9337,0.7424,-0.6084;2.7682,-0.5882,2.1503;2.7039,1.1539,1.8326;4.1809,0.2573,1.4913;2.7493,-2.2359,0.1231;2.9541,-0.8931,-2.6321;1.5643,-1.8062,-2.0149;3.0818,-2.6343,-2.3278;4.9412,-0.7135,-1.1001;4.9129,-2.3276,-0.8737;</g>
	</geometry>
	<conformers/>
	<properties/>
</molecule>
