<?xml version="1.0" ?>
<!--MOLLI PACKAGE EXPERIMENTAL XML FORMAT-->
<molecule name="prELN032036-025">
	<atoms>
		<a id="1" s="C" t="C.3" l="C"/>
		<a id="2" s="C" t="C.3" l="C"/>
		<a id="3" s="C" t="C.3" l="C"/>
		<a id="4" s="C" t="C.3" l="C"/>
		<a id="5" s="C" t="C.3" l="C"/>
		<a id="6" s="N" t="N.3" l="N"/>
		<a id="7" s="H" t="H" l="H"/>
		<a id="8" s="H" t="H" l="H"/>
		<a id="9" s="H" t="H" l="H"/>
		<a id="10" s="H" t="H" l="H"/>
		<a id="11" s="H" t="H" l="H"/>
		<a id="12" s="H" t="H" l="H"/>
		<a id="13" s="H" t="H" l="H"/>
		<a id="14" s="H" t="H" l="H"/>
		<a id="15" s="H" t="H" l="H"/>
		<a id="16" s="H" t="H" l="H"/>
		<a id="17" s="H" t="H" l="H"/>
		<a id="18" s="H" t="H" l="H"/>
		<a id="19" s="H" t="H" l="H"/>
	</atoms>
	<bonds>
		<b id="1" c="1 2" t="1"/>
		<b id="2" c="2 3" t="1"/>
		<b id="3" c="2 4" t="1"/>
		<b id="4" c="4 5" t="1"/>
		<b id="5" c="4 6" t="1"/>
		<b id="6" c="1 7" t="1"/>
		<b id="7" c="1 8" t="1"/>
		<b id="8" c="1 9" t="1"/>
		<b id="9" c="2 10" t="1"/>
		<b id="10" c="3 11" t="1"/>
		<b id="11" c="3 12" t="1"/>
		<b id="12" c="3 13" t="1"/>
		<b id="13" c="4 14" t="1"/>
		<b id="14" c="5 15" t="1"/>
		<b id="15" c="5 16" t="1"/>
		<b id="16" c="5 17" t="1"/>
		<b id="17" c="6 18" t="1"/>
		<b id="18" c="6 19" t="1"/>
	</bonds>
	<geometry>
		<g u="A" t="cart/3d">#19,3:1.0188,-0.0274,-0.0062;2.5511,-0.0807,-0.0252;3.0617,0.0538,1.4168;3.0806,-1.3700,-0.7056;2.6246,-1.5090,-2.1600;4.5485,-1.3959,-0.6808;0.6681,0.8711,0.5135;0.5994,-0.8990,0.5085;0.6031,0.0072,-1.0171;2.9080,0.7925,-0.5886;2.7443,-0.7974,2.0291;2.6735,0.9670,1.8817;4.1538,0.1132,1.4550;2.7221,-2.2424,-0.1451;2.9231,-0.6403,-2.7582;1.5382,-1.6150,-2.2309;3.0587,-2.4019,-2.6244;4.9150,-0.6089,-1.2146;4.8861,-2.2370,-1.1465;</g>
	</geometry>
	<conformers/>
	<properties/>
</molecule>
