<?xml version="1.0" ?>
<!--MOLLI PACKAGE EXPERIMENTAL XML FORMAT-->
<molecule name="prELN032036-017">
	<atoms>
		<a id="1" s="Br" t="Br" l="BR"/>
		<a id="2" s="C" t="C.ar" l="C"/>
		<a id="3" s="C" t="C.ar" l="C"/>
		<a id="4" s="C" t="C.ar" l="C"/>
		<a id="5" s="C" t="C.ar" l="C"/>
		<a id="6" s="C" t="C.ar" l="C"/>
		<a id="7" s="N" t="N.ar" l="N"/>
		<a id="8" s="C" t="C.ar" l="C"/>
		<a id="9" s="C" t="C.ar" l="C"/>
		<a id="10" s="N" t="N.ar" l="N"/>
		<a id="11" s="C" t="C.ar" l="C"/>
		<a id="12" s="N" t="N.ar" l="N"/>
		<a id="13" s="C" t="C.ar" l="C"/>
		<a id="14" s="Cl" t="Cl" l="CL"/>
		<a id="15" s="C" t="C.ar" l="C"/>
		<a id="16" s="C" t="C.3" l="C"/>
		<a id="17" s="O" t="O.3" l="O"/>
		<a id="18" s="C" t="C.3" l="C"/>
		<a id="19" s="C" t="C.3" l="C"/>
		<a id="20" s="O" t="O.3" l="O"/>
		<a id="21" s="H" t="H" l="H"/>
		<a id="22" s="S" t="S.2" l="S"/>
		<a id="23" s="H" t="H" l="H"/>
		<a id="24" s="H" t="H" l="H"/>
		<a id="25" s="H" t="H" l="H"/>
		<a id="26" s="H" t="H" l="H"/>
		<a id="27" s="H" t="H" l="H"/>
		<a id="28" s="H" t="H" l="H"/>
		<a id="29" s="H" t="H" l="H"/>
		<a id="30" s="H" t="H" l="H"/>
	</atoms>
	<bonds>
		<b id="1" c="1 2" t="1"/>
		<b id="2" c="2 3" t="ar"/>
		<b id="3" c="3 4" t="ar"/>
		<b id="4" c="2 5" t="ar"/>
		<b id="5" c="5 6" t="ar"/>
		<b id="6" c="6 7" t="ar"/>
		<b id="7" c="7 8" t="ar"/>
		<b id="8" c="6 9" t="ar"/>
		<b id="9" c="4 9" t="ar"/>
		<b id="10" c="9 10" t="ar"/>
		<b id="11" c="8 10" t="ar"/>
		<b id="12" c="10 11" t="1"/>
		<b id="13" c="11 12" t="ar"/>
		<b id="14" c="12 13" t="ar"/>
		<b id="15" c="13 14" t="1"/>
		<b id="16" c="13 15" t="ar"/>
		<b id="17" c="15 16" t="1"/>
		<b id="18" c="16 17" t="1"/>
		<b id="19" c="17 18" t="1"/>
		<b id="20" c="18 19" t="1"/>
		<b id="21" c="19 20" t="1"/>
		<b id="22" c="16 20" t="1"/>
		<b id="23" c="16 21" t="1"/>
		<b id="24" c="15 22" t="ar"/>
		<b id="25" c="11 22" t="ar"/>
		<b id="26" c="3 23" t="1"/>
		<b id="27" c="4 24" t="1"/>
		<b id="28" c="5 25" t="1"/>
		<b id="29" c="8 26" t="1"/>
		<b id="30" c="18 27" t="1"/>
		<b id="31" c="18 28" t="1"/>
		<b id="32" c="19 29" t="1"/>
		<b id="33" c="19 30" t="1"/>
	</bonds>
	<geometry>
		<g u="A" t="cart/3d">#30,3:1.6163,-0.9143,2.3300;3.3471,-0.5594,1.6518;3.9898,0.6251,2.0062;5.2696,0.9179,1.5222;3.9511,-1.4862,0.7979;5.2259,-1.1947,0.2892;5.9906,-1.9207,-0.5810;7.0807,-1.2113,-0.7478;5.8698,-0.0164,0.6618;7.0954,-0.0468,-0.0016;8.1137,0.9124,0.0871;8.0816,1.9196,0.9277;9.2241,2.6836,0.7765;9.4592,4.0373,1.8014;10.0851,2.2713,-0.2240;11.3477,2.9070,-0.6844;11.2138,3.2536,-2.0700;12.2257,2.5022,-2.7432;13.2310,2.1822,-1.6691;12.4242,1.9807,-0.5104;11.5805,3.8229,-0.1319;9.4778,0.8167,-0.9233;3.5020,1.3410,2.6648;5.7642,1.8435,1.8009;3.4573,-2.4092,0.5156;7.9030,-1.5041,-1.3870;12.6472,3.0803,-3.5695;11.7656,1.5930,-3.1441;13.8990,3.0299,-1.4794;13.8287,1.2936,-1.8856;</g>
	</geometry>
	<conformers/>
	<properties/>
</molecule>
