<?xml version="1.0" ?>
<!--MOLLI PACKAGE EXPERIMENTAL XML FORMAT-->
<molecule name="prELN032036-005">
	<atoms>
		<a id="1" s="C" t="C.ar" l="C"/>
		<a id="2" s="C" t="C.ar" l="C"/>
		<a id="3" s="O" t="O.2" l="O"/>
		<a id="4" s="C" t="C.ar" l="C"/>
		<a id="5" s="N" t="N.ar" l="N"/>
		<a id="6" s="N" t="N.pl3" l="N"/>
		<a id="7" s="H" t="H" l="H"/>
		<a id="8" s="H" t="H" l="H"/>
		<a id="9" s="H" t="H" l="H"/>
		<a id="10" s="H" t="H" l="H"/>
	</atoms>
	<bonds>
		<b id="1" c="1 2" t="ar"/>
		<b id="2" c="2 3" t="ar"/>
		<b id="3" c="3 4" t="ar"/>
		<b id="4" c="4 5" t="ar"/>
		<b id="5" c="1 5" t="ar"/>
		<b id="6" c="4 6" t="1"/>
		<b id="7" c="1 7" t="1"/>
		<b id="8" c="2 8" t="1"/>
		<b id="9" c="6 9" t="1"/>
		<b id="10" c="6 10" t="1"/>
	</bonds>
	<geometry>
		<g u="A" t="cart/3d">#10,3:1.3827,-0.7180,0.0157;1.3724,0.6534,0.0151;0.0725,1.0600,-0.0307;-0.6340,-0.1042,-0.0716;0.0951,-1.1921,-0.0283;-1.9588,0.0094,-0.1476;2.2347,-1.3826,0.0375;2.1217,1.4299,0.0349;-2.3771,0.8960,0.0976;-2.5050,-0.8119,0.0759;</g>
	</geometry>
	<conformers/>
	<properties/>
</molecule>
