<?xml version="1.0" ?>
<!--MOLLI PACKAGE EXPERIMENTAL XML FORMAT-->
<molecule name="prELN032036-022">
	<atoms>
		<a id="1" s="O" t="O.2" l="O"/>
		<a id="2" s="C" t="C.2" l="C"/>
		<a id="3" s="N" t="N.am" l="N"/>
		<a id="4" s="C" t="C.3" l="C"/>
		<a id="5" s="C" t="C.ar" l="C"/>
		<a id="6" s="C" t="C.ar" l="C"/>
		<a id="7" s="C" t="C.ar" l="C"/>
		<a id="8" s="C" t="C.ar" l="C"/>
		<a id="9" s="C" t="C.ar" l="C"/>
		<a id="10" s="C" t="C.ar" l="C"/>
		<a id="11" s="H" t="H" l="H"/>
		<a id="12" s="H" t="H" l="H"/>
		<a id="13" s="H" t="H" l="H"/>
		<a id="14" s="H" t="H" l="H"/>
		<a id="15" s="H" t="H" l="H"/>
		<a id="16" s="H" t="H" l="H"/>
		<a id="17" s="H" t="H" l="H"/>
	</atoms>
	<bonds>
		<b id="1" c="1 2" t="2"/>
		<b id="2" c="2 3" t="am"/>
		<b id="3" c="3 4" t="1"/>
		<b id="4" c="4 5" t="1"/>
		<b id="5" c="5 6" t="ar"/>
		<b id="6" c="6 7" t="ar"/>
		<b id="7" c="7 8" t="ar"/>
		<b id="8" c="8 9" t="ar"/>
		<b id="9" c="9 10" t="ar"/>
		<b id="10" c="2 10" t="1"/>
		<b id="11" c="5 10" t="ar"/>
		<b id="12" c="3 11" t="1"/>
		<b id="13" c="4 12" t="1"/>
		<b id="14" c="4 13" t="1"/>
		<b id="15" c="6 14" t="1"/>
		<b id="16" c="7 15" t="1"/>
		<b id="17" c="8 16" t="1"/>
		<b id="18" c="9 17" t="1"/>
	</bonds>
	<geometry>
		<g u="A" t="cart/3d">#17,3:-2.2935,1.3083,-0.0469;-1.5477,0.3499,-0.0403;-1.9046,-0.9811,-0.0288;-0.7694,-1.8718,-0.0084;0.3831,-0.9251,0.0036;1.7423,-1.1830,0.0432;2.6195,-0.0916,0.0427;2.1352,1.2301,-0.0012;0.7630,1.4833,-0.0373;-0.0812,0.3903,-0.0284;-2.8759,-1.2620,-0.0227;-0.7885,-2.4888,-0.9106;-0.8150,-2.4850,0.8949;2.1248,-2.1982,0.0749;3.6933,-0.2645,0.0784;2.8374,2.0608,-0.0041;0.3686,2.4936,-0.0700;</g>
	</geometry>
	<conformers/>
	<properties/>
</molecule>
