<?xml version="1.0" ?>
<!--MOLLI PACKAGE EXPERIMENTAL XML FORMAT-->
<molecule name="prELN032036-025">
	<atoms>
		<a id="1" s="C" t="C.3" l="C"/>
		<a id="2" s="C" t="C.ar" l="C"/>
		<a id="3" s="C" t="C.ar" l="C"/>
		<a id="4" s="N" t="N.ar" l="N"/>
		<a id="5" s="C" t="C.ar" l="C"/>
		<a id="6" s="C" t="C.ar" l="C"/>
		<a id="7" s="C" t="C.ar" l="C"/>
		<a id="8" s="Br" t="Br" l="BR"/>
		<a id="9" s="H" t="H" l="H"/>
		<a id="10" s="H" t="H" l="H"/>
		<a id="11" s="H" t="H" l="H"/>
		<a id="12" s="H" t="H" l="H"/>
		<a id="13" s="H" t="H" l="H"/>
		<a id="14" s="H" t="H" l="H"/>
	</atoms>
	<bonds>
		<b id="1" c="1 2" t="1"/>
		<b id="2" c="2 3" t="ar"/>
		<b id="3" c="3 4" t="ar"/>
		<b id="4" c="4 5" t="ar"/>
		<b id="5" c="5 6" t="ar"/>
		<b id="6" c="6 7" t="ar"/>
		<b id="7" c="2 7" t="ar"/>
		<b id="8" c="7 8" t="1"/>
		<b id="9" c="1 9" t="1"/>
		<b id="10" c="1 10" t="1"/>
		<b id="11" c="1 11" t="1"/>
		<b id="12" c="3 12" t="1"/>
		<b id="13" c="5 13" t="1"/>
		<b id="14" c="6 14" t="1"/>
	</bonds>
	<geometry>
		<g u="A" t="cart/3d">#14,3:0.9535,-0.0343,0.0914;2.4487,-0.0750,0.0228;3.1792,1.1086,0.0293;4.5277,1.1771,-0.0405;5.1944,0.0083,-0.1217;4.5746,-1.2261,-0.1328;3.1841,-1.2610,-0.0588;2.3436,-2.9632,-0.0740;0.5840,0.9942,0.1685;0.5925,-0.5756,0.9715;0.5176,-0.4704,-0.8132;2.6865,2.0761,0.0917;6.2757,0.0940,-0.1800;5.1661,-2.1321,-0.1985;</g>
	</geometry>
	<conformers/>
	<properties/>
</molecule>
