<?xml version="1.0" ?>
<!--MOLLI PACKAGE EXPERIMENTAL XML FORMAT-->
<molecule name="prELN032036-026">
	<atoms>
		<a id="1" s="C" t="C.3" l="C"/>
		<a id="2" s="C" t="C.3" l="C"/>
		<a id="3" s="N" t="N.am" l="N"/>
		<a id="4" s="C" t="C.2" l="C"/>
		<a id="5" s="O" t="O.2" l="O"/>
		<a id="6" s="C" t="C.ar" l="C"/>
		<a id="7" s="C" t="C.ar" l="C"/>
		<a id="8" s="C" t="C.ar" l="C"/>
		<a id="9" s="C" t="C.ar" l="C"/>
		<a id="10" s="O" t="O.3" l="O"/>
		<a id="11" s="C" t="C.3" l="C"/>
		<a id="12" s="C" t="C.ar" l="C"/>
		<a id="13" s="C" t="C.ar" l="C"/>
		<a id="14" s="H" t="H" l="H"/>
		<a id="15" s="H" t="H" l="H"/>
		<a id="16" s="H" t="H" l="H"/>
		<a id="17" s="H" t="H" l="H"/>
		<a id="18" s="H" t="H" l="H"/>
		<a id="19" s="H" t="H" l="H"/>
		<a id="20" s="H" t="H" l="H"/>
		<a id="21" s="H" t="H" l="H"/>
		<a id="22" s="H" t="H" l="H"/>
		<a id="23" s="H" t="H" l="H"/>
		<a id="24" s="H" t="H" l="H"/>
		<a id="25" s="H" t="H" l="H"/>
		<a id="26" s="H" t="H" l="H"/>
	</atoms>
	<bonds>
		<b id="1" c="1 2" t="1"/>
		<b id="2" c="2 3" t="1"/>
		<b id="3" c="3 4" t="am"/>
		<b id="4" c="4 5" t="2"/>
		<b id="5" c="4 6" t="1"/>
		<b id="6" c="6 7" t="ar"/>
		<b id="7" c="7 8" t="ar"/>
		<b id="8" c="8 9" t="ar"/>
		<b id="9" c="9 10" t="1"/>
		<b id="10" c="10 11" t="1"/>
		<b id="11" c="9 12" t="ar"/>
		<b id="12" c="12 13" t="ar"/>
		<b id="13" c="6 13" t="ar"/>
		<b id="14" c="1 14" t="1"/>
		<b id="15" c="1 15" t="1"/>
		<b id="16" c="1 16" t="1"/>
		<b id="17" c="2 17" t="1"/>
		<b id="18" c="2 18" t="1"/>
		<b id="19" c="3 19" t="1"/>
		<b id="20" c="7 20" t="1"/>
		<b id="21" c="8 21" t="1"/>
		<b id="22" c="11 22" t="1"/>
		<b id="23" c="11 23" t="1"/>
		<b id="24" c="11 24" t="1"/>
		<b id="25" c="12 25" t="1"/>
		<b id="26" c="13 26" t="1"/>
	</bonds>
	<geometry>
		<g u="A" t="cart/3d">#26,3:2.0754,-0.2457,1.0784;2.6668,0.1614,-0.2587;3.2185,-0.9739,-0.9703;4.5328,-1.3430,-0.7891;5.3033,-0.7548,-0.0373;5.0033,-2.5335,-1.5410;4.4635,-2.8951,-2.7806;4.9676,-4.0061,-3.4690;6.0071,-4.7619,-2.9211;6.5800,-5.8687,-3.4817;6.0807,-6.2858,-4.7454;6.5489,-4.3899,-1.6888;6.0572,-3.2784,-1.0030;1.6519,0.6260,1.5862;2.8369,-0.6861,1.7300;1.2805,-0.9870,0.9453;3.4551,0.9063,-0.1015;1.8992,0.6105,-0.8961;2.5780,-1.6043,-1.4359;3.6778,-2.3043,-3.2423;4.5354,-4.2466,-4.4347;6.5734,-7.2279,-5.0037;6.3263,-5.5529,-5.5208;5.0034,-6.4776,-4.7083;7.3677,-4.9644,-1.2618;6.5000,-2.9924,-0.0510;</g>
	</geometry>
	<conformers/>
	<properties/>
</molecule>
