<?xml version="1.0" ?>
<!--MOLLI PACKAGE EXPERIMENTAL XML FORMAT-->
<molecule name="prELN030356-135">
	<atoms>
		<a id="1" s="N" t="N.3" l="N"/>
		<a id="2" s="C" t="C.3" l="C"/>
		<a id="3" s="C" t="C.3" l="C"/>
		<a id="4" s="O" t="O.3" l="O"/>
		<a id="5" s="C" t="C.3" l="C"/>
		<a id="6" s="C" t="C.3" l="C"/>
		<a id="7" s="C" t="C.3" l="C"/>
		<a id="8" s="N" t="N.3" l="N"/>
		<a id="9" s="C" t="C.3" l="C"/>
		<a id="10" s="C" t="C.3" l="C"/>
		<a id="11" s="H" t="H" l="H"/>
		<a id="12" s="H" t="H" l="H"/>
		<a id="13" s="H" t="H" l="H"/>
		<a id="14" s="H" t="H" l="H"/>
		<a id="15" s="H" t="H" l="H"/>
		<a id="16" s="H" t="H" l="H"/>
		<a id="17" s="H" t="H" l="H"/>
		<a id="18" s="H" t="H" l="H"/>
		<a id="19" s="H" t="H" l="H"/>
		<a id="20" s="H" t="H" l="H"/>
		<a id="21" s="H" t="H" l="H"/>
		<a id="22" s="H" t="H" l="H"/>
		<a id="23" s="H" t="H" l="H"/>
		<a id="24" s="H" t="H" l="H"/>
	</atoms>
	<bonds>
		<b id="1" c="1 2" t="1"/>
		<b id="2" c="2 3" t="1"/>
		<b id="3" c="3 4" t="1"/>
		<b id="4" c="4 5" t="1"/>
		<b id="5" c="2 5" t="1"/>
		<b id="6" c="1 6" t="1"/>
		<b id="7" c="6 7" t="1"/>
		<b id="8" c="7 8" t="1"/>
		<b id="9" c="8 9" t="1"/>
		<b id="10" c="9 10" t="1"/>
		<b id="11" c="1 10" t="1"/>
		<b id="12" c="2 11" t="1"/>
		<b id="13" c="3 12" t="1"/>
		<b id="14" c="3 13" t="1"/>
		<b id="15" c="5 14" t="1"/>
		<b id="16" c="5 15" t="1"/>
		<b id="17" c="6 16" t="1"/>
		<b id="18" c="6 17" t="1"/>
		<b id="19" c="7 18" t="1"/>
		<b id="20" c="7 19" t="1"/>
		<b id="21" c="8 20" t="1"/>
		<b id="22" c="9 21" t="1"/>
		<b id="23" c="9 22" t="1"/>
		<b id="24" c="10 23" t="1"/>
		<b id="25" c="10 24" t="1"/>
	</bonds>
	<geometry>
		<g u="A" t="cart/3d">#24,3:-1.3830,0.0507,0.2602;-1.4901,0.0856,1.7358;-2.4810,-0.9648,2.2723;-3.2099,0.0609,3.0035;-2.5971,1.0748,2.1588;-0.7126,-1.1838,-0.1986;0.8116,-1.2417,0.0464;1.5306,-0.0685,-0.4727;0.9083,1.1604,0.0431;-0.6159,1.2266,-0.2117;-0.5614,0.1622,2.3100;-2.0414,-1.7026,2.9514;-3.1371,-1.4677,1.5556;-2.2528,1.9342,2.7422;-3.3004,1.4107,1.3892;-0.8876,-1.2663,-1.2798;-1.1841,-2.0727,0.2351;1.2167,-2.1378,-0.4375;1.0175,-1.3471,1.1191;1.4383,-0.0663,-1.4902;1.3881,2.0206,-0.4371;1.1198,1.2496,1.1145;-0.7819,1.3166,-1.2937;-1.0167,2.1511,0.2214;</g>
	</geometry>
	<conformers/>
	<properties/>
</molecule>
