<?xml version="1.0" ?>
<!--MOLLI PACKAGE EXPERIMENTAL XML FORMAT-->
<molecule name="prELN032036-032">
	<atoms>
		<a id="1" s="C" t="C.3" l="C"/>
		<a id="2" s="O" t="O.3" l="O"/>
		<a id="3" s="C" t="C.2" l="C"/>
		<a id="4" s="O" t="O.2" l="O"/>
		<a id="5" s="C" t="C.ar" l="C"/>
		<a id="6" s="C" t="C.ar" l="C"/>
		<a id="7" s="C" t="C.ar" l="C"/>
		<a id="8" s="Br" t="Br" l="BR"/>
		<a id="9" s="S" t="S.2" l="S"/>
		<a id="10" s="C" t="C.ar" l="C"/>
		<a id="11" s="N" t="N.am" l="N"/>
		<a id="12" s="C" t="C.2" l="C"/>
		<a id="13" s="O" t="O.2" l="O"/>
		<a id="14" s="O" t="O.3" l="O"/>
		<a id="15" s="C" t="C.3" l="C"/>
		<a id="16" s="C" t="C.3" l="C"/>
		<a id="17" s="C" t="C.3" l="C"/>
		<a id="18" s="C" t="C.3" l="C"/>
		<a id="19" s="H" t="H" l="H"/>
		<a id="20" s="H" t="H" l="H"/>
		<a id="21" s="H" t="H" l="H"/>
		<a id="22" s="H" t="H" l="H"/>
		<a id="23" s="H" t="H" l="H"/>
		<a id="24" s="H" t="H" l="H"/>
		<a id="25" s="H" t="H" l="H"/>
		<a id="26" s="H" t="H" l="H"/>
		<a id="27" s="H" t="H" l="H"/>
		<a id="28" s="H" t="H" l="H"/>
		<a id="29" s="H" t="H" l="H"/>
		<a id="30" s="H" t="H" l="H"/>
		<a id="31" s="H" t="H" l="H"/>
		<a id="32" s="H" t="H" l="H"/>
	</atoms>
	<bonds>
		<b id="1" c="1 2" t="1"/>
		<b id="2" c="2 3" t="1"/>
		<b id="3" c="3 4" t="2"/>
		<b id="4" c="3 5" t="1"/>
		<b id="5" c="5 6" t="ar"/>
		<b id="6" c="6 7" t="ar"/>
		<b id="7" c="7 8" t="1"/>
		<b id="8" c="7 9" t="ar"/>
		<b id="9" c="9 10" t="ar"/>
		<b id="10" c="5 10" t="ar"/>
		<b id="11" c="10 11" t="1"/>
		<b id="12" c="11 12" t="am"/>
		<b id="13" c="12 13" t="2"/>
		<b id="14" c="12 14" t="1"/>
		<b id="15" c="14 15" t="1"/>
		<b id="16" c="15 16" t="1"/>
		<b id="17" c="15 17" t="1"/>
		<b id="18" c="15 18" t="1"/>
		<b id="19" c="1 19" t="1"/>
		<b id="20" c="1 20" t="1"/>
		<b id="21" c="1 21" t="1"/>
		<b id="22" c="6 22" t="1"/>
		<b id="23" c="11 23" t="1"/>
		<b id="24" c="16 24" t="1"/>
		<b id="25" c="16 25" t="1"/>
		<b id="26" c="16 26" t="1"/>
		<b id="27" c="17 27" t="1"/>
		<b id="28" c="17 28" t="1"/>
		<b id="29" c="17 29" t="1"/>
		<b id="30" c="18 30" t="1"/>
		<b id="31" c="18 31" t="1"/>
		<b id="32" c="18 32" t="1"/>
	</bonds>
	<geometry>
		<g u="A" t="cart/3d">#32,3:2.2762,2.2062,-1.1023;3.4017,1.4161,-0.7177;3.7841,1.6041,0.5818;3.2455,2.4013,1.3436;4.9665,0.8165,0.9332;5.8959,0.2296,0.0010;6.9653,-0.3437,0.6409;8.3629,-1.2064,-0.2591;6.9078,-0.1670,2.3259;5.3688,0.5494,2.2323;4.7381,0.7133,3.4510;3.4356,0.2983,3.5727;2.7948,-0.2397,2.6757;2.9814,0.4728,4.8460;1.6476,-0.0032,5.1837;1.6323,-1.5374,5.1991;1.3489,0.4896,6.6107;0.5635,0.5860,4.2666;2.0416,1.9795,-2.1457;2.5141,3.2724,-1.0274;1.4031,1.9603,-0.4897;5.7783,0.2628,-1.0761;5.2790,0.6880,4.3021;2.4042,-1.9215,5.8772;1.8498,-1.9625,4.2153;0.6626,-1.9259,5.5271;2.0336,0.0440,7.3404;0.3242,0.2373,6.9104;1.4695,1.5759,6.6861;0.6576,0.2648,3.2270;0.6183,1.6805,4.2613;-0.4382,0.2876,4.5932;</g>
	</geometry>
	<conformers/>
	<properties/>
</molecule>
