<?xml version="1.0" ?>
<!--MOLLI PACKAGE EXPERIMENTAL XML FORMAT-->
<molecule name="prELN032036-035">
	<atoms>
		<a id="1" s="C" t="C.3" l="C"/>
		<a id="2" s="O" t="O.3" l="O"/>
		<a id="3" s="C" t="C.2" l="C"/>
		<a id="4" s="O" t="O.2" l="O"/>
		<a id="5" s="C" t="C.ar" l="C"/>
		<a id="6" s="C" t="C.ar" l="C"/>
		<a id="7" s="C" t="C.ar" l="C"/>
		<a id="8" s="Br" t="Br" l="BR"/>
		<a id="9" s="S" t="S.2" l="S"/>
		<a id="10" s="C" t="C.ar" l="C"/>
		<a id="11" s="N" t="N.am" l="N"/>
		<a id="12" s="C" t="C.2" l="C"/>
		<a id="13" s="O" t="O.2" l="O"/>
		<a id="14" s="O" t="O.3" l="O"/>
		<a id="15" s="C" t="C.3" l="C"/>
		<a id="16" s="C" t="C.3" l="C"/>
		<a id="17" s="C" t="C.3" l="C"/>
		<a id="18" s="C" t="C.3" l="C"/>
		<a id="19" s="H" t="H" l="H"/>
		<a id="20" s="H" t="H" l="H"/>
		<a id="21" s="H" t="H" l="H"/>
		<a id="22" s="H" t="H" l="H"/>
		<a id="23" s="H" t="H" l="H"/>
		<a id="24" s="H" t="H" l="H"/>
		<a id="25" s="H" t="H" l="H"/>
		<a id="26" s="H" t="H" l="H"/>
		<a id="27" s="H" t="H" l="H"/>
		<a id="28" s="H" t="H" l="H"/>
		<a id="29" s="H" t="H" l="H"/>
		<a id="30" s="H" t="H" l="H"/>
		<a id="31" s="H" t="H" l="H"/>
		<a id="32" s="H" t="H" l="H"/>
	</atoms>
	<bonds>
		<b id="1" c="1 2" t="1"/>
		<b id="2" c="2 3" t="1"/>
		<b id="3" c="3 4" t="2"/>
		<b id="4" c="3 5" t="1"/>
		<b id="5" c="5 6" t="ar"/>
		<b id="6" c="6 7" t="ar"/>
		<b id="7" c="7 8" t="1"/>
		<b id="8" c="7 9" t="ar"/>
		<b id="9" c="9 10" t="ar"/>
		<b id="10" c="5 10" t="ar"/>
		<b id="11" c="10 11" t="1"/>
		<b id="12" c="11 12" t="am"/>
		<b id="13" c="12 13" t="2"/>
		<b id="14" c="12 14" t="1"/>
		<b id="15" c="14 15" t="1"/>
		<b id="16" c="15 16" t="1"/>
		<b id="17" c="15 17" t="1"/>
		<b id="18" c="15 18" t="1"/>
		<b id="19" c="1 19" t="1"/>
		<b id="20" c="1 20" t="1"/>
		<b id="21" c="1 21" t="1"/>
		<b id="22" c="6 22" t="1"/>
		<b id="23" c="11 23" t="1"/>
		<b id="24" c="16 24" t="1"/>
		<b id="25" c="16 25" t="1"/>
		<b id="26" c="16 26" t="1"/>
		<b id="27" c="17 27" t="1"/>
		<b id="28" c="17 28" t="1"/>
		<b id="29" c="17 29" t="1"/>
		<b id="30" c="18 30" t="1"/>
		<b id="31" c="18 31" t="1"/>
		<b id="32" c="18 32" t="1"/>
	</bonds>
	<geometry>
		<g u="A" t="cart/3d">#32,3:2.3340,-2.4032,0.7522;3.4541,-1.5506,0.5109;3.8224,-1.4913,-0.8046;3.2720,-2.1267,-1.6965;5.0055,-0.6535,-1.0128;5.9386,-0.2441,0.0048;7.0116,0.4284,-0.5233;8.4122,1.1166,0.5096;6.9538,0.5460,-2.2138;5.4112,-0.1632,-2.2438;4.7780,-0.1109,-3.4705;3.4760,0.3253,-3.5147;2.8431,0.7172,-2.5412;3.0261,0.3651,-4.7978;1.6880,0.8863,-5.0493;1.6631,2.3998,-4.8009;1.3989,0.6425,-6.5420;0.6088,0.1401,-4.2495;2.0957,-2.3593,1.8183;2.5814,-3.4387,0.4972;1.4592,-2.0635,0.1882;5.8236,-0.4641,1.0617;5.3188,0.0609,-4.3053;2.4327,2.8997,-5.4016;1.8780,2.6510,-3.7586;0.6909,2.8330,-5.0576;2.0888,1.2062,-7.1791;0.3762,0.9405,-6.8012;1.5244,-0.4152,-6.7986;0.6987,0.2821,-3.1702;0.6748,-0.9392,-4.4288;-0.3958,0.4788,-4.5251;</g>
	</geometry>
	<conformers/>
	<properties/>
</molecule>
