<?xml version="1.0" ?>
<!--MOLLI PACKAGE EXPERIMENTAL XML FORMAT-->
<molecule name="prELN032036-038">
	<atoms>
		<a id="1" s="C" t="C.3" l="C"/>
		<a id="2" s="C" t="C.3" l="C"/>
		<a id="3" s="O" t="O.3" l="O"/>
		<a id="4" s="C" t="C.2" l="C"/>
		<a id="5" s="O" t="O.2" l="O"/>
		<a id="6" s="C" t="C.ar" l="C"/>
		<a id="7" s="N" t="N.ar" l="N"/>
		<a id="8" s="C" t="C.ar" l="C"/>
		<a id="9" s="C" t="C.ar" l="C"/>
		<a id="10" s="C" t="C.ar" l="C"/>
		<a id="11" s="C" t="C.ar" l="C"/>
		<a id="12" s="N" t="N.ar" l="N"/>
		<a id="13" s="N" t="N.ar" l="N"/>
		<a id="14" s="C" t="C.ar" l="C"/>
		<a id="15" s="C" t="C.3" l="C"/>
		<a id="16" s="F" t="F" l="F"/>
		<a id="17" s="F" t="F" l="F"/>
		<a id="18" s="F" t="F" l="F"/>
		<a id="19" s="N" t="N.ar" l="N"/>
		<a id="20" s="C" t="C.3" l="C"/>
		<a id="21" s="H" t="H" l="H"/>
		<a id="22" s="H" t="H" l="H"/>
		<a id="23" s="H" t="H" l="H"/>
		<a id="24" s="H" t="H" l="H"/>
		<a id="25" s="H" t="H" l="H"/>
		<a id="26" s="H" t="H" l="H"/>
		<a id="27" s="H" t="H" l="H"/>
		<a id="28" s="H" t="H" l="H"/>
		<a id="29" s="H" t="H" l="H"/>
		<a id="30" s="H" t="H" l="H"/>
		<a id="31" s="H" t="H" l="H"/>
	</atoms>
	<bonds>
		<b id="1" c="1 2" t="1"/>
		<b id="2" c="2 3" t="1"/>
		<b id="3" c="3 4" t="1"/>
		<b id="4" c="4 5" t="2"/>
		<b id="5" c="4 6" t="1"/>
		<b id="6" c="6 7" t="ar"/>
		<b id="7" c="7 8" t="ar"/>
		<b id="8" c="8 9" t="ar"/>
		<b id="9" c="9 10" t="1"/>
		<b id="10" c="10 11" t="ar"/>
		<b id="11" c="11 12" t="ar"/>
		<b id="12" c="12 13" t="ar"/>
		<b id="13" c="13 14" t="ar"/>
		<b id="14" c="10 14" t="ar"/>
		<b id="15" c="14 15" t="1"/>
		<b id="16" c="15 16" t="1"/>
		<b id="17" c="15 17" t="1"/>
		<b id="18" c="15 18" t="1"/>
		<b id="19" c="9 19" t="ar"/>
		<b id="20" c="6 19" t="ar"/>
		<b id="21" c="19 20" t="1"/>
		<b id="22" c="1 21" t="1"/>
		<b id="23" c="1 22" t="1"/>
		<b id="24" c="1 23" t="1"/>
		<b id="25" c="2 24" t="1"/>
		<b id="26" c="2 25" t="1"/>
		<b id="27" c="8 26" t="1"/>
		<b id="28" c="11 27" t="1"/>
		<b id="29" c="12 28" t="1"/>
		<b id="30" c="20 29" t="1"/>
		<b id="31" c="20 30" t="1"/>
		<b id="32" c="20 31" t="1"/>
	</bonds>
	<geometry>
		<g u="A" t="cart/3d">#31,3:6.6244,0.7211,0.1367;5.4369,-0.0817,0.6383;5.2311,-1.1711,-0.2625;4.5143,-0.8736,-1.3835;3.7472,0.0769,-1.4875;4.8950,-1.7742,-2.4543;5.7670,-2.7566,-2.3108;5.8767,-3.3489,-3.5308;5.0612,-2.7361,-4.4617;4.9025,-3.1388,-5.8824;4.6704,-2.2703,-6.9243;4.5830,-3.0325,-8.0473;4.7612,-4.3371,-7.8215;4.9585,-4.4345,-6.4850;5.1213,-5.7901,-5.8394;5.1510,-5.7579,-4.4820;4.1000,-6.6336,-6.1583;6.2728,-6.4034,-6.2269;4.4703,-1.7031,-3.7728;3.4876,-0.7567,-4.2450;6.8616,1.5451,0.8094;6.4277,1.1249,-0.8633;7.5057,0.0729,0.0382;4.5411,0.5408,0.7403;5.6594,-0.5045,1.6230;6.5610,-4.1738,-3.6726;4.5886,-1.1944,-6.9858;4.4060,-2.7282,-8.9999;3.2381,-0.9304,-5.2874;3.8955,0.2512,-4.1345;2.5741,-0.8787,-3.6564;</g>
	</geometry>
	<conformers/>
	<properties/>
</molecule>
