<?xml version="1.0" ?>
<!--MOLLI PACKAGE EXPERIMENTAL XML FORMAT-->
<molecule name="prELN032036-040">
	<atoms>
		<a id="1" s="C" t="C.3" l="C"/>
		<a id="2" s="O" t="O.3" l="O"/>
		<a id="3" s="C" t="C.2" l="C"/>
		<a id="4" s="O" t="O.2" l="O"/>
		<a id="5" s="C" t="C.ar" l="C"/>
		<a id="6" s="C" t="C.ar" l="C"/>
		<a id="7" s="C" t="C.ar" l="C"/>
		<a id="8" s="C" t="C.ar" l="C"/>
		<a id="9" s="N" t="N.am" l="N"/>
		<a id="10" s="C" t="C.2" l="C"/>
		<a id="11" s="O" t="O.2" l="O"/>
		<a id="12" s="C" t="C.ar" l="C"/>
		<a id="13" s="N" t="N.ar" l="N"/>
		<a id="14" s="C" t="C.ar" l="C"/>
		<a id="15" s="C" t="C.ar" l="C"/>
		<a id="16" s="C" t="C.ar" l="C"/>
		<a id="17" s="C" t="C.ar" l="C"/>
		<a id="18" s="N" t="N.ar" l="N"/>
		<a id="19" s="N" t="N.ar" l="N"/>
		<a id="20" s="C" t="C.ar" l="C"/>
		<a id="21" s="C" t="C.3" l="C"/>
		<a id="22" s="F" t="F" l="F"/>
		<a id="23" s="F" t="F" l="F"/>
		<a id="24" s="F" t="F" l="F"/>
		<a id="25" s="N" t="N.ar" l="N"/>
		<a id="26" s="C" t="C.3" l="C"/>
		<a id="27" s="C" t="C.ar" l="C"/>
		<a id="28" s="C" t="C.ar" l="C"/>
		<a id="29" s="Cl" t="Cl" l="CL"/>
		<a id="30" s="H" t="H" l="H"/>
		<a id="31" s="H" t="H" l="H"/>
		<a id="32" s="H" t="H" l="H"/>
		<a id="33" s="H" t="H" l="H"/>
		<a id="34" s="H" t="H" l="H"/>
		<a id="35" s="H" t="H" l="H"/>
		<a id="36" s="H" t="H" l="H"/>
		<a id="37" s="H" t="H" l="H"/>
		<a id="38" s="H" t="H" l="H"/>
		<a id="39" s="H" t="H" l="H"/>
		<a id="40" s="H" t="H" l="H"/>
		<a id="41" s="H" t="H" l="H"/>
		<a id="42" s="H" t="H" l="H"/>
	</atoms>
	<bonds>
		<b id="1" c="1 2" t="1"/>
		<b id="2" c="2 3" t="1"/>
		<b id="3" c="3 4" t="2"/>
		<b id="4" c="3 5" t="1"/>
		<b id="5" c="5 6" t="ar"/>
		<b id="6" c="6 7" t="ar"/>
		<b id="7" c="7 8" t="ar"/>
		<b id="8" c="8 9" t="1"/>
		<b id="9" c="9 10" t="am"/>
		<b id="10" c="10 11" t="2"/>
		<b id="11" c="10 12" t="1"/>
		<b id="12" c="12 13" t="ar"/>
		<b id="13" c="13 14" t="ar"/>
		<b id="14" c="14 15" t="ar"/>
		<b id="15" c="15 16" t="1"/>
		<b id="16" c="16 17" t="ar"/>
		<b id="17" c="17 18" t="ar"/>
		<b id="18" c="18 19" t="ar"/>
		<b id="19" c="19 20" t="ar"/>
		<b id="20" c="16 20" t="ar"/>
		<b id="21" c="20 21" t="1"/>
		<b id="22" c="21 22" t="1"/>
		<b id="23" c="21 23" t="1"/>
		<b id="24" c="21 24" t="1"/>
		<b id="25" c="15 25" t="ar"/>
		<b id="26" c="12 25" t="ar"/>
		<b id="27" c="25 26" t="1"/>
		<b id="28" c="8 27" t="ar"/>
		<b id="29" c="27 28" t="ar"/>
		<b id="30" c="5 28" t="ar"/>
		<b id="31" c="28 29" t="1"/>
		<b id="32" c="1 30" t="1"/>
		<b id="33" c="1 31" t="1"/>
		<b id="34" c="1 32" t="1"/>
		<b id="35" c="6 33" t="1"/>
		<b id="36" c="7 34" t="1"/>
		<b id="37" c="9 35" t="1"/>
		<b id="38" c="14 36" t="1"/>
		<b id="39" c="17 37" t="1"/>
		<b id="40" c="18 38" t="1"/>
		<b id="41" c="26 39" t="1"/>
		<b id="42" c="26 40" t="1"/>
		<b id="43" c="26 41" t="1"/>
		<b id="44" c="27 42" t="1"/>
	</bonds>
	<geometry>
		<g u="A" t="cart/3d">#42,3:1.2193,-0.5369,0.0293;2.6386,-0.4062,0.1134;3.0683,0.7717,0.6396;2.3602,1.6842,1.0239;4.5527,0.7660,0.6527;5.2218,0.1647,-0.4205;6.6150,0.1549,-0.4738;7.3779,0.7576,0.5274;8.7877,0.8068,0.4825;9.5799,0.5421,-0.6282;9.1460,0.2461,-1.7366;11.0086,0.6892,-0.3759;11.5156,0.9462,0.8177;12.8756,0.9671,0.6365;13.2197,0.7507,-0.6823;14.5963,0.7445,-1.2493;14.9162,1.1790,-2.5169;16.2650,1.0518,-2.6367;16.8544,0.5535,-1.5465;15.8447,0.3511,-0.6710;16.1268,-0.2737,0.6732;15.0079,-0.6145,1.3642;16.8520,-1.4214,0.5627;16.8343,0.5602,1.4836;12.0136,0.5790,-1.3237;11.7746,0.2090,-2.7006;6.7148,1.3366,1.6153;5.3074,1.3525,1.6755;4.5917,2.0859,3.0672;0.9990,-1.4751,-0.4882;0.7836,0.2846,-0.5478;0.7874,-0.5829,1.0329;4.6697,-0.3005,-1.2348;7.0709,-0.3539,-1.3174;9.2998,1.1418,1.2959;13.5300,1.1745,1.4736;14.3371,1.6048,-3.3225;16.8490,1.2916,-3.4317;12.7028,0.1223,-3.2587;11.1472,0.9759,-3.1627;11.2811,-0.7668,-2.7182;7.2847,1.8007,2.4176;</g>
	</geometry>
	<conformers/>
	<properties/>
</molecule>
