<?xml version="1.0" ?>
<!--MOLLI PACKAGE EXPERIMENTAL XML FORMAT-->
<molecule name="prELN032036-043">
	<atoms>
		<a id="1" s="C" t="C.3" l="C"/>
		<a id="2" s="O" t="O.3" l="O"/>
		<a id="3" s="C" t="C.2" l="C"/>
		<a id="4" s="O" t="O.2" l="O"/>
		<a id="5" s="C" t="C.ar" l="C"/>
		<a id="6" s="C" t="C.ar" l="C"/>
		<a id="7" s="C" t="C.ar" l="C"/>
		<a id="8" s="C" t="C.ar" l="C"/>
		<a id="9" s="N" t="N.am" l="N"/>
		<a id="10" s="C" t="C.2" l="C"/>
		<a id="11" s="O" t="O.2" l="O"/>
		<a id="12" s="C" t="C.ar" l="C"/>
		<a id="13" s="N" t="N.ar" l="N"/>
		<a id="14" s="C" t="C.ar" l="C"/>
		<a id="15" s="C" t="C.ar" l="C"/>
		<a id="16" s="C" t="C.ar" l="C"/>
		<a id="17" s="C" t="C.ar" l="C"/>
		<a id="18" s="N" t="N.ar" l="N"/>
		<a id="19" s="N" t="N.ar" l="N"/>
		<a id="20" s="C" t="C.ar" l="C"/>
		<a id="21" s="C" t="C.3" l="C"/>
		<a id="22" s="F" t="F" l="F"/>
		<a id="23" s="F" t="F" l="F"/>
		<a id="24" s="F" t="F" l="F"/>
		<a id="25" s="N" t="N.ar" l="N"/>
		<a id="26" s="C" t="C.3" l="C"/>
		<a id="27" s="C" t="C.ar" l="C"/>
		<a id="28" s="C" t="C.ar" l="C"/>
		<a id="29" s="Cl" t="Cl" l="CL"/>
		<a id="30" s="H" t="H" l="H"/>
		<a id="31" s="H" t="H" l="H"/>
		<a id="32" s="H" t="H" l="H"/>
		<a id="33" s="H" t="H" l="H"/>
		<a id="34" s="H" t="H" l="H"/>
		<a id="35" s="H" t="H" l="H"/>
		<a id="36" s="H" t="H" l="H"/>
		<a id="37" s="H" t="H" l="H"/>
		<a id="38" s="H" t="H" l="H"/>
		<a id="39" s="H" t="H" l="H"/>
		<a id="40" s="H" t="H" l="H"/>
		<a id="41" s="H" t="H" l="H"/>
		<a id="42" s="H" t="H" l="H"/>
	</atoms>
	<bonds>
		<b id="1" c="1 2" t="1"/>
		<b id="2" c="2 3" t="1"/>
		<b id="3" c="3 4" t="2"/>
		<b id="4" c="3 5" t="1"/>
		<b id="5" c="5 6" t="ar"/>
		<b id="6" c="6 7" t="ar"/>
		<b id="7" c="7 8" t="ar"/>
		<b id="8" c="8 9" t="1"/>
		<b id="9" c="9 10" t="am"/>
		<b id="10" c="10 11" t="2"/>
		<b id="11" c="10 12" t="1"/>
		<b id="12" c="12 13" t="ar"/>
		<b id="13" c="13 14" t="ar"/>
		<b id="14" c="14 15" t="ar"/>
		<b id="15" c="15 16" t="1"/>
		<b id="16" c="16 17" t="ar"/>
		<b id="17" c="17 18" t="ar"/>
		<b id="18" c="18 19" t="ar"/>
		<b id="19" c="19 20" t="ar"/>
		<b id="20" c="16 20" t="ar"/>
		<b id="21" c="20 21" t="1"/>
		<b id="22" c="21 22" t="1"/>
		<b id="23" c="21 23" t="1"/>
		<b id="24" c="21 24" t="1"/>
		<b id="25" c="15 25" t="ar"/>
		<b id="26" c="12 25" t="ar"/>
		<b id="27" c="25 26" t="1"/>
		<b id="28" c="8 27" t="ar"/>
		<b id="29" c="27 28" t="ar"/>
		<b id="30" c="5 28" t="ar"/>
		<b id="31" c="28 29" t="1"/>
		<b id="32" c="1 30" t="1"/>
		<b id="33" c="1 31" t="1"/>
		<b id="34" c="1 32" t="1"/>
		<b id="35" c="6 33" t="1"/>
		<b id="36" c="7 34" t="1"/>
		<b id="37" c="9 35" t="1"/>
		<b id="38" c="14 36" t="1"/>
		<b id="39" c="17 37" t="1"/>
		<b id="40" c="18 38" t="1"/>
		<b id="41" c="26 39" t="1"/>
		<b id="42" c="26 40" t="1"/>
		<b id="43" c="26 41" t="1"/>
		<b id="44" c="27 42" t="1"/>
	</bonds>
	<geometry>
		<g u="A" t="cart/3d">#42,3:1.3154,-1.3719,2.2658;2.7416,-1.3360,2.1765;3.2108,-0.8905,0.9878;2.5355,-0.4520,0.0698;4.6929,-0.8756,0.9722;5.2897,0.2288,0.3525;6.6818,0.3473,0.2911;7.5128,-0.6308,0.8436;8.9229,-0.5338,0.8485;9.6652,0.6144,0.6091;9.1795,1.7130,0.3622;11.1111,0.4181,0.7191;11.6794,-0.7602,0.9162;13.0330,-0.5218,0.8912;13.3130,0.8182,0.7126;14.6609,1.4523,0.6461;14.9551,2.7036,1.1358;16.2776,2.9169,0.8913;16.8768,1.8878,0.2844;15.8991,0.9664,0.1178;16.1954,-0.3186,-0.6143;15.0962,-1.0830,-0.8467;16.7515,-0.0946,-1.8376;17.0660,-1.1080,0.0725;12.0734,1.4122,0.6230;11.7675,2.7941,0.3315;6.9168,-1.7616,1.4148;5.5149,-1.8856,1.4864;4.8991,-3.3462,2.1785;1.0471,-1.8593,3.2072;0.8870,-1.9550,1.4437;0.9092,-0.3558,2.2715;4.6743,1.0123,-0.0887;7.0827,1.2178,-0.2194;9.4734,-1.3383,1.1412;13.7311,-1.3376,1.0349;14.3725,3.4480,1.6599;16.8361,3.7372,1.1123;12.6707,3.3882,0.2198;11.1694,3.1960,1.1537;11.2211,2.8378,-0.6143;7.5379,-2.5526,1.8301;</g>
	</geometry>
	<conformers/>
	<properties/>
</molecule>
