<?xml version="1.0" ?>
<!--MOLLI PACKAGE EXPERIMENTAL XML FORMAT-->
<molecule name="prELN032036-048">
	<atoms>
		<a id="1" s="C" t="C.3" l="C"/>
		<a id="2" s="O" t="O.3" l="O"/>
		<a id="3" s="C" t="C.2" l="C"/>
		<a id="4" s="O" t="O.2" l="O"/>
		<a id="5" s="C" t="C.ar" l="C"/>
		<a id="6" s="C" t="C.ar" l="C"/>
		<a id="7" s="C" t="C.ar" l="C"/>
		<a id="8" s="C" t="C.ar" l="C"/>
		<a id="9" s="N" t="N.am" l="N"/>
		<a id="10" s="C" t="C.2" l="C"/>
		<a id="11" s="O" t="O.2" l="O"/>
		<a id="12" s="C" t="C.ar" l="C"/>
		<a id="13" s="N" t="N.ar" l="N"/>
		<a id="14" s="C" t="C.ar" l="C"/>
		<a id="15" s="C" t="C.ar" l="C"/>
		<a id="16" s="C" t="C.ar" l="C"/>
		<a id="17" s="C" t="C.ar" l="C"/>
		<a id="18" s="N" t="N.ar" l="N"/>
		<a id="19" s="N" t="N.ar" l="N"/>
		<a id="20" s="C" t="C.ar" l="C"/>
		<a id="21" s="C" t="C.3" l="C"/>
		<a id="22" s="F" t="F" l="F"/>
		<a id="23" s="F" t="F" l="F"/>
		<a id="24" s="F" t="F" l="F"/>
		<a id="25" s="N" t="N.ar" l="N"/>
		<a id="26" s="C" t="C.3" l="C"/>
		<a id="27" s="C" t="C.ar" l="C"/>
		<a id="28" s="C" t="C.ar" l="C"/>
		<a id="29" s="Cl" t="Cl" l="CL"/>
		<a id="30" s="H" t="H" l="H"/>
		<a id="31" s="H" t="H" l="H"/>
		<a id="32" s="H" t="H" l="H"/>
		<a id="33" s="H" t="H" l="H"/>
		<a id="34" s="H" t="H" l="H"/>
		<a id="35" s="H" t="H" l="H"/>
		<a id="36" s="H" t="H" l="H"/>
		<a id="37" s="H" t="H" l="H"/>
		<a id="38" s="H" t="H" l="H"/>
		<a id="39" s="H" t="H" l="H"/>
		<a id="40" s="H" t="H" l="H"/>
		<a id="41" s="H" t="H" l="H"/>
		<a id="42" s="H" t="H" l="H"/>
	</atoms>
	<bonds>
		<b id="1" c="1 2" t="1"/>
		<b id="2" c="2 3" t="1"/>
		<b id="3" c="3 4" t="2"/>
		<b id="4" c="3 5" t="1"/>
		<b id="5" c="5 6" t="ar"/>
		<b id="6" c="6 7" t="ar"/>
		<b id="7" c="7 8" t="ar"/>
		<b id="8" c="8 9" t="1"/>
		<b id="9" c="9 10" t="am"/>
		<b id="10" c="10 11" t="2"/>
		<b id="11" c="10 12" t="1"/>
		<b id="12" c="12 13" t="ar"/>
		<b id="13" c="13 14" t="ar"/>
		<b id="14" c="14 15" t="ar"/>
		<b id="15" c="15 16" t="1"/>
		<b id="16" c="16 17" t="ar"/>
		<b id="17" c="17 18" t="ar"/>
		<b id="18" c="18 19" t="ar"/>
		<b id="19" c="19 20" t="ar"/>
		<b id="20" c="16 20" t="ar"/>
		<b id="21" c="20 21" t="1"/>
		<b id="22" c="21 22" t="1"/>
		<b id="23" c="21 23" t="1"/>
		<b id="24" c="21 24" t="1"/>
		<b id="25" c="15 25" t="ar"/>
		<b id="26" c="12 25" t="ar"/>
		<b id="27" c="25 26" t="1"/>
		<b id="28" c="8 27" t="ar"/>
		<b id="29" c="27 28" t="ar"/>
		<b id="30" c="5 28" t="ar"/>
		<b id="31" c="28 29" t="1"/>
		<b id="32" c="1 30" t="1"/>
		<b id="33" c="1 31" t="1"/>
		<b id="34" c="1 32" t="1"/>
		<b id="35" c="6 33" t="1"/>
		<b id="36" c="7 34" t="1"/>
		<b id="37" c="9 35" t="1"/>
		<b id="38" c="14 36" t="1"/>
		<b id="39" c="17 37" t="1"/>
		<b id="40" c="18 38" t="1"/>
		<b id="41" c="26 39" t="1"/>
		<b id="42" c="26 40" t="1"/>
		<b id="43" c="26 41" t="1"/>
		<b id="44" c="27 42" t="1"/>
	</bonds>
	<geometry>
		<g u="A" t="cart/3d">#42,3:1.3573,-0.1068,0.5848;2.7759,0.0072,0.4703;3.1992,0.8179,-0.5357;2.4867,1.4274,-1.3118;4.6831,0.8223,-0.5414;5.3505,-0.3726,-0.2469;6.7426,-0.4326,-0.2625;7.5079,0.6904,-0.5866;8.9164,0.6565,-0.6548;9.7096,-0.4799,-0.6850;9.2831,-1.6306,-0.6700;11.1360,-0.1938,-0.7840;11.6348,1.0288,-0.7269;12.9953,0.8719,-0.8251;13.3453,-0.4550,-0.9782;14.7211,-0.9983,-1.1640;15.0183,-2.1061,-1.9283;16.3700,-2.2548,-1.8861;16.9844,-1.3244,-1.1496;15.9869,-0.5320,-0.6888;16.3049,0.6093,0.2456;15.2052,1.1856,0.7983;17.0764,0.2130,1.2956;16.9816,1.6083,-0.3829;12.1439,-1.1282,-0.9444;11.9157,-2.5549,-0.9354;6.8463,1.8930,-0.8580;5.4396,1.9600,-0.8476;4.7266,3.4966,-1.1895;1.1418,-0.8468,1.3610;0.9154,-0.4547,-0.3541;0.9274,0.8519,0.8885;4.7963,-1.2781,-0.0051;7.1978,-1.3815,0.0020;9.4266,1.5295,-0.7755;13.6441,1.7391,-0.8197;14.4147,-2.7724,-2.5263;16.9399,-2.9619,-2.3412;12.8483,-3.1099,-0.9992;11.2827,-2.8102,-1.7888;11.4323,-2.8238,0.0082;7.4166,2.7868,-1.1031;</g>
	</geometry>
	<conformers/>
	<properties/>
</molecule>
