<?xml version="1.0" ?>
<!--MOLLI PACKAGE EXPERIMENTAL XML FORMAT-->
<molecule name="prELN032036-045">
	<atoms>
		<a id="1" s="C" t="C.3" l="C"/>
		<a id="2" s="C" t="C.3" l="C"/>
		<a id="3" s="O" t="O.3" l="O"/>
		<a id="4" s="C" t="C.ar" l="C"/>
		<a id="5" s="S" t="S.2" l="S"/>
		<a id="6" s="C" t="C.ar" l="C"/>
		<a id="7" s="N" t="N.ar" l="N"/>
		<a id="8" s="C" t="C.ar" l="C"/>
		<a id="9" s="C" t="C.ar" l="C"/>
		<a id="10" s="C" t="C.ar" l="C"/>
		<a id="11" s="N" t="N.ar" l="N"/>
		<a id="12" s="N" t="N.ar" l="N"/>
		<a id="13" s="C" t="C.3" l="C"/>
		<a id="14" s="C" t="C.3" l="C"/>
		<a id="15" s="F" t="F" l="F"/>
		<a id="16" s="F" t="F" l="F"/>
		<a id="17" s="F" t="F" l="F"/>
		<a id="18" s="C" t="C.ar" l="C"/>
		<a id="19" s="N" t="N.ar" l="N"/>
		<a id="20" s="C" t="C.ar" l="C"/>
		<a id="21" s="N" t="N.ar" l="N"/>
		<a id="22" s="C" t="C.ar" l="C"/>
		<a id="23" s="C" t="C.ar" l="C"/>
		<a id="24" s="C" t="C.ar" l="C"/>
		<a id="25" s="Br" t="Br" l="BR"/>
		<a id="26" s="C" t="C.ar" l="C"/>
		<a id="27" s="C" t="C.ar" l="C"/>
		<a id="28" s="C" t="C.ar" l="C"/>
		<a id="29" s="H" t="H" l="H"/>
		<a id="30" s="H" t="H" l="H"/>
		<a id="31" s="H" t="H" l="H"/>
		<a id="32" s="H" t="H" l="H"/>
		<a id="33" s="H" t="H" l="H"/>
		<a id="34" s="H" t="H" l="H"/>
		<a id="35" s="H" t="H" l="H"/>
		<a id="36" s="H" t="H" l="H"/>
		<a id="37" s="H" t="H" l="H"/>
		<a id="38" s="H" t="H" l="H"/>
		<a id="39" s="H" t="H" l="H"/>
		<a id="40" s="H" t="H" l="H"/>
		<a id="41" s="H" t="H" l="H"/>
	</atoms>
	<bonds>
		<b id="1" c="1 2" t="1"/>
		<b id="2" c="2 3" t="1"/>
		<b id="3" c="2 4" t="1"/>
		<b id="4" c="4 5" t="ar"/>
		<b id="5" c="5 6" t="ar"/>
		<b id="6" c="6 7" t="ar"/>
		<b id="7" c="7 8" t="ar"/>
		<b id="8" c="4 8" t="ar"/>
		<b id="9" c="8 9" t="1"/>
		<b id="10" c="9 10" t="ar"/>
		<b id="11" c="10 11" t="ar"/>
		<b id="12" c="11 12" t="ar"/>
		<b id="13" c="12 13" t="1"/>
		<b id="14" c="13 14" t="1"/>
		<b id="15" c="14 15" t="1"/>
		<b id="16" c="14 16" t="1"/>
		<b id="17" c="14 17" t="1"/>
		<b id="18" c="12 18" t="ar"/>
		<b id="19" c="9 18" t="ar"/>
		<b id="20" c="6 19" t="1"/>
		<b id="21" c="19 20" t="ar"/>
		<b id="22" c="20 21" t="ar"/>
		<b id="23" c="21 22" t="ar"/>
		<b id="24" c="22 23" t="ar"/>
		<b id="25" c="23 24" t="ar"/>
		<b id="26" c="24 25" t="1"/>
		<b id="27" c="24 26" t="ar"/>
		<b id="28" c="26 27" t="ar"/>
		<b id="29" c="27 28" t="ar"/>
		<b id="30" c="19 28" t="ar"/>
		<b id="31" c="22 28" t="ar"/>
		<b id="32" c="1 29" t="1"/>
		<b id="33" c="1 30" t="1"/>
		<b id="34" c="1 31" t="1"/>
		<b id="35" c="2 32" t="1"/>
		<b id="36" c="3 33" t="1"/>
		<b id="37" c="10 34" t="1"/>
		<b id="38" c="13 35" t="1"/>
		<b id="39" c="13 36" t="1"/>
		<b id="40" c="18 37" t="1"/>
		<b id="41" c="20 38" t="1"/>
		<b id="42" c="23 39" t="1"/>
		<b id="43" c="26 40" t="1"/>
		<b id="44" c="27 41" t="1"/>
	</bonds>
	<geometry>
		<g u="A" t="cart/3d">#41,3:1.3946,0.5169,-0.8274;2.5142,-0.1811,-0.0745;2.0613,-0.5153,1.2396;3.0037,-1.4317,-0.7569;2.3273,-2.9661,-0.3677;3.3874,-3.7210,-1.4617;4.1719,-2.9212,-2.1561;3.9518,-1.6051,-1.7586;4.7232,-0.5445,-2.4197;5.1979,-0.5642,-3.7473;5.8510,0.5614,-4.0750;5.7849,1.3039,-2.9550;6.4471,2.5862,-2.8844;5.5475,3.7350,-3.2612;4.2732,3.3817,-3.5260;5.4955,4.6330,-2.2401;6.0243,4.4030,-4.3365;5.1509,0.6673,-1.9251;3.2882,-5.1092,-1.6524;2.3787,-5.9775,-1.0641;2.2883,-7.1282,-1.6954;3.2381,-7.0582,-2.6694;3.4866,-7.9535,-3.7186;4.5148,-7.6426,-4.6088;4.6378,-8.5973,-6.2396;5.3832,-6.5749,-4.3754;5.1378,-5.6679,-3.3383;3.9972,-5.8927,-2.5568;1.1198,1.4408,-0.3060;0.4898,-0.0986,-0.8652;1.6866,0.7709,-1.8507;3.3385,0.5124,0.0785;1.3095,-1.1237,1.1390;5.0910,-1.3434,-4.4916;7.3330,2.5478,-3.5261;6.8030,2.7064,-1.8538;5.0757,1.1303,-0.9520;1.7537,-5.6975,-0.2257;2.8384,-8.8111,-3.8600;6.2277,-6.4005,-5.0388;5.7651,-4.7934,-3.1983;</g>
	</geometry>
	<conformers/>
	<properties/>
</molecule>
