<?xml version="1.0" ?>
<!--MOLLI PACKAGE EXPERIMENTAL XML FORMAT-->
<molecule name="prELN032036-047">
	<atoms>
		<a id="1" s="C" t="C.3" l="C"/>
		<a id="2" s="C" t="C.2" l="C"/>
		<a id="3" s="O" t="O.2" l="O"/>
		<a id="4" s="C" t="C.ar" l="C"/>
		<a id="5" s="S" t="S.2" l="S"/>
		<a id="6" s="C" t="C.ar" l="C"/>
		<a id="7" s="N" t="N.ar" l="N"/>
		<a id="8" s="C" t="C.ar" l="C"/>
		<a id="9" s="C" t="C.ar" l="C"/>
		<a id="10" s="C" t="C.ar" l="C"/>
		<a id="11" s="N" t="N.ar" l="N"/>
		<a id="12" s="N" t="N.ar" l="N"/>
		<a id="13" s="C" t="C.3" l="C"/>
		<a id="14" s="C" t="C.3" l="C"/>
		<a id="15" s="F" t="F" l="F"/>
		<a id="16" s="F" t="F" l="F"/>
		<a id="17" s="F" t="F" l="F"/>
		<a id="18" s="C" t="C.ar" l="C"/>
		<a id="19" s="N" t="N.ar" l="N"/>
		<a id="20" s="C" t="C.ar" l="C"/>
		<a id="21" s="N" t="N.ar" l="N"/>
		<a id="22" s="C" t="C.ar" l="C"/>
		<a id="23" s="C" t="C.ar" l="C"/>
		<a id="24" s="C" t="C.ar" l="C"/>
		<a id="25" s="Br" t="Br" l="BR"/>
		<a id="26" s="N" t="N.ar" l="N"/>
		<a id="27" s="C" t="C.ar" l="C"/>
		<a id="28" s="C" t="C.ar" l="C"/>
		<a id="29" s="H" t="H" l="H"/>
		<a id="30" s="H" t="H" l="H"/>
		<a id="31" s="H" t="H" l="H"/>
		<a id="32" s="H" t="H" l="H"/>
		<a id="33" s="H" t="H" l="H"/>
		<a id="34" s="H" t="H" l="H"/>
		<a id="35" s="H" t="H" l="H"/>
		<a id="36" s="H" t="H" l="H"/>
		<a id="37" s="H" t="H" l="H"/>
		<a id="38" s="H" t="H" l="H"/>
	</atoms>
	<bonds>
		<b id="1" c="1 2" t="1"/>
		<b id="2" c="2 3" t="2"/>
		<b id="3" c="2 4" t="1"/>
		<b id="4" c="4 5" t="ar"/>
		<b id="5" c="5 6" t="ar"/>
		<b id="6" c="6 7" t="ar"/>
		<b id="7" c="7 8" t="ar"/>
		<b id="8" c="4 8" t="ar"/>
		<b id="9" c="8 9" t="1"/>
		<b id="10" c="9 10" t="ar"/>
		<b id="11" c="10 11" t="ar"/>
		<b id="12" c="11 12" t="ar"/>
		<b id="13" c="12 13" t="1"/>
		<b id="14" c="13 14" t="1"/>
		<b id="15" c="14 15" t="1"/>
		<b id="16" c="14 16" t="1"/>
		<b id="17" c="14 17" t="1"/>
		<b id="18" c="12 18" t="ar"/>
		<b id="19" c="9 18" t="ar"/>
		<b id="20" c="6 19" t="1"/>
		<b id="21" c="19 20" t="ar"/>
		<b id="22" c="20 21" t="ar"/>
		<b id="23" c="21 22" t="ar"/>
		<b id="24" c="22 23" t="ar"/>
		<b id="25" c="23 24" t="ar"/>
		<b id="26" c="24 25" t="1"/>
		<b id="27" c="24 26" t="ar"/>
		<b id="28" c="26 27" t="ar"/>
		<b id="29" c="27 28" t="ar"/>
		<b id="30" c="19 28" t="ar"/>
		<b id="31" c="22 28" t="ar"/>
		<b id="32" c="1 29" t="1"/>
		<b id="33" c="1 30" t="1"/>
		<b id="34" c="1 31" t="1"/>
		<b id="35" c="10 32" t="1"/>
		<b id="36" c="13 33" t="1"/>
		<b id="37" c="13 34" t="1"/>
		<b id="38" c="18 35" t="1"/>
		<b id="39" c="20 36" t="1"/>
		<b id="40" c="23 37" t="1"/>
		<b id="41" c="27 38" t="1"/>
	</bonds>
	<geometry>
		<g u="A" t="cart/3d">#38,3:2.9893,-0.0058,-1.6242;2.6939,0.1917,-0.1553;1.9548,-0.6159,0.4091;3.2994,1.3266,0.5248;4.6395,2.1663,-0.1564;4.7312,3.1480,1.2219;3.8392,2.9224,2.1586;2.9917,1.9004,1.7494;1.8641,1.6063,2.6248;1.8641,1.6949,4.0299;0.6697,1.3986,4.5553;-0.1025,1.1810,3.4750;-1.5086,0.9117,3.6353;-2.3343,2.1697,3.5619;-1.6249,3.2880,3.3157;-3.2461,2.0622,2.5626;-3.0346,2.3710,4.7035;0.5772,1.2547,2.2938;5.6731,4.1762,1.2902;6.6025,4.5480,0.3348;7.2417,5.6553,0.6410;6.7409,6.0240,1.8594;7.0174,7.1642,2.6129;6.3203,7.2771,3.8014;6.4747,8.8964,4.7810;5.4823,6.3366,4.2950;5.2277,5.2223,3.5733;5.8210,5.0921,2.3261;2.4386,-0.8783,-1.9899;4.0549,-0.1919,-1.7808;2.6604,0.8681,-2.1934;2.6799,1.9571,4.6920;-1.6498,0.3983,4.5966;-1.8010,0.2051,2.8485;0.0937,1.0820,1.3429;6.7530,3.9958,-0.5821;7.6997,7.9214,2.2517;4.5416,4.5024,4.0031;</g>
	</geometry>
	<conformers/>
	<properties/>
</molecule>
