<?xml version="1.0" ?>
<!--MOLLI PACKAGE EXPERIMENTAL XML FORMAT-->
<molecule name="prELN032036-055">
	<atoms>
		<a id="1" s="C" t="C.3" l="C"/>
		<a id="2" s="C" t="C.2" l="C"/>
		<a id="3" s="O" t="O.2" l="O"/>
		<a id="4" s="C" t="C.ar" l="C"/>
		<a id="5" s="S" t="S.2" l="S"/>
		<a id="6" s="C" t="C.ar" l="C"/>
		<a id="7" s="N" t="N.ar" l="N"/>
		<a id="8" s="C" t="C.ar" l="C"/>
		<a id="9" s="C" t="C.ar" l="C"/>
		<a id="10" s="C" t="C.ar" l="C"/>
		<a id="11" s="N" t="N.ar" l="N"/>
		<a id="12" s="N" t="N.ar" l="N"/>
		<a id="13" s="C" t="C.3" l="C"/>
		<a id="14" s="C" t="C.3" l="C"/>
		<a id="15" s="F" t="F" l="F"/>
		<a id="16" s="F" t="F" l="F"/>
		<a id="17" s="F" t="F" l="F"/>
		<a id="18" s="C" t="C.ar" l="C"/>
		<a id="19" s="N" t="N.ar" l="N"/>
		<a id="20" s="C" t="C.ar" l="C"/>
		<a id="21" s="N" t="N.ar" l="N"/>
		<a id="22" s="C" t="C.ar" l="C"/>
		<a id="23" s="C" t="C.ar" l="C"/>
		<a id="24" s="C" t="C.ar" l="C"/>
		<a id="25" s="Br" t="Br" l="BR"/>
		<a id="26" s="C" t="C.ar" l="C"/>
		<a id="27" s="C" t="C.ar" l="C"/>
		<a id="28" s="C" t="C.ar" l="C"/>
		<a id="29" s="H" t="H" l="H"/>
		<a id="30" s="H" t="H" l="H"/>
		<a id="31" s="H" t="H" l="H"/>
		<a id="32" s="H" t="H" l="H"/>
		<a id="33" s="H" t="H" l="H"/>
		<a id="34" s="H" t="H" l="H"/>
		<a id="35" s="H" t="H" l="H"/>
		<a id="36" s="H" t="H" l="H"/>
		<a id="37" s="H" t="H" l="H"/>
		<a id="38" s="H" t="H" l="H"/>
		<a id="39" s="H" t="H" l="H"/>
	</atoms>
	<bonds>
		<b id="1" c="1 2" t="1"/>
		<b id="2" c="2 3" t="2"/>
		<b id="3" c="2 4" t="1"/>
		<b id="4" c="4 5" t="ar"/>
		<b id="5" c="5 6" t="ar"/>
		<b id="6" c="6 7" t="ar"/>
		<b id="7" c="7 8" t="ar"/>
		<b id="8" c="4 8" t="ar"/>
		<b id="9" c="8 9" t="1"/>
		<b id="10" c="9 10" t="ar"/>
		<b id="11" c="10 11" t="ar"/>
		<b id="12" c="11 12" t="ar"/>
		<b id="13" c="12 13" t="1"/>
		<b id="14" c="13 14" t="1"/>
		<b id="15" c="14 15" t="1"/>
		<b id="16" c="14 16" t="1"/>
		<b id="17" c="14 17" t="1"/>
		<b id="18" c="12 18" t="ar"/>
		<b id="19" c="9 18" t="ar"/>
		<b id="20" c="6 19" t="1"/>
		<b id="21" c="19 20" t="ar"/>
		<b id="22" c="20 21" t="ar"/>
		<b id="23" c="21 22" t="ar"/>
		<b id="24" c="22 23" t="ar"/>
		<b id="25" c="23 24" t="ar"/>
		<b id="26" c="24 25" t="1"/>
		<b id="27" c="24 26" t="ar"/>
		<b id="28" c="26 27" t="ar"/>
		<b id="29" c="27 28" t="ar"/>
		<b id="30" c="19 28" t="ar"/>
		<b id="31" c="22 28" t="ar"/>
		<b id="32" c="1 29" t="1"/>
		<b id="33" c="1 30" t="1"/>
		<b id="34" c="1 31" t="1"/>
		<b id="35" c="10 32" t="1"/>
		<b id="36" c="13 33" t="1"/>
		<b id="37" c="13 34" t="1"/>
		<b id="38" c="18 35" t="1"/>
		<b id="39" c="20 36" t="1"/>
		<b id="40" c="23 37" t="1"/>
		<b id="41" c="26 38" t="1"/>
		<b id="42" c="27 39" t="1"/>
	</bonds>
	<geometry>
		<g u="A" t="cart/3d">#39,3:3.0518,0.1744,-1.6343;2.6873,0.2380,-0.1726;1.9691,-0.6469,0.2872;3.2197,1.3146,0.6575;4.4335,2.3897,0.0832;4.5275,3.1119,1.6200;3.7260,2.6291,2.5431;2.9122,1.6644,1.9673;1.8102,1.1852,2.8001;1.8269,1.0845,4.1980;0.6452,0.6913,4.6864;-0.1343,0.6005,3.5926;-1.5286,0.2630,3.7289;-2.3979,1.4907,3.8362;-1.7370,2.6572,3.6685;-3.3644,1.4574,2.8812;-3.0306,1.5466,5.0292;0.5326,0.8528,2.4276;5.5452,4.0301,1.8960;6.1054,4.2215,3.1430;7.3145,4.7361,3.0651;7.4911,5.0140,1.7352;8.6374,5.4303,1.0460;8.5296,5.6361,-0.3333;10.1022,5.7552,-1.3777;7.2913,5.6316,-0.9770;6.1467,5.2041,-0.3039;6.3184,4.7823,1.0223;2.5347,-0.6664,-2.1000;4.1264,0.0252,-1.7618;2.7296,1.0873,-2.1476;2.6441,1.2800,4.8797;-1.6411,-0.3782,4.6092;-1.8068,-0.3350,2.8532;0.0394,0.8079,1.4659;5.6344,3.8508,4.0452;9.5847,5.5040,1.5679;7.2166,5.8952,-2.0292;5.1945,5.1329,-0.8193;</g>
	</geometry>
	<conformers/>
	<properties/>
</molecule>
