<?xml version="1.0" ?>
<!--MOLLI PACKAGE EXPERIMENTAL XML FORMAT-->
<molecule name="prELN032036-062">
	<atoms>
		<a id="1" s="C" t="C.3" l="C"/>
		<a id="2" s="C" t="C.2" l="C"/>
		<a id="3" s="O" t="O.2" l="O"/>
		<a id="4" s="C" t="C.ar" l="C"/>
		<a id="5" s="S" t="S.2" l="S"/>
		<a id="6" s="C" t="C.ar" l="C"/>
		<a id="7" s="N" t="N.ar" l="N"/>
		<a id="8" s="C" t="C.ar" l="C"/>
		<a id="9" s="C" t="C.ar" l="C"/>
		<a id="10" s="C" t="C.ar" l="C"/>
		<a id="11" s="N" t="N.ar" l="N"/>
		<a id="12" s="N" t="N.ar" l="N"/>
		<a id="13" s="C" t="C.3" l="C"/>
		<a id="14" s="C" t="C.3" l="C"/>
		<a id="15" s="F" t="F" l="F"/>
		<a id="16" s="F" t="F" l="F"/>
		<a id="17" s="F" t="F" l="F"/>
		<a id="18" s="C" t="C.ar" l="C"/>
		<a id="19" s="N" t="N.ar" l="N"/>
		<a id="20" s="C" t="C.ar" l="C"/>
		<a id="21" s="N" t="N.ar" l="N"/>
		<a id="22" s="C" t="C.ar" l="C"/>
		<a id="23" s="C" t="C.ar" l="C"/>
		<a id="24" s="C" t="C.ar" l="C"/>
		<a id="25" s="Br" t="Br" l="BR"/>
		<a id="26" s="C" t="C.ar" l="C"/>
		<a id="27" s="C" t="C.ar" l="C"/>
		<a id="28" s="C" t="C.ar" l="C"/>
		<a id="29" s="H" t="H" l="H"/>
		<a id="30" s="H" t="H" l="H"/>
		<a id="31" s="H" t="H" l="H"/>
		<a id="32" s="H" t="H" l="H"/>
		<a id="33" s="H" t="H" l="H"/>
		<a id="34" s="H" t="H" l="H"/>
		<a id="35" s="H" t="H" l="H"/>
		<a id="36" s="H" t="H" l="H"/>
		<a id="37" s="H" t="H" l="H"/>
		<a id="38" s="H" t="H" l="H"/>
		<a id="39" s="H" t="H" l="H"/>
	</atoms>
	<bonds>
		<b id="1" c="1 2" t="1"/>
		<b id="2" c="2 3" t="2"/>
		<b id="3" c="2 4" t="1"/>
		<b id="4" c="4 5" t="ar"/>
		<b id="5" c="5 6" t="ar"/>
		<b id="6" c="6 7" t="ar"/>
		<b id="7" c="7 8" t="ar"/>
		<b id="8" c="4 8" t="ar"/>
		<b id="9" c="8 9" t="1"/>
		<b id="10" c="9 10" t="ar"/>
		<b id="11" c="10 11" t="ar"/>
		<b id="12" c="11 12" t="ar"/>
		<b id="13" c="12 13" t="1"/>
		<b id="14" c="13 14" t="1"/>
		<b id="15" c="14 15" t="1"/>
		<b id="16" c="14 16" t="1"/>
		<b id="17" c="14 17" t="1"/>
		<b id="18" c="12 18" t="ar"/>
		<b id="19" c="9 18" t="ar"/>
		<b id="20" c="6 19" t="1"/>
		<b id="21" c="19 20" t="ar"/>
		<b id="22" c="20 21" t="ar"/>
		<b id="23" c="21 22" t="ar"/>
		<b id="24" c="22 23" t="ar"/>
		<b id="25" c="23 24" t="ar"/>
		<b id="26" c="24 25" t="1"/>
		<b id="27" c="24 26" t="ar"/>
		<b id="28" c="26 27" t="ar"/>
		<b id="29" c="27 28" t="ar"/>
		<b id="30" c="19 28" t="ar"/>
		<b id="31" c="22 28" t="ar"/>
		<b id="32" c="1 29" t="1"/>
		<b id="33" c="1 30" t="1"/>
		<b id="34" c="1 31" t="1"/>
		<b id="35" c="10 32" t="1"/>
		<b id="36" c="13 33" t="1"/>
		<b id="37" c="13 34" t="1"/>
		<b id="38" c="18 35" t="1"/>
		<b id="39" c="20 36" t="1"/>
		<b id="40" c="23 37" t="1"/>
		<b id="41" c="26 38" t="1"/>
		<b id="42" c="27 39" t="1"/>
	</bonds>
	<geometry>
		<g u="A" t="cart/3d">#39,3:2.8644,-1.5360,0.7995;2.6686,-0.3627,-0.1354;1.9693,0.5788,0.2477;3.3069,-0.3978,-1.4436;4.5778,-1.5115,-1.7843;4.7931,-0.8090,-3.3151;3.9726,0.1687,-3.6198;3.0949,0.3922,-2.5648;2.0620,1.4007,-2.7885;2.2033,2.5384,-3.6096;1.0843,3.2822,-3.6397;0.2257,2.5885,-2.8675;-1.1183,3.0784,-2.6760;-2.0854,2.4964,-3.6791;-1.5446,1.5760,-4.5029;-3.1080,1.8792,-3.0325;-2.6354,3.4622,-4.4494;0.7669,1.4565,-2.3290;5.7514,-1.3299,-4.1978;6.6017,-2.4020,-3.9945;7.1880,-2.8093,-5.0965;6.7541,-1.9444,-6.0622;6.9671,-1.9892,-7.4467;6.3809,-0.9956,-8.2343;6.4006,-1.1803,-10.1180;5.7139,0.0870,-7.6616;5.5000,0.1458,-6.2808;5.9701,-0.9312,-5.5140;2.3286,-1.3467,1.7354;3.9215,-1.6657,1.0438;2.4553,-2.4459,0.3514;3.0662,2.8581,-4.1745;-1.0944,4.1694,-2.7447;-1.4154,2.8169,-1.6550;0.1945,0.8058,-1.6813;6.7204,-2.8830,-3.0328;7.5191,-2.8154,-7.8800;5.3059,0.8763,-8.2896;4.9333,0.9614,-5.8414;</g>
	</geometry>
	<conformers/>
	<properties/>
</molecule>
