<?xml version="1.0" ?>
<!--MOLLI PACKAGE EXPERIMENTAL XML FORMAT-->
<molecule name="prELN032036-063">
	<atoms>
		<a id="1" s="C" t="C.3" l="C"/>
		<a id="2" s="C" t="C.2" l="C"/>
		<a id="3" s="O" t="O.2" l="O"/>
		<a id="4" s="C" t="C.ar" l="C"/>
		<a id="5" s="S" t="S.2" l="S"/>
		<a id="6" s="C" t="C.ar" l="C"/>
		<a id="7" s="N" t="N.ar" l="N"/>
		<a id="8" s="C" t="C.ar" l="C"/>
		<a id="9" s="C" t="C.ar" l="C"/>
		<a id="10" s="C" t="C.ar" l="C"/>
		<a id="11" s="N" t="N.ar" l="N"/>
		<a id="12" s="N" t="N.ar" l="N"/>
		<a id="13" s="C" t="C.3" l="C"/>
		<a id="14" s="C" t="C.3" l="C"/>
		<a id="15" s="F" t="F" l="F"/>
		<a id="16" s="F" t="F" l="F"/>
		<a id="17" s="F" t="F" l="F"/>
		<a id="18" s="C" t="C.ar" l="C"/>
		<a id="19" s="N" t="N.ar" l="N"/>
		<a id="20" s="C" t="C.ar" l="C"/>
		<a id="21" s="N" t="N.ar" l="N"/>
		<a id="22" s="C" t="C.ar" l="C"/>
		<a id="23" s="C" t="C.ar" l="C"/>
		<a id="24" s="C" t="C.ar" l="C"/>
		<a id="25" s="Br" t="Br" l="BR"/>
		<a id="26" s="C" t="C.ar" l="C"/>
		<a id="27" s="C" t="C.ar" l="C"/>
		<a id="28" s="C" t="C.ar" l="C"/>
		<a id="29" s="H" t="H" l="H"/>
		<a id="30" s="H" t="H" l="H"/>
		<a id="31" s="H" t="H" l="H"/>
		<a id="32" s="H" t="H" l="H"/>
		<a id="33" s="H" t="H" l="H"/>
		<a id="34" s="H" t="H" l="H"/>
		<a id="35" s="H" t="H" l="H"/>
		<a id="36" s="H" t="H" l="H"/>
		<a id="37" s="H" t="H" l="H"/>
		<a id="38" s="H" t="H" l="H"/>
		<a id="39" s="H" t="H" l="H"/>
	</atoms>
	<bonds>
		<b id="1" c="1 2" t="1"/>
		<b id="2" c="2 3" t="2"/>
		<b id="3" c="2 4" t="1"/>
		<b id="4" c="4 5" t="ar"/>
		<b id="5" c="5 6" t="ar"/>
		<b id="6" c="6 7" t="ar"/>
		<b id="7" c="7 8" t="ar"/>
		<b id="8" c="4 8" t="ar"/>
		<b id="9" c="8 9" t="1"/>
		<b id="10" c="9 10" t="ar"/>
		<b id="11" c="10 11" t="ar"/>
		<b id="12" c="11 12" t="ar"/>
		<b id="13" c="12 13" t="1"/>
		<b id="14" c="13 14" t="1"/>
		<b id="15" c="14 15" t="1"/>
		<b id="16" c="14 16" t="1"/>
		<b id="17" c="14 17" t="1"/>
		<b id="18" c="12 18" t="ar"/>
		<b id="19" c="9 18" t="ar"/>
		<b id="20" c="6 19" t="1"/>
		<b id="21" c="19 20" t="ar"/>
		<b id="22" c="20 21" t="ar"/>
		<b id="23" c="21 22" t="ar"/>
		<b id="24" c="22 23" t="ar"/>
		<b id="25" c="23 24" t="ar"/>
		<b id="26" c="24 25" t="1"/>
		<b id="27" c="24 26" t="ar"/>
		<b id="28" c="26 27" t="ar"/>
		<b id="29" c="27 28" t="ar"/>
		<b id="30" c="19 28" t="ar"/>
		<b id="31" c="22 28" t="ar"/>
		<b id="32" c="1 29" t="1"/>
		<b id="33" c="1 30" t="1"/>
		<b id="34" c="1 31" t="1"/>
		<b id="35" c="10 32" t="1"/>
		<b id="36" c="13 33" t="1"/>
		<b id="37" c="13 34" t="1"/>
		<b id="38" c="18 35" t="1"/>
		<b id="39" c="20 36" t="1"/>
		<b id="40" c="23 37" t="1"/>
		<b id="41" c="26 38" t="1"/>
		<b id="42" c="27 39" t="1"/>
	</bonds>
	<geometry>
		<g u="A" t="cart/3d">#39,3:2.6790,-1.7643,-0.5032;2.6071,-0.2612,-0.3703;2.0586,0.2078,0.6251;3.1822,0.5580,-1.4264;4.3134,-0.1072,-2.5310;4.5346,1.4172,-3.2474;3.8169,2.3988,-2.7488;3.0015,1.9044,-1.7266;2.0421,2.8334,-1.1305;2.2067,4.2243,-0.9936;1.1557,4.8174,-0.4226;0.2953,3.8055,-0.2337;-1.0142,4.0531,0.3363;-2.0589,4.2806,-0.7276;-1.6076,4.1258,-1.9893;-3.0792,3.3982,-0.5702;-2.5958,5.5191,-0.6327;0.7860,2.5884,-0.6220;5.3783,1.5213,-4.3653;6.0488,0.4921,-5.0054;6.4892,0.8256,-6.1938;6.1663,2.1456,-6.3231;6.2683,2.9663,-7.4528;5.8295,4.2850,-7.3357;5.4999,5.2844,-8.9099;5.4881,4.8321,-6.0988;5.3605,4.0164,-4.9692;5.6245,2.6505,-5.1413;2.1783,-2.2302,0.3479;3.7193,-2.1058,-0.5066;2.1660,-2.0891,-1.4167;3.0587,4.8287,-1.2769;-0.9343,4.9164,1.0047;-1.2708,3.1860,0.9563;0.2094,1.6770,-0.5155;6.1418,-0.5014,-4.5872;6.5961,2.5460,-8.3966;5.2454,5.8894,-6.0171;4.9971,4.4194,-4.0288;</g>
	</geometry>
	<conformers/>
	<properties/>
</molecule>
