<?xml version="1.0" ?>
<!--MOLLI PACKAGE EXPERIMENTAL XML FORMAT-->
<molecule name="prELN032036-053">
	<atoms>
		<a id="1" s="Br" t="Br" l="BR"/>
		<a id="2" s="C" t="C.ar" l="C"/>
		<a id="3" s="C" t="C.ar" l="C"/>
		<a id="4" s="C" t="C.ar" l="C"/>
		<a id="5" s="C" t="C.ar" l="C"/>
		<a id="6" s="C" t="C.3" l="C"/>
		<a id="7" s="C" t="C.3" l="C"/>
		<a id="8" s="N" t="N.pl3" l="N"/>
		<a id="9" s="C" t="C.ar" l="C"/>
		<a id="10" s="C" t="C.ar" l="C"/>
		<a id="11" s="C" t="C.ar" l="C"/>
		<a id="12" s="C" t="C.ar" l="C"/>
		<a id="13" s="C" t="C.1" l="C"/>
		<a id="14" s="N" t="N.1" l="N"/>
		<a id="15" s="C" t="C.ar" l="C"/>
		<a id="16" s="C" t="C.ar" l="C"/>
		<a id="17" s="C" t="C.ar" l="C"/>
		<a id="18" s="C" t="C.ar" l="C"/>
		<a id="19" s="C" t="C.ar" l="C"/>
		<a id="20" s="H" t="H" l="H"/>
		<a id="21" s="N" t="N.ar" l="N"/>
		<a id="22" s="C" t="C.3" l="C"/>
		<a id="23" s="C" t="C.3" l="C"/>
		<a id="24" s="C" t="C.3" l="C"/>
		<a id="25" s="N" t="N.3" l="N"/>
		<a id="26" s="C" t="C.3" l="C"/>
		<a id="27" s="C" t="C.ar" l="C"/>
		<a id="28" s="C" t="C.ar" l="C"/>
		<a id="29" s="H" t="H" l="H"/>
		<a id="30" s="H" t="H" l="H"/>
		<a id="31" s="H" t="H" l="H"/>
		<a id="32" s="H" t="H" l="H"/>
		<a id="33" s="H" t="H" l="H"/>
		<a id="34" s="H" t="H" l="H"/>
		<a id="35" s="H" t="H" l="H"/>
		<a id="36" s="H" t="H" l="H"/>
		<a id="37" s="H" t="H" l="H"/>
		<a id="38" s="H" t="H" l="H"/>
		<a id="39" s="H" t="H" l="H"/>
		<a id="40" s="H" t="H" l="H"/>
		<a id="41" s="H" t="H" l="H"/>
		<a id="42" s="H" t="H" l="H"/>
		<a id="43" s="H" t="H" l="H"/>
		<a id="44" s="H" t="H" l="H"/>
		<a id="45" s="H" t="H" l="H"/>
		<a id="46" s="H" t="H" l="H"/>
	</atoms>
	<bonds>
		<b id="1" c="2 3" t="ar"/>
		<b id="2" c="3 4" t="ar"/>
		<b id="3" c="4 5" t="ar"/>
		<b id="4" c="5 6" t="1"/>
		<b id="5" c="6 7" t="1"/>
		<b id="6" c="7 8" t="1"/>
		<b id="7" c="9 10" t="ar"/>
		<b id="8" c="10 11" t="ar"/>
		<b id="9" c="11 12" t="ar"/>
		<b id="10" c="12 13" t="1"/>
		<b id="11" c="13 14" t="3"/>
		<b id="12" c="12 15" t="ar"/>
		<b id="13" c="15 16" t="ar"/>
		<b id="14" c="9 16" t="ar"/>
		<b id="15" c="16 17" t="ar"/>
		<b id="16" c="17 18" t="ar"/>
		<b id="17" c="18 19" t="ar"/>
		<b id="18" c="19 20" t="1"/>
		<b id="19" c="19 21" t="ar"/>
		<b id="20" c="15 21" t="ar"/>
		<b id="21" c="8 22" t="1"/>
		<b id="22" c="22 23" t="1"/>
		<b id="23" c="23 25" t="1"/>
		<b id="24" c="6 25" t="1"/>
		<b id="25" c="25 26" t="1"/>
		<b id="26" c="26 27" t="1"/>
		<b id="27" c="5 27" t="ar"/>
		<b id="28" c="27 28" t="ar"/>
		<b id="29" c="2 28" t="ar"/>
		<b id="30" c="1 2" t="1"/>
		<b id="31" c="8 9" t="1"/>
		<b id="32" c="23 24" t="1"/>
		<b id="33" c="3 29" t="1"/>
		<b id="34" c="4 30" t="1"/>
		<b id="35" c="6 31" t="1"/>
		<b id="36" c="7 32" t="1"/>
		<b id="37" c="7 33" t="1"/>
		<b id="38" c="10 34" t="1"/>
		<b id="39" c="11 35" t="1"/>
		<b id="40" c="17 36" t="1"/>
		<b id="41" c="18 37" t="1"/>
		<b id="42" c="22 38" t="1"/>
		<b id="43" c="22 39" t="1"/>
		<b id="44" c="23 40" t="1"/>
		<b id="45" c="24 41" t="1"/>
		<b id="46" c="24 42" t="1"/>
		<b id="47" c="24 43" t="1"/>
		<b id="48" c="26 44" t="1"/>
		<b id="49" c="26 45" t="1"/>
		<b id="50" c="28 46" t="1"/>
	</bonds>
	<geometry>
		<g u="A" t="cart/3d">#46,3:1.0586,-0.6413,0.0267;2.9428,-0.3304,0.0061;3.8564,-1.3963,-0.0878;5.2496,-1.1497,-0.0891;5.6971,0.1793,-0.0150;7.0767,0.7541,0.0370;8.0662,0.1915,-1.0625;9.1152,1.1436,-1.5187;10.0054,0.8121,-2.6739;10.4426,1.8477,-3.5364;11.1558,1.5361,-4.6856;11.4127,0.2108,-5.0807;12.2808,0.1951,-6.3283;13.0009,0.1820,-7.3633;10.8434,-0.8229,-4.3611;10.2654,-0.5310,-3.1084;9.9360,-1.6222,-2.3500;9.6373,-2.8357,-2.9085;10.0051,-3.0439,-4.2202;9.7977,-4.0115,-4.6544;10.7285,-2.0873,-4.8765;9.0300,2.5065,-1.0432;7.5533,2.9634,-1.0862;6.9351,2.7793,-2.5047;6.8675,2.2222,-0.0256;5.4440,2.5144,0.1702;4.7863,1.2051,0.0713;3.4118,0.9879,0.0925;3.4832,-2.4076,-0.1545;5.9427,-1.9771,-0.1526;7.5324,0.5232,1.0234;7.4734,-0.1451,-1.9322;8.4398,-0.7078,-0.5696;10.2279,2.9000,-3.4118;11.4909,2.3638,-5.3010;9.9630,-1.5508,-1.2985;9.1538,-3.5833,-2.2870;9.6666,3.2317,-1.5237;9.3652,2.5190,0.0340;7.5346,4.0370,-0.8278;6.8843,1.7260,-2.8332;7.5315,3.3310,-3.2566;5.8996,3.1651,-2.5525;5.0446,3.2363,-0.5755;5.2771,2.9292,1.1870;2.7196,1.8205,0.1713;</g>
	</geometry>
	<conformers/>
	<properties/>
</molecule>
