<?xml version="1.0" ?>
<!--MOLLI PACKAGE EXPERIMENTAL XML FORMAT-->
<molecule name="prELN032036-063">
	<atoms>
		<a id="1" s="C" t="C.3" l="C"/>
		<a id="2" s="N" t="N.3" l="N"/>
		<a id="3" s="C" t="C.3" l="C"/>
		<a id="4" s="C" t="C.3" l="C"/>
		<a id="5" s="N" t="N.am" l="N"/>
		<a id="6" s="C" t="C.2" l="C"/>
		<a id="7" s="O" t="O.2" l="O"/>
		<a id="8" s="C" t="C.3" l="C"/>
		<a id="9" s="H" t="H" l="H"/>
		<a id="10" s="H" t="H" l="H"/>
		<a id="11" s="H" t="H" l="H"/>
		<a id="12" s="H" t="H" l="H"/>
		<a id="13" s="H" t="H" l="H"/>
		<a id="14" s="H" t="H" l="H"/>
		<a id="15" s="H" t="H" l="H"/>
		<a id="16" s="H" t="H" l="H"/>
		<a id="17" s="H" t="H" l="H"/>
		<a id="18" s="H" t="H" l="H"/>
	</atoms>
	<bonds>
		<b id="1" c="1 2" t="1"/>
		<b id="2" c="2 3" t="1"/>
		<b id="3" c="3 4" t="1"/>
		<b id="4" c="4 5" t="1"/>
		<b id="5" c="5 6" t="am"/>
		<b id="6" c="6 7" t="2"/>
		<b id="7" c="6 8" t="1"/>
		<b id="8" c="2 8" t="1"/>
		<b id="9" c="1 9" t="1"/>
		<b id="10" c="1 10" t="1"/>
		<b id="11" c="1 11" t="1"/>
		<b id="12" c="3 12" t="1"/>
		<b id="13" c="3 13" t="1"/>
		<b id="14" c="4 14" t="1"/>
		<b id="15" c="4 15" t="1"/>
		<b id="16" c="5 16" t="1"/>
		<b id="17" c="8 17" t="1"/>
		<b id="18" c="8 18" t="1"/>
	</bonds>
	<geometry>
		<g u="A" t="cart/3d">#18,3:0.9317,-0.0597,-0.0079;2.3915,-0.0717,-0.0733;2.9226,0.9143,-1.0294;2.6244,0.5716,-2.4957;2.8823,-0.8150,-2.8196;2.7288,-1.8106,-1.8854;2.5647,-2.9726,-2.2519;2.9016,-1.4222,-0.4113;0.5707,0.9366,0.2688;0.5824,-0.7440,0.7738;0.4523,-0.3510,-0.9496;4.0108,0.9679,-0.8920;2.5434,1.9168,-0.7969;3.2289,1.1893,-3.1674;1.5706,0.7590,-2.7265;2.7436,-1.1293,-3.7724;3.9748,-1.4661,-0.1879;2.4139,-2.1793,0.2136;</g>
	</geometry>
	<conformers/>
	<properties/>
</molecule>
