<?xml version="1.0" ?>
<!--MOLLI PACKAGE EXPERIMENTAL XML FORMAT-->
<molecule name="prELN032036-067">
	<atoms>
		<a id="1" s="C" t="C.3" l="C"/>
		<a id="2" s="C" t="C.ar" l="C"/>
		<a id="3" s="C" t="C.ar" l="C"/>
		<a id="4" s="C" t="C.ar" l="C"/>
		<a id="5" s="C" t="C.1" l="C"/>
		<a id="6" s="N" t="N.1" l="N"/>
		<a id="7" s="N" t="N.ar" l="N"/>
		<a id="8" s="N" t="N.ar" l="N"/>
		<a id="9" s="C" t="C.ar" l="C"/>
		<a id="10" s="N" t="N.ar" l="N"/>
		<a id="11" s="C" t="C.ar" l="C"/>
		<a id="12" s="C" t="C.ar" l="C"/>
		<a id="13" s="C" t="C.ar" l="C"/>
		<a id="14" s="N" t="N.ar" l="N"/>
		<a id="15" s="C" t="C.ar" l="C"/>
		<a id="16" s="C" t="C.ar" l="C"/>
		<a id="17" s="Br" t="Br" l="BR"/>
		<a id="18" s="C" t="C.ar" l="C"/>
		<a id="19" s="C" t="C.ar" l="C"/>
		<a id="20" s="N" t="N.ar" l="N"/>
		<a id="21" s="C" t="C.ar" l="C"/>
		<a id="22" s="C" t="C.ar" l="C"/>
		<a id="23" s="C" t="C.ar" l="C"/>
		<a id="24" s="C" t="C.ar" l="C"/>
		<a id="25" s="C" t="C.2" l="C"/>
		<a id="26" s="C" t="C.3" l="C"/>
		<a id="27" s="O" t="O.2" l="O"/>
		<a id="28" s="H" t="H" l="H"/>
		<a id="29" s="H" t="H" l="H"/>
		<a id="30" s="H" t="H" l="H"/>
		<a id="31" s="H" t="H" l="H"/>
		<a id="32" s="H" t="H" l="H"/>
		<a id="33" s="H" t="H" l="H"/>
		<a id="34" s="H" t="H" l="H"/>
		<a id="35" s="H" t="H" l="H"/>
		<a id="36" s="H" t="H" l="H"/>
		<a id="37" s="H" t="H" l="H"/>
		<a id="38" s="H" t="H" l="H"/>
		<a id="39" s="H" t="H" l="H"/>
		<a id="40" s="H" t="H" l="H"/>
	</atoms>
	<bonds>
		<b id="1" c="1 2" t="1"/>
		<b id="2" c="2 3" t="ar"/>
		<b id="3" c="3 4" t="ar"/>
		<b id="4" c="4 5" t="1"/>
		<b id="5" c="5 6" t="3"/>
		<b id="6" c="4 7" t="ar"/>
		<b id="7" c="7 8" t="ar"/>
		<b id="8" c="2 8" t="ar"/>
		<b id="9" c="8 9" t="1"/>
		<b id="10" c="9 10" t="ar"/>
		<b id="11" c="10 11" t="ar"/>
		<b id="12" c="11 12" t="1"/>
		<b id="13" c="12 13" t="ar"/>
		<b id="14" c="13 14" t="ar"/>
		<b id="15" c="14 15" t="ar"/>
		<b id="16" c="15 16" t="ar"/>
		<b id="17" c="16 17" t="1"/>
		<b id="18" c="16 18" t="ar"/>
		<b id="19" c="18 19" t="ar"/>
		<b id="20" c="13 19" t="ar"/>
		<b id="21" c="14 20" t="ar"/>
		<b id="22" c="20 21" t="ar"/>
		<b id="23" c="12 21" t="ar"/>
		<b id="24" c="11 22" t="ar"/>
		<b id="25" c="22 23" t="ar"/>
		<b id="26" c="23 24" t="ar"/>
		<b id="27" c="9 24" t="ar"/>
		<b id="28" c="24 25" t="1"/>
		<b id="29" c="25 26" t="1"/>
		<b id="30" c="25 27" t="2"/>
		<b id="31" c="1 28" t="1"/>
		<b id="32" c="1 29" t="1"/>
		<b id="33" c="1 30" t="1"/>
		<b id="34" c="3 31" t="1"/>
		<b id="35" c="15 32" t="1"/>
		<b id="36" c="18 33" t="1"/>
		<b id="37" c="19 34" t="1"/>
		<b id="38" c="21 35" t="1"/>
		<b id="39" c="22 36" t="1"/>
		<b id="40" c="23 37" t="1"/>
		<b id="41" c="26 38" t="1"/>
		<b id="42" c="26 39" t="1"/>
		<b id="43" c="26 40" t="1"/>
	</bonds>
	<geometry>
		<g u="A" t="cart/3d">#40,3:2.8678,-0.7962,2.7241;3.2986,-0.3188,1.3840;3.6781,0.9464,0.9850;3.9357,0.8302,-0.3885;4.3166,1.8737,-1.2972;4.6262,2.7565,-1.9985;3.7919,-0.4289,-0.8313;3.2589,-1.0926,0.2216;2.8127,-2.4502,0.1139;3.0450,-3.2442,1.2300;2.6105,-4.5171,1.2153;3.0480,-5.4626,2.2408;4.0391,-5.3779,3.2139;4.3307,-6.7197,3.5425;5.4442,-7.0582,4.3402;5.6064,-6.2122,5.3807;4.6677,-6.6462,6.9707;5.5227,-4.7933,5.0064;4.8142,-4.3953,3.9175;3.3282,-7.5425,3.1808;2.5383,-6.7682,2.4473;1.8813,-5.0090,0.1339;1.6664,-4.2150,-0.9905;2.1724,-2.9158,-1.0506;1.8177,-2.1048,-2.2614;1.7826,-2.7627,-3.6313;1.4880,-0.9273,-2.1378;2.8747,0.0212,3.4523;3.5488,-1.5624,3.1003;1.8516,-1.2025,2.6935;3.7388,1.8329,1.6024;6.2888,-7.0048,3.6430;6.0575,-4.0930,5.6471;4.7695,-3.3508,3.6427;1.6343,-7.2114,2.0471;1.5042,-6.0267,0.1131;1.0741,-4.6426,-1.7940;1.5465,-3.8274,-3.6052;2.7351,-2.6261,-4.1489;0.9873,-2.2902,-4.2207;</g>
	</geometry>
	<conformers/>
	<properties/>
</molecule>
