<?xml version="1.0" ?>
<!--MOLLI PACKAGE EXPERIMENTAL XML FORMAT-->
<molecule name="prELN032036-017">
	<atoms>
		<a id="1" s="F" t="F" l="F"/>
		<a id="2" s="C" t="C.3" l="C"/>
		<a id="3" s="C" t="C.3" l="C"/>
		<a id="4" s="N" t="N.3" l="N"/>
		<a id="5" s="C" t="C.3" l="C"/>
		<a id="6" s="C" t="C.3" l="C"/>
		<a id="7" s="N" t="N.am" l="N"/>
		<a id="8" s="C" t="C.2" l="C"/>
		<a id="9" s="O" t="O.3" l="O"/>
		<a id="10" s="C" t="C.3" l="C"/>
		<a id="11" s="C" t="C.3" l="C"/>
		<a id="12" s="C" t="C.3" l="C"/>
		<a id="13" s="C" t="C.3" l="C"/>
		<a id="14" s="O" t="O.2" l="O"/>
		<a id="15" s="H" t="H" l="H"/>
		<a id="16" s="H" t="H" l="H"/>
		<a id="17" s="H" t="H" l="H"/>
		<a id="18" s="H" t="H" l="H"/>
		<a id="19" s="H" t="H" l="H"/>
		<a id="20" s="H" t="H" l="H"/>
		<a id="21" s="H" t="H" l="H"/>
		<a id="22" s="H" t="H" l="H"/>
		<a id="23" s="H" t="H" l="H"/>
		<a id="24" s="H" t="H" l="H"/>
		<a id="25" s="H" t="H" l="H"/>
		<a id="26" s="H" t="H" l="H"/>
		<a id="27" s="H" t="H" l="H"/>
		<a id="28" s="H" t="H" l="H"/>
		<a id="29" s="H" t="H" l="H"/>
		<a id="30" s="H" t="H" l="H"/>
		<a id="31" s="H" t="H" l="H"/>
	</atoms>
	<bonds>
		<b id="1" c="1 2" t="1"/>
		<b id="2" c="2 3" t="1"/>
		<b id="3" c="3 4" t="1"/>
		<b id="4" c="4 5" t="1"/>
		<b id="5" c="5 6" t="1"/>
		<b id="6" c="2 6" t="1"/>
		<b id="7" c="6 7" t="1"/>
		<b id="8" c="7 8" t="am"/>
		<b id="9" c="8 9" t="1"/>
		<b id="10" c="9 10" t="1"/>
		<b id="11" c="10 11" t="1"/>
		<b id="12" c="10 12" t="1"/>
		<b id="13" c="10 13" t="1"/>
		<b id="14" c="8 14" t="2"/>
		<b id="15" c="2 15" t="1"/>
		<b id="16" c="3 16" t="1"/>
		<b id="17" c="3 17" t="1"/>
		<b id="18" c="4 18" t="1"/>
		<b id="19" c="5 19" t="1"/>
		<b id="20" c="5 20" t="1"/>
		<b id="21" c="6 21" t="1"/>
		<b id="22" c="7 22" t="1"/>
		<b id="23" c="11 23" t="1"/>
		<b id="24" c="11 24" t="1"/>
		<b id="25" c="11 25" t="1"/>
		<b id="26" c="12 26" t="1"/>
		<b id="27" c="12 27" t="1"/>
		<b id="28" c="12 28" t="1"/>
		<b id="29" c="13 29" t="1"/>
		<b id="30" c="13 30" t="1"/>
		<b id="31" c="13 31" t="1"/>
	</bonds>
	<geometry>
		<g u="A" t="cart/3d">#31,3:-1.0492,-0.9875,1.9570;-0.7403,-0.1251,0.9404;-2.0033,0.6090,0.5249;-2.6837,-0.2588,-0.4427;-1.7026,-1.2439,-0.9293;-0.3329,-0.9335,-0.2946;0.4002,-2.1261,0.1149;1.3254,-2.9258,-0.4811;1.8341,-2.4895,-1.6647;2.7547,-3.3865,-2.3777;2.0830,-4.7412,-2.6817;3.0947,-2.6937,-3.7090;4.0836,-3.6053,-1.6286;1.6328,-3.9712,0.0691;0.0478,0.5411,1.3004;-1.7529,1.5619,0.0469;-2.6572,0.8053,1.3809;-3.0866,0.2866,-1.2031;-1.6461,-1.2182,-2.0228;-2.0567,-2.2405,-0.6432;0.2654,-0.3278,-0.9838;0.0600,-2.5530,0.9700;0.9977,-4.6401,-2.7780;2.2716,-5.4641,-1.8781;2.4729,-5.1975,-3.5985;2.1921,-2.3578,-4.2283;3.6577,-3.3574,-4.3782;3.7126,-1.8034,-3.5394;3.9408,-4.0157,-0.6261;4.6290,-2.6642,-1.5053;4.7293,-4.3023,-2.1777;</g>
	</geometry>
	<conformers/>
	<properties/>
</molecule>
