<?xml version="1.0" ?>
<!--MOLLI PACKAGE EXPERIMENTAL XML FORMAT-->
<molecule name="prELN032036-069">
	<atoms>
		<a id="1" s="C" t="C.3" l="C"/>
		<a id="2" s="C" t="C.ar" l="C"/>
		<a id="3" s="C" t="C.ar" l="C"/>
		<a id="4" s="C" t="C.ar" l="C"/>
		<a id="5" s="C" t="C.ar" l="C"/>
		<a id="6" s="C" t="C.ar" l="C"/>
		<a id="7" s="C" t="C.ar" l="C"/>
		<a id="8" s="N" t="N.pl3" l="N"/>
		<a id="9" s="C" t="C.ar" l="C"/>
		<a id="10" s="C" t="C.ar" l="C"/>
		<a id="11" s="C" t="C.ar" l="C"/>
		<a id="12" s="C" t="C.ar" l="C"/>
		<a id="13" s="C" t="C.ar" l="C"/>
		<a id="14" s="N" t="N.ar" l="N"/>
		<a id="15" s="C" t="C.ar" l="C"/>
		<a id="16" s="N" t="N.ar" l="N"/>
		<a id="17" s="C" t="C.ar" l="C"/>
		<a id="18" s="H" t="H" l="H"/>
		<a id="19" s="H" t="H" l="H"/>
		<a id="20" s="H" t="H" l="H"/>
		<a id="21" s="H" t="H" l="H"/>
		<a id="22" s="H" t="H" l="H"/>
		<a id="23" s="H" t="H" l="H"/>
		<a id="24" s="H" t="H" l="H"/>
		<a id="25" s="H" t="H" l="H"/>
		<a id="26" s="H" t="H" l="H"/>
		<a id="27" s="H" t="H" l="H"/>
		<a id="28" s="H" t="H" l="H"/>
		<a id="29" s="H" t="H" l="H"/>
		<a id="30" s="H" t="H" l="H"/>
	</atoms>
	<bonds>
		<b id="1" c="1 2" t="1"/>
		<b id="2" c="2 3" t="ar"/>
		<b id="3" c="3 4" t="ar"/>
		<b id="4" c="2 5" t="ar"/>
		<b id="5" c="5 6" t="ar"/>
		<b id="6" c="6 7" t="ar"/>
		<b id="7" c="4 7" t="ar"/>
		<b id="8" c="7 8" t="1"/>
		<b id="9" c="8 9" t="1"/>
		<b id="10" c="9 10" t="ar"/>
		<b id="11" c="10 11" t="ar"/>
		<b id="12" c="11 12" t="ar"/>
		<b id="13" c="12 13" t="ar"/>
		<b id="14" c="13 14" t="ar"/>
		<b id="15" c="14 15" t="ar"/>
		<b id="16" c="15 16" t="ar"/>
		<b id="17" c="12 16" t="ar"/>
		<b id="18" c="13 17" t="ar"/>
		<b id="19" c="9 17" t="ar"/>
		<b id="20" c="1 18" t="1"/>
		<b id="21" c="1 19" t="1"/>
		<b id="22" c="1 20" t="1"/>
		<b id="23" c="3 21" t="1"/>
		<b id="24" c="4 22" t="1"/>
		<b id="25" c="5 23" t="1"/>
		<b id="26" c="6 24" t="1"/>
		<b id="27" c="8 25" t="1"/>
		<b id="28" c="10 26" t="1"/>
		<b id="29" c="11 27" t="1"/>
		<b id="30" c="15 28" t="1"/>
		<b id="31" c="16 29" t="1"/>
		<b id="32" c="17 30" t="1"/>
	</bonds>
	<geometry>
		<g u="A" t="cart/3d">#30,3:2.5125,-0.2497,0.1227;1.0188,-0.1371,0.0654;0.4030,0.9232,-0.6044;-0.9910,1.0075,-0.6641;0.2172,-1.1083,0.6742;-1.1780,-1.0204,0.6103;-1.8011,0.0427,-0.0535;-3.2067,0.1091,-0.1121;-4.0505,1.2425,-0.0571;-3.6512,2.4438,0.5488;-4.4954,3.5597,0.6265;-5.7636,3.4190,0.0671;-6.1995,2.2536,-0.5512;-7.4875,2.3958,-1.0116;-7.8393,3.6176,-0.6771;-6.8338,4.2731,-0.0259;-5.3361,1.1484,-0.6182;2.9980,0.5797,-0.4032;2.8381,-1.1818,-0.3503;2.8540,-0.2337,1.1627;0.9987,1.6884,-1.0959;-1.4441,1.8257,-1.2184;0.6738,-1.9438,1.2002;-1.7728,-1.7915,1.0928;-3.6710,-0.7120,0.2633;-2.6665,2.5155,1.0064;-4.1730,4.4739,1.1111;-8.7979,4.0774,-0.8758;-6.8709,5.2164,0.3291;-5.6706,0.2433,-1.1125;</g>
	</geometry>
	<conformers/>
	<properties/>
</molecule>
