<?xml version="1.0" ?>
<!--MOLLI PACKAGE EXPERIMENTAL XML FORMAT-->
<molecule name="prELN032036-070">
	<atoms>
		<a id="1" s="F" t="F" l="F"/>
		<a id="2" s="C" t="C.ar" l="C"/>
		<a id="3" s="C" t="C.ar" l="C"/>
		<a id="4" s="C" t="C.ar" l="C"/>
		<a id="5" s="Br" t="Br" l="BR"/>
		<a id="6" s="C" t="C.ar" l="C"/>
		<a id="7" s="C" t="C.ar" l="C"/>
		<a id="8" s="C" t="C.2" l="C"/>
		<a id="9" s="O" t="O.2" l="O"/>
		<a id="10" s="C" t="C.3" l="C"/>
		<a id="11" s="C" t="C.3" l="C"/>
		<a id="12" s="C" t="C.ar" l="C"/>
		<a id="13" s="H" t="H" l="H"/>
		<a id="14" s="H" t="H" l="H"/>
		<a id="15" s="H" t="H" l="H"/>
		<a id="16" s="H" t="H" l="H"/>
		<a id="17" s="H" t="H" l="H"/>
		<a id="18" s="H" t="H" l="H"/>
	</atoms>
	<bonds>
		<b id="1" c="1 2" t="1"/>
		<b id="2" c="2 3" t="ar"/>
		<b id="3" c="3 4" t="ar"/>
		<b id="4" c="4 5" t="1"/>
		<b id="5" c="4 6" t="ar"/>
		<b id="6" c="6 7" t="ar"/>
		<b id="7" c="7 8" t="1"/>
		<b id="8" c="8 9" t="2"/>
		<b id="9" c="8 10" t="1"/>
		<b id="10" c="10 11" t="1"/>
		<b id="11" c="11 12" t="1"/>
		<b id="12" c="2 12" t="ar"/>
		<b id="13" c="7 12" t="ar"/>
		<b id="14" c="3 13" t="1"/>
		<b id="15" c="6 14" t="1"/>
		<b id="16" c="10 15" t="1"/>
		<b id="17" c="10 16" t="1"/>
		<b id="18" c="11 17" t="1"/>
		<b id="19" c="11 18" t="1"/>
	</bonds>
	<geometry>
		<g u="A" t="cart/3d">#18,3:1.0514,-0.0646,0.0041;2.3888,-0.0139,-0.0128;3.0351,1.2223,-0.0254;4.4370,1.2759,-0.0412;5.3058,2.9552,-0.0491;5.2001,0.1096,-0.0473;4.5145,-1.0919,-0.0334;5.0556,-2.4421,-0.0291;6.2457,-2.6954,-0.0436;3.9231,-3.4385,-0.0035;2.6397,-2.5886,0.0052;3.1306,-1.1784,-0.0150;2.4400,2.1310,-0.0206;6.2854,0.1264,-0.0594;3.9936,-4.0531,0.8990;3.9692,-4.0738,-0.8921;2.0520,-2.7871,0.9074;2.0267,-2.8060,-0.8756;</g>
	</geometry>
	<conformers/>
	<properties/>
</molecule>
