<?xml version="1.0" ?>
<!--MOLLI PACKAGE EXPERIMENTAL XML FORMAT-->
<molecule name="prELN032036-070">
	<atoms>
		<a id="1" s="C" t="C.3" l="C"/>
		<a id="2" s="C" t="C.3" l="C"/>
		<a id="3" s="C" t="C.3" l="C"/>
		<a id="4" s="C" t="C.3" l="C"/>
		<a id="5" s="O" t="O.3" l="O"/>
		<a id="6" s="C" t="C.2" l="C"/>
		<a id="7" s="N" t="N.am" l="N"/>
		<a id="8" s="O" t="O.2" l="O"/>
		<a id="9" s="H" t="H" l="H"/>
		<a id="10" s="H" t="H" l="H"/>
		<a id="11" s="H" t="H" l="H"/>
		<a id="12" s="H" t="H" l="H"/>
		<a id="13" s="H" t="H" l="H"/>
		<a id="14" s="H" t="H" l="H"/>
		<a id="15" s="H" t="H" l="H"/>
		<a id="16" s="H" t="H" l="H"/>
		<a id="17" s="H" t="H" l="H"/>
		<a id="18" s="H" t="H" l="H"/>
		<a id="19" s="H" t="H" l="H"/>
	</atoms>
	<bonds>
		<b id="1" c="1 2" t="1"/>
		<b id="2" c="2 3" t="1"/>
		<b id="3" c="2 4" t="1"/>
		<b id="4" c="2 5" t="1"/>
		<b id="5" c="5 6" t="1"/>
		<b id="6" c="6 7" t="am"/>
		<b id="7" c="6 8" t="2"/>
		<b id="8" c="1 9" t="1"/>
		<b id="9" c="1 10" t="1"/>
		<b id="10" c="1 11" t="1"/>
		<b id="11" c="3 12" t="1"/>
		<b id="12" c="3 13" t="1"/>
		<b id="13" c="3 14" t="1"/>
		<b id="14" c="4 15" t="1"/>
		<b id="15" c="4 16" t="1"/>
		<b id="16" c="4 17" t="1"/>
		<b id="17" c="7 18" t="1"/>
		<b id="18" c="7 19" t="1"/>
	</bonds>
	<geometry>
		<g u="A" t="cart/3d">#19,3:1.0530,-0.0020,-0.0168;2.5796,0.1178,0.0606;3.0371,1.5730,-0.0988;3.0266,-0.3899,1.4425;3.2235,-0.7537,-0.9075;3.0100,-0.5673,-2.2300;3.6617,-1.5036,-2.9547;2.3259,0.2971,-2.7520;0.5701,0.5838,0.7726;0.7406,-1.0472,0.0834;0.6604,0.3521,-0.9741;2.6300,2.2059,0.6976;2.7121,2.0024,-1.0509;4.1300,1.6465,-0.0776;2.6019,0.2156,2.2512;4.1181,-0.3755,1.5375;2.7152,-1.4297,1.5959;4.1761,-2.2396,-2.4947;3.5399,-1.5063,-3.9551;</g>
	</geometry>
	<conformers/>
	<properties/>
</molecule>
