<?xml version="1.0" ?>
<!--MOLLI PACKAGE EXPERIMENTAL XML FORMAT-->
<molecule name="prELN032036-071">
	<atoms>
		<a id="1" s="C" t="C.3" l="C"/>
		<a id="2" s="C" t="C.3" l="C"/>
		<a id="3" s="C" t="C.3" l="C"/>
		<a id="4" s="C" t="C.3" l="C"/>
		<a id="5" s="O" t="O.3" l="O"/>
		<a id="6" s="C" t="C.2" l="C"/>
		<a id="7" s="N" t="N.am" l="N"/>
		<a id="8" s="O" t="O.2" l="O"/>
		<a id="9" s="H" t="H" l="H"/>
		<a id="10" s="H" t="H" l="H"/>
		<a id="11" s="H" t="H" l="H"/>
		<a id="12" s="H" t="H" l="H"/>
		<a id="13" s="H" t="H" l="H"/>
		<a id="14" s="H" t="H" l="H"/>
		<a id="15" s="H" t="H" l="H"/>
		<a id="16" s="H" t="H" l="H"/>
		<a id="17" s="H" t="H" l="H"/>
		<a id="18" s="H" t="H" l="H"/>
		<a id="19" s="H" t="H" l="H"/>
	</atoms>
	<bonds>
		<b id="1" c="1 2" t="1"/>
		<b id="2" c="2 3" t="1"/>
		<b id="3" c="2 4" t="1"/>
		<b id="4" c="2 5" t="1"/>
		<b id="5" c="5 6" t="1"/>
		<b id="6" c="6 7" t="am"/>
		<b id="7" c="6 8" t="2"/>
		<b id="8" c="1 9" t="1"/>
		<b id="9" c="1 10" t="1"/>
		<b id="10" c="1 11" t="1"/>
		<b id="11" c="3 12" t="1"/>
		<b id="12" c="3 13" t="1"/>
		<b id="13" c="3 14" t="1"/>
		<b id="14" c="4 15" t="1"/>
		<b id="15" c="4 16" t="1"/>
		<b id="16" c="4 17" t="1"/>
		<b id="17" c="7 18" t="1"/>
		<b id="18" c="7 19" t="1"/>
	</bonds>
	<geometry>
		<g u="A" t="cart/3d">#19,3:0.8993,-0.0193,-0.0711;2.4261,0.0776,0.0284;2.8945,1.5164,0.2758;2.8912,-0.7942,1.2060;3.0633,-0.4941,-1.1433;2.8513,0.0484,-2.3615;3.5141,-0.6621,-3.3005;2.1689,1.0209,-2.6322;0.4185,0.3061,0.8574;0.5899,-1.0497,-0.2803;0.4999,0.5971,-0.8817;2.5059,1.9031,1.2243;2.5658,2.1981,-0.5141;3.9888,1.5702,0.3013;2.4741,-0.4457,2.1572;3.9844,-0.7933,1.2866;2.5923,-1.8390,1.0608;4.0295,-1.4867,-3.0397;3.4129,-0.3979,-4.2684;</g>
	</geometry>
	<conformers/>
	<properties/>
</molecule>
