<?xml version="1.0" ?>
<!--MOLLI PACKAGE EXPERIMENTAL XML FORMAT-->
<molecule name="prELN032036-071">
	<atoms>
		<a id="1" s="F" t="F" l="F"/>
		<a id="2" s="C" t="C.ar" l="C"/>
		<a id="3" s="C" t="C.ar" l="C"/>
		<a id="4" s="C" t="C.ar" l="C"/>
		<a id="5" s="Br" t="Br" l="BR"/>
		<a id="6" s="C" t="C.ar" l="C"/>
		<a id="7" s="C" t="C.ar" l="C"/>
		<a id="8" s="C" t="C.3" l="C"/>
		<a id="9" s="C" t="C.3" l="C"/>
		<a id="10" s="C" t="C.2" l="C"/>
		<a id="11" s="O" t="O.2" l="O"/>
		<a id="12" s="C" t="C.ar" l="C"/>
		<a id="13" s="H" t="H" l="H"/>
		<a id="14" s="H" t="H" l="H"/>
		<a id="15" s="H" t="H" l="H"/>
		<a id="16" s="H" t="H" l="H"/>
		<a id="17" s="H" t="H" l="H"/>
		<a id="18" s="H" t="H" l="H"/>
	</atoms>
	<bonds>
		<b id="1" c="1 2" t="1"/>
		<b id="2" c="2 3" t="ar"/>
		<b id="3" c="3 4" t="ar"/>
		<b id="4" c="4 5" t="1"/>
		<b id="5" c="4 6" t="ar"/>
		<b id="6" c="6 7" t="ar"/>
		<b id="7" c="7 8" t="1"/>
		<b id="8" c="8 9" t="1"/>
		<b id="9" c="9 10" t="1"/>
		<b id="10" c="10 11" t="2"/>
		<b id="11" c="10 12" t="1"/>
		<b id="12" c="2 12" t="ar"/>
		<b id="13" c="7 12" t="ar"/>
		<b id="14" c="3 13" t="1"/>
		<b id="15" c="6 14" t="1"/>
		<b id="16" c="8 15" t="1"/>
		<b id="17" c="8 16" t="1"/>
		<b id="18" c="9 17" t="1"/>
		<b id="19" c="9 18" t="1"/>
	</bonds>
	<geometry>
		<g u="A" t="cart/3d">#18,3:0.9210,-0.1564,-0.0460;2.2584,-0.1188,-0.0571;2.9102,1.1119,-0.0596;4.3118,1.1539,-0.0709;5.1928,2.8276,-0.0756;5.0732,-0.0209,-0.0800;4.4077,-1.2388,-0.0771;5.0156,-2.6040,-0.0954;3.8118,-3.5571,-0.0540;2.5944,-2.6646,-0.0622;1.4374,-3.0435,-0.0599;3.0171,-1.2717,-0.0657;2.3200,2.0233,-0.0534;6.1591,0.0162,-0.0900;5.6644,-2.7572,0.7729;5.5989,-2.7552,-1.0097;3.8210,-4.1587,0.8600;3.8012,-4.2129,-0.9295;</g>
	</geometry>
	<conformers/>
	<properties/>
</molecule>
