<?xml version="1.0" ?>
<!--MOLLI PACKAGE EXPERIMENTAL XML FORMAT-->
<molecule name="prELN032036-072">
	<atoms>
		<a id="1" s="Br" t="Br" l="BR"/>
		<a id="2" s="C" t="C.ar" l="C"/>
		<a id="3" s="C" t="C.ar" l="C"/>
		<a id="4" s="C" t="C.ar" l="C"/>
		<a id="5" s="C" t="C.ar" l="C"/>
		<a id="6" s="C" t="C.3" l="C"/>
		<a id="7" s="C" t="C.3" l="C"/>
		<a id="8" s="N" t="N.am" l="N"/>
		<a id="9" s="C" t="C.3" l="C"/>
		<a id="10" s="C" t="C.2" l="C"/>
		<a id="11" s="O" t="O.3" l="O"/>
		<a id="12" s="C" t="C.3" l="C"/>
		<a id="13" s="C" t="C.3" l="C"/>
		<a id="14" s="C" t="C.3" l="C"/>
		<a id="15" s="C" t="C.3" l="C"/>
		<a id="16" s="O" t="O.2" l="O"/>
		<a id="17" s="C" t="C.ar" l="C"/>
		<a id="18" s="N" t="N.ar" l="N"/>
		<a id="19" s="H" t="H" l="H"/>
		<a id="20" s="H" t="H" l="H"/>
		<a id="21" s="H" t="H" l="H"/>
		<a id="22" s="H" t="H" l="H"/>
		<a id="23" s="H" t="H" l="H"/>
		<a id="24" s="H" t="H" l="H"/>
		<a id="25" s="H" t="H" l="H"/>
		<a id="26" s="H" t="H" l="H"/>
		<a id="27" s="H" t="H" l="H"/>
		<a id="28" s="H" t="H" l="H"/>
		<a id="29" s="H" t="H" l="H"/>
		<a id="30" s="H" t="H" l="H"/>
		<a id="31" s="H" t="H" l="H"/>
		<a id="32" s="H" t="H" l="H"/>
		<a id="33" s="H" t="H" l="H"/>
		<a id="34" s="H" t="H" l="H"/>
		<a id="35" s="H" t="H" l="H"/>
	</atoms>
	<bonds>
		<b id="1" c="1 2" t="1"/>
		<b id="2" c="2 3" t="ar"/>
		<b id="3" c="3 4" t="ar"/>
		<b id="4" c="4 5" t="ar"/>
		<b id="5" c="5 6" t="1"/>
		<b id="6" c="6 7" t="1"/>
		<b id="7" c="7 8" t="1"/>
		<b id="8" c="8 9" t="1"/>
		<b id="9" c="6 9" t="1"/>
		<b id="10" c="8 10" t="am"/>
		<b id="11" c="10 11" t="1"/>
		<b id="12" c="11 12" t="1"/>
		<b id="13" c="12 13" t="1"/>
		<b id="14" c="12 14" t="1"/>
		<b id="15" c="12 15" t="1"/>
		<b id="16" c="10 16" t="2"/>
		<b id="17" c="5 17" t="ar"/>
		<b id="18" c="17 18" t="ar"/>
		<b id="19" c="2 18" t="ar"/>
		<b id="20" c="3 19" t="1"/>
		<b id="21" c="4 20" t="1"/>
		<b id="22" c="6 21" t="1"/>
		<b id="23" c="7 22" t="1"/>
		<b id="24" c="7 23" t="1"/>
		<b id="25" c="9 24" t="1"/>
		<b id="26" c="9 25" t="1"/>
		<b id="27" c="13 26" t="1"/>
		<b id="28" c="13 27" t="1"/>
		<b id="29" c="13 28" t="1"/>
		<b id="30" c="14 29" t="1"/>
		<b id="31" c="14 30" t="1"/>
		<b id="32" c="14 31" t="1"/>
		<b id="33" c="15 32" t="1"/>
		<b id="34" c="15 33" t="1"/>
		<b id="35" c="15 34" t="1"/>
		<b id="36" c="17 35" t="1"/>
	</bonds>
	<geometry>
		<g u="A" t="cart/3d">#35,3:1.7156,-0.2823,-0.5331;-0.1710,-0.1842,-0.3777;-0.7388,-0.0972,0.8860;-2.1292,-0.0368,0.9832;-2.9482,-0.0642,-0.1578;-4.5337,-0.0587,-0.0675;-5.3649,0.5220,-1.2385;-6.2545,1.0431,-0.2213;-5.2666,0.9843,0.8301;-7.5632,1.4000,-0.3265;-8.0862,1.8620,0.8408;-9.4925,2.2555,0.8890;-10.4184,1.0824,0.5306;-9.7643,2.6721,2.3459;-9.7648,3.4698,-0.0102;-8.1836,1.2994,-1.3797;-2.2477,-0.1592,-1.3663;-0.9000,-0.2139,-1.5052;-0.1225,-0.0825,1.7755;-2.5832,0.0190,1.9713;-4.8743,-1.0799,0.1714;-5.8153,-0.2215,-1.9000;-4.8989,1.3216,-1.8226;-5.6239,0.5934,1.7859;-4.7475,1.9365,0.9766;-10.0476,0.1402,0.9468;-10.4943,0.9478,-0.5538;-11.4395,1.2480,0.8930;-9.3400,1.9513,3.0532;-10.8371,2.7687,2.5473;-9.3010,3.6406,2.5689;-9.6313,3.2360,-1.0705;-9.0714,4.2869,0.2175;-10.7899,3.8353,0.1174;-2.7851,-0.2085,-2.3134;</g>
	</geometry>
	<conformers/>
	<properties/>
</molecule>
