<?xml version="1.0" ?>
<!--MOLLI PACKAGE EXPERIMENTAL XML FORMAT-->
<molecule name="prELN032036-072">
	<atoms>
		<a id="1" s="O" t="O.co2" l="O"/>
		<a id="2" s="C" t="C.2" l="C"/>
		<a id="3" s="C" t="C.2" l="C"/>
		<a id="4" s="O" t="O.co2" l="O"/>
		<a id="5" s="O" t="O.co2" l="O"/>
		<a id="6" s="O" t="O.co2" l="O"/>
		<a id="7" s="N" t="N.4" l="N"/>
		<a id="8" s="C" t="C.3" l="C"/>
		<a id="9" s="C" t="C.3" l="C"/>
		<a id="10" s="O" t="O.3" l="O"/>
		<a id="11" s="C" t="C.3" l="C"/>
		<a id="12" s="C" t="C.3" l="C"/>
		<a id="13" s="C" t="C.3" l="C"/>
		<a id="14" s="C" t="C.3" l="C"/>
		<a id="15" s="N" t="N.4" l="N"/>
		<a id="16" s="C" t="C.3" l="C"/>
		<a id="17" s="C" t="C.3" l="C"/>
		<a id="18" s="O" t="O.3" l="O"/>
		<a id="19" s="C" t="C.3" l="C"/>
		<a id="20" s="C" t="C.3" l="C"/>
		<a id="21" s="C" t="C.3" l="C"/>
		<a id="22" s="C" t="C.3" l="C"/>
		<a id="23" s="H" t="H" l="H"/>
		<a id="24" s="H" t="H" l="H"/>
		<a id="25" s="H" t="H" l="H"/>
		<a id="26" s="H" t="H" l="H"/>
		<a id="27" s="H" t="H" l="H"/>
		<a id="28" s="H" t="H" l="H"/>
		<a id="29" s="H" t="H" l="H"/>
		<a id="30" s="H" t="H" l="H"/>
		<a id="31" s="H" t="H" l="H"/>
		<a id="32" s="H" t="H" l="H"/>
		<a id="33" s="H" t="H" l="H"/>
		<a id="34" s="H" t="H" l="H"/>
		<a id="35" s="H" t="H" l="H"/>
		<a id="36" s="H" t="H" l="H"/>
		<a id="37" s="H" t="H" l="H"/>
		<a id="38" s="H" t="H" l="H"/>
		<a id="39" s="H" t="H" l="H"/>
		<a id="40" s="H" t="H" l="H"/>
		<a id="41" s="H" t="H" l="H"/>
		<a id="42" s="H" t="H" l="H"/>
		<a id="43" s="H" t="H" l="H"/>
		<a id="44" s="H" t="H" l="H"/>
		<a id="45" s="H" t="H" l="H"/>
		<a id="46" s="H" t="H" l="H"/>
	</atoms>
	<bonds>
		<b id="1" c="1 2" t="ar"/>
		<b id="2" c="2 3" t="1"/>
		<b id="3" c="3 4" t="ar"/>
		<b id="4" c="3 5" t="ar"/>
		<b id="5" c="2 6" t="ar"/>
		<b id="6" c="7 8" t="1"/>
		<b id="7" c="8 9" t="1"/>
		<b id="8" c="9 10" t="1"/>
		<b id="9" c="10 11" t="1"/>
		<b id="10" c="11 12" t="1"/>
		<b id="11" c="12 13" t="1"/>
		<b id="12" c="9 13" t="1"/>
		<b id="13" c="9 14" t="1"/>
		<b id="14" c="7 14" t="1"/>
		<b id="15" c="15 16" t="1"/>
		<b id="16" c="16 17" t="1"/>
		<b id="17" c="17 18" t="1"/>
		<b id="18" c="18 19" t="1"/>
		<b id="19" c="19 20" t="1"/>
		<b id="20" c="20 21" t="1"/>
		<b id="21" c="17 21" t="1"/>
		<b id="22" c="17 22" t="1"/>
		<b id="23" c="15 22" t="1"/>
		<b id="24" c="7 23" t="1"/>
		<b id="25" c="7 24" t="1"/>
		<b id="26" c="8 25" t="1"/>
		<b id="27" c="8 26" t="1"/>
		<b id="28" c="11 27" t="1"/>
		<b id="29" c="11 28" t="1"/>
		<b id="30" c="12 29" t="1"/>
		<b id="31" c="12 30" t="1"/>
		<b id="32" c="13 31" t="1"/>
		<b id="33" c="13 32" t="1"/>
		<b id="34" c="14 33" t="1"/>
		<b id="35" c="14 34" t="1"/>
		<b id="36" c="15 35" t="1"/>
		<b id="37" c="15 36" t="1"/>
		<b id="38" c="16 37" t="1"/>
		<b id="39" c="16 38" t="1"/>
		<b id="40" c="19 39" t="1"/>
		<b id="41" c="19 40" t="1"/>
		<b id="42" c="20 41" t="1"/>
		<b id="43" c="20 42" t="1"/>
		<b id="44" c="21 43" t="1"/>
		<b id="45" c="21 44" t="1"/>
		<b id="46" c="22 45" t="1"/>
		<b id="47" c="22 46" t="1"/>
	</bonds>
	<geometry>
		<g u="A" t="cart/3d">#46,3:3.3866,-0.1689,-2.3036;4.0090,-0.2552,-1.1783;4.0130,-1.6525,-0.5432;5.1296,-2.2374,-0.4637;2.8512,-2.0124,-0.0934;4.1349,0.7077,-0.3330;0.0170,0.9260,-0.1510;-1.0520,0.0710,0.1470;-0.0190,-1.0320,-0.1430;-2.1633,-4.0974,-3.2812;-1.1367,-3.1262,-3.1426;-1.1273,-2.5989,-1.7170;-0.0284,-1.5593,-1.5686;1.0530,0.0350,0.1470;0.0170,0.9260,-0.1510;-1.0520,0.0710,0.1470;-0.0190,-1.0320,-0.1430;-2.1633,-4.0974,-3.2812;-1.1367,-3.1262,-3.1426;-1.1273,-2.5989,-1.7170;-0.0284,-1.5593,-1.5686;1.0530,0.0350,0.1470;0.0316,1.7522,0.4470;0.0244,1.3306,-1.0873;-1.8807,0.1159,-0.5284;-1.6275,0.1272,1.0473;-1.3163,-2.3182,-3.8206;-0.1902,-3.5737,-3.3636;-0.9478,-3.4070,-1.0390;-2.0738,-2.1515,-1.4960;-0.2080,-0.7513,-2.2466;0.9181,-2.0068,-1.7896;1.8829,0.0503,-0.5282;1.6298,0.0712,1.0475;0.0316,1.7522,0.4470;0.0244,1.3306,-1.0873;-1.8807,0.1159,-0.5284;-1.6275,0.1272,1.0473;-1.3163,-2.3182,-3.8206;-0.1902,-3.5737,-3.3636;-0.9478,-3.4070,-1.0390;-2.0738,-2.1515,-1.4960;-0.2080,-0.7513,-2.2466;0.9181,-2.0068,-1.7896;1.8829,0.0503,-0.5282;1.6298,0.0712,1.0475;</g>
	</geometry>
	<conformers/>
	<properties/>
</molecule>
