<?xml version="1.0" ?>
<!--MOLLI PACKAGE EXPERIMENTAL XML FORMAT-->
<molecule name="prELN032036-083">
	<atoms>
		<a id="1" s="N" t="N.3" l="N"/>
		<a id="2" s="C" t="C.3" l="C"/>
		<a id="3" s="C" t="C.3" l="C"/>
		<a id="4" s="C" t="C.3" l="C"/>
		<a id="5" s="C" t="C.3" l="C"/>
		<a id="6" s="C" t="C.3" l="C"/>
		<a id="7" s="N" t="N.am" l="N"/>
		<a id="8" s="C" t="C.2" l="C"/>
		<a id="9" s="O" t="O.3" l="O"/>
		<a id="10" s="C" t="C.3" l="C"/>
		<a id="11" s="C" t="C.3" l="C"/>
		<a id="12" s="C" t="C.3" l="C"/>
		<a id="13" s="C" t="C.3" l="C"/>
		<a id="14" s="O" t="O.2" l="O"/>
		<a id="15" s="H" t="H" l="H"/>
		<a id="16" s="H" t="H" l="H"/>
		<a id="17" s="H" t="H" l="H"/>
		<a id="18" s="H" t="H" l="H"/>
		<a id="19" s="H" t="H" l="H"/>
		<a id="20" s="H" t="H" l="H"/>
		<a id="21" s="H" t="H" l="H"/>
		<a id="22" s="H" t="H" l="H"/>
		<a id="23" s="H" t="H" l="H"/>
		<a id="24" s="H" t="H" l="H"/>
		<a id="25" s="H" t="H" l="H"/>
		<a id="26" s="H" t="H" l="H"/>
		<a id="27" s="H" t="H" l="H"/>
		<a id="28" s="H" t="H" l="H"/>
		<a id="29" s="H" t="H" l="H"/>
		<a id="30" s="H" t="H" l="H"/>
		<a id="31" s="H" t="H" l="H"/>
		<a id="32" s="H" t="H" l="H"/>
		<a id="33" s="H" t="H" l="H"/>
		<a id="34" s="H" t="H" l="H"/>
	</atoms>
	<bonds>
		<b id="1" c="2 3" t="1"/>
		<b id="2" c="2 4" t="1"/>
		<b id="3" c="4 5" t="1"/>
		<b id="4" c="5 6" t="1"/>
		<b id="5" c="6 7" t="1"/>
		<b id="6" c="3 7" t="1"/>
		<b id="7" c="7 8" t="am"/>
		<b id="8" c="8 9" t="1"/>
		<b id="9" c="9 10" t="1"/>
		<b id="10" c="10 11" t="1"/>
		<b id="11" c="10 12" t="1"/>
		<b id="12" c="10 13" t="1"/>
		<b id="13" c="8 14" t="2"/>
		<b id="14" c="2 1" t="1"/>
		<b id="15" c="1 15" t="1"/>
		<b id="16" c="1 16" t="1"/>
		<b id="17" c="2 17" t="1"/>
		<b id="18" c="3 18" t="1"/>
		<b id="19" c="3 19" t="1"/>
		<b id="20" c="4 20" t="1"/>
		<b id="21" c="4 21" t="1"/>
		<b id="22" c="5 22" t="1"/>
		<b id="23" c="5 23" t="1"/>
		<b id="24" c="6 24" t="1"/>
		<b id="25" c="6 25" t="1"/>
		<b id="26" c="11 26" t="1"/>
		<b id="27" c="11 27" t="1"/>
		<b id="28" c="11 28" t="1"/>
		<b id="29" c="12 29" t="1"/>
		<b id="30" c="12 30" t="1"/>
		<b id="31" c="12 31" t="1"/>
		<b id="32" c="13 32" t="1"/>
		<b id="33" c="13 33" t="1"/>
		<b id="34" c="13 34" t="1"/>
	</bonds>
	<geometry>
		<g u="A" t="cart/3d">#34,3:2.8805,0.5777,1.5933;2.4194,0.1350,0.2724;2.8166,1.1241,-0.8495;2.9641,-1.2772,0.0054;2.6132,-1.7463,-1.4080;3.0795,-0.7331,-2.4502;2.5234,0.5892,-2.1760;1.8937,1.3142,-3.1893;1.5557,2.5716,-2.8024;0.8054,3.4760,-3.6700;-0.5709,2.8959,-4.0341;0.6300,4.7665,-2.8381;1.5768,3.8444,-4.9389;1.6660,0.8549,-4.2977;2.5468,1.5224,1.7764;3.9002,0.6278,1.6093;1.3239,0.0722,0.3024;3.8953,1.3196,-0.8213;2.3093,2.0823,-0.6864;2.5535,-1.9857,0.7355;4.0552,-1.2960,0.1269;1.5279,-1.8850,-1.4841;3.0783,-2.7206,-1.5956;2.8178,-1.0778,-3.4544;4.1708,-0.6391,-2.4111;-1.0170,2.3435,-3.2031;-0.4885,2.1969,-4.8759;-1.2696,3.6800,-4.3543;0.4729,4.5506,-1.7765;-0.1997,5.3852,-3.1989;1.5355,5.3844,-2.8929;1.7279,2.9800,-5.5918;2.5703,4.2341,-4.6952;1.0371,4.6042,-5.5160;</g>
	</geometry>
	<conformers/>
	<properties/>
</molecule>
