<?xml version="1.0" ?>
<!--MOLLI PACKAGE EXPERIMENTAL XML FORMAT-->
<molecule name="prELN032036-083">
	<atoms>
		<a id="1" s="Br" t="Br" l="BR"/>
		<a id="2" s="C" t="C.ar" l="C"/>
		<a id="3" s="N" t="N.ar" l="N"/>
		<a id="4" s="N" t="N.ar" l="N"/>
		<a id="5" s="C" t="C.ar" l="C"/>
		<a id="6" s="Br" t="Br" l="BR"/>
		<a id="7" s="C" t="C.ar" l="C"/>
		<a id="8" s="C" t="C.ar" l="C"/>
		<a id="9" s="C" t="C.3" l="C"/>
		<a id="10" s="H" t="H" l="H"/>
		<a id="11" s="H" t="H" l="H"/>
		<a id="12" s="H" t="H" l="H"/>
		<a id="13" s="H" t="H" l="H"/>
	</atoms>
	<bonds>
		<b id="1" c="1 2" t="1"/>
		<b id="2" c="2 3" t="ar"/>
		<b id="3" c="3 4" t="ar"/>
		<b id="4" c="4 5" t="ar"/>
		<b id="5" c="5 6" t="1"/>
		<b id="6" c="5 7" t="ar"/>
		<b id="7" c="7 8" t="ar"/>
		<b id="8" c="2 8" t="ar"/>
		<b id="9" c="8 9" t="1"/>
		<b id="10" c="7 10" t="1"/>
		<b id="11" c="9 11" t="1"/>
		<b id="12" c="9 12" t="1"/>
		<b id="13" c="9 13" t="1"/>
	</bonds>
	<geometry>
		<g u="A" t="cart/3d">#13,3:0.9966,-0.2229,-0.0165;2.8908,-0.0718,-0.0145;3.5845,-1.2330,-0.0159;4.9573,-1.2170,-0.0147;5.6082,-0.0389,-0.0123;7.4995,-0.0428,-0.0082;4.9302,1.1664,-0.0118;3.5287,1.1653,-0.0123;2.7905,2.4701,-0.0114;5.4822,2.1015,-0.0108;3.4838,3.3183,-0.0109;2.1676,2.5597,0.8841;2.1683,2.5603,-0.9074;</g>
	</geometry>
	<conformers/>
	<properties/>
</molecule>
