<?xml version="1.0" ?>
<!--MOLLI PACKAGE EXPERIMENTAL XML FORMAT-->
<molecule name="prELN032036-088">
	<atoms>
		<a id="1" s="Br" t="Br" l="BR"/>
		<a id="2" s="C" t="C.ar" l="C"/>
		<a id="3" s="C" t="C.ar" l="C"/>
		<a id="4" s="N" t="N.pl3" l="N"/>
		<a id="5" s="C" t="C.3" l="C"/>
		<a id="6" s="C" t="C.3" l="C"/>
		<a id="7" s="N" t="N.3" l="N"/>
		<a id="8" s="C" t="C.3" l="C"/>
		<a id="9" s="C" t="C.3" l="C"/>
		<a id="10" s="O" t="O.3" l="O"/>
		<a id="11" s="C" t="C.3" l="C"/>
		<a id="12" s="C" t="C.3" l="C"/>
		<a id="13" s="C" t="C.3" l="C"/>
		<a id="14" s="C" t="C.ar" l="C"/>
		<a id="15" s="C" t="C.ar" l="C"/>
		<a id="16" s="C" t="C.ar" l="C"/>
		<a id="17" s="N" t="N.ar" l="N"/>
		<a id="18" s="C" t="C.ar" l="C"/>
		<a id="19" s="C" t="C.ar" l="C"/>
		<a id="20" s="N" t="N.ar" l="N"/>
		<a id="21" s="C" t="C.ar" l="C"/>
		<a id="22" s="C" t="C.ar" l="C"/>
		<a id="23" s="C" t="C.ar" l="C"/>
		<a id="24" s="C" t="C.ar" l="C"/>
		<a id="25" s="C" t="C.2" l="C"/>
		<a id="26" s="C" t="C.3" l="C"/>
		<a id="27" s="O" t="O.2" l="O"/>
		<a id="28" s="C" t="C.ar" l="C"/>
		<a id="29" s="N" t="N.ar" l="N"/>
		<a id="30" s="N" t="N.ar" l="N"/>
		<a id="31" s="C" t="C.ar" l="C"/>
		<a id="32" s="C" t="C.1" l="C"/>
		<a id="33" s="N" t="N.1" l="N"/>
		<a id="34" s="C" t="C.ar" l="C"/>
		<a id="35" s="C" t="C.ar" l="C"/>
		<a id="36" s="C" t="C.3" l="C"/>
		<a id="37" s="N" t="N.ar" l="N"/>
		<a id="38" s="H" t="H" l="H"/>
		<a id="39" s="H" t="H" l="H"/>
		<a id="40" s="H" t="H" l="H"/>
		<a id="41" s="H" t="H" l="H"/>
		<a id="42" s="H" t="H" l="H"/>
		<a id="43" s="H" t="H" l="H"/>
		<a id="44" s="H" t="H" l="H"/>
		<a id="45" s="H" t="H" l="H"/>
		<a id="46" s="H" t="H" l="H"/>
		<a id="47" s="H" t="H" l="H"/>
		<a id="48" s="H" t="H" l="H"/>
		<a id="49" s="H" t="H" l="H"/>
		<a id="50" s="H" t="H" l="H"/>
		<a id="51" s="H" t="H" l="H"/>
		<a id="52" s="H" t="H" l="H"/>
		<a id="53" s="H" t="H" l="H"/>
		<a id="54" s="H" t="H" l="H"/>
		<a id="55" s="H" t="H" l="H"/>
		<a id="56" s="H" t="H" l="H"/>
		<a id="57" s="H" t="H" l="H"/>
		<a id="58" s="H" t="H" l="H"/>
		<a id="59" s="H" t="H" l="H"/>
		<a id="60" s="H" t="H" l="H"/>
		<a id="61" s="H" t="H" l="H"/>
		<a id="62" s="H" t="H" l="H"/>
	</atoms>
	<bonds>
		<b id="1" c="1 2" t="1"/>
		<b id="2" c="2 3" t="ar"/>
		<b id="3" c="3 4" t="1"/>
		<b id="4" c="4 5" t="1"/>
		<b id="5" c="5 6" t="1"/>
		<b id="6" c="6 7" t="1"/>
		<b id="7" c="7 8" t="1"/>
		<b id="8" c="8 9" t="1"/>
		<b id="9" c="9 10" t="1"/>
		<b id="10" c="10 11" t="1"/>
		<b id="11" c="8 11" t="1"/>
		<b id="12" c="7 12" t="1"/>
		<b id="13" c="12 13" t="1"/>
		<b id="14" c="4 13" t="1"/>
		<b id="15" c="3 14" t="ar"/>
		<b id="16" c="2 15" t="ar"/>
		<b id="17" c="15 16" t="ar"/>
		<b id="18" c="16 17" t="ar"/>
		<b id="19" c="17 18" t="ar"/>
		<b id="20" c="16 19" t="ar"/>
		<b id="21" c="14 19" t="ar"/>
		<b id="22" c="19 20" t="ar"/>
		<b id="23" c="18 20" t="ar"/>
		<b id="24" c="20 21" t="1"/>
		<b id="25" c="21 22" t="ar"/>
		<b id="26" c="22 23" t="ar"/>
		<b id="27" c="23 24" t="ar"/>
		<b id="28" c="24 25" t="1"/>
		<b id="29" c="25 26" t="1"/>
		<b id="30" c="25 27" t="2"/>
		<b id="31" c="24 28" t="ar"/>
		<b id="32" c="28 29" t="1"/>
		<b id="33" c="29 30" t="ar"/>
		<b id="34" c="30 31" t="ar"/>
		<b id="35" c="31 32" t="1"/>
		<b id="36" c="32 33" t="3"/>
		<b id="37" c="31 34" t="ar"/>
		<b id="38" c="34 35" t="ar"/>
		<b id="39" c="29 35" t="ar"/>
		<b id="40" c="35 36" t="1"/>
		<b id="41" c="28 37" t="ar"/>
		<b id="42" c="21 37" t="ar"/>
		<b id="43" c="5 38" t="1"/>
		<b id="44" c="5 39" t="1"/>
		<b id="45" c="6 40" t="1"/>
		<b id="46" c="6 41" t="1"/>
		<b id="47" c="8 42" t="1"/>
		<b id="48" c="9 43" t="1"/>
		<b id="49" c="9 44" t="1"/>
		<b id="50" c="11 45" t="1"/>
		<b id="51" c="11 46" t="1"/>
		<b id="52" c="12 47" t="1"/>
		<b id="53" c="12 48" t="1"/>
		<b id="54" c="13 49" t="1"/>
		<b id="55" c="13 50" t="1"/>
		<b id="56" c="14 51" t="1"/>
		<b id="57" c="15 52" t="1"/>
		<b id="58" c="18 53" t="1"/>
		<b id="59" c="22 54" t="1"/>
		<b id="60" c="23 55" t="1"/>
		<b id="61" c="26 56" t="1"/>
		<b id="62" c="26 57" t="1"/>
		<b id="63" c="26 58" t="1"/>
		<b id="64" c="34 59" t="1"/>
		<b id="65" c="36 60" t="1"/>
		<b id="66" c="36 61" t="1"/>
		<b id="67" c="36 62" t="1"/>
	</bonds>
	<geometry>
		<g u="A" t="cart/3d">#62,3:1.1508,-0.6070,0.0446;3.0193,-0.2168,-0.0168;3.5626,1.0898,-0.0389;2.8760,2.2908,-0.2181;1.6431,2.3677,-1.0100;1.4716,3.7654,-1.6463;1.5988,4.9201,-0.7292;0.4719,5.0018,0.2247;-0.8750,5.3261,-0.4458;-1.0687,6.4636,0.4432;0.3544,6.4526,0.7405;2.8705,4.7747,0.0211;3.0913,3.4071,0.7225;4.9702,1.1903,0.0271;3.8341,-1.3699,0.0059;5.2261,-1.2333,0.0137;6.1976,-2.1926,-0.0697;7.3307,-1.5294,-0.1169;5.7768,0.0404,0.0687;7.1455,-0.1700,0.0355;8.1863,0.7916,0.0698;7.9996,1.9930,0.7365;8.9924,2.9651,0.6594;10.1769,2.7222,-0.0461;11.0863,3.8724,-0.3156;11.2791,4.9482,0.7323;11.6037,3.9785,-1.4253;10.3138,1.4624,-0.6460;11.5174,1.0807,-1.3137;12.7292,1.4651,-0.8365;13.6115,0.8869,-1.6612;15.0109,1.1420,-1.4985;16.1566,1.3217,-1.3936;13.0017,0.0598,-2.6098;11.6528,0.1720,-2.3688;10.5132,-0.4305,-3.1117;9.3322,0.5030,-0.5844;0.7738,2.1645,-0.3778;1.6736,1.6439,-1.8330;0.5188,3.8008,-2.1865;2.2439,3.8824,-2.4195;0.4056,4.2322,0.9998;-1.6526,4.5712,-0.2943;-0.8713,5.6496,-1.4911;0.5524,6.5847,1.8076;0.8696,7.2356,0.1718;2.9702,5.5817,0.7574;3.6904,4.9315,-0.6932;2.4068,3.2995,1.5716;4.1038,3.4149,1.1419;5.4258,2.1693,-0.0710;3.4080,-2.3685,-0.0166;8.3137,-1.9647,-0.2170;7.1123,2.1994,1.3230;8.7807,3.9272,1.1185;10.4861,4.9836,1.4794;11.2777,5.9211,0.2287;12.2318,4.8035,1.2454;13.4789,-0.5287,-3.3856;10.8805,-1.0260,-3.9556;9.8612,0.3477,-3.5199;9.9257,-1.1003,-2.4790;</g>
	</geometry>
	<conformers/>
	<properties/>
</molecule>
