<?xml version="1.0" ?>
<!--MOLLI PACKAGE EXPERIMENTAL XML FORMAT-->
<molecule name="prELN032036-106">
	<atoms>
		<a id="1" s="N" t="N.3" l="N"/>
		<a id="2" s="C" t="C.3" l="C"/>
		<a id="3" s="C" t="C.3" l="C"/>
		<a id="4" s="C" t="C.3" l="C"/>
		<a id="5" s="C" t="C.3" l="C"/>
		<a id="6" s="C" t="C.ar" l="C"/>
		<a id="7" s="C" t="C.ar" l="C"/>
		<a id="8" s="N" t="N.ar" l="N"/>
		<a id="9" s="C" t="C.ar" l="C"/>
		<a id="10" s="O" t="O.3" l="O"/>
		<a id="11" s="C" t="C.3" l="C"/>
		<a id="12" s="C" t="C.3" l="C"/>
		<a id="13" s="C" t="C.3" l="C"/>
		<a id="14" s="C" t="C.3" l="C"/>
		<a id="15" s="S" t="S.O2" l="S"/>
		<a id="16" s="C" t="C.3" l="C"/>
		<a id="17" s="O" t="O.2" l="O"/>
		<a id="18" s="O" t="O.2" l="O"/>
		<a id="19" s="C" t="C.ar" l="C"/>
		<a id="20" s="C" t="C.ar" l="C"/>
		<a id="21" s="C" t="C.ar" l="C"/>
		<a id="22" s="C" t="C.ar" l="C"/>
		<a id="23" s="Cl" t="Cl" l="CL"/>
		<a id="24" s="N" t="N.ar" l="N"/>
		<a id="25" s="C" t="C.ar" l="C"/>
		<a id="26" s="H" t="H" l="H"/>
		<a id="27" s="H" t="H" l="H"/>
		<a id="28" s="H" t="H" l="H"/>
		<a id="29" s="H" t="H" l="H"/>
		<a id="30" s="H" t="H" l="H"/>
		<a id="31" s="H" t="H" l="H"/>
		<a id="32" s="H" t="H" l="H"/>
		<a id="33" s="H" t="H" l="H"/>
		<a id="34" s="H" t="H" l="H"/>
		<a id="35" s="H" t="H" l="H"/>
		<a id="36" s="H" t="H" l="H"/>
		<a id="37" s="H" t="H" l="H"/>
		<a id="38" s="H" t="H" l="H"/>
		<a id="39" s="H" t="H" l="H"/>
		<a id="40" s="H" t="H" l="H"/>
		<a id="41" s="H" t="H" l="H"/>
		<a id="42" s="H" t="H" l="H"/>
		<a id="43" s="H" t="H" l="H"/>
		<a id="44" s="H" t="H" l="H"/>
		<a id="45" s="H" t="H" l="H"/>
		<a id="46" s="H" t="H" l="H"/>
		<a id="47" s="H" t="H" l="H"/>
		<a id="48" s="H" t="H" l="H"/>
		<a id="49" s="H" t="H" l="H"/>
	</atoms>
	<bonds>
		<b id="1" c="3 4" t="1"/>
		<b id="2" c="2 5" t="1"/>
		<b id="3" c="2 6" t="1"/>
		<b id="4" c="6 7" t="ar"/>
		<b id="5" c="7 8" t="ar"/>
		<b id="6" c="8 9" t="ar"/>
		<b id="7" c="9 10" t="1"/>
		<b id="8" c="11 13" t="1"/>
		<b id="9" c="13 14" t="1"/>
		<b id="10" c="14 15" t="1"/>
		<b id="11" c="15 16" t="1"/>
		<b id="12" c="15 17" t="2"/>
		<b id="13" c="15 18" t="2"/>
		<b id="14" c="9 19" t="ar"/>
		<b id="15" c="19 20" t="ar"/>
		<b id="16" c="6 20" t="ar"/>
		<b id="17" c="20 21" t="ar"/>
		<b id="18" c="21 22" t="ar"/>
		<b id="19" c="22 23" t="1"/>
		<b id="20" c="22 24" t="ar"/>
		<b id="21" c="24 25" t="ar"/>
		<b id="22" c="19 25" t="ar"/>
		<b id="23" c="2 3" t="1"/>
		<b id="24" c="2 1" t="1"/>
		<b id="25" c="11 12" t="1"/>
		<b id="26" c="11 10" t="1"/>
		<b id="27" c="1 26" t="1"/>
		<b id="28" c="1 27" t="1"/>
		<b id="29" c="3 28" t="1"/>
		<b id="30" c="3 29" t="1"/>
		<b id="31" c="4 30" t="1"/>
		<b id="32" c="4 31" t="1"/>
		<b id="33" c="4 32" t="1"/>
		<b id="34" c="5 33" t="1"/>
		<b id="35" c="5 34" t="1"/>
		<b id="36" c="5 35" t="1"/>
		<b id="37" c="7 36" t="1"/>
		<b id="38" c="11 37" t="1"/>
		<b id="39" c="12 38" t="1"/>
		<b id="40" c="12 39" t="1"/>
		<b id="41" c="12 40" t="1"/>
		<b id="42" c="13 41" t="1"/>
		<b id="43" c="13 42" t="1"/>
		<b id="44" c="14 43" t="1"/>
		<b id="45" c="14 44" t="1"/>
		<b id="46" c="16 45" t="1"/>
		<b id="47" c="16 46" t="1"/>
		<b id="48" c="16 47" t="1"/>
		<b id="49" c="21 48" t="1"/>
		<b id="50" c="25 49" t="1"/>
	</bonds>
	<geometry>
		<g u="A" t="cart/3d">#49,3:-0.5604,10.4471,-1.9654;-1.4338,9.6223,-1.0928;-2.4891,8.9712,-2.0322;-1.9229,7.9865,-3.0539;-2.0982,10.6477,-0.1436;-0.6306,8.5835,-0.2778;0.7562,8.4848,-0.4901;1.6113,7.6962,0.1993;1.0718,6.9420,1.1685;1.9176,6.2150,1.9813;3.2179,6.7914,2.1977;3.9384,5.7930,3.1097;3.1265,8.1771,2.8760;4.4897,8.7818,3.1860;4.3458,10.3799,3.9667;6.0431,10.8280,4.2362;3.7921,11.3107,3.0073;3.7363,10.1848,5.2688;-0.2977,6.8716,1.4398;-1.1841,7.7048,0.7162;-2.5512,7.5890,1.0762;-2.9428,6.7193,2.0875;-4.5878,6.6037,2.5623;-2.1104,5.9296,2.7764;-0.8101,6.0228,2.4340;-0.1064,11.1746,-1.4108;-1.1276,10.9483,-2.6501;-3.2656,8.4539,-1.4636;-3.0222,9.7595,-2.5840;-1.4637,7.1224,-2.5644;-1.1772,8.4551,-3.7036;-2.7292,7.6131,-3.6940;-2.8514,10.2081,0.5127;-2.6044,11.4439,-0.7031;-1.3531,11.1241,0.5080;1.2566,9.0821,-1.2488;3.7660,6.8475,1.2478;3.4035,5.6871,4.0617;4.9695,6.0873,3.3210;3.9628,4.7978,2.6530;2.5197,8.0979,3.7845;2.5786,8.8770,2.2345;5.0745,8.9141,2.2724;5.0499,8.1614,3.8898;6.5380,10.9370,3.2686;6.5264,10.0491,4.8302;6.0654,11.7762,4.7775;-3.3276,8.1638,0.5952;-0.1553,5.3707,3.0072;</g>
	</geometry>
	<conformers/>
	<properties/>
</molecule>
