<?xml version="1.0" ?>
<!--MOLLI PACKAGE EXPERIMENTAL XML FORMAT-->
<molecule name="prELN032036-095">
	<atoms>
		<a id="1" s="C" t="C.3" l="C"/>
		<a id="2" s="C" t="C.ar" l="C"/>
		<a id="3" s="C" t="C.ar" l="C"/>
		<a id="4" s="C" t="C.ar" l="C"/>
		<a id="5" s="C" t="C.ar" l="C"/>
		<a id="6" s="N" t="N.pl3" l="N"/>
		<a id="7" s="C" t="C.ar" l="C"/>
		<a id="8" s="C" t="C.ar" l="C"/>
		<a id="9" s="C" t="C.ar" l="C"/>
		<a id="10" s="C" t="C.ar" l="C"/>
		<a id="11" s="N" t="N.ar" l="N"/>
		<a id="12" s="C" t="C.ar" l="C"/>
		<a id="13" s="N" t="N.ar" l="N"/>
		<a id="14" s="C" t="C.ar" l="C"/>
		<a id="15" s="C" t="C.ar" l="C"/>
		<a id="16" s="N" t="N.ar" l="N"/>
		<a id="17" s="N" t="N.ar" l="N"/>
		<a id="18" s="H" t="H" l="H"/>
		<a id="19" s="H" t="H" l="H"/>
		<a id="20" s="H" t="H" l="H"/>
		<a id="21" s="H" t="H" l="H"/>
		<a id="22" s="H" t="H" l="H"/>
		<a id="23" s="H" t="H" l="H"/>
		<a id="24" s="H" t="H" l="H"/>
		<a id="25" s="H" t="H" l="H"/>
		<a id="26" s="H" t="H" l="H"/>
		<a id="27" s="H" t="H" l="H"/>
		<a id="28" s="H" t="H" l="H"/>
	</atoms>
	<bonds>
		<b id="1" c="1 2" t="1"/>
		<b id="2" c="2 3" t="ar"/>
		<b id="3" c="3 4" t="ar"/>
		<b id="4" c="4 5" t="ar"/>
		<b id="5" c="5 6" t="1"/>
		<b id="6" c="6 7" t="1"/>
		<b id="7" c="7 8" t="ar"/>
		<b id="8" c="8 9" t="ar"/>
		<b id="9" c="9 10" t="ar"/>
		<b id="10" c="10 11" t="ar"/>
		<b id="11" c="11 12" t="ar"/>
		<b id="12" c="12 13" t="ar"/>
		<b id="13" c="13 14" t="ar"/>
		<b id="14" c="10 14" t="ar"/>
		<b id="15" c="14 15" t="ar"/>
		<b id="16" c="7 15" t="ar"/>
		<b id="17" c="5 16" t="ar"/>
		<b id="18" c="16 17" t="ar"/>
		<b id="19" c="2 17" t="ar"/>
		<b id="20" c="1 18" t="1"/>
		<b id="21" c="1 19" t="1"/>
		<b id="22" c="1 20" t="1"/>
		<b id="23" c="3 21" t="1"/>
		<b id="24" c="4 22" t="1"/>
		<b id="25" c="6 23" t="1"/>
		<b id="26" c="8 24" t="1"/>
		<b id="27" c="9 25" t="1"/>
		<b id="28" c="11 26" t="1"/>
		<b id="29" c="12 27" t="1"/>
		<b id="30" c="15 28" t="1"/>
	</bonds>
	<geometry>
		<g u="A" t="cart/3d">#28,3:0.9827,0.1974,-0.0210;2.4756,0.1921,0.0327;3.1940,1.1924,0.6653;4.5863,1.1253,0.6630;5.2198,0.0399,0.0701;6.6385,-0.0103,0.0460;7.3674,-1.2330,-0.0049;8.6374,-1.2359,-0.6014;9.4519,-2.3773,-0.6086;8.9476,-3.5073,0.0380;9.4446,-4.7727,0.2203;8.5277,-5.4871,0.9392;7.4796,-4.7613,1.2463;7.7151,-3.5331,0.6772;6.9173,-2.3817,0.6738;4.4785,-0.9072,-0.5430;3.1045,-0.8401,-0.5585;0.5672,1.1314,0.3701;0.5839,-0.6331,0.5694;0.6484,0.0876,-1.0575;2.6895,2.0204,1.1518;5.1609,1.9092,1.1435;7.0056,0.5239,0.8288;8.9929,-0.3357,-1.1006;10.4201,-2.3742,-1.0976;10.3272,-5.1201,-0.1231;8.6768,-6.5248,1.2054;5.9637,-2.4049,1.1867;</g>
	</geometry>
	<conformers/>
	<properties/>
</molecule>
