<?xml version="1.0" ?>
<!--MOLLI PACKAGE EXPERIMENTAL XML FORMAT-->
<molecule name="1">
	<atoms>
		<a id="1" s="N" t="N.pl3" l="N"/>
		<a id="2" s="C" t="C.ar" l="C"/>
		<a id="3" s="C" t="C.ar" l="C"/>
		<a id="4" s="C" t="C.ar" l="C"/>
		<a id="5" s="C" t="C.ar" l="C"/>
		<a id="6" s="C" t="C.ar" l="C"/>
		<a id="7" s="C" t="C.ar" l="C"/>
		<a id="8" s="H" t="H" l="H"/>
		<a id="9" s="H" t="H" l="H"/>
		<a id="10" s="H" t="H" l="H"/>
		<a id="11" s="H" t="H" l="H"/>
		<a id="12" s="H" t="H" l="H"/>
		<a id="13" s="H" t="H" l="H"/>
		<a id="14" s="H" t="H" l="H"/>
	</atoms>
	<bonds>
		<b id="1" c="1 2" t="1"/>
		<b id="2" c="2 3" t="ar"/>
		<b id="3" c="3 4" t="ar"/>
		<b id="4" c="4 5" t="ar"/>
		<b id="5" c="5 6" t="ar"/>
		<b id="6" c="6 7" t="ar"/>
		<b id="7" c="2 7" t="ar"/>
		<b id="8" c="1 8" t="1"/>
		<b id="9" c="1 9" t="1"/>
		<b id="10" c="3 10" t="1"/>
		<b id="11" c="4 11" t="1"/>
		<b id="12" c="5 12" t="1"/>
		<b id="13" c="6 13" t="1"/>
		<b id="14" c="7 14" t="1"/>
	</bonds>
	<geometry>
		<g u="A" t="cart/3d">#14,3:1.0942,0.0301,0.0809;2.4784,0.0508,-0.0499;3.1728,1.2616,-0.1170;4.5416,1.2785,-0.2588;5.2468,0.0922,-0.3339;4.5766,-1.1146,-0.2659;3.2078,-1.1387,-0.1254;0.5452,0.8558,-0.1167;0.5691,-0.8097,-0.1228;2.6198,2.1825,-0.0548;5.0648,2.2192,-0.3132;6.3187,0.1082,-0.4453;5.1274,-2.0393,-0.3235;2.6816,-2.0757,-0.0736;</g>
	</geometry>
	<conformers>
		<g id="1" u="A" t="cart/3d">#14,3:-2.3177,0.0000,-0.0532;-0.9376,0.0000,0.0116;-0.2270,1.2005,0.0085;1.1538,1.1958,-0.0011;1.8526,-0.0000,-0.0053;1.1538,-1.1958,-0.0011;-0.2270,-1.2005,0.0085;-2.7773,-0.8469,0.2400;-2.7773,0.8469,0.2400;-0.7695,2.1356,0.0122;1.6891,2.1344,-0.0022;2.9321,-0.0000,-0.0103;1.6891,-2.1344,-0.0022;-0.7695,-2.1356,0.0122;</g>
	</conformers>
	<properties/>
</molecule>
