<?xml version="1.0" ?>
<!--MOLLI PACKAGE EXPERIMENTAL XML FORMAT-->
<molecule name="18">
	<atoms>
		<a id="1" s="C" t="C.ar" l="C"/>
		<a id="2" s="C" t="C.ar" l="C"/>
		<a id="3" s="C" t="C.ar" l="C"/>
		<a id="4" s="N" t="N.ar" l="N"/>
		<a id="5" s="C" t="C.ar" l="C"/>
		<a id="6" s="C" t="C.ar" l="C"/>
		<a id="7" s="C" t="C.ar" l="C"/>
		<a id="8" s="C" t="C.ar" l="C"/>
		<a id="9" s="C" t="C.ar" l="C"/>
		<a id="10" s="H" t="H" l="H"/>
		<a id="11" s="H" t="H" l="H"/>
		<a id="12" s="H" t="H" l="H"/>
		<a id="13" s="H" t="H" l="H"/>
		<a id="14" s="H" t="H" l="H"/>
		<a id="15" s="H" t="H" l="H"/>
		<a id="16" s="H" t="H" l="H"/>
	</atoms>
	<bonds>
		<b id="1" c="1 2" t="ar"/>
		<b id="2" c="2 3" t="ar"/>
		<b id="3" c="3 4" t="ar"/>
		<b id="4" c="1 5" t="ar"/>
		<b id="5" c="4 5" t="ar"/>
		<b id="6" c="5 6" t="ar"/>
		<b id="7" c="6 7" t="ar"/>
		<b id="8" c="7 8" t="ar"/>
		<b id="9" c="8 9" t="ar"/>
		<b id="10" c="1 9" t="ar"/>
		<b id="11" c="2 10" t="1"/>
		<b id="12" c="3 11" t="1"/>
		<b id="13" c="4 12" t="1"/>
		<b id="14" c="6 13" t="1"/>
		<b id="15" c="7 14" t="1"/>
		<b id="16" c="8 15" t="1"/>
		<b id="17" c="9 16" t="1"/>
	</bonds>
	<geometry>
		<g u="A" t="cart/3d">#16,3:-0.2305,0.7045,0.0028;-1.5856,1.1271,0.0423;-2.3657,0.0032,0.0519;-1.5632,-1.1136,0.0202;-0.2386,-0.7056,-0.0105;0.9662,-1.4203,-0.0497;2.1429,-0.7208,-0.0742;2.1548,0.6846,-0.0607;0.9903,1.4026,-0.0228;-1.9274,2.1483,0.0607;-3.4438,-0.0201,0.0792;-1.8742,-2.0872,0.0191;0.9473,-2.4956,-0.0598;3.0784,-1.2549,-0.1043;3.0993,1.2032,-0.0808;0.9907,2.4783,-0.0125;</g>
	</geometry>
	<conformers>
		<g id="1" u="A" t="cart/3d">#16,3:-0.2353,0.7471,0.0000;-1.5966,1.1636,-0.0000;-2.3575,0.0363,0.0000;-1.5523,-1.0699,-0.0000;-0.2473,-0.6693,-0.0000;0.9268,-1.4113,-0.0000;2.1182,-0.7186,-0.0000;2.1463,0.6791,0.0000;0.9864,1.4200,0.0000;-1.9520,2.1747,-0.0001;-3.4261,-0.0671,0.0000;-1.8705,-2.0238,0.0000;0.9046,-2.4916,-0.0000;3.0510,-1.2633,-0.0000;3.1030,1.1811,-0.0000;1.0152,2.4997,-0.0000;</g>
	</conformers>
	<properties/>
</molecule>
