<?xml version="1.0" ?>
<!--MOLLI PACKAGE EXPERIMENTAL XML FORMAT-->
<molecule name="19">
	<atoms>
		<a id="1" s="N" t="N.pl3" l="N"/>
		<a id="2" s="C" t="C.ar" l="C"/>
		<a id="3" s="C" t="C.ar" l="C"/>
		<a id="4" s="C" t="C.ar" l="C"/>
		<a id="5" s="C" t="C.ar" l="C"/>
		<a id="6" s="N" t="N.ar" l="N"/>
		<a id="7" s="C" t="C.ar" l="C"/>
		<a id="8" s="H" t="H" l="H"/>
		<a id="9" s="H" t="H" l="H"/>
		<a id="10" s="H" t="H" l="H"/>
		<a id="11" s="H" t="H" l="H"/>
		<a id="12" s="H" t="H" l="H"/>
		<a id="13" s="H" t="H" l="H"/>
	</atoms>
	<bonds>
		<b id="1" c="1 2" t="1"/>
		<b id="2" c="2 3" t="ar"/>
		<b id="3" c="3 4" t="ar"/>
		<b id="4" c="4 5" t="ar"/>
		<b id="5" c="5 6" t="ar"/>
		<b id="6" c="6 7" t="ar"/>
		<b id="7" c="2 7" t="ar"/>
		<b id="8" c="1 8" t="1"/>
		<b id="9" c="1 9" t="1"/>
		<b id="10" c="3 10" t="1"/>
		<b id="11" c="4 11" t="1"/>
		<b id="12" c="5 12" t="1"/>
		<b id="13" c="7 13" t="1"/>
	</bonds>
	<geometry>
		<g u="A" t="cart/3d">#13,3:1.1031,0.0314,0.0803;2.4879,0.0453,-0.0343;3.1958,1.2362,-0.1345;4.5577,1.1728,-0.2580;5.1711,-0.0606,-0.2775;4.5340,-1.2172,-0.1823;3.2235,-1.1418,-0.0622;0.5568,0.8525,-0.1397;0.5762,-0.8135,-0.0929;2.6745,2.1771,-0.1149;5.1414,2.0748,-0.3411;6.2448,-0.1155,-0.3752;2.6905,-2.0751,0.0166;</g>
	</geometry>
	<conformers>
		<g id="1" u="A" t="cart/3d">#13,3:2.3126,0.0279,-0.0501;0.9394,-0.0119,0.0120;0.2412,-1.2212,0.0086;-1.1405,-1.1996,-0.0021;-1.7885,0.0270,-0.0056;-1.1396,1.1798,-0.0001;0.1763,1.1622,0.0076;2.7526,0.8932,0.2160;2.8057,-0.8054,0.2264;0.7844,-2.1565,0.0139;-1.7044,-2.1201,-0.0041;-2.8675,0.0953,-0.0104;0.6638,2.1297,0.0119;</g>
	</conformers>
	<properties/>
</molecule>
