<?xml version="1.0" ?>
<!--MOLLI PACKAGE EXPERIMENTAL XML FORMAT-->
<molecule name="25">
	<atoms>
		<a id="1" s="N" t="N.pl3" l="N"/>
		<a id="2" s="C" t="C.ar" l="C"/>
		<a id="3" s="C" t="C.ar" l="C"/>
		<a id="4" s="N" t="N.ar" l="N"/>
		<a id="5" s="C" t="C.ar" l="C"/>
		<a id="6" s="O" t="O.2" l="O"/>
		<a id="7" s="H" t="H" l="H"/>
		<a id="8" s="H" t="H" l="H"/>
		<a id="9" s="H" t="H" l="H"/>
		<a id="10" s="H" t="H" l="H"/>
	</atoms>
	<bonds>
		<b id="1" c="1 2" t="1"/>
		<b id="2" c="2 3" t="ar"/>
		<b id="3" c="3 4" t="ar"/>
		<b id="4" c="4 5" t="ar"/>
		<b id="5" c="5 6" t="ar"/>
		<b id="6" c="2 6" t="ar"/>
		<b id="7" c="1 7" t="1"/>
		<b id="8" c="1 8" t="1"/>
		<b id="9" c="3 9" t="1"/>
		<b id="10" c="5 10" t="1"/>
	</bonds>
	<geometry>
		<g u="A" t="cart/3d">#10,3:1.0593,0.0025,-0.0889;2.4514,-0.0558,-0.0055;3.3098,1.0403,0.0575;4.5749,0.6038,0.1368;4.5063,-0.7027,0.1233;3.2274,-1.1720,0.0393;0.5727,0.7995,0.2933;0.5526,-0.8457,0.1025;3.0227,2.0807,0.0422;5.3819,-1.3432,0.1691;</g>
	</geometry>
	<conformers>
		<g id="1" u="A" t="cart/3d">#10,3:2.0487,-0.0347,-0.0578;0.6765,-0.0975,0.0114;-0.2116,-1.1370,0.0053;-1.4775,-0.6199,-0.0036;-1.3256,0.6566,-0.0040;-0.0322,1.0559,0.0091;2.5224,-0.8376,0.3247;2.4346,0.8484,0.2416;-0.0326,-2.1905,0.0041;-2.0941,1.4007,-0.0129;</g>
	</conformers>
	<properties/>
</molecule>
