<?xml version="1.0" ?>
<!--MOLLI PACKAGE EXPERIMENTAL XML FORMAT-->
<molecule name="27">
	<atoms>
		<a id="1" s="N" t="N.pl3" l="N"/>
		<a id="2" s="C" t="C.ar" l="C"/>
		<a id="3" s="C" t="C.ar" l="C"/>
		<a id="4" s="N" t="N.ar" l="N"/>
		<a id="5" s="C" t="C.ar" l="C"/>
		<a id="6" s="S" t="S.2" l="S"/>
		<a id="7" s="H" t="H" l="H"/>
		<a id="8" s="H" t="H" l="H"/>
		<a id="9" s="H" t="H" l="H"/>
		<a id="10" s="H" t="H" l="H"/>
	</atoms>
	<bonds>
		<b id="1" c="1 2" t="1"/>
		<b id="2" c="2 3" t="ar"/>
		<b id="3" c="3 4" t="ar"/>
		<b id="4" c="4 5" t="ar"/>
		<b id="5" c="5 6" t="ar"/>
		<b id="6" c="2 6" t="ar"/>
		<b id="7" c="1 7" t="1"/>
		<b id="8" c="1 8" t="1"/>
		<b id="9" c="3 9" t="1"/>
		<b id="10" c="5 10" t="1"/>
	</bonds>
	<geometry>
		<g u="A" t="cart/3d">#10,3:0.9801,0.0313,-0.1624;2.3532,-0.1079,-0.0989;3.2592,0.9186,-0.0466;4.5766,0.5539,0.0146;4.7171,-0.7252,0.0087;3.2161,-1.6140,-0.0719;0.5338,0.9031,0.0876;0.3802,-0.7581,0.0299;2.9674,1.9593,-0.0539;5.6818,-1.1975,0.0495;</g>
	</geometry>
	<conformers>
		<g id="1" u="A" t="cart/3d">#10,3:2.1785,-0.1751,0.0560;0.8084,-0.2458,-0.0130;0.0108,-1.3588,-0.0096;-1.3187,-1.1151,0.0027;-1.5855,0.1321,0.0071;-0.1843,1.1826,-0.0038;2.6638,-1.0035,-0.2521;2.5919,0.6866,-0.2636;0.3612,-2.3740,-0.0138;-2.5711,0.5492,0.0183;</g>
	</conformers>
	<properties/>
</molecule>
