<?xml version="1.0" ?>
<!--MOLLI PACKAGE EXPERIMENTAL XML FORMAT-->
<molecule name="11">
	<atoms>
		<a id="1" s="N" t="N.pl3" l="N"/>
		<a id="2" s="C" t="C.ar" l="C"/>
		<a id="3" s="N" t="N.ar" l="N"/>
		<a id="4" s="C" t="C.ar" l="C"/>
		<a id="5" s="C" t="C.ar" l="C"/>
		<a id="6" s="C" t="C.ar" l="C"/>
		<a id="7" s="C" t="C.ar" l="C"/>
		<a id="8" s="H" t="H" l="H"/>
		<a id="9" s="H" t="H" l="H"/>
		<a id="10" s="H" t="H" l="H"/>
		<a id="11" s="H" t="H" l="H"/>
		<a id="12" s="H" t="H" l="H"/>
		<a id="13" s="H" t="H" l="H"/>
	</atoms>
	<bonds>
		<b id="1" c="1 2" t="1"/>
		<b id="2" c="2 3" t="ar"/>
		<b id="3" c="3 4" t="ar"/>
		<b id="4" c="4 5" t="ar"/>
		<b id="5" c="5 6" t="ar"/>
		<b id="6" c="6 7" t="ar"/>
		<b id="7" c="2 7" t="ar"/>
		<b id="8" c="1 8" t="1"/>
		<b id="9" c="1 9" t="1"/>
		<b id="10" c="4 10" t="1"/>
		<b id="11" c="5 11" t="1"/>
		<b id="12" c="6 12" t="1"/>
		<b id="13" c="7 13" t="1"/>
	</bonds>
	<geometry>
		<g u="A" t="cart/3d">#13,3:1.1970,0.0709,0.2551;2.5782,0.0529,0.1124;3.2340,1.2235,0.0408;4.5427,1.1571,-0.1017;5.2663,-0.0115,-0.1817;4.5967,-1.2082,-0.1093;3.2354,-1.1735,0.0391;0.6987,0.9359,0.1113;0.6208,-0.7372,0.0646;5.0615,2.1017,-0.1583;6.3373,0.0127,-0.2975;5.1257,-2.1452,-0.1673;2.6640,-2.0826,0.1035;</g>
	</geometry>
	<conformers>
		<g id="1" u="A" t="cart/3d">#13,3:2.2605,0.0320,0.0471;0.8951,0.0352,-0.0106;0.3035,-1.1573,-0.0129;-1.0182,-1.2020,0.0004;-1.8261,-0.0802,0.0080;-1.2081,1.1660,0.0016;0.1673,1.2347,-0.0081;2.7544,0.8581,-0.2422;2.7018,-0.8533,-0.1361;-1.4419,-2.1983,-0.0008;-2.9005,-0.1706,0.0155;-1.7992,2.0710,0.0029;0.6860,2.1817,-0.0122;</g>
	</conformers>
	<properties/>
</molecule>
