<?xml version="1.0" ?>
<!--MOLLI PACKAGE EXPERIMENTAL XML FORMAT-->
<molecule name="37">
	<atoms>
		<a id="1" s="C" t="C.3" l="C"/>
		<a id="2" s="C" t="C.3" l="C"/>
		<a id="3" s="C" t="C.3" l="C"/>
		<a id="4" s="N" t="N.3" l="N"/>
		<a id="5" s="C" t="C.3" l="C"/>
		<a id="6" s="H" t="H" l="H"/>
		<a id="7" s="H" t="H" l="H"/>
		<a id="8" s="H" t="H" l="H"/>
		<a id="9" s="H" t="H" l="H"/>
		<a id="10" s="H" t="H" l="H"/>
		<a id="11" s="H" t="H" l="H"/>
		<a id="12" s="H" t="H" l="H"/>
		<a id="13" s="H" t="H" l="H"/>
		<a id="14" s="H" t="H" l="H"/>
		<a id="15" s="H" t="H" l="H"/>
		<a id="16" s="H" t="H" l="H"/>
	</atoms>
	<bonds>
		<b id="1" c="1 2" t="1"/>
		<b id="2" c="2 3" t="1"/>
		<b id="3" c="2 4" t="1"/>
		<b id="4" c="2 5" t="1"/>
		<b id="5" c="1 6" t="1"/>
		<b id="6" c="1 7" t="1"/>
		<b id="7" c="1 8" t="1"/>
		<b id="8" c="3 9" t="1"/>
		<b id="9" c="3 10" t="1"/>
		<b id="10" c="3 11" t="1"/>
		<b id="11" c="4 12" t="1"/>
		<b id="12" c="4 13" t="1"/>
		<b id="13" c="5 14" t="1"/>
		<b id="14" c="5 15" t="1"/>
		<b id="15" c="5 16" t="1"/>
	</bonds>
	<geometry>
		<g u="A" t="cart/3d">#16,3:1.0246,-0.0038,0.0879;2.5586,-0.0089,0.0887;3.0741,-1.1333,-0.8194;3.0444,1.2954,-0.4079;3.0712,-0.2212,1.5189;0.6387,0.1404,-0.9208;0.6460,0.8064,0.7102;0.6284,-0.9437,0.4724;2.7244,-0.9963,-1.8423;2.7271,-2.1062,-0.4711;4.1635,-1.1493,-0.8359;2.7279,1.4330,-1.3585;4.0551,1.2902,-0.4297;2.7167,-1.1678,1.9268;2.7271,0.5816,2.1702;4.1605,-0.2279,1.5425;</g>
	</geometry>
	<conformers>
		<g id="1" u="A" t="cart/3d">#16,3:-1.2529,0.6049,-0.6374;0.0000,-0.0038,-0.0038;1.2526,0.6055,-0.6373;-0.0001,0.3619,1.4094;0.0004,-1.5274,-0.2148;-1.2615,0.4310,-1.7100;-1.2730,1.6749,-0.4511;-2.1497,0.1639,-0.2072;2.1497,0.1651,-0.2070;1.2721,1.6756,-0.4511;1.2614,0.4316,-1.7099;0.8198,-0.0161,1.8719;-0.8199,-0.0164,1.8719;0.8841,-1.9745,0.2386;0.0004,-1.7672,-1.2751;-0.8830,-1.9749,0.2387;</g>
	</conformers>
	<properties/>
</molecule>
