<?xml version="1.0" ?>
<!--MOLLI PACKAGE EXPERIMENTAL XML FORMAT-->
<molecule name="4">
	<atoms>
		<a id="1" s="C" t="C.3" l="C"/>
		<a id="2" s="O" t="O.3" l="O"/>
		<a id="3" s="C" t="C.ar" l="C"/>
		<a id="4" s="C" t="C.ar" l="C"/>
		<a id="5" s="C" t="C.ar" l="C"/>
		<a id="6" s="C" t="C.3" l="C"/>
		<a id="7" s="C" t="C.ar" l="C"/>
		<a id="8" s="C" t="C.ar" l="C"/>
		<a id="9" s="C" t="C.3" l="C"/>
		<a id="10" s="C" t="C.ar" l="C"/>
		<a id="11" s="N" t="N.pl3" l="N"/>
		<a id="12" s="H" t="H" l="H"/>
		<a id="13" s="H" t="H" l="H"/>
		<a id="14" s="H" t="H" l="H"/>
		<a id="15" s="H" t="H" l="H"/>
		<a id="16" s="H" t="H" l="H"/>
		<a id="17" s="H" t="H" l="H"/>
		<a id="18" s="H" t="H" l="H"/>
		<a id="19" s="H" t="H" l="H"/>
		<a id="20" s="H" t="H" l="H"/>
		<a id="21" s="H" t="H" l="H"/>
		<a id="22" s="H" t="H" l="H"/>
		<a id="23" s="H" t="H" l="H"/>
		<a id="24" s="H" t="H" l="H"/>
	</atoms>
	<bonds>
		<b id="1" c="1 2" t="1"/>
		<b id="2" c="2 3" t="1"/>
		<b id="3" c="3 4" t="ar"/>
		<b id="4" c="4 5" t="ar"/>
		<b id="5" c="5 6" t="1"/>
		<b id="6" c="5 7" t="ar"/>
		<b id="7" c="7 8" t="ar"/>
		<b id="8" c="8 9" t="1"/>
		<b id="9" c="8 10" t="ar"/>
		<b id="10" c="3 10" t="ar"/>
		<b id="11" c="7 11" t="1"/>
		<b id="12" c="1 12" t="1"/>
		<b id="13" c="1 13" t="1"/>
		<b id="14" c="1 14" t="1"/>
		<b id="15" c="4 15" t="1"/>
		<b id="16" c="6 16" t="1"/>
		<b id="17" c="6 17" t="1"/>
		<b id="18" c="6 18" t="1"/>
		<b id="19" c="9 19" t="1"/>
		<b id="20" c="9 20" t="1"/>
		<b id="21" c="9 21" t="1"/>
		<b id="22" c="10 22" t="1"/>
		<b id="23" c="11 23" t="1"/>
		<b id="24" c="11 24" t="1"/>
	</bonds>
	<geometry>
		<g u="A" t="cart/3d">#24,3:1.4196,0.5403,0.5632;2.2628,-0.1224,-0.3471;2.9012,0.7179,-1.2798;2.7397,2.0999,-1.3391;3.4004,2.8693,-2.2784;3.2002,4.3426,-2.3082;4.2700,2.2528,-3.1961;4.4283,0.8561,-3.1609;5.3276,0.1738,-4.1287;3.7519,0.1213,-2.2067;4.9702,3.0216,-4.1346;0.9860,-0.1997,1.2366;0.6151,1.0436,0.0258;1.9954,1.2569,1.1499;2.0870,2.5889,-0.6410;2.3766,4.6452,-1.6602;2.9655,4.6823,-3.3177;4.0967,4.8643,-1.9710;5.1357,0.5160,-5.1465;5.1803,-0.9070,-4.1130;6.3742,0.3708,-3.8925;3.8756,-0.9452,-2.1659;5.1081,4.0077,-3.9662;5.7993,2.6443,-4.5698;</g>
	</geometry>
	<conformers>
		<g id="1" u="A" t="cart/3d">#24,3:-3.5748,0.3240,0.0052;-2.6115,-0.6965,-0.0058;-1.2872,-0.3365,-0.0038;-0.3725,-1.3853,-0.0011;0.9886,-1.1519,-0.0031;1.9508,-2.3052,0.0094;1.4632,0.1683,-0.0131;0.5495,1.2266,-0.0038;1.0366,2.6481,0.0075;-0.8141,0.9663,-0.0014;2.8323,0.4209,0.0469;-4.5405,-0.1799,0.0056;-3.5014,0.9598,-0.8842;-3.4937,0.9473,0.9026;-0.7544,-2.3942,0.0037;2.5604,-2.3171,-0.8963;1.4098,-3.2457,0.0634;2.6174,-2.2391,0.8688;0.1982,3.3374,0.0633;1.6003,2.8765,-0.8994;1.6854,2.8241,0.8651;-1.4947,1.8036,0.0036;3.4118,-0.3275,-0.2990;3.1097,1.3226,-0.3074;</g>
	</conformers>
	<properties/>
</molecule>
