<?xml version="1.0" ?>
<!--MOLLI PACKAGE EXPERIMENTAL XML FORMAT-->
<molecule name="5">
	<atoms>
		<a id="1" s="N" t="N.pl3" l="N"/>
		<a id="2" s="C" t="C.ar" l="C"/>
		<a id="3" s="C" t="C.ar" l="C"/>
		<a id="4" s="C" t="C.ar" l="C"/>
		<a id="5" s="C" t="C.ar" l="C"/>
		<a id="6" s="C" t="C.3" l="C"/>
		<a id="7" s="C" t="C.ar" l="C"/>
		<a id="8" s="C" t="C.ar" l="C"/>
		<a id="9" s="H" t="H" l="H"/>
		<a id="10" s="H" t="H" l="H"/>
		<a id="11" s="H" t="H" l="H"/>
		<a id="12" s="H" t="H" l="H"/>
		<a id="13" s="H" t="H" l="H"/>
		<a id="14" s="H" t="H" l="H"/>
		<a id="15" s="H" t="H" l="H"/>
		<a id="16" s="H" t="H" l="H"/>
		<a id="17" s="H" t="H" l="H"/>
	</atoms>
	<bonds>
		<b id="1" c="1 2" t="1"/>
		<b id="2" c="2 3" t="ar"/>
		<b id="3" c="3 4" t="ar"/>
		<b id="4" c="4 5" t="ar"/>
		<b id="5" c="5 6" t="1"/>
		<b id="6" c="5 7" t="ar"/>
		<b id="7" c="7 8" t="ar"/>
		<b id="8" c="2 8" t="ar"/>
		<b id="9" c="1 9" t="1"/>
		<b id="10" c="1 10" t="1"/>
		<b id="11" c="3 11" t="1"/>
		<b id="12" c="4 12" t="1"/>
		<b id="13" c="6 13" t="1"/>
		<b id="14" c="6 14" t="1"/>
		<b id="15" c="6 15" t="1"/>
		<b id="16" c="7 16" t="1"/>
		<b id="17" c="8 17" t="1"/>
	</bonds>
	<geometry>
		<g u="A" t="cart/3d">#17,3:1.1434,-0.0361,0.2958;2.5216,-0.0094,0.1127;3.2089,1.2028,0.0209;4.5711,1.2254,-0.1735;5.2954,0.0442,-0.2824;6.7702,0.0612,-0.4883;4.6156,-1.1631,-0.1855;3.2535,-1.1940,0.0075;0.5839,0.7874,0.1189;0.6146,-0.8777,0.1095;2.6556,2.1216,0.1059;5.0880,2.1672,-0.2445;7.1417,1.0774,-0.6266;7.0461,-0.5165,-1.3717;7.2868,-0.3690,0.3709;5.1701,-2.0828,-0.2647;2.7347,-2.1338,0.0786;</g>
	</geometry>
	<conformers>
		<g id="1" u="A" t="cart/3d">#17,3:2.7792,0.0001,-0.0633;1.3969,0.0000,0.0093;0.6835,-1.1975,0.0103;-0.6970,-1.1914,0.0078;-1.4115,-0.0002,0.0073;-2.9112,0.0001,-0.0159;-0.6971,1.1912,0.0078;0.6833,1.1975,0.0103;3.2354,-0.8453,0.2404;3.2353,0.8456,0.2404;1.2223,-2.1349,0.0131;-1.2303,-2.1318,0.0106;-3.3065,0.8812,0.4850;-3.3067,-0.8887,0.4711;-3.2717,0.0084,-1.0456;-1.2306,2.1315,0.0106;1.2220,2.1349,0.0131;</g>
	</conformers>
	<properties/>
</molecule>
