<?xml version="1.0" ?>
<!--MOLLI PACKAGE EXPERIMENTAL XML FORMAT-->
<molecule name="50">
	<atoms>
		<a id="1" s="C" t="C.3" l="C"/>
		<a id="2" s="N" t="N.3" l="N"/>
		<a id="3" s="C" t="C.3" l="C"/>
		<a id="4" s="C" t="C.3" l="C"/>
		<a id="5" s="C" t="C.3" l="C"/>
		<a id="6" s="C" t="C.3" l="C"/>
		<a id="7" s="H" t="H" l="H"/>
		<a id="8" s="H" t="H" l="H"/>
		<a id="9" s="H" t="H" l="H"/>
		<a id="10" s="H" t="H" l="H"/>
		<a id="11" s="H" t="H" l="H"/>
		<a id="12" s="H" t="H" l="H"/>
		<a id="13" s="H" t="H" l="H"/>
		<a id="14" s="H" t="H" l="H"/>
		<a id="15" s="H" t="H" l="H"/>
		<a id="16" s="H" t="H" l="H"/>
		<a id="17" s="H" t="H" l="H"/>
		<a id="18" s="H" t="H" l="H"/>
		<a id="19" s="H" t="H" l="H"/>
	</atoms>
	<bonds>
		<b id="1" c="1 2" t="1"/>
		<b id="2" c="2 3" t="1"/>
		<b id="3" c="3 4" t="1"/>
		<b id="4" c="3 5" t="1"/>
		<b id="5" c="3 6" t="1"/>
		<b id="6" c="1 7" t="1"/>
		<b id="7" c="1 8" t="1"/>
		<b id="8" c="1 9" t="1"/>
		<b id="9" c="2 10" t="1"/>
		<b id="10" c="4 11" t="1"/>
		<b id="11" c="4 12" t="1"/>
		<b id="12" c="4 13" t="1"/>
		<b id="13" c="5 14" t="1"/>
		<b id="14" c="5 15" t="1"/>
		<b id="15" c="5 16" t="1"/>
		<b id="16" c="6 17" t="1"/>
		<b id="17" c="6 18" t="1"/>
		<b id="18" c="6 19" t="1"/>
	</bonds>
	<geometry>
		<g u="A" t="cart/3d">#19,3:2.8219,-0.6596,-1.1631;2.5094,0.1357,0.0139;3.0547,1.5242,0.1225;2.5750,2.3675,-1.0646;2.5282,2.1419,1.4250;4.5867,1.4888,0.1549;2.3094,-1.6215,-1.1231;3.8930,-0.8445,-1.2478;2.4888,-0.1491,-2.0654;2.7593,-0.3692,0.8691;1.4892,2.3308,-1.1462;2.9970,2.0060,-2.0014;2.8719,3.4098,-0.9475;1.4387,2.1474,1.4324;2.8742,3.1689,1.5411;2.8664,1.5723,2.2901;4.9900,1.1015,-0.7799;4.9430,0.8528,0.9648;4.9955,2.4880,0.3053;</g>
	</geometry>
	<conformers>
		<g id="1" u="A" t="cart/3d">#19,3:-2.0842,0.0317,-0.0023;-0.8344,0.7336,0.2018;0.4077,-0.0098,-0.0025;1.5449,0.9746,0.2941;0.4775,-1.1683,0.9963;0.5680,-0.5485,-1.4349;-2.2221,-0.3706,-1.0166;-2.8973,0.7288,0.1989;-2.1595,-0.7885,0.7093;-0.8174,1.5615,-0.3860;2.5085,0.4756,0.2351;1.4211,1.3874,1.2914;1.5377,1.7947,-0.4211;-0.2148,-1.9620,0.7282;0.2313,-0.8080,1.9914;1.4811,-1.5852,1.0113;-0.1904,-1.2956,-1.6573;1.5446,-1.0110,-1.5530;0.4806,0.2614,-2.1578;</g>
	</conformers>
	<properties/>
</molecule>
