<?xml version="1.0" ?>
<!--MOLLI PACKAGE EXPERIMENTAL XML FORMAT-->
<molecule name="14">
	<atoms>
		<a id="1" s="C" t="C.3" l="C"/>
		<a id="2" s="N" t="N.ar" l="N"/>
		<a id="3" s="N" t="N.ar" l="N"/>
		<a id="4" s="C" t="C.ar" l="C"/>
		<a id="5" s="C" t="C.ar" l="C"/>
		<a id="6" s="C" t="C.ar" l="C"/>
		<a id="7" s="N" t="N.pl3" l="N"/>
		<a id="8" s="H" t="H" l="H"/>
		<a id="9" s="H" t="H" l="H"/>
		<a id="10" s="H" t="H" l="H"/>
		<a id="11" s="H" t="H" l="H"/>
		<a id="12" s="H" t="H" l="H"/>
		<a id="13" s="H" t="H" l="H"/>
		<a id="14" s="H" t="H" l="H"/>
	</atoms>
	<bonds>
		<b id="1" c="1 2" t="1"/>
		<b id="2" c="2 3" t="ar"/>
		<b id="3" c="3 4" t="ar"/>
		<b id="4" c="4 5" t="ar"/>
		<b id="5" c="5 6" t="ar"/>
		<b id="6" c="2 6" t="ar"/>
		<b id="7" c="6 7" t="1"/>
		<b id="8" c="1 8" t="1"/>
		<b id="9" c="1 9" t="1"/>
		<b id="10" c="1 10" t="1"/>
		<b id="11" c="4 11" t="1"/>
		<b id="12" c="5 12" t="1"/>
		<b id="13" c="7 13" t="1"/>
		<b id="14" c="7 14" t="1"/>
	</bonds>
	<geometry>
		<g u="A" t="cart/3d">#14,3:1.0170,-0.0290,0.0518;2.4728,-0.0734,0.0611;3.2384,1.0278,0.1246;4.4747,0.5958,0.0941;4.5284,-0.8074,0.0113;3.2274,-1.2375,-0.0074;2.7511,-2.5478,-0.0914;0.6853,1.0064,0.0372;0.6230,-0.5135,0.9421;0.6354,-0.5350,-0.8320;5.3302,1.2551,0.1276;5.4072,-1.4284,-0.0337;3.3643,-3.2982,0.1908;1.8165,-2.7383,0.2375;</g>
	</geometry>
	<conformers>
		<g id="1" u="A" t="cart/3d">#14,3:1.2667,-1.6080,0.0059;0.2091,-0.6412,-0.0077;-1.0752,-1.0284,-0.0003;-1.7848,0.0805,0.0028;-0.9634,1.2146,-0.0050;0.3225,0.7072,-0.0123;1.5519,1.3417,0.0569;1.8486,-1.5702,-0.9200;0.8064,-2.5893,0.0949;1.9320,-1.4382,0.8552;-2.8557,0.0361,0.0072;-1.2575,2.2438,-0.0017;1.5059,2.3179,-0.1945;2.3002,0.8587,-0.4200;</g>
	</conformers>
	<properties/>
</molecule>
