<?xml version="1.0" ?>
<!--MOLLI PACKAGE EXPERIMENTAL XML FORMAT-->
<molecule name="17">
	<atoms>
		<a id="1" s="N" t="N.ar" l="N"/>
		<a id="2" s="C" t="C.ar" l="C"/>
		<a id="3" s="C" t="C.ar" l="C"/>
		<a id="4" s="C" t="C.ar" l="C"/>
		<a id="5" s="C" t="C.ar" l="C"/>
		<a id="6" s="H" t="H" l="H"/>
		<a id="7" s="H" t="H" l="H"/>
		<a id="8" s="H" t="H" l="H"/>
		<a id="9" s="H" t="H" l="H"/>
		<a id="10" s="H" t="H" l="H"/>
	</atoms>
	<bonds>
		<b id="1" c="1 2" t="ar"/>
		<b id="2" c="2 3" t="ar"/>
		<b id="3" c="3 4" t="ar"/>
		<b id="4" c="4 5" t="ar"/>
		<b id="5" c="1 5" t="ar"/>
		<b id="6" c="1 6" t="1"/>
		<b id="7" c="2 7" t="1"/>
		<b id="8" c="3 8" t="1"/>
		<b id="9" c="4 9" t="1"/>
		<b id="10" c="5 10" t="1"/>
	</bonds>
	<geometry>
		<g u="A" t="cart/3d">#10,3:-1.1419,0.0000,0.0130;-0.3419,1.1124,0.0078;0.9681,0.7013,-0.0011;0.9682,-0.7010,-0.0012;-0.3417,-1.1123,0.0076;-2.1658,-0.0001,0.0199;-0.6938,2.1328,0.0102;1.8377,1.3398,-0.0068;1.8379,-1.3394,-0.0071;-0.6936,-2.1327,0.0098;</g>
	</geometry>
	<conformers>
		<g id="1" u="A" t="cart/3d">#10,3:1.1147,0.0000,0.0000;0.3292,-1.1084,0.0000;-0.9770,-0.7046,-0.0000;-0.9770,0.7046,0.0000;0.3292,1.1084,-0.0000;2.1208,-0.0000,0.0000;0.7525,-2.0936,0.0000;-1.8395,-1.3411,-0.0000;-1.8395,1.3411,0.0000;0.7525,2.0936,-0.0000;</g>
	</conformers>
	<properties/>
</molecule>
