<?xml version="1.0" ?>
<!--MOLLI PACKAGE EXPERIMENTAL XML FORMAT-->
<molecule name="18">
	<atoms>
		<a id="1" s="Br" t="Br" l="BR"/>
		<a id="2" s="C" t="C.ar" l="C"/>
		<a id="3" s="C" t="C.ar" l="C"/>
		<a id="4" s="N" t="N.ar" l="N"/>
		<a id="5" s="C" t="C.ar" l="C"/>
		<a id="6" s="C" t="C.3" l="C"/>
		<a id="7" s="C" t="C.ar" l="C"/>
		<a id="8" s="C" t="C.ar" l="C"/>
		<a id="9" s="H" t="H" l="H"/>
		<a id="10" s="H" t="H" l="H"/>
		<a id="11" s="H" t="H" l="H"/>
		<a id="12" s="H" t="H" l="H"/>
		<a id="13" s="H" t="H" l="H"/>
		<a id="14" s="H" t="H" l="H"/>
	</atoms>
	<bonds>
		<b id="1" c="1 2" t="1"/>
		<b id="2" c="2 3" t="ar"/>
		<b id="3" c="3 4" t="ar"/>
		<b id="4" c="4 5" t="ar"/>
		<b id="5" c="5 6" t="1"/>
		<b id="6" c="5 7" t="ar"/>
		<b id="7" c="7 8" t="ar"/>
		<b id="8" c="2 8" t="ar"/>
		<b id="9" c="3 9" t="1"/>
		<b id="10" c="6 10" t="1"/>
		<b id="11" c="6 11" t="1"/>
		<b id="12" c="6 12" t="1"/>
		<b id="13" c="7 13" t="1"/>
		<b id="14" c="8 14" t="1"/>
	</bonds>
	<geometry>
		<g u="A" t="cart/3d">#14,3:1.1868,0.0224,0.2470;3.0570,-0.0189,-0.0191;3.7715,1.1503,-0.1296;5.0826,1.2170,-0.3167;5.7296,0.0549,-0.4012;7.2007,0.0840,-0.6095;5.0897,-1.1670,-0.3001;3.7283,-1.2099,-0.1057;3.2403,2.0874,-0.0605;7.5499,1.1128,-0.6970;7.4769,-0.4449,-1.5220;7.7228,-0.3797,0.2278;5.6617,-2.0758,-0.3743;3.1944,-2.1426,-0.0225;</g>
	</geometry>
	<conformers>
		<g id="1" u="A" t="cart/3d">#14,3:2.0078,0.0170,0.0000;0.1053,-0.0342,-0.0001;-0.6273,1.1425,-0.0001;-1.9448,1.1482,-0.0001;-2.6075,-0.0004,-0.0000;-4.0998,0.0803,0.0002;-1.9458,-1.2289,-0.0001;-0.5641,-1.2494,-0.0001;-0.1420,2.1091,0.0000;-4.5053,-0.4191,-0.8780;-4.4069,1.1215,-0.0044;-4.5043,-0.4106,0.8837;-2.5071,-2.1509,-0.0001;-0.0171,-2.1805,-0.0002;</g>
	</conformers>
	<properties/>
</molecule>
