<?xml version="1.0" ?>
<!--MOLLI PACKAGE EXPERIMENTAL XML FORMAT-->
<molecule name="20">
	<atoms>
		<a id="1" s="Br" t="Br" l="BR"/>
		<a id="2" s="C" t="C.ar" l="C"/>
		<a id="3" s="C" t="C.ar" l="C"/>
		<a id="4" s="S" t="S.2" l="S"/>
		<a id="5" s="C" t="C.ar" l="C"/>
		<a id="6" s="N" t="N.ar" l="N"/>
		<a id="7" s="H" t="H" l="H"/>
		<a id="8" s="H" t="H" l="H"/>
	</atoms>
	<bonds>
		<b id="1" c="1 2" t="1"/>
		<b id="2" c="2 3" t="ar"/>
		<b id="3" c="3 4" t="ar"/>
		<b id="4" c="4 5" t="ar"/>
		<b id="5" c="5 6" t="ar"/>
		<b id="6" c="2 6" t="ar"/>
		<b id="7" c="3 7" t="1"/>
		<b id="8" c="5 8" t="1"/>
	</bonds>
	<geometry>
		<g u="A" t="cart/3d">#8,3:1.1007,-0.0854,0.0568;2.9986,-0.0520,0.0640;3.6826,1.1120,0.0621;5.3764,0.7974,0.0698;5.0350,-0.9057,0.0750;3.7761,-1.1867,0.0713;3.2374,2.0891,0.0566;5.7958,-1.6650,0.0809;</g>
	</geometry>
	<conformers>
		<g id="1" u="A" t="cart/3d">#8,3:1.7107,0.0542,-0.0000;-0.1627,-0.0528,0.0001;-0.9982,1.0232,-0.0000;-2.6272,0.4818,0.0000;-2.0337,-1.1490,-0.0000;-0.7578,-1.2644,0.0000;-0.7457,2.0633,-0.0000;-2.7045,-1.9840,-0.0001;</g>
	</conformers>
	<properties/>
</molecule>
