<?xml version="1.0" ?>
<!--MOLLI PACKAGE EXPERIMENTAL XML FORMAT-->
<molecule name="21">
	<atoms>
		<a id="1" s="Br" t="Br" l="BR"/>
		<a id="2" s="C" t="C.ar" l="C"/>
		<a id="3" s="C" t="C.ar" l="C"/>
		<a id="4" s="O" t="O.2" l="O"/>
		<a id="5" s="C" t="C.ar" l="C"/>
		<a id="6" s="C" t="C.ar" l="C"/>
		<a id="7" s="H" t="H" l="H"/>
		<a id="8" s="H" t="H" l="H"/>
		<a id="9" s="H" t="H" l="H"/>
	</atoms>
	<bonds>
		<b id="1" c="1 2" t="1"/>
		<b id="2" c="2 3" t="ar"/>
		<b id="3" c="3 4" t="ar"/>
		<b id="4" c="4 5" t="ar"/>
		<b id="5" c="5 6" t="ar"/>
		<b id="6" c="2 6" t="ar"/>
		<b id="7" c="3 7" t="1"/>
		<b id="8" c="5 8" t="1"/>
		<b id="9" c="6 9" t="1"/>
	</bonds>
	<geometry>
		<g u="A" t="cart/3d">#9,3:1.0702,0.0548,0.0742;2.9575,0.0067,0.0812;3.8101,1.0875,0.0816;5.1073,0.6660,0.0874;5.0674,-0.6940,0.0906;3.7626,-1.1282,0.0869;3.5031,2.1270,0.0780;5.9481,-1.3260,0.0953;3.4163,-2.1487,0.0882;</g>
	</geometry>
	<conformers>
		<g id="1" u="A" t="cart/3d">#9,3:-1.4212,0.0037,0.0000;0.4555,-0.0203,-0.0000;1.2799,1.0662,-0.0000;2.5575,0.6622,0.0000;2.5576,-0.6800,0.0000;1.2884,-1.1678,-0.0000;1.0750,2.1176,-0.0000;3.5092,-1.1727,0.0000;0.9720,-2.1896,-0.0000;</g>
	</conformers>
	<properties/>
</molecule>
