<?xml version="1.0" ?>
<!--MOLLI PACKAGE EXPERIMENTAL XML FORMAT-->
<molecule name="22">
	<atoms>
		<a id="1" s="Br" t="Br" l="BR"/>
		<a id="2" s="C" t="C.ar" l="C"/>
		<a id="3" s="C" t="C.ar" l="C"/>
		<a id="4" s="C" t="C.ar" l="C"/>
		<a id="5" s="C" t="C.ar" l="C"/>
		<a id="6" s="C" t="C.ar" l="C"/>
		<a id="7" s="C" t="C.ar" l="C"/>
		<a id="8" s="C" t="C.ar" l="C"/>
		<a id="9" s="C" t="C.ar" l="C"/>
		<a id="10" s="N" t="N.ar" l="N"/>
		<a id="11" s="C" t="C.ar" l="C"/>
		<a id="12" s="H" t="H" l="H"/>
		<a id="13" s="H" t="H" l="H"/>
		<a id="14" s="H" t="H" l="H"/>
		<a id="15" s="H" t="H" l="H"/>
		<a id="16" s="H" t="H" l="H"/>
		<a id="17" s="H" t="H" l="H"/>
	</atoms>
	<bonds>
		<b id="1" c="1 2" t="1"/>
		<b id="2" c="2 3" t="ar"/>
		<b id="3" c="3 4" t="ar"/>
		<b id="4" c="4 5" t="ar"/>
		<b id="5" c="5 6" t="ar"/>
		<b id="6" c="6 7" t="ar"/>
		<b id="7" c="7 8" t="ar"/>
		<b id="8" c="8 9" t="ar"/>
		<b id="9" c="4 9" t="ar"/>
		<b id="10" c="9 10" t="ar"/>
		<b id="11" c="10 11" t="ar"/>
		<b id="12" c="2 11" t="ar"/>
		<b id="13" c="3 12" t="1"/>
		<b id="14" c="5 13" t="1"/>
		<b id="15" c="6 14" t="1"/>
		<b id="16" c="7 15" t="1"/>
		<b id="17" c="8 16" t="1"/>
		<b id="18" c="11 17" t="1"/>
	</bonds>
	<geometry>
		<g u="A" t="cart/3d">#17,3:1.0614,-0.1069,0.2867;2.9445,-0.0659,0.1522;3.6009,1.1175,0.1128;5.0045,1.1012,0.0119;5.7739,2.2839,-0.0370;7.1302,2.2227,-0.1366;7.7766,0.9842,-0.1915;7.0578,-0.1728,-0.1459;5.6522,-0.1548,-0.0428;4.9729,-1.3342,-0.0011;3.6707,-1.2534,0.0925;3.0595,2.0467,0.1575;5.2716,3.2347,0.0053;7.7104,3.1298,-0.1735;8.8506,0.9473,-0.2705;7.5509,-1.1280,-0.1880;3.1262,-2.1843,0.1255;</g>
	</geometry>
	<conformers>
		<g id="1" u="A" t="cart/3d">#17,3:2.6988,0.1848,0.0000;0.8226,-0.1406,-0.0001;-0.0687,0.8970,-0.0000;-1.4467,0.5977,0.0000;-2.4496,1.5874,0.0000;-3.7687,1.2279,0.0000;-4.1412,-0.1266,0.0000;-3.1926,-1.1114,0.0000;-1.8241,-0.7745,0.0000;-0.9100,-1.7662,0.0000;0.3534,-1.4691,-0.0000;0.2615,1.9259,-0.0001;-2.1564,2.6273,0.0000;-4.5369,1.9868,0.0000;-5.1900,-0.3837,0.0000;-3.4561,-2.1571,0.0000;1.0513,-2.2959,-0.0000;</g>
	</conformers>
	<properties/>
</molecule>
