<?xml version="1.0" ?>
<!--MOLLI PACKAGE EXPERIMENTAL XML FORMAT-->
<molecule name="28">
	<atoms>
		<a id="1" s="Br" t="Br" l="BR"/>
		<a id="2" s="C" t="C.ar" l="C"/>
		<a id="3" s="N" t="N.ar" l="N"/>
		<a id="4" s="C" t="C.ar" l="C"/>
		<a id="5" s="C" t="C.ar" l="C"/>
		<a id="6" s="C" t="C.ar" l="C"/>
		<a id="7" s="C" t="C.ar" l="C"/>
		<a id="8" s="C" t="C.ar" l="C"/>
		<a id="9" s="C" t="C.ar" l="C"/>
		<a id="10" s="C" t="C.ar" l="C"/>
		<a id="11" s="C" t="C.ar" l="C"/>
		<a id="12" s="S" t="S.2" l="S"/>
		<a id="13" s="H" t="H" l="H"/>
		<a id="14" s="H" t="H" l="H"/>
		<a id="15" s="H" t="H" l="H"/>
		<a id="16" s="H" t="H" l="H"/>
		<a id="17" s="H" t="H" l="H"/>
		<a id="18" s="H" t="H" l="H"/>
	</atoms>
	<bonds>
		<b id="1" c="1 2" t="1"/>
		<b id="2" c="2 3" t="ar"/>
		<b id="3" c="3 4" t="ar"/>
		<b id="4" c="4 5" t="ar"/>
		<b id="5" c="5 6" t="1"/>
		<b id="6" c="6 7" t="ar"/>
		<b id="7" c="7 8" t="ar"/>
		<b id="8" c="8 9" t="ar"/>
		<b id="9" c="9 10" t="ar"/>
		<b id="10" c="10 11" t="ar"/>
		<b id="11" c="6 11" t="ar"/>
		<b id="12" c="5 12" t="ar"/>
		<b id="13" c="2 12" t="ar"/>
		<b id="14" c="4 13" t="1"/>
		<b id="15" c="7 14" t="1"/>
		<b id="16" c="8 15" t="1"/>
		<b id="17" c="9 16" t="1"/>
		<b id="18" c="10 17" t="1"/>
		<b id="19" c="11 18" t="1"/>
	</bonds>
	<geometry>
		<g u="A" t="cart/3d">#18,3:1.0259,0.5797,0.5724;2.8476,0.1776,0.2469;3.7305,1.0400,-0.1441;4.9684,0.4792,-0.3014;5.0669,-0.8550,-0.0301;6.2602,-1.6918,-0.1191;7.5123,-1.1581,-0.4215;8.6236,-1.9683,-0.4992;8.5103,-3.3254,-0.2779;7.2800,-3.8724,0.0225;6.1681,-3.0643,0.1013;3.4982,-1.4269,0.4518;5.8022,1.0846,-0.6268;7.6100,-0.1009,-0.5926;9.5849,-1.5410,-0.7332;9.3813,-3.9571,-0.3393;7.1885,-4.9321,0.1949;5.2069,-3.4876,0.3346;</g>
	</geometry>
	<conformers>
		<g id="1" u="A" t="cart/3d">#18,3:-3.2983,-0.1689,0.0003;-1.5005,0.3110,-0.0003;-1.0917,1.5265,-0.0025;0.2538,1.5929,-0.0026;0.9237,0.3956,-0.0005;2.3491,0.1406,-0.0001;3.2671,1.1941,0.0024;4.6240,0.9379,0.0026;5.0927,-0.3662,0.0002;4.1918,-1.4184,-0.0023;2.8339,-1.1686,-0.0024;-0.2428,-0.9012,0.0017;0.7040,2.5677,-0.0046;2.9165,2.2139,0.0045;5.3216,1.7621,0.0046;6.1544,-0.5607,0.0003;4.5483,-2.4375,-0.0041;2.1341,-1.9926,-0.0044;</g>
	</conformers>
	<properties/>
</molecule>
