<?xml version="1.0" ?>
<!--MOLLI PACKAGE EXPERIMENTAL XML FORMAT-->
<molecule name="29">
	<atoms>
		<a id="1" s="Br" t="Br" l="BR"/>
		<a id="2" s="C" t="C.ar" l="C"/>
		<a id="3" s="C" t="C.ar" l="C"/>
		<a id="4" s="S" t="S.2" l="S"/>
		<a id="5" s="C" t="C.ar" l="C"/>
		<a id="6" s="C" t="C.ar" l="C"/>
		<a id="7" s="C" t="C.3" l="C"/>
		<a id="8" s="H" t="H" l="H"/>
		<a id="9" s="H" t="H" l="H"/>
		<a id="10" s="H" t="H" l="H"/>
		<a id="11" s="H" t="H" l="H"/>
		<a id="12" s="H" t="H" l="H"/>
	</atoms>
	<bonds>
		<b id="1" c="1 2" t="1"/>
		<b id="2" c="2 3" t="ar"/>
		<b id="3" c="3 4" t="ar"/>
		<b id="4" c="4 5" t="ar"/>
		<b id="5" c="5 6" t="ar"/>
		<b id="6" c="2 6" t="ar"/>
		<b id="7" c="6 7" t="1"/>
		<b id="8" c="3 8" t="1"/>
		<b id="9" c="5 9" t="1"/>
		<b id="10" c="7 10" t="1"/>
		<b id="11" c="7 11" t="1"/>
		<b id="12" c="7 12" t="1"/>
	</bonds>
	<geometry>
		<g u="A" t="cart/3d">#12,3:1.0788,-0.0786,0.0564;2.9725,0.0082,0.0694;3.6698,1.1635,0.0771;5.3751,0.8612,0.0878;5.1317,-0.8488,0.0818;3.8098,-1.1566,0.0721;3.2646,-2.5408,0.0649;3.2275,2.1417,0.0766;5.9284,-1.5666,0.0854;4.0649,-3.2815,0.0680;2.6523,-2.7093,-0.8214;2.6410,-2.7140,0.9423;</g>
	</geometry>
	<conformers>
		<g id="1" u="A" t="cart/3d">#12,3:1.7389,0.2532,-0.0000;-0.1497,0.1350,0.0000;-0.9591,1.2242,0.0000;-2.6132,0.7658,-0.0000;-2.1845,-0.9026,-0.0000;-0.8422,-1.1091,-0.0000;-0.1580,-2.4318,0.0000;-0.6796,2.2584,0.0001;-2.9605,-1.6417,0.0001;0.4783,-2.5257,0.8797;0.4775,-2.5262,-0.8802;-0.8855,-3.2385,0.0006;</g>
	</conformers>
	<properties/>
</molecule>
