<?xml version="1.0" ?>
<!--MOLLI PACKAGE EXPERIMENTAL XML FORMAT-->
<molecule name="3">
	<atoms>
		<a id="1" s="Br" t="Br" l="BR"/>
		<a id="2" s="C" t="C.ar" l="C"/>
		<a id="3" s="C" t="C.ar" l="C"/>
		<a id="4" s="C" t="C.ar" l="C"/>
		<a id="5" s="C" t="C.ar" l="C"/>
		<a id="6" s="S" t="S.2" l="S"/>
		<a id="7" s="H" t="H" l="H"/>
		<a id="8" s="H" t="H" l="H"/>
		<a id="9" s="H" t="H" l="H"/>
	</atoms>
	<bonds>
		<b id="1" c="1 2" t="1"/>
		<b id="2" c="2 3" t="ar"/>
		<b id="3" c="3 4" t="ar"/>
		<b id="4" c="4 5" t="ar"/>
		<b id="5" c="5 6" t="ar"/>
		<b id="6" c="2 6" t="ar"/>
		<b id="7" c="3 7" t="1"/>
		<b id="8" c="4 8" t="1"/>
		<b id="9" c="5 9" t="1"/>
	</bonds>
	<geometry>
		<g u="A" t="cart/3d">#9,3:1.0033,0.3403,0.0431;2.8716,0.0883,0.0504;3.7655,1.0984,0.0553;5.1270,0.6613,0.0607;5.2536,-0.6810,0.0599;3.6981,-1.4406,0.0525;3.4706,2.1381,0.0551;5.9663,1.3416,0.0650;6.1809,-1.2219,0.0633;</g>
	</geometry>
	<conformers>
		<g id="1" u="A" t="cart/3d">#9,3:1.5787,-0.0180,0.0000;-0.2891,-0.2244,0.0000;-0.9785,-1.3958,-0.0000;-2.3747,-1.1798,0.0000;-2.7067,0.1358,0.0000;-1.3268,1.1613,-0.0000;-0.5107,-2.3631,-0.0000;-3.0951,-1.9772,-0.0000;-3.6840,0.5754,0.0000;</g>
	</conformers>
	<properties/>
</molecule>
