<?xml version="1.0" ?>
<!--MOLLI PACKAGE EXPERIMENTAL XML FORMAT-->
<molecule name="35">
	<atoms>
		<a id="1" s="Br" t="Br" l="BR"/>
		<a id="2" s="C" t="C.ar" l="C"/>
		<a id="3" s="C" t="C.ar" l="C"/>
		<a id="4" s="N" t="N.ar" l="N"/>
		<a id="5" s="C" t="C.ar" l="C"/>
		<a id="6" s="N" t="N.ar" l="N"/>
		<a id="7" s="C" t="C.ar" l="C"/>
		<a id="8" s="C" t="C.ar" l="C"/>
		<a id="9" s="C" t="C.ar" l="C"/>
		<a id="10" s="C" t="C.ar" l="C"/>
		<a id="11" s="H" t="H" l="H"/>
		<a id="12" s="H" t="H" l="H"/>
		<a id="13" s="H" t="H" l="H"/>
		<a id="14" s="H" t="H" l="H"/>
		<a id="15" s="H" t="H" l="H"/>
	</atoms>
	<bonds>
		<b id="1" c="1 2" t="1"/>
		<b id="2" c="2 3" t="ar"/>
		<b id="3" c="3 4" t="ar"/>
		<b id="4" c="4 5" t="ar"/>
		<b id="5" c="5 6" t="ar"/>
		<b id="6" c="2 6" t="ar"/>
		<b id="7" c="6 7" t="ar"/>
		<b id="8" c="7 8" t="ar"/>
		<b id="9" c="8 9" t="ar"/>
		<b id="10" c="9 10" t="ar"/>
		<b id="11" c="5 10" t="ar"/>
		<b id="12" c="3 11" t="1"/>
		<b id="13" c="7 12" t="1"/>
		<b id="14" c="8 13" t="1"/>
		<b id="15" c="9 14" t="1"/>
		<b id="16" c="10 15" t="1"/>
	</bonds>
	<geometry>
		<g u="A" t="cart/3d">#15,3:1.1095,0.0206,-0.0451;2.9978,0.0138,-0.0457;3.8396,-1.0780,-0.0460;5.1273,-0.7065,-0.0464;5.1239,0.6271,-0.0465;3.8116,1.1203,-0.0461;3.5837,2.4924,-0.0460;4.6323,3.3449,-0.0464;5.9603,2.8571,-0.0470;6.2143,1.5241,-0.0470;3.5164,-2.1096,-0.0458;2.5666,2.8394,-0.0456;4.4590,4.4079,-0.0464;6.7791,3.5572,-0.0474;7.2170,1.1365,-0.0474;</g>
	</geometry>
	<conformers>
		<g id="1" u="A" t="cart/3d">#15,3:-2.1055,0.2915,0.0000;-0.4481,-0.5863,-0.0000;-0.1343,-1.9271,-0.0000;1.1960,-2.0962,0.0000;1.7267,-0.8844,-0.0000;0.7317,0.0959,-0.0000;1.0181,1.4196,0.0000;2.3194,1.8134,0.0000;3.3575,0.8561,-0.0000;3.0685,-0.4790,-0.0000;-0.8082,-2.7602,-0.0000;0.1838,2.1051,-0.0000;2.5557,2.8646,0.0000;4.3819,1.1928,0.0000;3.8297,-1.2406,0.0000;</g>
	</conformers>
	<properties/>
</molecule>
