<?xml version="1.0" ?>
<!--MOLLI PACKAGE EXPERIMENTAL XML FORMAT-->
<molecule name="11">
	<atoms>
		<a id="1" s="Br" t="Br" l="BR"/>
		<a id="2" s="C" t="C.ar" l="C"/>
		<a id="3" s="C" t="C.ar" l="C"/>
		<a id="4" s="C" t="C.ar" l="C"/>
		<a id="5" s="S" t="S.3" l="S"/>
		<a id="6" s="C" t="C.3" l="C"/>
		<a id="7" s="C" t="C.ar" l="C"/>
		<a id="8" s="C" t="C.ar" l="C"/>
		<a id="9" s="C" t="C.ar" l="C"/>
		<a id="10" s="H" t="H" l="H"/>
		<a id="11" s="H" t="H" l="H"/>
		<a id="12" s="H" t="H" l="H"/>
		<a id="13" s="H" t="H" l="H"/>
		<a id="14" s="H" t="H" l="H"/>
		<a id="15" s="H" t="H" l="H"/>
		<a id="16" s="H" t="H" l="H"/>
	</atoms>
	<bonds>
		<b id="1" c="1 2" t="1"/>
		<b id="2" c="2 3" t="ar"/>
		<b id="3" c="3 4" t="ar"/>
		<b id="4" c="4 5" t="1"/>
		<b id="5" c="5 6" t="1"/>
		<b id="6" c="4 7" t="ar"/>
		<b id="7" c="7 8" t="ar"/>
		<b id="8" c="8 9" t="ar"/>
		<b id="9" c="2 9" t="ar"/>
		<b id="10" c="3 10" t="1"/>
		<b id="11" c="6 11" t="1"/>
		<b id="12" c="6 12" t="1"/>
		<b id="13" c="6 13" t="1"/>
		<b id="14" c="7 14" t="1"/>
		<b id="15" c="8 15" t="1"/>
		<b id="16" c="9 16" t="1"/>
	</bonds>
	<geometry>
		<g u="A" t="cart/3d">#16,3:1.1809,0.0198,0.2691;3.0591,0.0285,0.0648;3.7281,1.2289,-0.0328;5.1103,1.2582,-0.1850;6.0620,2.7525,-0.3216;4.8144,3.9926,-0.2291;5.7996,0.0557,-0.2349;5.1299,-1.1475,-0.1367;3.7547,-1.1603,0.0134;3.1593,2.1405,0.0117;5.2718,4.9757,-0.3153;4.2935,3.9410,0.7243;4.0987,3.8771,-1.0399;6.8705,0.0748,-0.3522;5.6766,-2.0752,-0.1769;3.2163,-2.0908,0.0910;</g>
	</geometry>
	<conformers>
		<g id="1" u="A" t="cart/3d">#16,3:2.3385,-0.5075,0.0002;0.6824,0.4420,-0.0002;-0.4945,-0.2863,-0.0001;-1.7029,0.3966,-0.0001;-3.2759,-0.3977,0.0017;-2.8779,-2.1688,-0.0025;-1.7097,1.7916,-0.0007;-0.5220,2.4930,-0.0008;0.6929,1.8240,-0.0004;-0.4498,-1.3629,0.0001;-2.3250,-2.4248,-0.9016;-3.8354,-2.6805,-0.0023;-2.3228,-2.4287,0.8942;-2.6565,2.3089,-0.0010;-0.5352,3.5721,-0.0011;1.6256,2.3651,-0.0003;</g>
		<g id="2" u="A" t="cart/3d">#16,3:2.5407,-0.1006,0.0007;0.7111,0.4320,0.0002;-0.2687,-0.5382,-0.0004;-1.6088,-0.1549,-0.0009;-2.7838,-1.4692,-0.0017;-4.3902,-0.6244,0.0013;-1.9394,1.1943,-0.0008;-0.9360,2.1483,-0.0002;0.3975,1.7821,0.0003;-0.0135,-1.5865,-0.0006;-4.4933,-0.0229,0.8997;-5.1332,-1.4159,0.0017;-4.4959,-0.0214,-0.8958;-2.9683,1.5147,-0.0012;-1.2003,3.1950,-0.0001;1.1784,2.5257,0.0008;</g>
	</conformers>
	<properties/>
</molecule>
