<?xml version="1.0" ?>
<!--MOLLI PACKAGE EXPERIMENTAL XML FORMAT-->
<molecule name="37">
	<atoms>
		<a id="1" s="Br" t="Br" l="BR"/>
		<a id="2" s="C" t="C.ar" l="C"/>
		<a id="3" s="C" t="C.ar" l="C"/>
		<a id="4" s="N" t="N.ar" l="N"/>
		<a id="5" s="C" t="C.ar" l="C"/>
		<a id="6" s="N" t="N.ar" l="N"/>
		<a id="7" s="C" t="C.ar" l="C"/>
		<a id="8" s="C" t="C.ar" l="C"/>
		<a id="9" s="N" t="N.ar" l="N"/>
		<a id="10" s="C" t="C.ar" l="C"/>
		<a id="11" s="H" t="H" l="H"/>
		<a id="12" s="H" t="H" l="H"/>
		<a id="13" s="H" t="H" l="H"/>
		<a id="14" s="H" t="H" l="H"/>
	</atoms>
	<bonds>
		<b id="1" c="1 2" t="1"/>
		<b id="2" c="2 3" t="ar"/>
		<b id="3" c="3 4" t="ar"/>
		<b id="4" c="4 5" t="ar"/>
		<b id="5" c="5 6" t="ar"/>
		<b id="6" c="2 6" t="ar"/>
		<b id="7" c="6 7" t="ar"/>
		<b id="8" c="7 8" t="ar"/>
		<b id="9" c="8 9" t="ar"/>
		<b id="10" c="9 10" t="ar"/>
		<b id="11" c="5 10" t="ar"/>
		<b id="12" c="3 11" t="1"/>
		<b id="13" c="7 12" t="1"/>
		<b id="14" c="8 13" t="1"/>
		<b id="15" c="10 14" t="1"/>
	</bonds>
	<geometry>
		<g u="A" t="cart/3d">#14,3:1.1038,-0.0000,-0.0239;2.9908,-0.0214,-0.0257;3.8488,1.0566,-0.0256;5.1307,0.6617,-0.0271;5.1047,-0.6729,-0.0282;3.7925,-1.1384,-0.0274;3.6140,-2.5108,-0.0284;4.6984,-3.3139,-0.0301;5.9883,-2.8848,-0.0309;6.1693,-1.5996,-0.0300;3.5439,2.0940,-0.0245;2.6116,-2.8997,-0.0278;4.5633,-4.3845,-0.0309;7.1807,-1.2311,-0.0306;</g>
	</geometry>
	<conformers>
		<g id="1" u="A" t="cart/3d">#14,3:2.1219,0.2954,0.0000;0.4665,-0.5816,-0.0000;0.1481,-1.9272,0.0000;-1.1778,-2.0965,-0.0000;-1.7075,-0.8836,-0.0000;-0.7084,0.0956,-0.0000;-1.0305,1.4133,-0.0000;-2.3537,1.7379,0.0000;-3.3479,0.8270,0.0000;-3.0389,-0.4378,0.0000;0.8229,-2.7596,0.0000;-0.2259,2.1323,-0.0000;-2.6695,2.7697,0.0000;-3.8438,-1.1573,0.0000;</g>
	</conformers>
	<properties/>
</molecule>
