<?xml version="1.0" ?>
<!--MOLLI PACKAGE EXPERIMENTAL XML FORMAT-->
<molecule name="40">
	<atoms>
		<a id="1" s="Br" t="Br" l="BR"/>
		<a id="2" s="C" t="C.ar" l="C"/>
		<a id="3" s="C" t="C.ar" l="C"/>
		<a id="4" s="N" t="N.ar" l="N"/>
		<a id="5" s="C" t="C.ar" l="C"/>
		<a id="6" s="C" t="C.ar" l="C"/>
		<a id="7" s="C" t="C.ar" l="C"/>
		<a id="8" s="C" t="C.ar" l="C"/>
		<a id="9" s="C" t="C.ar" l="C"/>
		<a id="10" s="C" t="C.ar" l="C"/>
		<a id="11" s="N" t="N.ar" l="N"/>
		<a id="12" s="C" t="C.ar" l="C"/>
		<a id="13" s="H" t="H" l="H"/>
		<a id="14" s="H" t="H" l="H"/>
		<a id="15" s="H" t="H" l="H"/>
		<a id="16" s="H" t="H" l="H"/>
		<a id="17" s="H" t="H" l="H"/>
		<a id="18" s="H" t="H" l="H"/>
		<a id="19" s="H" t="H" l="H"/>
	</atoms>
	<bonds>
		<b id="1" c="1 2" t="1"/>
		<b id="2" c="2 3" t="ar"/>
		<b id="3" c="3 4" t="ar"/>
		<b id="4" c="4 5" t="1"/>
		<b id="5" c="5 6" t="ar"/>
		<b id="6" c="6 7" t="ar"/>
		<b id="7" c="7 8" t="ar"/>
		<b id="8" c="8 9" t="ar"/>
		<b id="9" c="9 10" t="ar"/>
		<b id="10" c="5 10" t="ar"/>
		<b id="11" c="4 11" t="ar"/>
		<b id="12" c="11 12" t="ar"/>
		<b id="13" c="2 12" t="ar"/>
		<b id="14" c="3 13" t="1"/>
		<b id="15" c="6 14" t="1"/>
		<b id="16" c="7 15" t="1"/>
		<b id="17" c="8 16" t="1"/>
		<b id="18" c="9 17" t="1"/>
		<b id="19" c="10 18" t="1"/>
		<b id="20" c="12 19" t="1"/>
	</bonds>
	<geometry>
		<g u="A" t="cart/3d">#19,3:1.1039,-0.1212,0.1816;2.9926,-0.0511,0.0971;3.7684,1.0623,0.1095;5.0800,0.6057,0.0257;6.2733,1.4142,-0.0229;6.2248,2.7997,0.0273;7.3861,3.5396,-0.0251;8.6078,2.9057,-0.1281;8.6662,1.5279,-0.1784;7.5050,0.7889,-0.1259;5.1304,-0.7301,-0.0350;3.8841,-1.1372,0.0083;3.4309,2.0831,0.1676;5.2732,3.2937,0.1075;7.3402,4.6156,0.0142;9.5149,3.4858,-0.1693;9.6185,1.0301,-0.2589;7.5330,-0.2857,-0.1647;3.5922,-2.1770,-0.0259;</g>
	</geometry>
	<conformers>
		<g id="1" u="A" t="cart/3d">#19,3:3.1950,-0.3121,-0.0315;1.4082,0.2749,0.0216;0.2813,-0.5137,-0.0330;-0.7745,0.3304,0.0345;-2.1415,0.0228,0.0114;-3.0556,1.0659,-0.1079;-4.4096,0.7945,-0.1344;-4.8623,-0.5120,-0.0443;-3.9517,-1.5477,0.0788;-2.5932,-1.2888,0.1095;-0.3743,1.6007,0.1265;0.9380,1.5944,0.1232;0.1946,-1.5754,-0.1258;-2.6817,2.0746,-0.1759;-5.1145,1.6065,-0.2277;-5.9205,-0.7229,-0.0673;-4.2986,-2.5672,0.1548;-1.8992,-2.1070,0.2176;1.5002,2.5031,0.1910;</g>
	</conformers>
	<properties/>
</molecule>
