<?xml version="1.0" ?>
<!--MOLLI PACKAGE EXPERIMENTAL XML FORMAT-->
<molecule name="41">
	<atoms>
		<a id="1" s="Br" t="Br" l="BR"/>
		<a id="2" s="C" t="C.ar" l="C"/>
		<a id="3" s="N" t="N.ar" l="N"/>
		<a id="4" s="C" t="C.ar" l="C"/>
		<a id="5" s="O" t="O.3" l="O"/>
		<a id="6" s="C" t="C.3" l="C"/>
		<a id="7" s="C" t="C.ar" l="C"/>
		<a id="8" s="C" t="C.ar" l="C"/>
		<a id="9" s="C" t="C.ar" l="C"/>
		<a id="10" s="H" t="H" l="H"/>
		<a id="11" s="H" t="H" l="H"/>
		<a id="12" s="H" t="H" l="H"/>
		<a id="13" s="H" t="H" l="H"/>
		<a id="14" s="H" t="H" l="H"/>
		<a id="15" s="H" t="H" l="H"/>
	</atoms>
	<bonds>
		<b id="1" c="1 2" t="1"/>
		<b id="2" c="2 3" t="ar"/>
		<b id="3" c="3 4" t="ar"/>
		<b id="4" c="4 5" t="1"/>
		<b id="5" c="5 6" t="1"/>
		<b id="6" c="4 7" t="ar"/>
		<b id="7" c="7 8" t="ar"/>
		<b id="8" c="8 9" t="ar"/>
		<b id="9" c="2 9" t="ar"/>
		<b id="10" c="6 10" t="1"/>
		<b id="11" c="6 11" t="1"/>
		<b id="12" c="6 12" t="1"/>
		<b id="13" c="7 13" t="1"/>
		<b id="14" c="8 14" t="1"/>
		<b id="15" c="9 15" t="1"/>
	</bonds>
	<geometry>
		<g u="A" t="cart/3d">#15,3:1.2034,-0.1513,-0.3162;3.0904,-0.1711,-0.1188;3.7364,-1.3256,-0.1181;5.0722,-1.2687,0.0240;5.8232,-2.4378,0.0305;5.0103,-3.5635,-0.1230;5.7559,-0.0643,0.1673;5.0621,1.1162,0.1637;3.6949,1.0579,0.0164;5.6381,-4.4557,-0.1453;4.4531,-3.4779,-1.0578;4.3146,-3.6188,0.7166;6.8255,-0.0843,0.2780;5.5698,2.0604,0.2720;3.0951,1.9542,0.0050;</g>
	</geometry>
	<conformers>
		<g id="1" u="A" t="cart/3d">#15,3:-2.0067,0.3506,-0.0000;-0.2771,-0.4374,0.0000;0.7229,0.4174,0.0000;1.9583,-0.0594,-0.0000;2.9833,0.7950,-0.0000;2.6549,2.1738,0.0000;2.2275,-1.4358,-0.0000;1.1598,-2.3066,0.0000;-0.1408,-1.8096,0.0000;2.0728,2.4309,-0.8873;3.6032,2.7060,-0.0002;2.0733,2.4310,0.8877;3.2499,-1.7734,-0.0000;1.3260,-3.3732,0.0000;-1.0017,-2.4570,0.0000;</g>
		<g id="2" u="A" t="cart/3d">#15,3:-2.1816,0.1035,0.0000;-0.3449,-0.3728,-0.0000;0.4928,0.6329,0.0000;1.7971,0.3852,0.0000;2.5449,1.4965,0.0001;3.9497,1.3773,-0.0001;2.2911,-0.9249,0.0000;1.3824,-1.9683,-0.0000;0.0208,-1.7075,-0.0000;4.3083,0.8584,-0.8943;4.3085,0.8584,0.8940;4.3277,2.3979,-0.0002;3.3488,-1.1284,0.0000;1.7353,-2.9888,-0.0000;-0.7171,-2.4919,-0.0001;</g>
	</conformers>
	<properties/>
</molecule>
