<?xml version="1.0" ?>
<!--MOLLI PACKAGE EXPERIMENTAL XML FORMAT-->
<molecule name="43">
	<atoms>
		<a id="1" s="Br" t="Br" l="BR"/>
		<a id="2" s="C" t="C.ar" l="C"/>
		<a id="3" s="C" t="C.ar" l="C"/>
		<a id="4" s="C" t="C.ar" l="C"/>
		<a id="5" s="N" t="N.ar" l="N"/>
		<a id="6" s="C" t="C.ar" l="C"/>
		<a id="7" s="C" t="C.ar" l="C"/>
		<a id="8" s="C" t="C.ar" l="C"/>
		<a id="9" s="C" t="C.ar" l="C"/>
		<a id="10" s="N" t="N.ar" l="N"/>
		<a id="11" s="H" t="H" l="H"/>
		<a id="12" s="H" t="H" l="H"/>
		<a id="13" s="H" t="H" l="H"/>
		<a id="14" s="H" t="H" l="H"/>
		<a id="15" s="H" t="H" l="H"/>
	</atoms>
	<bonds>
		<b id="1" c="1 2" t="1"/>
		<b id="2" c="2 3" t="ar"/>
		<b id="3" c="3 4" t="ar"/>
		<b id="4" c="4 5" t="ar"/>
		<b id="5" c="5 6" t="ar"/>
		<b id="6" c="6 7" t="ar"/>
		<b id="7" c="2 7" t="ar"/>
		<b id="8" c="7 8" t="ar"/>
		<b id="9" c="8 9" t="ar"/>
		<b id="10" c="9 10" t="ar"/>
		<b id="11" c="6 10" t="ar"/>
		<b id="12" c="3 11" t="1"/>
		<b id="13" c="4 12" t="1"/>
		<b id="14" c="8 13" t="1"/>
		<b id="15" c="9 14" t="1"/>
		<b id="16" c="10 15" t="1"/>
	</bonds>
	<geometry>
		<g u="A" t="cart/3d">#15,3:1.0746,0.0168,-0.0182;2.9587,0.0471,-0.0517;3.7052,-1.0882,-0.0963;5.1058,-1.0119,-0.1197;5.8166,0.0879,-0.1026;5.0832,1.2163,-0.0584;3.6732,1.2499,-0.0318;3.2799,2.6120,0.0123;4.4218,3.3637,0.0119;5.5131,2.5310,-0.0306;3.2085,-2.0442,-0.1134;5.6689,-1.9323,-0.1552;2.2663,2.9737,0.0402;4.4736,4.4411,0.0397;6.4959,2.8059,-0.0408;</g>
	</geometry>
	<conformers>
		<g id="1" u="A" t="cart/3d">#15,3:-2.0861,0.2241,-0.0000;-0.3088,-0.4664,0.0003;-0.0782,-1.8270,0.0001;1.2391,-2.2940,-0.0001;2.3074,-1.5215,-0.0001;2.0689,-0.2198,-0.0000;0.7823,0.3948,0.0001;1.0001,1.7964,0.0000;2.3492,1.9812,0.0000;2.9931,0.7733,-0.0000;-0.8981,-2.5269,0.0002;1.4342,-3.3568,-0.0000;0.2427,2.5545,0.0000;2.9071,2.8975,0.0000;3.9885,0.6290,-0.0001;</g>
	</conformers>
	<properties/>
</molecule>
