<?xml version="1.0" ?>
<!--MOLLI PACKAGE EXPERIMENTAL XML FORMAT-->
<molecule name="44">
	<atoms>
		<a id="1" s="Br" t="Br" l="BR"/>
		<a id="2" s="C" t="C.ar" l="C"/>
		<a id="3" s="C" t="C.ar" l="C"/>
		<a id="4" s="N" t="N.ar" l="N"/>
		<a id="5" s="C" t="C.ar" l="C"/>
		<a id="6" s="C" t="C.ar" l="C"/>
		<a id="7" s="C" t="C.ar" l="C"/>
		<a id="8" s="C" t="C.ar" l="C"/>
		<a id="9" s="C" t="C.ar" l="C"/>
		<a id="10" s="C" t="C.ar" l="C"/>
		<a id="11" s="C" t="C.ar" l="C"/>
		<a id="12" s="O" t="O.2" l="O"/>
		<a id="13" s="H" t="H" l="H"/>
		<a id="14" s="H" t="H" l="H"/>
		<a id="15" s="H" t="H" l="H"/>
		<a id="16" s="H" t="H" l="H"/>
		<a id="17" s="H" t="H" l="H"/>
		<a id="18" s="H" t="H" l="H"/>
	</atoms>
	<bonds>
		<b id="1" c="1 2" t="1"/>
		<b id="2" c="2 3" t="ar"/>
		<b id="3" c="3 4" t="ar"/>
		<b id="4" c="4 5" t="ar"/>
		<b id="5" c="5 6" t="1"/>
		<b id="6" c="6 7" t="ar"/>
		<b id="7" c="7 8" t="ar"/>
		<b id="8" c="8 9" t="ar"/>
		<b id="9" c="9 10" t="ar"/>
		<b id="10" c="10 11" t="ar"/>
		<b id="11" c="6 11" t="ar"/>
		<b id="12" c="5 12" t="ar"/>
		<b id="13" c="2 12" t="ar"/>
		<b id="14" c="3 13" t="1"/>
		<b id="15" c="7 14" t="1"/>
		<b id="16" c="8 15" t="1"/>
		<b id="17" c="9 16" t="1"/>
		<b id="18" c="10 17" t="1"/>
		<b id="19" c="11 18" t="1"/>
	</bonds>
	<geometry>
		<g u="A" t="cart/3d">#18,3:1.1165,0.0238,0.2969;2.9977,-0.1143,0.1752;3.8523,0.9695,0.0756;5.1172,0.5470,0.0069;5.0570,-0.7772,0.0603;6.2240,-1.6533,0.0080;7.5056,-1.1264,-0.0971;8.5999,-1.9602,-0.1460;8.4283,-3.3291,-0.0908;7.1595,-3.8637,0.0137;6.0635,-3.0319,0.0629;3.7630,-1.2307,0.1659;3.5574,2.0087,0.0559;7.6248,-0.0576,-0.1392;9.5904,-1.5440,-0.2275;9.2855,-3.9809,-0.1294;7.0267,-4.9321,0.0566;5.0679,-3.4335,0.1443;</g>
	</geometry>
	<conformers>
		<g id="1" u="A" t="cart/3d">#18,3:3.0554,0.4061,-0.0001;1.4028,-0.4457,0.0001;1.0346,-1.7580,0.0004;-0.3202,-1.8075,0.0004;-0.7287,-0.5681,0.0002;-2.1016,-0.1170,0.0001;-3.1293,-1.0609,-0.0004;-4.4448,-0.6422,-0.0005;-4.7461,0.7117,-0.0002;-3.7270,1.6509,0.0003;-2.4067,1.2437,0.0004;0.2922,0.3199,-0.0000;1.6424,-2.6378,0.0006;-2.8701,-2.1074,-0.0006;-5.2408,-1.3716,-0.0008;-5.7763,1.0352,-0.0002;-3.9631,2.7045,0.0006;-1.6084,1.9703,0.0008;</g>
	</conformers>
	<properties/>
</molecule>
