<?xml version="1.0" ?>
<!--MOLLI PACKAGE EXPERIMENTAL XML FORMAT-->
<molecule name="12">
	<atoms>
		<a id="1" s="Br" t="Br" l="BR"/>
		<a id="2" s="C" t="C.ar" l="C"/>
		<a id="3" s="C" t="C.ar" l="C"/>
		<a id="4" s="C" t="C.ar" l="C"/>
		<a id="5" s="N" t="N.ar" l="N"/>
		<a id="6" s="C" t="C.3" l="C"/>
		<a id="7" s="N" t="N.ar" l="N"/>
		<a id="8" s="C" t="C.ar" l="C"/>
		<a id="9" s="C" t="C.ar" l="C"/>
		<a id="10" s="C" t="C.ar" l="C"/>
		<a id="11" s="C" t="C.ar" l="C"/>
		<a id="12" s="H" t="H" l="H"/>
		<a id="13" s="H" t="H" l="H"/>
		<a id="14" s="H" t="H" l="H"/>
		<a id="15" s="H" t="H" l="H"/>
		<a id="16" s="H" t="H" l="H"/>
		<a id="17" s="H" t="H" l="H"/>
		<a id="18" s="H" t="H" l="H"/>
	</atoms>
	<bonds>
		<b id="1" c="1 2" t="1"/>
		<b id="2" c="2 3" t="ar"/>
		<b id="3" c="3 4" t="ar"/>
		<b id="4" c="4 5" t="ar"/>
		<b id="5" c="5 6" t="1"/>
		<b id="6" c="5 7" t="ar"/>
		<b id="7" c="7 8" t="ar"/>
		<b id="8" c="3 8" t="ar"/>
		<b id="9" c="4 9" t="ar"/>
		<b id="10" c="9 10" t="ar"/>
		<b id="11" c="10 11" t="ar"/>
		<b id="12" c="2 11" t="ar"/>
		<b id="13" c="6 12" t="1"/>
		<b id="14" c="6 13" t="1"/>
		<b id="15" c="6 14" t="1"/>
		<b id="16" c="8 15" t="1"/>
		<b id="17" c="9 16" t="1"/>
		<b id="18" c="10 17" t="1"/>
		<b id="19" c="11 18" t="1"/>
	</bonds>
	<geometry>
		<g u="A" t="cart/3d">#18,3:1.1590,-0.0031,-0.0373;3.0449,0.0076,-0.0447;3.7706,-1.1960,-0.0473;5.1690,-1.1777,-0.0528;5.5283,-2.5312,-0.0539;6.8954,-3.0370,-0.0589;4.4614,-3.3407,-0.0496;3.4024,-2.5697,-0.0456;5.8690,0.0326,-0.0557;5.1487,1.1989,-0.0531;3.7421,1.1838,-0.0476;7.6105,-2.2183,-0.0624;7.0537,-3.6494,-0.9431;7.0607,-3.6479,0.8252;2.3904,-2.9420,-0.0416;6.9440,0.0359,-0.0599;5.6655,2.1441,-0.0553;3.1928,2.1108,-0.0456;</g>
	</geometry>
	<conformers>
		<g id="1" u="A" t="cart/3d">#18,3:-2.3503,0.3435,0.0001;-0.6479,-0.5076,-0.0000;0.5141,0.2660,-0.0001;1.7732,-0.3903,-0.0001;2.7076,0.5929,-0.0003;4.1335,0.4517,0.0007;2.1404,1.8032,-0.0003;0.8414,1.6429,-0.0002;1.8795,-1.7807,-0.0002;0.7083,-2.5004,-0.0001;-0.5477,-1.8773,0.0000;4.4680,-0.0879,-0.8881;4.4670,-0.0862,0.8907;4.5626,1.4512,-0.0001;0.1816,2.4870,-0.0002;2.8412,-2.2689,-0.0004;0.7436,-3.5791,0.0000;-1.4406,-2.4830,0.0003;</g>
	</conformers>
	<properties/>
</molecule>
