<?xml version="1.0" ?>
<!--MOLLI PACKAGE EXPERIMENTAL XML FORMAT-->
<molecule name="45">
	<atoms>
		<a id="1" s="Br" t="Br" l="BR"/>
		<a id="2" s="C" t="C.ar" l="C"/>
		<a id="3" s="N" t="N.ar" l="N"/>
		<a id="4" s="C" t="C.ar" l="C"/>
		<a id="5" s="C" t="C.ar" l="C"/>
		<a id="6" s="C" t="C.ar" l="C"/>
		<a id="7" s="C" t="C.ar" l="C"/>
		<a id="8" s="H" t="H" l="H"/>
		<a id="9" s="H" t="H" l="H"/>
		<a id="10" s="H" t="H" l="H"/>
		<a id="11" s="H" t="H" l="H"/>
	</atoms>
	<bonds>
		<b id="1" c="1 2" t="1"/>
		<b id="2" c="2 3" t="ar"/>
		<b id="3" c="3 4" t="ar"/>
		<b id="4" c="4 5" t="ar"/>
		<b id="5" c="5 6" t="ar"/>
		<b id="6" c="6 7" t="ar"/>
		<b id="7" c="2 7" t="ar"/>
		<b id="8" c="4 8" t="1"/>
		<b id="9" c="5 9" t="1"/>
		<b id="10" c="6 10" t="1"/>
		<b id="11" c="7 11" t="1"/>
	</bonds>
	<geometry>
		<g u="A" t="cart/3d">#11,3:1.2262,0.0097,0.1928;3.1145,0.0410,-0.0010;3.7599,1.2005,-0.0453;5.0766,1.1241,-0.1823;5.7826,-0.0519,-0.2773;5.0982,-1.2406,-0.2295;3.7298,-1.1854,-0.0876;5.6058,2.0642,-0.2189;6.8544,-0.0401,-0.3874;5.6131,-2.1845,-0.3004;3.1364,-2.0849,-0.0437;</g>
	</geometry>
	<conformers>
		<g id="1" u="A" t="cart/3d">#11,3:1.6045,-0.0034,-0.0000;-0.2967,-0.0206,0.0000;-0.8753,1.1565,0.0000;-2.1961,1.2010,-0.0000;-2.9859,0.0620,-0.0000;-2.3570,-1.1757,-0.0000;-0.9735,-1.2315,0.0000;-2.6253,2.1935,-0.0000;-4.0613,0.1395,-0.0000;-2.9351,-2.0879,-0.0000;-0.4372,-2.1668,0.0000;</g>
	</conformers>
	<properties/>
</molecule>
