<?xml version="1.0" ?>
<!--MOLLI PACKAGE EXPERIMENTAL XML FORMAT-->
<molecule name="48">
	<atoms>
		<a id="1" s="Br" t="Br" l="BR"/>
		<a id="2" s="C" t="C.ar" l="C"/>
		<a id="3" s="C" t="C.ar" l="C"/>
		<a id="4" s="C" t="C.3" l="C"/>
		<a id="5" s="F" t="F" l="F"/>
		<a id="6" s="F" t="F" l="F"/>
		<a id="7" s="F" t="F" l="F"/>
		<a id="8" s="C" t="C.ar" l="C"/>
		<a id="9" s="C" t="C.ar" l="C"/>
		<a id="10" s="C" t="C.ar" l="C"/>
		<a id="11" s="C" t="C.ar" l="C"/>
		<a id="12" s="H" t="H" l="H"/>
		<a id="13" s="H" t="H" l="H"/>
		<a id="14" s="H" t="H" l="H"/>
		<a id="15" s="H" t="H" l="H"/>
	</atoms>
	<bonds>
		<b id="1" c="1 2" t="1"/>
		<b id="2" c="2 3" t="ar"/>
		<b id="3" c="3 4" t="1"/>
		<b id="4" c="4 5" t="1"/>
		<b id="5" c="4 6" t="1"/>
		<b id="6" c="4 7" t="1"/>
		<b id="7" c="3 8" t="ar"/>
		<b id="8" c="8 9" t="ar"/>
		<b id="9" c="9 10" t="ar"/>
		<b id="10" c="10 11" t="ar"/>
		<b id="11" c="2 11" t="ar"/>
		<b id="12" c="8 12" t="1"/>
		<b id="13" c="9 13" t="1"/>
		<b id="14" c="10 14" t="1"/>
		<b id="15" c="11 15" t="1"/>
	</bonds>
	<geometry>
		<g u="A" t="cart/3d">#15,3:1.1520,-0.2374,0.0590;3.0144,-0.0599,-0.0823;3.6933,1.1427,-0.1770;3.0183,2.5061,-0.1812;1.6789,2.3805,-0.0830;3.4886,3.2105,0.8654;3.3351,3.1277,-1.3328;5.0727,1.1278,-0.2755;5.7683,-0.0611,-0.2802;5.0872,-1.2539,-0.1860;3.7085,-1.2496,-0.0870;5.5915,2.0698,-0.3488;6.8433,-0.0564,-0.3577;5.6258,-2.1871,-0.1893;3.1619,-2.1776,-0.0124;</g>
	</geometry>
	<conformers>
		<g id="1" u="A" t="cart/3d">#15,3:1.8691,0.0724,-0.0000;0.1542,0.8854,0.0000;-1.0119,0.1232,-0.0000;-0.9507,-1.3818,-0.0000;-0.3175,-1.8710,1.0778;-2.1697,-1.9405,-0.0002;-0.3172,-1.8711,-1.0776;-2.2456,0.7626,-0.0000;-2.3157,2.1440,-0.0000;-1.1524,2.8960,-0.0000;0.0808,2.2704,0.0000;-3.1473,0.1702,-0.0001;-3.2786,2.6295,-0.0000;-1.2015,3.9739,0.0000;0.9923,2.8472,0.0001;</g>
	</conformers>
	<properties/>
</molecule>
