<?xml version="1.0" ?>
<!--MOLLI PACKAGE EXPERIMENTAL XML FORMAT-->
<molecule name="5">
	<atoms>
		<a id="1" s="Br" t="Br" l="BR"/>
		<a id="2" s="C" t="C.ar" l="C"/>
		<a id="3" s="C" t="C.ar" l="C"/>
		<a id="4" s="C" t="C.ar" l="C"/>
		<a id="5" s="N" t="N.ar" l="N"/>
		<a id="6" s="C" t="C.ar" l="C"/>
		<a id="7" s="C" t="C.ar" l="C"/>
		<a id="8" s="N" t="N.ar" l="N"/>
		<a id="9" s="C" t="C.ar" l="C"/>
		<a id="10" s="C" t="C.ar" l="C"/>
		<a id="11" s="C" t="C.ar" l="C"/>
		<a id="12" s="H" t="H" l="H"/>
		<a id="13" s="H" t="H" l="H"/>
		<a id="14" s="H" t="H" l="H"/>
		<a id="15" s="H" t="H" l="H"/>
		<a id="16" s="H" t="H" l="H"/>
	</atoms>
	<bonds>
		<b id="1" c="1 2" t="1"/>
		<b id="2" c="2 3" t="ar"/>
		<b id="3" c="3 4" t="ar"/>
		<b id="4" c="4 5" t="ar"/>
		<b id="5" c="5 6" t="ar"/>
		<b id="6" c="6 7" t="ar"/>
		<b id="7" c="7 8" t="ar"/>
		<b id="8" c="8 9" t="ar"/>
		<b id="9" c="4 9" t="ar"/>
		<b id="10" c="9 10" t="ar"/>
		<b id="11" c="10 11" t="ar"/>
		<b id="12" c="2 11" t="ar"/>
		<b id="13" c="3 12" t="1"/>
		<b id="14" c="6 13" t="1"/>
		<b id="15" c="7 14" t="1"/>
		<b id="16" c="10 15" t="1"/>
		<b id="17" c="11 16" t="1"/>
	</bonds>
	<geometry>
		<g u="A" t="cart/3d">#16,3:1.1256,0.0378,-0.0696;3.0064,0.0716,0.0342;3.6911,-1.1018,0.0979;5.1016,-1.1213,0.1765;5.7450,-2.3075,0.2368;7.0370,-2.1972,0.3044;7.7188,-0.9854,0.3157;7.1433,0.1773,0.2601;5.7957,0.1147,0.1882;5.0497,1.3099,0.1207;3.6864,1.2871,0.0455;3.1561,-2.0353,0.0883;7.5969,-3.1192,0.3539;8.7969,-0.9864,0.3740;5.5836,2.2437,0.1298;3.1207,2.2028,-0.0061;</g>
	</geometry>
	<conformers>
		<g id="1" u="A" t="cart/3d">#16,3:-2.6939,-0.1901,0.0000;-0.8271,0.1760,-0.0002;0.0647,-0.8599,-0.0001;1.4426,-0.5684,0.0000;2.3376,-1.5794,-0.0000;3.6013,-1.2556,0.0000;4.0326,0.0890,0.0000;3.1921,1.0872,0.0001;1.8767,0.7873,0.0000;0.9185,1.8220,0.0000;-0.4133,1.5202,-0.0001;-0.2489,-1.8917,-0.0002;4.3111,-2.0718,0.0000;5.0847,0.3400,0.0001;1.2666,2.8427,0.0000;-1.1585,2.3011,-0.0001;</g>
	</conformers>
	<properties/>
</molecule>
