<?xml version="1.0" ?>
<!--MOLLI PACKAGE EXPERIMENTAL XML FORMAT-->
<molecule name="7">
	<atoms>
		<a id="1" s="Br" t="Br" l="BR"/>
		<a id="2" s="C" t="C.ar" l="C"/>
		<a id="3" s="C" t="C.ar" l="C"/>
		<a id="4" s="O" t="O.3" l="O"/>
		<a id="5" s="C" t="C.3" l="C"/>
		<a id="6" s="C" t="C.ar" l="C"/>
		<a id="7" s="C" t="C.ar" l="C"/>
		<a id="8" s="C" t="C.ar" l="C"/>
		<a id="9" s="C" t="C.ar" l="C"/>
		<a id="10" s="H" t="H" l="H"/>
		<a id="11" s="H" t="H" l="H"/>
		<a id="12" s="H" t="H" l="H"/>
		<a id="13" s="H" t="H" l="H"/>
		<a id="14" s="H" t="H" l="H"/>
		<a id="15" s="H" t="H" l="H"/>
		<a id="16" s="H" t="H" l="H"/>
	</atoms>
	<bonds>
		<b id="1" c="1 2" t="1"/>
		<b id="2" c="2 3" t="ar"/>
		<b id="3" c="3 4" t="1"/>
		<b id="4" c="4 5" t="1"/>
		<b id="5" c="3 6" t="ar"/>
		<b id="6" c="6 7" t="ar"/>
		<b id="7" c="7 8" t="ar"/>
		<b id="8" c="8 9" t="ar"/>
		<b id="9" c="2 9" t="ar"/>
		<b id="10" c="5 10" t="1"/>
		<b id="11" c="5 11" t="1"/>
		<b id="12" c="5 12" t="1"/>
		<b id="13" c="6 13" t="1"/>
		<b id="14" c="7 14" t="1"/>
		<b id="15" c="8 15" t="1"/>
		<b id="16" c="9 16" t="1"/>
	</bonds>
	<geometry>
		<g u="A" t="cart/3d">#16,3:1.1484,0.0069,0.0676;3.0177,-0.0472,-0.0781;3.7133,1.1639,-0.1530;2.9685,2.3448,-0.1149;3.7276,3.5295,-0.2027;5.1093,1.1070,-0.2603;5.7649,-0.1028,-0.2919;5.0555,-1.2850,-0.2174;3.6766,-1.2515,-0.1099;3.0439,4.3786,-0.1794;4.2821,3.5464,-1.1416;4.4081,3.5971,0.6469;5.6771,2.0176,-0.3174;6.8392,-0.1285,-0.3751;5.5725,-2.2300,-0.2425;3.1070,-2.1649,-0.0502;</g>
	</geometry>
	<conformers>
		<g id="1" u="A" t="cart/3d">#16,3:-1.7568,0.1312,0.0000;0.0997,0.5283,-0.0000;0.9957,-0.5452,-0.0000;0.4444,-1.7818,-0.0000;1.2899,-2.9047,0.0000;2.3567,-0.2611,-0.0000;2.7956,1.0534,0.0000;1.8945,2.1016,-0.0000;0.5341,1.8368,-0.0000;0.6277,-3.7688,-0.0000;1.9208,-2.9311,0.8942;1.9208,-2.9311,-0.8942;3.0793,-1.0616,-0.0000;3.8565,1.2524,0.0000;2.2418,3.1226,0.0000;-0.1871,2.6393,0.0000;</g>
		<g id="2" u="A" t="cart/3d">#16,3:-1.6910,-0.0097,-0.0001;0.1851,0.4206,0.0000;1.2267,-0.5067,-0.0002;1.2113,-1.8612,-0.0003;0.0307,-2.6327,0.0006;2.5332,0.0082,-0.0003;2.7962,1.3577,-0.0001;1.7455,2.2625,0.0003;0.4528,1.7853,0.0003;-0.5728,-2.4618,-0.8936;-0.5720,-2.4610,0.8952;0.3777,-3.6659,0.0009;3.3319,-0.7170,-0.0005;3.8178,1.7047,-0.0001;1.9280,3.3252,0.0005;-0.3784,2.4741,0.0005;</g>
	</conformers>
	<properties/>
</molecule>
