<?xml version="1.0" ?>
<!--MOLLI PACKAGE EXPERIMENTAL XML FORMAT-->
<molecule name="8">
	<atoms>
		<a id="1" s="Br" t="Br" l="BR"/>
		<a id="2" s="C" t="C.ar" l="C"/>
		<a id="3" s="C" t="C.ar" l="C"/>
		<a id="4" s="C" t="C.ar" l="C"/>
		<a id="5" s="C" t="C.ar" l="C"/>
		<a id="6" s="C" t="C.ar" l="C"/>
		<a id="7" s="C" t="C.ar" l="C"/>
		<a id="8" s="C" t="C.ar" l="C"/>
		<a id="9" s="C" t="C.ar" l="C"/>
		<a id="10" s="C" t="C.ar" l="C"/>
		<a id="11" s="C" t="C.ar" l="C"/>
		<a id="12" s="H" t="H" l="H"/>
		<a id="13" s="H" t="H" l="H"/>
		<a id="14" s="H" t="H" l="H"/>
		<a id="15" s="H" t="H" l="H"/>
		<a id="16" s="H" t="H" l="H"/>
		<a id="17" s="H" t="H" l="H"/>
		<a id="18" s="H" t="H" l="H"/>
	</atoms>
	<bonds>
		<b id="1" c="1 2" t="1"/>
		<b id="2" c="2 3" t="ar"/>
		<b id="3" c="3 4" t="ar"/>
		<b id="4" c="4 5" t="ar"/>
		<b id="5" c="5 6" t="ar"/>
		<b id="6" c="6 7" t="ar"/>
		<b id="7" c="7 8" t="ar"/>
		<b id="8" c="3 8" t="ar"/>
		<b id="9" c="4 9" t="ar"/>
		<b id="10" c="9 10" t="ar"/>
		<b id="11" c="10 11" t="ar"/>
		<b id="12" c="2 11" t="ar"/>
		<b id="13" c="5 12" t="1"/>
		<b id="14" c="6 13" t="1"/>
		<b id="15" c="7 14" t="1"/>
		<b id="16" c="8 15" t="1"/>
		<b id="17" c="9 16" t="1"/>
		<b id="18" c="10 17" t="1"/>
		<b id="19" c="11 18" t="1"/>
	</bonds>
	<geometry>
		<g u="A" t="cart/3d">#18,3:1.0898,0.0912,-0.4217;2.9594,0.0954,-0.1499;3.6618,-1.1263,-0.0366;5.0645,-1.0950,0.1681;5.7644,-2.3182,0.2815;5.1045,-3.5064,0.1945;3.7186,-3.5376,-0.0093;3.0130,-2.3781,-0.1223;5.7164,0.1570,0.2506;5.0096,1.3152,0.1365;3.6194,1.2818,-0.0651;6.8291,-2.2974,0.4381;5.6496,-4.4320,0.2824;3.2116,-4.4861,-0.0769;1.9490,-2.3993,-0.2793;6.7814,0.1820,0.4046;5.5151,2.2646,0.2004;3.0615,2.2000,-0.1547;</g>
	</geometry>
	<conformers>
		<g id="1" u="A" t="cart/3d">#18,3:2.1523,0.4022,0.0000;0.5015,-0.5589,-0.0000;-0.7242,0.1449,-0.0000;-1.9194,-0.6277,0.0000;-3.1600,0.0432,0.0000;-3.2221,1.4081,-0.0000;-2.0425,2.1667,-0.0000;-0.8224,1.5503,-0.0000;-1.8411,-2.0361,0.0000;-0.6309,-2.6699,0.0000;0.5566,-1.9251,-0.0000;-4.0635,-0.5494,0.0000;-4.1776,1.9113,0.0000;-2.1030,3.2447,-0.0000;0.0817,2.1409,-0.0000;-2.7595,-2.6045,0.0000;-0.5720,-3.7477,-0.0000;1.5097,-2.4318,-0.0000;</g>
	</conformers>
	<properties/>
</molecule>
