<?xml version="1.0" ?>
<!--MOLLI PACKAGE EXPERIMENTAL XML FORMAT-->
<molecule name="17">
	<atoms>
		<a id="1" s="Br" t="Br" l="BR"/>
		<a id="2" s="C" t="C.ar" l="C"/>
		<a id="3" s="C" t="C.ar" l="C"/>
		<a id="4" s="N" t="N.ar" l="N"/>
		<a id="5" s="C" t="C.ar" l="C"/>
		<a id="6" s="C" t="C.3" l="C"/>
		<a id="7" s="N" t="N.ar" l="N"/>
		<a id="8" s="C" t="C.ar" l="C"/>
		<a id="9" s="H" t="H" l="H"/>
		<a id="10" s="H" t="H" l="H"/>
		<a id="11" s="H" t="H" l="H"/>
		<a id="12" s="H" t="H" l="H"/>
		<a id="13" s="H" t="H" l="H"/>
	</atoms>
	<bonds>
		<b id="1" c="1 2" t="1"/>
		<b id="2" c="2 3" t="ar"/>
		<b id="3" c="3 4" t="ar"/>
		<b id="4" c="4 5" t="ar"/>
		<b id="5" c="5 6" t="1"/>
		<b id="6" c="5 7" t="ar"/>
		<b id="7" c="7 8" t="ar"/>
		<b id="8" c="2 8" t="ar"/>
		<b id="9" c="3 9" t="1"/>
		<b id="10" c="6 10" t="1"/>
		<b id="11" c="6 11" t="1"/>
		<b id="12" c="6 12" t="1"/>
		<b id="13" c="8 13" t="1"/>
	</bonds>
	<geometry>
		<g u="A" t="cart/3d">#13,3:1.1977,-0.0925,0.0232;3.0852,-0.0407,0.0283;3.7672,1.1436,0.0326;5.0840,1.2025,0.0362;5.7077,0.0308,0.0354;7.1966,0.0675,0.0397;5.1492,-1.1727,0.0315;3.8311,-1.1859,0.0280;3.2199,2.0746,0.0331;7.5531,1.0972,0.0390;7.5937,-0.4355,-0.8415;7.5885,-0.4325,0.9248;3.3357,-2.1455,0.0247;</g>
	</geometry>
	<conformers>
		<g id="1" u="A" t="cart/3d">#13,3:2.0064,0.0000,0.0013;0.1112,-0.0000,0.0001;-0.6151,1.1846,-0.0023;-1.9322,1.1759,-0.0054;-2.5513,-0.0000,-0.0053;-4.0393,-0.0000,0.0076;-1.9322,-1.1759,-0.0054;-0.6150,-1.1846,-0.0023;-0.1327,2.1533,-0.0038;-4.3870,0.0078,1.0400;-4.4141,-0.8986,-0.4730;-4.4143,0.8915,-0.4859;-0.1327,-2.1534,-0.0038;</g>
	</conformers>
	<properties/>
</molecule>
