<?xml version="1.0" ?>
<!--MOLLI PACKAGE EXPERIMENTAL XML FORMAT-->
<molecule name="1">
	<atoms>
		<a id="1" s="N" t="N.pl3" l="N"/>
		<a id="2" s="C" t="C.ar" l="C"/>
		<a id="3" s="C" t="C.ar" l="C"/>
		<a id="4" s="C" t="C.ar" l="C"/>
		<a id="5" s="C" t="C.ar" l="C"/>
		<a id="6" s="C" t="C.ar" l="C"/>
		<a id="7" s="C" t="C.ar" l="C"/>
		<a id="8" s="H" t="H" l="H"/>
		<a id="9" s="H" t="H" l="H"/>
		<a id="10" s="H" t="H" l="H"/>
		<a id="11" s="H" t="H" l="H"/>
		<a id="12" s="H" t="H" l="H"/>
		<a id="13" s="H" t="H" l="H"/>
		<a id="14" s="H" t="H" l="H"/>
	</atoms>
	<bonds>
		<b id="1" c="1 2" t="1"/>
		<b id="2" c="2 3" t="ar"/>
		<b id="3" c="3 4" t="ar"/>
		<b id="4" c="4 5" t="ar"/>
		<b id="5" c="5 6" t="ar"/>
		<b id="6" c="6 7" t="ar"/>
		<b id="7" c="2 7" t="ar"/>
		<b id="8" c="1 8" t="1"/>
		<b id="9" c="1 9" t="1"/>
		<b id="10" c="3 10" t="1"/>
		<b id="11" c="4 11" t="1"/>
		<b id="12" c="5 12" t="1"/>
		<b id="13" c="6 13" t="1"/>
		<b id="14" c="7 14" t="1"/>
	</bonds>
	<geometry>
		<g u="A" t="cart/3d">#14,3:2.3258,-0.0010,-0.1607;0.9485,0.0015,-0.0524;0.2401,1.2032,-0.0348;-1.1403,1.2010,-0.0008;-1.8409,0.0064,0.0186;-1.1444,-1.1907,0.0021;0.2360,-1.1977,-0.0318;2.7960,0.8452,0.1169;2.7931,-0.8483,0.1189;0.7843,2.1374,-0.0492;-1.6739,2.1406,0.0145;-2.9200,0.0083,0.0487;-1.6813,-2.1283,0.0197;0.7769,-2.1338,-0.0440;</g>
	</geometry>
	<conformers>
		<g id="1" u="A" t="cart/3d">#14,3:2.3179,-0.0000,-0.0533;0.9377,0.0000,0.0116;0.2269,1.2004,0.0087;-1.1538,1.1958,-0.0012;-1.8527,0.0000,-0.0055;-1.1538,-1.1958,-0.0011;0.2269,-1.2004,0.0087;2.7776,0.8469,0.2397;2.7776,-0.8469,0.2397;0.7694,2.1355,0.0125;-1.6892,2.1344,-0.0022;-2.9321,0.0000,-0.0105;-1.6892,-2.1344,-0.0025;0.7694,-2.1355,0.0119;</g>
	</conformers>
	<properties/>
</molecule>
