<?xml version="1.0" ?>
<!--MOLLI PACKAGE EXPERIMENTAL XML FORMAT-->
<molecule name="18">
	<atoms>
		<a id="1" s="C" t="C.ar" l="C"/>
		<a id="2" s="C" t="C.ar" l="C"/>
		<a id="3" s="C" t="C.ar" l="C"/>
		<a id="4" s="N" t="N.ar" l="N"/>
		<a id="5" s="C" t="C.ar" l="C"/>
		<a id="6" s="C" t="C.ar" l="C"/>
		<a id="7" s="C" t="C.ar" l="C"/>
		<a id="8" s="C" t="C.ar" l="C"/>
		<a id="9" s="C" t="C.ar" l="C"/>
		<a id="10" s="H" t="H" l="H"/>
		<a id="11" s="H" t="H" l="H"/>
		<a id="12" s="H" t="H" l="H"/>
		<a id="13" s="H" t="H" l="H"/>
		<a id="14" s="H" t="H" l="H"/>
		<a id="15" s="H" t="H" l="H"/>
		<a id="16" s="H" t="H" l="H"/>
	</atoms>
	<bonds>
		<b id="1" c="1 2" t="ar"/>
		<b id="2" c="2 3" t="ar"/>
		<b id="3" c="3 4" t="ar"/>
		<b id="4" c="4 5" t="ar"/>
		<b id="5" c="1 5" t="ar"/>
		<b id="6" c="5 6" t="ar"/>
		<b id="7" c="6 7" t="ar"/>
		<b id="8" c="7 8" t="ar"/>
		<b id="9" c="8 9" t="ar"/>
		<b id="10" c="1 9" t="ar"/>
		<b id="11" c="2 10" t="1"/>
		<b id="12" c="3 11" t="1"/>
		<b id="13" c="4 12" t="1"/>
		<b id="14" c="6 13" t="1"/>
		<b id="15" c="7 14" t="1"/>
		<b id="16" c="8 15" t="1"/>
		<b id="17" c="9 16" t="1"/>
	</bonds>
	<geometry>
		<g u="A" t="cart/3d">#16,3:-0.2277,-0.7557,-0.0138;-1.5874,-1.1787,-0.0139;-2.3536,-0.0551,-0.0214;-1.5541,1.0551,-0.0245;-0.2472,0.6610,-0.0201;0.9237,1.4085,-0.0205;2.1188,0.7221,-0.0142;2.1538,-0.6756,-0.0081;0.9974,-1.4223,-0.0082;-1.9377,-2.1916,-0.0093;-3.4230,0.0426,-0.0240;-1.8766,2.0074,-0.0283;0.8958,2.4888,-0.0256;3.0490,1.2710,-0.0139;3.1134,-1.1721,-0.0032;1.0313,-2.5018,-0.0034;</g>
	</geometry>
	<conformers>
		<g id="1" u="A" t="cart/3d">#16,3:-0.2353,-0.7471,0.0001;-1.5966,-1.1636,-0.0001;-2.3575,-0.0363,0.0001;-1.5523,1.0699,-0.0000;-0.2474,0.6693,-0.0000;0.9268,1.4113,-0.0000;2.1182,0.7186,-0.0000;2.1463,-0.6791,0.0000;0.9865,-1.4200,0.0001;-1.9518,-2.1748,-0.0002;-3.4261,0.0671,0.0001;-1.8709,2.0236,-0.0001;0.9047,2.4917,-0.0001;3.0510,1.2633,-0.0002;3.1030,-1.1811,-0.0003;1.0151,-2.4997,-0.0004;</g>
	</conformers>
	<properties/>
</molecule>
