<?xml version="1.0" ?>
<!--MOLLI PACKAGE EXPERIMENTAL XML FORMAT-->
<molecule name="19">
	<atoms>
		<a id="1" s="N" t="N.pl3" l="N"/>
		<a id="2" s="C" t="C.ar" l="C"/>
		<a id="3" s="C" t="C.ar" l="C"/>
		<a id="4" s="C" t="C.ar" l="C"/>
		<a id="5" s="C" t="C.ar" l="C"/>
		<a id="6" s="N" t="N.ar" l="N"/>
		<a id="7" s="C" t="C.ar" l="C"/>
		<a id="8" s="H" t="H" l="H"/>
		<a id="9" s="H" t="H" l="H"/>
		<a id="10" s="H" t="H" l="H"/>
		<a id="11" s="H" t="H" l="H"/>
		<a id="12" s="H" t="H" l="H"/>
		<a id="13" s="H" t="H" l="H"/>
	</atoms>
	<bonds>
		<b id="1" c="1 2" t="1"/>
		<b id="2" c="2 3" t="ar"/>
		<b id="3" c="3 4" t="ar"/>
		<b id="4" c="4 5" t="ar"/>
		<b id="5" c="5 6" t="ar"/>
		<b id="6" c="6 7" t="ar"/>
		<b id="7" c="2 7" t="ar"/>
		<b id="8" c="1 8" t="1"/>
		<b id="9" c="1 9" t="1"/>
		<b id="10" c="3 10" t="1"/>
		<b id="11" c="4 11" t="1"/>
		<b id="12" c="5 12" t="1"/>
		<b id="13" c="7 13" t="1"/>
	</bonds>
	<geometry>
		<g u="A" t="cart/3d">#13,3:2.3390,-0.1030,0.1458;0.9720,-0.0026,0.0377;0.3272,1.2360,0.0270;-1.0536,1.2749,-0.0093;-1.7539,0.0779,-0.0377;-1.1564,-1.1027,-0.0302;0.1585,-1.1421,0.0069;2.8784,0.7090,-0.1056;2.7499,-0.9854,-0.1099;0.9106,2.1468,0.0476;-1.5767,2.2191,-0.0195;-2.8344,0.0571,-0.0711;0.6038,-2.1297,0.0115;</g>
	</geometry>
	<conformers>
		<g id="1" u="A" t="cart/3d">#13,3:2.3127,-0.0279,-0.0501;0.9394,0.0119,0.0120;0.2411,1.2212,0.0086;-1.1405,1.1996,-0.0022;-1.7885,-0.0269,-0.0057;-1.1396,-1.1798,-0.0001;0.1762,-1.1622,0.0076;2.8058,0.8054,0.2265;2.7527,-0.8931,0.2161;0.7843,2.1564,0.0142;-1.7043,2.1201,-0.0034;-2.8675,-0.0952,-0.0099;0.6637,-2.1297,0.0127;</g>
	</conformers>
	<properties/>
</molecule>
