<?xml version="1.0" ?>
<!--MOLLI PACKAGE EXPERIMENTAL XML FORMAT-->
<molecule name="2">
	<atoms>
		<a id="1" s="N" t="N.pl3" l="N"/>
		<a id="2" s="C" t="C.ar" l="C"/>
		<a id="3" s="C" t="C.ar" l="C"/>
		<a id="4" s="C" t="C.3" l="C"/>
		<a id="5" s="C" t="C.ar" l="C"/>
		<a id="6" s="C" t="C.ar" l="C"/>
		<a id="7" s="C" t="C.ar" l="C"/>
		<a id="8" s="C" t="C.ar" l="C"/>
		<a id="9" s="C" t="C.3" l="C"/>
		<a id="10" s="H" t="H" l="H"/>
		<a id="11" s="H" t="H" l="H"/>
		<a id="12" s="H" t="H" l="H"/>
		<a id="13" s="H" t="H" l="H"/>
		<a id="14" s="H" t="H" l="H"/>
		<a id="15" s="H" t="H" l="H"/>
		<a id="16" s="H" t="H" l="H"/>
		<a id="17" s="H" t="H" l="H"/>
		<a id="18" s="H" t="H" l="H"/>
		<a id="19" s="H" t="H" l="H"/>
		<a id="20" s="H" t="H" l="H"/>
	</atoms>
	<bonds>
		<b id="1" c="1 2" t="1"/>
		<b id="2" c="2 3" t="ar"/>
		<b id="3" c="3 4" t="1"/>
		<b id="4" c="3 5" t="ar"/>
		<b id="5" c="5 6" t="ar"/>
		<b id="6" c="6 7" t="ar"/>
		<b id="7" c="7 8" t="ar"/>
		<b id="8" c="2 8" t="ar"/>
		<b id="9" c="8 9" t="1"/>
		<b id="10" c="1 10" t="1"/>
		<b id="11" c="1 11" t="1"/>
		<b id="12" c="4 12" t="1"/>
		<b id="13" c="4 13" t="1"/>
		<b id="14" c="4 14" t="1"/>
		<b id="15" c="5 15" t="1"/>
		<b id="16" c="6 16" t="1"/>
		<b id="17" c="7 17" t="1"/>
		<b id="18" c="9 18" t="1"/>
		<b id="19" c="9 19" t="1"/>
		<b id="20" c="9 20" t="1"/>
	</bonds>
	<geometry>
		<g u="A" t="cart/3d">#20,3:1.0811,0.0176,-0.1309;2.4658,0.0016,0.0048;3.1798,1.2075,0.1552;2.4633,2.5115,0.1589;4.5537,1.1674,0.3125;5.2336,-0.0333,0.3115;4.5416,-1.2163,0.1513;3.1673,-1.2209,-0.0077;2.4364,-2.5057,-0.1776;0.5418,0.8327,0.1259;0.5337,-0.8184,0.0191;1.8016,2.5949,-0.7050;3.1612,3.3497,0.1207;1.8611,2.6211,1.0623;5.0950,2.0904,0.4340;6.3046,-0.0469,0.4312;5.0734,-2.1527,0.1484;3.1255,-3.3425,-0.3016;1.7954,-2.4743,-1.0599;1.8117,-2.7164,0.6917;</g>
	</geometry>
	<conformers>
		<g id="1" u="A" t="cart/3d">#20,3:-0.0000,-2.0821,0.0444;-0.0000,-0.6950,-0.0129;-1.2135,0.0078,-0.0032;-2.5198,-0.7344,0.0074;-1.1941,1.3924,-0.0007;0.0000,2.0899,-0.0031;1.1941,1.3924,-0.0007;1.2135,0.0078,-0.0032;2.5198,-0.7344,0.0074;-0.8414,-2.5263,-0.2858;0.8414,-2.5263,-0.2857;-2.6391,-1.3343,-0.8973;-3.3499,-0.0346,0.0573;-2.5780,-1.3998,0.8687;-2.1308,1.9318,0.0034;0.0000,3.1694,-0.0027;2.1308,1.9318,0.0034;3.3500,-0.0346,0.0566;2.6388,-1.3349,-0.8969;2.5783,-1.3993,0.8691;</g>
	</conformers>
	<properties/>
</molecule>
