<?xml version="1.0" ?>
<!--MOLLI PACKAGE EXPERIMENTAL XML FORMAT-->
<molecule name="2">
	<atoms>
		<a id="1" s="N" t="N.pl3" l="N"/>
		<a id="2" s="C" t="C.ar" l="C"/>
		<a id="3" s="C" t="C.ar" l="C"/>
		<a id="4" s="C" t="C.3" l="C"/>
		<a id="5" s="C" t="C.ar" l="C"/>
		<a id="6" s="C" t="C.ar" l="C"/>
		<a id="7" s="C" t="C.ar" l="C"/>
		<a id="8" s="C" t="C.ar" l="C"/>
		<a id="9" s="C" t="C.3" l="C"/>
		<a id="10" s="H" t="H" l="H"/>
		<a id="11" s="H" t="H" l="H"/>
		<a id="12" s="H" t="H" l="H"/>
		<a id="13" s="H" t="H" l="H"/>
		<a id="14" s="H" t="H" l="H"/>
		<a id="15" s="H" t="H" l="H"/>
		<a id="16" s="H" t="H" l="H"/>
		<a id="17" s="H" t="H" l="H"/>
		<a id="18" s="H" t="H" l="H"/>
		<a id="19" s="H" t="H" l="H"/>
		<a id="20" s="H" t="H" l="H"/>
	</atoms>
	<bonds>
		<b id="1" c="1 2" t="1"/>
		<b id="2" c="2 3" t="ar"/>
		<b id="3" c="3 4" t="1"/>
		<b id="4" c="3 5" t="ar"/>
		<b id="5" c="5 6" t="ar"/>
		<b id="6" c="6 7" t="ar"/>
		<b id="7" c="7 8" t="ar"/>
		<b id="8" c="2 8" t="ar"/>
		<b id="9" c="8 9" t="1"/>
		<b id="10" c="1 10" t="1"/>
		<b id="11" c="1 11" t="1"/>
		<b id="12" c="4 12" t="1"/>
		<b id="13" c="4 13" t="1"/>
		<b id="14" c="4 14" t="1"/>
		<b id="15" c="5 15" t="1"/>
		<b id="16" c="6 16" t="1"/>
		<b id="17" c="7 17" t="1"/>
		<b id="18" c="9 18" t="1"/>
		<b id="19" c="9 19" t="1"/>
		<b id="20" c="9 20" t="1"/>
	</bonds>
	<geometry>
		<g u="A" t="cart/3d">#20,3:0.0080,-2.1251,-0.0447;0.0038,-0.7378,-0.0059;-1.2108,-0.0376,-0.0387;-2.5161,-0.7820,-0.0552;-1.1939,1.3469,-0.0573;-0.0012,2.0469,-0.0501;1.1943,1.3519,-0.0313;1.2160,-0.0325,-0.0110;2.5234,-0.7727,0.0021;-0.8389,-2.5679,0.2714;0.8432,-2.5642,0.3070;-2.5603,-1.4641,-0.9035;-3.3454,-0.0844,-0.1328;-2.6489,-1.3631,0.8593;-2.1314,1.8845,-0.0777;-0.0035,3.1263,-0.0632;2.1300,1.8929,-0.0327;3.3530,-0.0724,-0.0461;2.5920,-1.4480,-0.8507;2.6328,-1.3622,0.9148;</g>
	</geometry>
	<conformers>
		<g id="1" u="A" t="cart/3d">#20,3:-0.0000,-2.0821,-0.0441;-0.0000,-0.6950,0.0130;-1.2135,0.0078,0.0033;-2.5198,-0.7344,-0.0077;-1.1941,1.3924,0.0007;0.0000,2.0899,0.0032;1.1941,1.3924,0.0007;1.2135,0.0078,0.0032;2.5198,-0.7344,-0.0077;-0.8414,-2.5262,0.2862;0.8414,-2.5263,0.2860;-2.6394,-1.3342,0.8970;-2.5777,-1.3999,-0.8689;-3.3499,-0.0346,-0.0580;-2.1308,1.9319,-0.0034;0.0000,3.1694,0.0028;2.1308,1.9318,-0.0033;2.5777,-1.4000,-0.8689;2.6393,-1.3342,0.8971;3.3499,-0.0346,-0.0579;</g>
	</conformers>
	<properties/>
</molecule>
