<?xml version="1.0" ?>
<!--MOLLI PACKAGE EXPERIMENTAL XML FORMAT-->
<molecule name="20">
	<atoms>
		<a id="1" s="C" t="C.ar" l="C"/>
		<a id="2" s="C" t="C.ar" l="C"/>
		<a id="3" s="N" t="N.ar" l="N"/>
		<a id="4" s="C" t="C.ar" l="C"/>
		<a id="5" s="N" t="N.ar" l="N"/>
		<a id="6" s="H" t="H" l="H"/>
		<a id="7" s="H" t="H" l="H"/>
		<a id="8" s="H" t="H" l="H"/>
		<a id="9" s="H" t="H" l="H"/>
	</atoms>
	<bonds>
		<b id="1" c="1 2" t="ar"/>
		<b id="2" c="2 3" t="ar"/>
		<b id="3" c="3 4" t="ar"/>
		<b id="4" c="4 5" t="ar"/>
		<b id="5" c="1 5" t="ar"/>
		<b id="6" c="1 6" t="1"/>
		<b id="7" c="2 7" t="1"/>
		<b id="8" c="4 8" t="1"/>
		<b id="9" c="5 9" t="1"/>
	</bonds>
	<geometry>
		<g u="A" t="cart/3d">#9,3:0.9341,-0.7527,0.0010;-0.3891,-1.0857,0.0028;-1.1530,0.0382,0.0048;-0.3176,1.0355,0.0048;0.9703,0.6138,0.0029;1.8225,-1.3498,-0.0010;-0.8410,-2.0568,0.0027;-0.5981,2.0700,0.0064;1.7991,1.1850,0.0027;</g>
	</geometry>
	<conformers>
		<g id="1" u="A" t="cart/3d">#9,3:0.6666,-0.9572,0.0000;-0.6973,-0.9223,-0.0000;-1.1314,0.3652,0.0000;-0.0586,1.1016,0.0000;1.0683,0.3491,-0.0000;1.3623,-1.7706,0.0000;-1.3925,-1.7371,-0.0000;-0.0485,2.1732,0.0000;2.0199,0.6776,-0.0000;</g>
	</conformers>
	<properties/>
</molecule>
