<?xml version="1.0" ?>
<!--MOLLI PACKAGE EXPERIMENTAL XML FORMAT-->
<molecule name="20">
	<atoms>
		<a id="1" s="C" t="C.ar" l="C"/>
		<a id="2" s="C" t="C.ar" l="C"/>
		<a id="3" s="N" t="N.ar" l="N"/>
		<a id="4" s="C" t="C.ar" l="C"/>
		<a id="5" s="N" t="N.ar" l="N"/>
		<a id="6" s="H" t="H" l="H"/>
		<a id="7" s="H" t="H" l="H"/>
		<a id="8" s="H" t="H" l="H"/>
		<a id="9" s="H" t="H" l="H"/>
	</atoms>
	<bonds>
		<b id="1" c="1 2" t="ar"/>
		<b id="2" c="2 3" t="ar"/>
		<b id="3" c="3 4" t="ar"/>
		<b id="4" c="4 5" t="ar"/>
		<b id="5" c="1 5" t="ar"/>
		<b id="6" c="1 6" t="1"/>
		<b id="7" c="2 7" t="1"/>
		<b id="8" c="4 8" t="1"/>
		<b id="9" c="5 9" t="1"/>
	</bonds>
	<geometry>
		<g u="A" t="cart/3d">#9,3:-1.1600,-0.0066,0.0001;-0.3224,1.0858,-0.0006;0.9624,0.6820,-0.0013;0.9340,-0.6312,-0.0011;-0.3560,-1.1066,-0.0002;-2.2398,-0.0060,0.0008;-0.6250,2.1242,-0.0006;1.8218,-1.2496,-0.0015;-0.6530,-2.0868,0.0001;</g>
	</geometry>
	<conformers>
		<g id="1" u="A" t="cart/3d">#9,3:0.6668,-0.9571,0.0001;-0.6971,-0.9224,-0.0001;-1.1314,0.3650,0.0001;-0.0588,1.1016,-0.0000;1.0682,0.3493,-0.0000;1.3626,-1.7703,0.0001;-1.3922,-1.7372,-0.0001;-0.0489,2.1731,-0.0000;2.0196,0.6781,-0.0001;</g>
	</conformers>
	<properties/>
</molecule>
