<?xml version="1.0" ?>
<!--MOLLI PACKAGE EXPERIMENTAL XML FORMAT-->
<molecule name="21">
	<atoms>
		<a id="1" s="N" t="N.ar" l="N"/>
		<a id="2" s="C" t="C.ar" l="C"/>
		<a id="3" s="C" t="C.ar" l="C"/>
		<a id="4" s="C" t="C.ar" l="C"/>
		<a id="5" s="N" t="N.ar" l="N"/>
		<a id="6" s="H" t="H" l="H"/>
		<a id="7" s="H" t="H" l="H"/>
		<a id="8" s="H" t="H" l="H"/>
		<a id="9" s="H" t="H" l="H"/>
	</atoms>
	<bonds>
		<b id="1" c="1 2" t="ar"/>
		<b id="2" c="2 3" t="ar"/>
		<b id="3" c="3 4" t="ar"/>
		<b id="4" c="4 5" t="ar"/>
		<b id="5" c="1 5" t="ar"/>
		<b id="6" c="1 6" t="1"/>
		<b id="7" c="2 7" t="1"/>
		<b id="8" c="3 8" t="1"/>
		<b id="9" c="4 9" t="1"/>
	</bonds>
	<geometry>
		<g u="A" t="cart/3d">#9,3:-0.2503,-1.0276,0.0012;1.0330,-0.6119,-0.0010;0.9963,0.7614,-0.0010;-0.3718,1.0770,0.0026;-1.1094,-0.0143,0.0030;-0.5935,-1.9749,0.0015;1.8549,-1.2991,-0.0026;1.8240,1.4399,-0.0027;-0.8331,2.0441,0.0043;</g>
	</geometry>
	<conformers>
		<g id="1" u="A" t="cart/3d">#9,3:-0.8631,-0.6400,0.0000;0.4084,-1.0900,0.0000;1.2140,0.0229,0.0000;0.3203,1.1049,0.0000;-0.9291,0.6873,0.0000;-1.7114,-1.1836,0.0000;0.6418,-2.1355,0.0000;2.2836,0.0585,0.0000;0.5416,2.1532,0.0000;</g>
	</conformers>
	<properties/>
</molecule>
