<?xml version="1.0" ?>
<!--MOLLI PACKAGE EXPERIMENTAL XML FORMAT-->
<molecule name="21">
	<atoms>
		<a id="1" s="N" t="N.ar" l="N"/>
		<a id="2" s="C" t="C.ar" l="C"/>
		<a id="3" s="C" t="C.ar" l="C"/>
		<a id="4" s="C" t="C.ar" l="C"/>
		<a id="5" s="N" t="N.ar" l="N"/>
		<a id="6" s="H" t="H" l="H"/>
		<a id="7" s="H" t="H" l="H"/>
		<a id="8" s="H" t="H" l="H"/>
		<a id="9" s="H" t="H" l="H"/>
	</atoms>
	<bonds>
		<b id="1" c="1 2" t="ar"/>
		<b id="2" c="2 3" t="ar"/>
		<b id="3" c="3 4" t="ar"/>
		<b id="4" c="4 5" t="ar"/>
		<b id="5" c="1 5" t="ar"/>
		<b id="6" c="1 6" t="1"/>
		<b id="7" c="2 7" t="1"/>
		<b id="8" c="3 8" t="1"/>
		<b id="9" c="4 9" t="1"/>
	</bonds>
	<geometry>
		<g u="A" t="cart/3d">#9,3:-1.0967,0.0077,0.0014;-0.3371,1.1533,0.0034;0.9541,0.7179,0.0014;0.8880,-0.6868,-0.0017;-0.3636,-1.0944,-0.0016;-2.1237,-0.0330,0.0021;-0.6959,2.1707,0.0059;1.8449,1.3262,0.0021;1.7338,-1.3600,-0.0038;</g>
	</geometry>
	<conformers>
		<g id="1" u="A" t="cart/3d">#9,3:0.8650,-0.6374,-0.0000;-0.4052,-1.0912,0.0001;-1.2141,0.0193,-0.0001;-0.3235,1.1039,0.0001;0.9271,0.6900,-0.0001;1.7147,-1.1786,-0.0000;-0.6353,-2.1373,0.0002;-2.2838,0.0518,-0.0002;-0.5477,2.1516,0.0002;</g>
	</conformers>
	<properties/>
</molecule>
