<?xml version="1.0" ?>
<!--MOLLI PACKAGE EXPERIMENTAL XML FORMAT-->
<molecule name="22">
	<atoms>
		<a id="1" s="C" t="C.3" l="C"/>
		<a id="2" s="N" t="N.pl3" l="N"/>
		<a id="3" s="C" t="C.ar" l="C"/>
		<a id="4" s="C" t="C.ar" l="C"/>
		<a id="5" s="C" t="C.ar" l="C"/>
		<a id="6" s="C" t="C.ar" l="C"/>
		<a id="7" s="N" t="N.ar" l="N"/>
		<a id="8" s="C" t="C.ar" l="C"/>
		<a id="9" s="H" t="H" l="H"/>
		<a id="10" s="H" t="H" l="H"/>
		<a id="11" s="H" t="H" l="H"/>
		<a id="12" s="H" t="H" l="H"/>
		<a id="13" s="H" t="H" l="H"/>
		<a id="14" s="H" t="H" l="H"/>
		<a id="15" s="H" t="H" l="H"/>
		<a id="16" s="H" t="H" l="H"/>
	</atoms>
	<bonds>
		<b id="1" c="1 2" t="1"/>
		<b id="2" c="2 3" t="1"/>
		<b id="3" c="3 4" t="ar"/>
		<b id="4" c="4 5" t="ar"/>
		<b id="5" c="5 6" t="ar"/>
		<b id="6" c="6 7" t="ar"/>
		<b id="7" c="7 8" t="ar"/>
		<b id="8" c="3 8" t="ar"/>
		<b id="9" c="1 9" t="1"/>
		<b id="10" c="1 10" t="1"/>
		<b id="11" c="1 11" t="1"/>
		<b id="12" c="2 12" t="1"/>
		<b id="13" c="4 13" t="1"/>
		<b id="14" c="5 14" t="1"/>
		<b id="15" c="6 15" t="1"/>
		<b id="16" c="8 16" t="1"/>
	</bonds>
	<geometry>
		<g u="A" t="cart/3d">#16,3:1.0927,0.0315,0.6237;2.4355,0.1406,0.1103;3.1213,1.3282,0.0874;2.7456,2.4497,0.8325;3.5402,3.5812,0.7892;4.6827,3.5732,0.0051;5.0492,2.5198,-0.7092;4.2986,1.4421,-0.6692;0.7632,-1.0007,0.5277;0.3834,0.6789,0.0921;1.0797,0.2967,1.6820;2.6710,-0.4953,-0.6361;1.8493,2.4399,1.4335;3.2690,4.4593,1.3559;5.3301,4.4362,-0.0628;4.6387,0.6070,-1.2708;</g>
	</geometry>
	<conformers>
		<g id="1" u="A" t="cart/3d">#16,3:-2.8490,-0.4141,-0.0974;-1.8206,0.5725,0.1195;-0.4844,0.2763,0.0311;0.4625,1.3067,-0.0123;1.8064,0.9951,-0.0366;2.1791,-0.3421,-0.0226;1.2983,-1.3267,0.0122;0.0140,-1.0340,0.0378;-2.7969,-0.8663,-1.0957;-3.8202,0.0614,0.0213;-2.7621,-1.2064,0.6472;-2.0629,1.5181,-0.1352;0.1308,2.3368,-0.0254;2.5518,1.7752,-0.0702;3.2183,-0.6397,-0.0440;-0.6504,-1.8863,0.0632;</g>
		<g id="2" u="A" t="cart/3d">#16,3:-2.7673,0.8701,0.1139;-1.8858,-0.2468,-0.1180;-0.5211,-0.1391,-0.0333;0.1576,1.0827,-0.0369;1.5408,1.0819,-0.0129;2.2139,-0.1288,0.0189;1.5845,-1.2942,0.0285;0.2710,-1.2980,0.0039;-2.6459,1.3034,1.1149;-3.7958,0.5347,0.0011;-2.5792,1.6487,-0.6271;-2.2530,-1.1526,0.1300;-0.3835,2.0163,-0.0567;2.0864,2.0136,-0.0143;3.2937,-0.1771,0.0413;-0.1993,-2.2747,0.0147;</g>
	</conformers>
	<properties/>
</molecule>
