<?xml version="1.0" ?>
<!--MOLLI PACKAGE EXPERIMENTAL XML FORMAT-->
<molecule name="23">
	<atoms>
		<a id="1" s="N" t="N.2" l="N"/>
		<a id="2" s="C" t="C.2" l="C"/>
		<a id="3" s="C" t="C.ar" l="C"/>
		<a id="4" s="C" t="C.ar" l="C"/>
		<a id="5" s="C" t="C.ar" l="C"/>
		<a id="6" s="C" t="C.ar" l="C"/>
		<a id="7" s="C" t="C.ar" l="C"/>
		<a id="8" s="C" t="C.ar" l="C"/>
		<a id="9" s="C" t="C.ar" l="C"/>
		<a id="10" s="C" t="C.ar" l="C"/>
		<a id="11" s="C" t="C.ar" l="C"/>
		<a id="12" s="C" t="C.ar" l="C"/>
		<a id="13" s="C" t="C.ar" l="C"/>
		<a id="14" s="C" t="C.ar" l="C"/>
		<a id="15" s="H" t="H" l="H"/>
		<a id="16" s="H" t="H" l="H"/>
		<a id="17" s="H" t="H" l="H"/>
		<a id="18" s="H" t="H" l="H"/>
		<a id="19" s="H" t="H" l="H"/>
		<a id="20" s="H" t="H" l="H"/>
		<a id="21" s="H" t="H" l="H"/>
		<a id="22" s="H" t="H" l="H"/>
		<a id="23" s="H" t="H" l="H"/>
		<a id="24" s="H" t="H" l="H"/>
		<a id="25" s="H" t="H" l="H"/>
	</atoms>
	<bonds>
		<b id="1" c="1 2" t="2"/>
		<b id="2" c="2 3" t="1"/>
		<b id="3" c="3 4" t="ar"/>
		<b id="4" c="4 5" t="ar"/>
		<b id="5" c="5 6" t="ar"/>
		<b id="6" c="6 7" t="ar"/>
		<b id="7" c="7 8" t="ar"/>
		<b id="8" c="3 8" t="ar"/>
		<b id="9" c="2 9" t="1"/>
		<b id="10" c="9 10" t="ar"/>
		<b id="11" c="10 11" t="ar"/>
		<b id="12" c="11 12" t="ar"/>
		<b id="13" c="12 13" t="ar"/>
		<b id="14" c="13 14" t="ar"/>
		<b id="15" c="9 14" t="ar"/>
		<b id="16" c="1 15" t="1"/>
		<b id="17" c="4 16" t="1"/>
		<b id="18" c="5 17" t="1"/>
		<b id="19" c="6 18" t="1"/>
		<b id="20" c="7 19" t="1"/>
		<b id="21" c="8 20" t="1"/>
		<b id="22" c="10 21" t="1"/>
		<b id="23" c="11 22" t="1"/>
		<b id="24" c="12 23" t="1"/>
		<b id="25" c="13 24" t="1"/>
		<b id="26" c="14 25" t="1"/>
	</bonds>
	<geometry>
		<g u="A" t="cart/3d">#25,3:1.0130,-0.0659,-0.0759;2.2795,-0.0087,-0.0291;3.0541,0.3005,1.1961;4.1703,-0.4588,1.5384;4.8450,-0.2113,2.7196;4.4249,0.8043,3.5630;3.3207,1.5692,3.2257;2.6328,1.3127,2.0543;3.0323,-0.2887,-1.2634;4.2778,0.2894,-1.4971;4.9561,0.0258,-2.6729;4.4053,-0.8201,-3.6216;3.1640,-1.3943,-3.3978;2.4781,-1.1263,-2.2292;0.5466,0.1277,0.8085;4.4936,-1.2545,0.8827;5.7032,-0.8117,2.9831;4.9571,0.9991,4.4822;2.9925,2.3646,3.8787;1.7731,1.9125,1.7874;4.7070,0.9593,-0.7654;5.9189,0.4825,-2.8505;4.9414,-1.0280,-4.5360;2.7314,-2.0511,-4.1383;1.5081,-1.5572,-2.0379;</g>
	</geometry>
	<conformers>
		<g id="1" u="A" t="cart/3d">#25,3:-0.0975,-2.4083,-0.1116;-0.0184,-1.1442,-0.0406;1.2578,-0.3896,-0.0417;2.3258,-0.8215,0.7396;3.5313,-0.1447,0.7123;3.6894,0.9572,-0.1117;2.6359,1.3844,-0.9038;1.4233,0.7213,-0.8653;-1.2693,-0.3710,0.0321;-2.4435,-0.9148,-0.4853;-3.6285,-0.2083,-0.4193;-3.6582,1.0450,0.1721;-2.4986,1.5858,0.7027;-1.3084,0.8852,0.6332;0.8000,-2.8866,-0.1676;2.1986,-1.6790,1.3866;4.3498,-0.4791,1.3329;4.6329,1.4821,-0.1373;2.7593,2.2403,-1.5513;0.6019,1.0511,-1.4853;-2.3989,-1.8935,-0.9365;-4.5334,-0.6334,-0.8285;-4.5846,1.5982,0.2235;-2.5219,2.5578,1.1736;-0.4099,1.3070,1.0608;</g>
	</conformers>
	<properties/>
</molecule>
