<?xml version="1.0" ?>
<!--MOLLI PACKAGE EXPERIMENTAL XML FORMAT-->
<molecule name="23">
	<atoms>
		<a id="1" s="N" t="N.2" l="N"/>
		<a id="2" s="C" t="C.2" l="C"/>
		<a id="3" s="C" t="C.ar" l="C"/>
		<a id="4" s="C" t="C.ar" l="C"/>
		<a id="5" s="C" t="C.ar" l="C"/>
		<a id="6" s="C" t="C.ar" l="C"/>
		<a id="7" s="C" t="C.ar" l="C"/>
		<a id="8" s="C" t="C.ar" l="C"/>
		<a id="9" s="C" t="C.ar" l="C"/>
		<a id="10" s="C" t="C.ar" l="C"/>
		<a id="11" s="C" t="C.ar" l="C"/>
		<a id="12" s="C" t="C.ar" l="C"/>
		<a id="13" s="C" t="C.ar" l="C"/>
		<a id="14" s="C" t="C.ar" l="C"/>
		<a id="15" s="H" t="H" l="H"/>
		<a id="16" s="H" t="H" l="H"/>
		<a id="17" s="H" t="H" l="H"/>
		<a id="18" s="H" t="H" l="H"/>
		<a id="19" s="H" t="H" l="H"/>
		<a id="20" s="H" t="H" l="H"/>
		<a id="21" s="H" t="H" l="H"/>
		<a id="22" s="H" t="H" l="H"/>
		<a id="23" s="H" t="H" l="H"/>
		<a id="24" s="H" t="H" l="H"/>
		<a id="25" s="H" t="H" l="H"/>
	</atoms>
	<bonds>
		<b id="1" c="1 2" t="2"/>
		<b id="2" c="2 3" t="1"/>
		<b id="3" c="3 4" t="ar"/>
		<b id="4" c="4 5" t="ar"/>
		<b id="5" c="5 6" t="ar"/>
		<b id="6" c="6 7" t="ar"/>
		<b id="7" c="7 8" t="ar"/>
		<b id="8" c="3 8" t="ar"/>
		<b id="9" c="2 9" t="1"/>
		<b id="10" c="9 10" t="ar"/>
		<b id="11" c="10 11" t="ar"/>
		<b id="12" c="11 12" t="ar"/>
		<b id="13" c="12 13" t="ar"/>
		<b id="14" c="13 14" t="ar"/>
		<b id="15" c="9 14" t="ar"/>
		<b id="16" c="1 15" t="1"/>
		<b id="17" c="4 16" t="1"/>
		<b id="18" c="5 17" t="1"/>
		<b id="19" c="6 18" t="1"/>
		<b id="20" c="7 19" t="1"/>
		<b id="21" c="8 20" t="1"/>
		<b id="22" c="10 21" t="1"/>
		<b id="23" c="11 22" t="1"/>
		<b id="24" c="12 23" t="1"/>
		<b id="25" c="13 24" t="1"/>
		<b id="26" c="14 25" t="1"/>
	</bonds>
	<geometry>
		<g u="A" t="cart/3d">#25,3:1.1109,-0.2729,-0.1723;2.3827,-0.1434,-0.0791;3.0423,1.0721,-0.5983;2.4932,2.3293,-0.3559;3.0899,3.4661,-0.8552;4.2430,3.3692,-1.6080;4.7978,2.1310,-1.8629;4.2033,0.9923,-1.3665;3.1741,-1.2256,0.5255;2.6141,-2.4925,0.6584;3.3284,-3.5258,1.2237;4.6155,-3.3099,1.6736;5.1833,-2.0564,1.5614;4.4705,-1.0220,0.9959;0.5734,0.4356,-0.5986;1.5986,2.4026,0.2380;2.6554,4.4325,-0.6585;4.7080,4.2594,-1.9990;5.6954,2.0550,-2.4544;4.6239,0.0244,-1.5791;1.6076,-2.6482,0.3105;2.8815,-4.5020,1.3162;5.1748,-4.1180,2.1158;6.1854,-1.8862,1.9195;4.9077,-0.0413,0.9263;</g>
	</geometry>
	<conformers>
		<g id="1" u="A" t="cart/3d">#25,3:-0.0958,-2.4093,0.1065;-0.0174,-1.1451,0.0363;1.2579,-0.3890,0.0395;1.4175,0.7266,0.8579;2.6291,1.3911,0.9001;3.6879,0.9604,0.1169;3.5357,-0.1460,-0.7021;2.3310,-0.8239,-0.7333;-1.2689,-0.3727,-0.0350;-2.4400,-0.9127,0.4931;-3.6250,-0.2060,0.4304;-3.6580,1.0434,-0.1688;-2.5017,1.5800,-0.7106;-1.3112,0.8795,-0.6440;0.8019,-2.8872,0.1627;0.5921,1.0589,1.4713;2.7477,2.2506,1.5436;4.6308,1.4863,0.1456;4.3583,-0.4829,-1.3159;2.2086,-1.6848,-1.3767;-2.3930,-1.8885,0.9503;-4.5273,-0.6280,0.8482;-4.5844,1.5969,-0.2174;-2.5276,2.5491,-1.1877;-0.4152,1.2980,-1.0800;</g>
	</conformers>
	<properties/>
</molecule>
