<?xml version="1.0" ?>
<!--MOLLI PACKAGE EXPERIMENTAL XML FORMAT-->
<molecule name="25">
	<atoms>
		<a id="1" s="N" t="N.pl3" l="N"/>
		<a id="2" s="C" t="C.ar" l="C"/>
		<a id="3" s="C" t="C.ar" l="C"/>
		<a id="4" s="N" t="N.ar" l="N"/>
		<a id="5" s="C" t="C.ar" l="C"/>
		<a id="6" s="O" t="O.2" l="O"/>
		<a id="7" s="H" t="H" l="H"/>
		<a id="8" s="H" t="H" l="H"/>
		<a id="9" s="H" t="H" l="H"/>
		<a id="10" s="H" t="H" l="H"/>
	</atoms>
	<bonds>
		<b id="1" c="1 2" t="1"/>
		<b id="2" c="2 3" t="ar"/>
		<b id="3" c="3 4" t="ar"/>
		<b id="4" c="4 5" t="ar"/>
		<b id="5" c="5 6" t="ar"/>
		<b id="6" c="2 6" t="ar"/>
		<b id="7" c="1 7" t="1"/>
		<b id="8" c="1 8" t="1"/>
		<b id="9" c="3 9" t="1"/>
		<b id="10" c="5 10" t="1"/>
	</bonds>
	<geometry>
		<g u="A" t="cart/3d">#10,3:0.9366,-0.0098,-0.1872;2.3019,0.0810,-0.0458;3.1689,1.1370,0.0041;4.4432,0.6438,0.0607;4.3160,-0.6353,0.0431;3.0321,-1.0590,-0.0168;0.4282,0.7836,0.1702;0.5558,-0.9015,0.0917;2.9699,2.1869,-0.0003;5.0987,-1.3640,0.0716;</g>
	</geometry>
	<conformers>
		<g id="1" u="A" t="cart/3d">#10,3:-2.0486,0.0347,-0.0578;-0.6765,0.0975,0.0114;0.2116,1.1370,0.0053;1.4775,0.6198,-0.0036;1.3255,-0.6567,-0.0040;0.0322,-1.0559,0.0090;-2.5223,0.8377,0.3246;-2.4346,-0.8484,0.2417;0.0327,2.1905,0.0041;2.0941,-1.4008,-0.0128;</g>
	</conformers>
	<properties/>
</molecule>
