<?xml version="1.0" ?>
<!--MOLLI PACKAGE EXPERIMENTAL XML FORMAT-->
<molecule name="26">
	<atoms>
		<a id="1" s="N" t="N.pl3" l="N"/>
		<a id="2" s="C" t="C.ar" l="C"/>
		<a id="3" s="N" t="N.ar" l="N"/>
		<a id="4" s="C" t="C.ar" l="C"/>
		<a id="5" s="C" t="C.ar" l="C"/>
		<a id="6" s="O" t="O.2" l="O"/>
		<a id="7" s="H" t="H" l="H"/>
		<a id="8" s="H" t="H" l="H"/>
		<a id="9" s="H" t="H" l="H"/>
		<a id="10" s="H" t="H" l="H"/>
	</atoms>
	<bonds>
		<b id="1" c="1 2" t="1"/>
		<b id="2" c="2 3" t="ar"/>
		<b id="3" c="3 4" t="ar"/>
		<b id="4" c="4 5" t="ar"/>
		<b id="5" c="5 6" t="ar"/>
		<b id="6" c="2 6" t="ar"/>
		<b id="7" c="1 7" t="1"/>
		<b id="8" c="1 8" t="1"/>
		<b id="9" c="4 9" t="1"/>
		<b id="10" c="5 10" t="1"/>
	</bonds>
	<geometry>
		<g u="A" t="cart/3d">#10,3:1.0638,0.0989,0.0949;2.4557,0.0725,0.0262;3.2088,1.1614,-0.0255;4.4741,0.7279,-0.0884;4.4897,-0.6476,-0.0785;3.2012,-1.0731,-0.0079;0.5780,0.9352,-0.1843;0.5555,-0.7304,-0.1630;5.3329,1.3822,-0.1356;5.3616,-1.2898,-0.1204;</g>
	</geometry>
	<conformers>
		<g id="1" u="A" t="cart/3d">#10,3:1.9859,-0.0037,0.0517;0.6287,-0.0684,-0.0106;-0.0943,-1.1462,-0.0094;-1.3880,-0.6899,0.0039;-1.3831,0.6615,0.0054;-0.0794,1.0767,-0.0070;2.4006,0.8549,-0.2722;2.4573,-0.8534,-0.2092;-2.2120,-1.3719,0.0089;-2.1431,1.4127,0.0130;</g>
	</conformers>
	<properties/>
</molecule>
