<?xml version="1.0" ?>
<!--MOLLI PACKAGE EXPERIMENTAL XML FORMAT-->
<molecule name="26">
	<atoms>
		<a id="1" s="N" t="N.pl3" l="N"/>
		<a id="2" s="C" t="C.ar" l="C"/>
		<a id="3" s="N" t="N.ar" l="N"/>
		<a id="4" s="C" t="C.ar" l="C"/>
		<a id="5" s="C" t="C.ar" l="C"/>
		<a id="6" s="O" t="O.2" l="O"/>
		<a id="7" s="H" t="H" l="H"/>
		<a id="8" s="H" t="H" l="H"/>
		<a id="9" s="H" t="H" l="H"/>
		<a id="10" s="H" t="H" l="H"/>
	</atoms>
	<bonds>
		<b id="1" c="1 2" t="1"/>
		<b id="2" c="2 3" t="ar"/>
		<b id="3" c="3 4" t="ar"/>
		<b id="4" c="4 5" t="ar"/>
		<b id="5" c="5 6" t="ar"/>
		<b id="6" c="2 6" t="ar"/>
		<b id="7" c="1 7" t="1"/>
		<b id="8" c="1 8" t="1"/>
		<b id="9" c="4 9" t="1"/>
		<b id="10" c="5 10" t="1"/>
	</bonds>
	<geometry>
		<g u="A" t="cart/3d">#10,3:-1.9827,0.0024,-0.1793;-0.6297,-0.0686,-0.0622;0.0871,-1.1501,-0.0294;1.3828,-0.6996,0.0105;1.3843,0.6518,0.0020;0.0831,1.0732,-0.0408;-2.4704,-0.8420,0.0679;-2.4035,0.8679,0.1170;2.2020,-1.3867,0.0428;2.1482,1.3991,0.0222;</g>
	</geometry>
	<conformers>
		<g id="1" u="A" t="cart/3d">#10,3:-1.9859,-0.0036,-0.0516;-0.6287,-0.0684,0.0106;0.0942,-1.1461,0.0095;1.3880,-0.6899,-0.0039;1.3831,0.6614,-0.0053;0.0795,1.0767,0.0069;-2.4571,-0.8537,0.2082;-2.4008,0.8543,0.2730;2.2119,-1.3720,-0.0090;2.1432,1.4126,-0.0128;</g>
	</conformers>
	<properties/>
</molecule>
