<?xml version="1.0" ?>
<!--MOLLI PACKAGE EXPERIMENTAL XML FORMAT-->
<molecule name="10">
	<atoms>
		<a id="1" s="O" t="O.2" l="O"/>
		<a id="2" s="C" t="C.2" l="C"/>
		<a id="3" s="N" t="N.am" l="N"/>
		<a id="4" s="C" t="C.3" l="C"/>
		<a id="5" s="C" t="C.ar" l="C"/>
		<a id="6" s="C" t="C.ar" l="C"/>
		<a id="7" s="C" t="C.ar" l="C"/>
		<a id="8" s="C" t="C.ar" l="C"/>
		<a id="9" s="C" t="C.ar" l="C"/>
		<a id="10" s="C" t="C.ar" l="C"/>
		<a id="11" s="H" t="H" l="H"/>
		<a id="12" s="H" t="H" l="H"/>
		<a id="13" s="H" t="H" l="H"/>
		<a id="14" s="H" t="H" l="H"/>
		<a id="15" s="H" t="H" l="H"/>
		<a id="16" s="H" t="H" l="H"/>
		<a id="17" s="H" t="H" l="H"/>
		<a id="18" s="H" t="H" l="H"/>
		<a id="19" s="H" t="H" l="H"/>
	</atoms>
	<bonds>
		<b id="1" c="1 2" t="2"/>
		<b id="2" c="2 3" t="am"/>
		<b id="3" c="2 4" t="1"/>
		<b id="4" c="4 5" t="1"/>
		<b id="5" c="5 6" t="ar"/>
		<b id="6" c="6 7" t="ar"/>
		<b id="7" c="7 8" t="ar"/>
		<b id="8" c="8 9" t="ar"/>
		<b id="9" c="9 10" t="ar"/>
		<b id="10" c="5 10" t="ar"/>
		<b id="11" c="3 11" t="1"/>
		<b id="12" c="3 12" t="1"/>
		<b id="13" c="4 13" t="1"/>
		<b id="14" c="4 14" t="1"/>
		<b id="15" c="6 15" t="1"/>
		<b id="16" c="7 16" t="1"/>
		<b id="17" c="8 17" t="1"/>
		<b id="18" c="9 18" t="1"/>
		<b id="19" c="10 19" t="1"/>
	</bonds>
	<geometry>
		<g u="A" t="cart/3d">#19,3:1.5188,0.3701,-3.1653;2.6668,0.3308,-2.7879;3.7129,0.3463,-3.6413;3.0292,0.2534,-1.3030;4.4983,0.2322,-1.0154;5.2079,1.4200,-0.8673;6.5706,1.4027,-0.6287;7.2448,0.1964,-0.5356;6.5486,-0.9917,-0.6811;5.1858,-0.9736,-0.9203;3.5303,0.3971,-4.6294;4.6630,0.3165,-3.3154;2.5450,-0.6451,-0.9138;2.5529,1.1124,-0.8252;4.6849,2.3631,-0.9382;7.1075,2.3326,-0.5122;8.3074,0.1825,-0.3455;7.0680,-1.9356,-0.6045;4.6459,-1.9031,-1.0316;</g>
	</geometry>
	<conformers>
		<g id="1" u="A" t="cart/3d">#19,3:-3.1403,-0.6641,-0.0788;-2.1602,0.0416,-0.0711;-1.8741,0.9104,-1.0673;-1.1509,0.0690,1.0769;0.2598,-0.0029,0.5706;1.0584,1.1328,0.5016;2.3462,1.0598,-0.0016;2.8497,-0.1498,-0.4469;2.0606,-1.2867,-0.3841;0.7752,-1.2134,0.1201;-2.4667,0.9298,-1.8802;-1.0082,1.4201,-1.0850;-1.3757,-0.7760,1.7286;-1.3118,0.9929,1.6369;0.6751,2.0805,0.8559;2.9571,1.9498,-0.0440;3.8542,-0.2073,-0.8389;2.4495,-2.2336,-0.7285;0.1593,-2.0996,0.1672;</g>
	</conformers>
	<properties/>
</molecule>
