<?xml version="1.0" ?>
<!--MOLLI PACKAGE EXPERIMENTAL XML FORMAT-->
<molecule name="10">
	<atoms>
		<a id="1" s="O" t="O.2" l="O"/>
		<a id="2" s="C" t="C.2" l="C"/>
		<a id="3" s="N" t="N.am" l="N"/>
		<a id="4" s="C" t="C.3" l="C"/>
		<a id="5" s="C" t="C.ar" l="C"/>
		<a id="6" s="C" t="C.ar" l="C"/>
		<a id="7" s="C" t="C.ar" l="C"/>
		<a id="8" s="C" t="C.ar" l="C"/>
		<a id="9" s="C" t="C.ar" l="C"/>
		<a id="10" s="C" t="C.ar" l="C"/>
		<a id="11" s="H" t="H" l="H"/>
		<a id="12" s="H" t="H" l="H"/>
		<a id="13" s="H" t="H" l="H"/>
		<a id="14" s="H" t="H" l="H"/>
		<a id="15" s="H" t="H" l="H"/>
		<a id="16" s="H" t="H" l="H"/>
		<a id="17" s="H" t="H" l="H"/>
		<a id="18" s="H" t="H" l="H"/>
		<a id="19" s="H" t="H" l="H"/>
	</atoms>
	<bonds>
		<b id="1" c="1 2" t="2"/>
		<b id="2" c="2 3" t="am"/>
		<b id="3" c="2 4" t="1"/>
		<b id="4" c="4 5" t="1"/>
		<b id="5" c="5 6" t="ar"/>
		<b id="6" c="6 7" t="ar"/>
		<b id="7" c="7 8" t="ar"/>
		<b id="8" c="8 9" t="ar"/>
		<b id="9" c="9 10" t="ar"/>
		<b id="10" c="5 10" t="ar"/>
		<b id="11" c="3 11" t="1"/>
		<b id="12" c="3 12" t="1"/>
		<b id="13" c="4 13" t="1"/>
		<b id="14" c="4 14" t="1"/>
		<b id="15" c="6 15" t="1"/>
		<b id="16" c="7 16" t="1"/>
		<b id="17" c="8 17" t="1"/>
		<b id="18" c="9 18" t="1"/>
		<b id="19" c="10 19" t="1"/>
	</bonds>
	<geometry>
		<g u="A" t="cart/3d">#19,3:1.4134,0.1581,-2.8950;2.6107,0.1504,-2.6807;3.5321,0.1686,-3.6879;3.0838,0.1196,-1.2532;4.5737,0.1168,-1.0992;5.2794,1.3084,-1.0512;6.6551,1.3073,-0.9559;7.3429,0.1133,-0.9142;6.6532,-1.0789,-0.9715;5.2775,-1.0765,-1.0670;3.2402,0.1857,-4.6515;4.5296,0.1567,-3.5283;2.6598,-0.7632,-0.7666;2.6599,0.9805,-0.7289;4.7405,2.2390,-1.0977;7.1925,2.2404,-0.9155;8.4179,0.1120,-0.8378;7.1892,-2.0133,-0.9437;4.7373,-2.0058,-1.1248;</g>
	</geometry>
	<conformers>
		<g id="1" u="A" t="cart/3d">#19,3:-3.1449,-0.6577,0.0712;-2.1604,0.0420,0.0715;-1.8694,0.8978,1.0775;-1.1510,0.0762,-1.0761;0.2597,0.0006,-0.5708;1.0605,1.1347,-0.4996;2.3483,1.0582,0.0030;2.8497,-0.1533,0.4456;2.0585,-1.2886,0.3805;0.7731,-1.2118,-0.1232;-2.4628,0.9123,1.8900;-1.0011,1.4031,1.1006;-1.3119,1.0035,-1.6304;-1.3763,-0.7646,-1.7333;0.6786,2.0839,-0.8514;2.9610,1.9469,0.0471;3.8541,-0.2135,0.8372;2.4457,-2.2369,0.7228;0.1556,-2.0968,-0.1724;</g>
	</conformers>
	<properties/>
</molecule>
