<?xml version="1.0" ?>
<!--MOLLI PACKAGE EXPERIMENTAL XML FORMAT-->
<molecule name="27">
	<atoms>
		<a id="1" s="N" t="N.pl3" l="N"/>
		<a id="2" s="C" t="C.ar" l="C"/>
		<a id="3" s="C" t="C.ar" l="C"/>
		<a id="4" s="N" t="N.ar" l="N"/>
		<a id="5" s="C" t="C.ar" l="C"/>
		<a id="6" s="S" t="S.2" l="S"/>
		<a id="7" s="H" t="H" l="H"/>
		<a id="8" s="H" t="H" l="H"/>
		<a id="9" s="H" t="H" l="H"/>
		<a id="10" s="H" t="H" l="H"/>
	</atoms>
	<bonds>
		<b id="1" c="1 2" t="1"/>
		<b id="2" c="2 3" t="ar"/>
		<b id="3" c="3 4" t="ar"/>
		<b id="4" c="4 5" t="ar"/>
		<b id="5" c="5 6" t="ar"/>
		<b id="6" c="2 6" t="ar"/>
		<b id="7" c="1 7" t="1"/>
		<b id="8" c="1 8" t="1"/>
		<b id="9" c="3 9" t="1"/>
		<b id="10" c="5 10" t="1"/>
	</bonds>
	<geometry>
		<g u="A" t="cart/3d">#10,3:0.9717,-0.0035,-0.1839;2.3364,-0.0797,-0.0498;3.2469,0.9420,-0.0015;4.5420,0.5581,0.0434;4.6752,-0.7103,0.0343;3.1713,-1.6057,-0.0331;0.5621,0.8713,0.1052;0.4528,-0.8167,0.1065;3.0063,1.9887,0.0002;5.6103,-1.2300,0.0617;</g>
	</geometry>
	<conformers>
		<g id="1" u="A" t="cart/3d">#10,3:-2.1785,0.1750,-0.0559;-0.8084,0.2457,0.0130;-0.0109,1.3588,0.0098;1.3185,1.1153,-0.0028;1.5855,-0.1318,-0.0071;0.1844,-1.1826,0.0037;-2.6639,1.0039,0.2508;-2.5921,-0.6863,0.2643;-0.3616,2.3740,0.0134;2.5711,-0.5488,-0.0182;</g>
	</conformers>
	<properties/>
</molecule>
