<?xml version="1.0" ?>
<!--MOLLI PACKAGE EXPERIMENTAL XML FORMAT-->
<molecule name="28">
	<atoms>
		<a id="1" s="N" t="N.pl3" l="N"/>
		<a id="2" s="C" t="C.ar" l="C"/>
		<a id="3" s="C" t="C.ar" l="C"/>
		<a id="4" s="S" t="S.2" l="S"/>
		<a id="5" s="C" t="C.ar" l="C"/>
		<a id="6" s="N" t="N.ar" l="N"/>
		<a id="7" s="H" t="H" l="H"/>
		<a id="8" s="H" t="H" l="H"/>
		<a id="9" s="H" t="H" l="H"/>
		<a id="10" s="H" t="H" l="H"/>
	</atoms>
	<bonds>
		<b id="1" c="1 2" t="1"/>
		<b id="2" c="2 3" t="ar"/>
		<b id="3" c="3 4" t="ar"/>
		<b id="4" c="4 5" t="ar"/>
		<b id="5" c="5 6" t="ar"/>
		<b id="6" c="2 6" t="ar"/>
		<b id="7" c="1 7" t="1"/>
		<b id="8" c="1 8" t="1"/>
		<b id="9" c="3 9" t="1"/>
		<b id="10" c="5 10" t="1"/>
	</bonds>
	<geometry>
		<g u="A" t="cart/3d">#10,3:1.1345,-0.0296,0.1778;2.5420,0.0115,0.1033;3.2488,1.1719,0.0422;4.9358,0.8250,-0.0567;4.5633,-0.8726,-0.0099;3.3075,-1.1396,0.0704;0.6095,0.7065,-0.2716;0.7007,-0.9181,-0.0168;2.8225,2.1549,0.0565;5.3131,-1.6418,-0.0445;</g>
	</geometry>
	<conformers>
		<g id="1" u="A" t="cart/3d">#10,3:2.3733,-0.2757,0.0583;1.0115,-0.0955,-0.0119;0.0568,-1.0769,-0.0123;-1.5163,-0.3751,0.0045;-0.7653,1.1823,0.0007;0.5170,1.1741,-0.0103;2.9013,0.5370,-0.2181;2.7214,-1.1474,-0.3068;0.1862,-2.1386,-0.0110;-1.3536,2.0776,0.0033;</g>
	</conformers>
	<properties/>
</molecule>
