<?xml version="1.0" ?>
<!--MOLLI PACKAGE EXPERIMENTAL XML FORMAT-->
<molecule name="28">
	<atoms>
		<a id="1" s="N" t="N.pl3" l="N"/>
		<a id="2" s="C" t="C.ar" l="C"/>
		<a id="3" s="C" t="C.ar" l="C"/>
		<a id="4" s="S" t="S.2" l="S"/>
		<a id="5" s="C" t="C.ar" l="C"/>
		<a id="6" s="N" t="N.ar" l="N"/>
		<a id="7" s="H" t="H" l="H"/>
		<a id="8" s="H" t="H" l="H"/>
		<a id="9" s="H" t="H" l="H"/>
		<a id="10" s="H" t="H" l="H"/>
	</atoms>
	<bonds>
		<b id="1" c="1 2" t="1"/>
		<b id="2" c="2 3" t="ar"/>
		<b id="3" c="3 4" t="ar"/>
		<b id="4" c="4 5" t="ar"/>
		<b id="5" c="5 6" t="ar"/>
		<b id="6" c="2 6" t="ar"/>
		<b id="7" c="1 7" t="1"/>
		<b id="8" c="1 8" t="1"/>
		<b id="9" c="3 9" t="1"/>
		<b id="10" c="5 10" t="1"/>
	</bonds>
	<geometry>
		<g u="A" t="cart/3d">#10,3:-2.4007,0.3900,-0.1921;-1.0525,0.1499,-0.0595;-0.0565,1.0884,-0.0159;1.4831,0.3180,0.0381;0.6651,-1.2043,0.0111;-0.6150,-1.1401,-0.0372;-2.7208,1.2828,0.1475;-2.9756,-0.3930,0.0760;-0.1389,2.1549,-0.0229;1.2121,-2.1252,0.0355;</g>
	</geometry>
	<conformers>
		<g id="1" u="A" t="cart/3d">#10,3:-2.3734,0.2758,0.0582;-1.0116,0.0955,-0.0118;-0.0568,1.0768,-0.0121;1.5163,0.3751,0.0045;0.7652,-1.1823,0.0006;-0.5172,-1.1741,-0.0102;-2.7214,1.1471,-0.3073;-2.9013,-0.5370,-0.2179;-0.1861,2.1386,-0.0107;1.3534,-2.0776,0.0035;</g>
	</conformers>
	<properties/>
</molecule>
