<?xml version="1.0" ?>
<!--MOLLI PACKAGE EXPERIMENTAL XML FORMAT-->
<molecule name="29">
	<atoms>
		<a id="1" s="N" t="N.pl3" l="N"/>
		<a id="2" s="C" t="C.ar" l="C"/>
		<a id="3" s="N" t="N.ar" l="N"/>
		<a id="4" s="C" t="C.ar" l="C"/>
		<a id="5" s="C" t="C.ar" l="C"/>
		<a id="6" s="O" t="O.3" l="O"/>
		<a id="7" s="C" t="C.3" l="C"/>
		<a id="8" s="S" t="S.2" l="S"/>
		<a id="9" s="H" t="H" l="H"/>
		<a id="10" s="H" t="H" l="H"/>
		<a id="11" s="H" t="H" l="H"/>
		<a id="12" s="H" t="H" l="H"/>
		<a id="13" s="H" t="H" l="H"/>
		<a id="14" s="H" t="H" l="H"/>
	</atoms>
	<bonds>
		<b id="1" c="1 2" t="1"/>
		<b id="2" c="2 3" t="ar"/>
		<b id="3" c="3 4" t="ar"/>
		<b id="4" c="4 5" t="ar"/>
		<b id="5" c="5 6" t="1"/>
		<b id="6" c="6 7" t="1"/>
		<b id="7" c="5 8" t="ar"/>
		<b id="8" c="2 8" t="ar"/>
		<b id="9" c="1 9" t="1"/>
		<b id="10" c="1 10" t="1"/>
		<b id="11" c="4 11" t="1"/>
		<b id="12" c="7 12" t="1"/>
		<b id="13" c="7 13" t="1"/>
		<b id="14" c="7 14" t="1"/>
	</bonds>
	<geometry>
		<g u="A" t="cart/3d">#14,3:2.1060,0.0919,-0.1683;0.7806,-0.1883,-0.0536;0.2722,-1.3624,-0.0297;-1.0929,-1.3344,0.0041;-1.6480,-0.0979,0.0147;-2.9358,0.3137,0.0471;-3.9048,-0.7088,0.0530;-0.4091,1.1332,-0.0244;2.7206,-0.6775,0.0462;2.4075,1.0001,0.1431;-1.6171,-2.2710,0.0249;-4.8686,-0.2037,0.0720;-3.8027,-1.3441,0.9384;-3.8294,-1.3288,-0.8458;</g>
	</geometry>
	<conformers>
		<g id="1" u="A" t="cart/3d">#14,3:2.8005,0.6031,0.0564;1.5778,0.0087,-0.0147;1.3635,-1.2527,-0.0181;0.0357,-1.5543,-0.0035;-0.8082,-0.4910,0.0050;-2.1538,-0.5475,0.0226;-2.8409,0.6801,-0.0144;0.1101,1.0045,-0.0009;3.5734,-0.0056,-0.1627;2.8707,1.5440,-0.2949;-0.2701,-2.5824,-0.0051;-2.6085,1.2362,-0.9291;-2.5866,1.3011,0.8514;-3.9009,0.4348,0.0077;</g>
		<g id="2" u="A" t="cart/3d">#14,3:2.9186,0.2664,-0.0332;1.6001,-0.0621,0.0197;1.1327,-1.2525,-0.0225;-0.2328,-1.2717,-0.0405;-0.8304,-0.0555,-0.0031;-2.1324,0.3117,-0.0039;-3.0652,-0.7421,-0.0668;0.3655,1.2166,0.0546;3.5515,-0.4908,0.1712;3.1773,1.1690,0.3290;-0.7247,-2.2251,-0.0769;-2.9372,-1.3283,-0.9821;-4.0456,-0.2699,-0.0658;-2.9722,-1.4037,0.8003;</g>
	</conformers>
	<properties/>
</molecule>
