<?xml version="1.0" ?>
<!--MOLLI PACKAGE EXPERIMENTAL XML FORMAT-->
<molecule name="29">
	<atoms>
		<a id="1" s="N" t="N.pl3" l="N"/>
		<a id="2" s="C" t="C.ar" l="C"/>
		<a id="3" s="N" t="N.ar" l="N"/>
		<a id="4" s="C" t="C.ar" l="C"/>
		<a id="5" s="C" t="C.ar" l="C"/>
		<a id="6" s="O" t="O.3" l="O"/>
		<a id="7" s="C" t="C.3" l="C"/>
		<a id="8" s="S" t="S.2" l="S"/>
		<a id="9" s="H" t="H" l="H"/>
		<a id="10" s="H" t="H" l="H"/>
		<a id="11" s="H" t="H" l="H"/>
		<a id="12" s="H" t="H" l="H"/>
		<a id="13" s="H" t="H" l="H"/>
		<a id="14" s="H" t="H" l="H"/>
	</atoms>
	<bonds>
		<b id="1" c="1 2" t="1"/>
		<b id="2" c="2 3" t="ar"/>
		<b id="3" c="3 4" t="ar"/>
		<b id="4" c="4 5" t="ar"/>
		<b id="5" c="5 6" t="1"/>
		<b id="6" c="6 7" t="1"/>
		<b id="7" c="5 8" t="ar"/>
		<b id="8" c="2 8" t="ar"/>
		<b id="9" c="1 9" t="1"/>
		<b id="10" c="1 10" t="1"/>
		<b id="11" c="4 11" t="1"/>
		<b id="12" c="7 12" t="1"/>
		<b id="13" c="7 13" t="1"/>
		<b id="14" c="7 14" t="1"/>
	</bonds>
	<geometry>
		<g u="A" t="cart/3d">#14,3:1.0217,0.1559,0.0873;2.3893,-0.0619,0.0279;3.2801,0.8836,-0.0255;4.5590,0.3892,-0.0769;4.6905,-0.9702,-0.0662;5.8474,-1.7431,-0.1071;7.0330,-0.9870,-0.1303;3.0998,-1.6726,0.0120;0.6643,1.0669,-0.1574;0.3818,-0.5762,-0.1865;5.3997,1.0656,-0.1209;7.8801,-1.6741,-0.1420;7.0891,-0.3635,0.7631;7.0581,-0.3702,-1.0298;</g>
	</geometry>
	<conformers>
		<g id="1" u="A" t="cart/3d">#14,3:2.8004,0.6032,0.0572;1.5779,0.0087,-0.0144;1.3635,-1.2527,-0.0174;0.0358,-1.5543,-0.0032;-0.8082,-0.4910,0.0043;-2.1538,-0.5475,0.0208;-2.8410,0.6802,-0.0118;0.1101,1.0045,-0.0021;2.8710,1.5439,-0.2946;3.5736,-0.0056,-0.1607;-0.2700,-2.5824,-0.0045;-2.6093,1.2392,-0.9248;-2.5860,1.2984,0.8558;-3.9009,0.4347,0.0104;</g>
		<g id="2" u="A" t="cart/3d">#14,3:2.9187,0.2664,-0.0325;1.6002,-0.0621,0.0201;1.1326,-1.2525,-0.0193;-0.2328,-1.2717,-0.0382;-0.8304,-0.0553,-0.0043;-2.1324,0.3117,-0.0063;-3.0652,-0.7425,-0.0621;0.3656,1.2169,0.0511;3.5516,-0.4902,0.1738;3.1770,1.1696,0.3283;-0.7248,-2.2251,-0.0727;-2.9389,-1.3332,-0.9748;-4.0456,-0.2704,-0.0616;-2.9703,-1.3998,0.8079;</g>
	</conformers>
	<properties/>
</molecule>
