<?xml version="1.0" ?>
<!--MOLLI PACKAGE EXPERIMENTAL XML FORMAT-->
<molecule name="3">
	<atoms>
		<a id="1" s="N" t="N.pl3" l="N"/>
		<a id="2" s="C" t="C.ar" l="C"/>
		<a id="3" s="C" t="C.ar" l="C"/>
		<a id="4" s="C" t="C.ar" l="C"/>
		<a id="5" s="C" t="C.ar" l="C"/>
		<a id="6" s="O" t="O.3" l="O"/>
		<a id="7" s="C" t="C.3" l="C"/>
		<a id="8" s="C" t="C.ar" l="C"/>
		<a id="9" s="C" t="C.ar" l="C"/>
		<a id="10" s="H" t="H" l="H"/>
		<a id="11" s="H" t="H" l="H"/>
		<a id="12" s="H" t="H" l="H"/>
		<a id="13" s="H" t="H" l="H"/>
		<a id="14" s="H" t="H" l="H"/>
		<a id="15" s="H" t="H" l="H"/>
		<a id="16" s="H" t="H" l="H"/>
		<a id="17" s="H" t="H" l="H"/>
		<a id="18" s="H" t="H" l="H"/>
	</atoms>
	<bonds>
		<b id="1" c="1 2" t="1"/>
		<b id="2" c="2 3" t="ar"/>
		<b id="3" c="3 4" t="ar"/>
		<b id="4" c="4 5" t="ar"/>
		<b id="5" c="5 6" t="1"/>
		<b id="6" c="6 7" t="1"/>
		<b id="7" c="5 8" t="ar"/>
		<b id="8" c="8 9" t="ar"/>
		<b id="9" c="2 9" t="ar"/>
		<b id="10" c="1 10" t="1"/>
		<b id="11" c="1 11" t="1"/>
		<b id="12" c="3 12" t="1"/>
		<b id="13" c="4 13" t="1"/>
		<b id="14" c="7 14" t="1"/>
		<b id="15" c="7 15" t="1"/>
		<b id="16" c="7 16" t="1"/>
		<b id="17" c="8 17" t="1"/>
		<b id="18" c="9 18" t="1"/>
	</bonds>
	<geometry>
		<g u="A" t="cart/3d">#18,3:2.3296,-0.0286,-0.1625;0.9473,0.0008,-0.0517;0.2578,1.2086,-0.0306;-1.1258,1.2441,0.0007;-1.8535,0.0617,0.0136;-3.2215,-0.0229,0.0478;-3.9608,1.1701,0.0487;-1.1683,-1.1527,-0.0049;0.2079,-1.1833,-0.0364;2.8069,0.8044,0.1449;2.7698,-0.8831,0.1411;0.8127,2.1361,-0.0408;-1.6193,2.2032,0.0173;-5.0078,0.8700,0.0619;-3.7687,1.7663,-0.8503;-3.7499,1.7771,0.9364;-1.7429,-2.0653,0.0082;0.7261,-2.1314,-0.0516;</g>
	</geometry>
	<conformers>
		<g id="1" u="A" t="cart/3d">#18,3:3.2053,0.2680,-0.0621;1.8303,0.1000,0.0106;0.9756,1.1973,0.0117;-0.3992,1.0357,0.0058;-0.9516,-0.2380,0.0011;-2.2941,-0.5168,-0.0003;-3.1949,0.5599,-0.0085;-0.1002,-1.3423,0.0020;1.2668,-1.1770,0.0075;3.5509,1.1598,0.2558;3.7544,-0.5159,0.2536;1.3925,2.1945,0.0149;-1.0236,1.9154,0.0076;-3.0866,1.1850,0.8848;-4.1888,0.1143,-0.0150;-3.0733,1.1821,-0.9021;-0.5382,-2.3278,0.0013;1.9139,-2.0424,0.0075;</g>
	</conformers>
	<properties/>
</molecule>
