<?xml version="1.0" ?>
<!--MOLLI PACKAGE EXPERIMENTAL XML FORMAT-->
<molecule name="3">
	<atoms>
		<a id="1" s="N" t="N.pl3" l="N"/>
		<a id="2" s="C" t="C.ar" l="C"/>
		<a id="3" s="C" t="C.ar" l="C"/>
		<a id="4" s="C" t="C.ar" l="C"/>
		<a id="5" s="C" t="C.ar" l="C"/>
		<a id="6" s="O" t="O.3" l="O"/>
		<a id="7" s="C" t="C.3" l="C"/>
		<a id="8" s="C" t="C.ar" l="C"/>
		<a id="9" s="C" t="C.ar" l="C"/>
		<a id="10" s="H" t="H" l="H"/>
		<a id="11" s="H" t="H" l="H"/>
		<a id="12" s="H" t="H" l="H"/>
		<a id="13" s="H" t="H" l="H"/>
		<a id="14" s="H" t="H" l="H"/>
		<a id="15" s="H" t="H" l="H"/>
		<a id="16" s="H" t="H" l="H"/>
		<a id="17" s="H" t="H" l="H"/>
		<a id="18" s="H" t="H" l="H"/>
	</atoms>
	<bonds>
		<b id="1" c="1 2" t="1"/>
		<b id="2" c="2 3" t="ar"/>
		<b id="3" c="3 4" t="ar"/>
		<b id="4" c="4 5" t="ar"/>
		<b id="5" c="5 6" t="1"/>
		<b id="6" c="6 7" t="1"/>
		<b id="7" c="5 8" t="ar"/>
		<b id="8" c="8 9" t="ar"/>
		<b id="9" c="2 9" t="ar"/>
		<b id="10" c="1 10" t="1"/>
		<b id="11" c="1 11" t="1"/>
		<b id="12" c="3 12" t="1"/>
		<b id="13" c="4 13" t="1"/>
		<b id="14" c="7 14" t="1"/>
		<b id="15" c="7 15" t="1"/>
		<b id="16" c="7 16" t="1"/>
		<b id="17" c="8 17" t="1"/>
		<b id="18" c="9 18" t="1"/>
	</bonds>
	<geometry>
		<g u="A" t="cart/3d">#18,3:1.1586,0.0273,0.0971;2.5553,0.0633,0.0109;3.2307,1.2722,-0.1464;4.6021,1.3033,-0.2309;5.3581,0.1328,-0.1608;6.7567,0.2572,-0.2551;7.4668,-0.9490,-0.1214;4.6788,-1.0762,-0.0033;3.3064,-1.1087,0.0817;0.6196,0.8078,-0.2510;0.6722,-0.8382,-0.0904;2.6611,2.1833,-0.1979;5.1229,2.2366,-0.3511;8.5337,-0.7300,-0.1755;7.2030,-1.6271,-0.9333;7.2479,-1.4042,0.8450;5.2328,-1.9953,0.0505;2.7922,-2.0456,0.2059;</g>
	</geometry>
	<conformers>
		<g id="1" u="A" t="cart/3d">#18,3:-3.2052,-0.2680,0.0632;-1.8303,-0.1000,-0.0105;-1.2668,1.1770,-0.0074;0.1002,1.3422,-0.0025;0.9516,0.2380,-0.0020;2.2940,0.5168,-0.0004;3.1950,-0.5598,0.0105;0.3991,-1.0357,-0.0071;-0.9757,-1.1973,-0.0126;-3.5514,-1.1594,-0.2549;-3.7546,0.5164,-0.2507;-1.9138,2.0424,-0.0069;0.5383,2.3278,-0.0013;3.0882,-1.1860,-0.8822;3.0721,-1.1810,0.9046;4.1888,-0.1140,0.0180;1.0235,-1.9154,-0.0095;-1.3926,-2.1945,-0.0163;</g>
	</conformers>
	<properties/>
</molecule>
