<?xml version="1.0" ?>
<!--MOLLI PACKAGE EXPERIMENTAL XML FORMAT-->
<molecule name="30">
	<atoms>
		<a id="1" s="N" t="N.pl3" l="N"/>
		<a id="2" s="C" t="C.ar" l="C"/>
		<a id="3" s="N" t="N.ar" l="N"/>
		<a id="4" s="C" t="C.ar" l="C"/>
		<a id="5" s="C" t="C.ar" l="C"/>
		<a id="6" s="C" t="C.3" l="C"/>
		<a id="7" s="F" t="F" l="F"/>
		<a id="8" s="F" t="F" l="F"/>
		<a id="9" s="F" t="F" l="F"/>
		<a id="10" s="S" t="S.2" l="S"/>
		<a id="11" s="H" t="H" l="H"/>
		<a id="12" s="H" t="H" l="H"/>
		<a id="13" s="H" t="H" l="H"/>
	</atoms>
	<bonds>
		<b id="1" c="1 2" t="1"/>
		<b id="2" c="2 3" t="ar"/>
		<b id="3" c="3 4" t="ar"/>
		<b id="4" c="4 5" t="ar"/>
		<b id="5" c="5 6" t="1"/>
		<b id="6" c="6 7" t="1"/>
		<b id="7" c="6 8" t="1"/>
		<b id="8" c="6 9" t="1"/>
		<b id="9" c="5 10" t="ar"/>
		<b id="10" c="2 10" t="ar"/>
		<b id="11" c="1 11" t="1"/>
		<b id="12" c="1 12" t="1"/>
		<b id="13" c="4 13" t="1"/>
	</bonds>
	<geometry>
		<g u="A" t="cart/3d">#13,3:1.0104,0.1991,0.0840;2.3692,-0.0018,0.0544;3.2512,0.9573,0.0163;4.5320,0.4839,-0.0107;4.6693,-0.8584,0.0046;5.9719,-1.6102,-0.0253;6.9876,-0.7273,-0.0543;6.0581,-2.3760,1.0781;6.0022,-2.3838,-1.1262;3.1064,-1.5952,0.0625;0.6182,1.1150,-0.0720;0.3487,-0.5491,-0.0642;5.3795,1.1579,-0.0462;</g>
	</geometry>
	<conformers>
		<g id="1" u="A" t="cart/3d">#13,3:3.5191,0.2449,-0.0377;2.2284,-0.1245,0.0080;1.8163,-1.3490,0.0080;0.4713,-1.4275,0.0021;-0.1891,-0.2368,0.0021;-1.6514,-0.0083,-0.0017;-2.3309,-1.1649,0.0087;-2.0799,0.6939,1.0650;-2.0784,0.6737,-1.0817;0.9416,1.0879,0.0060;3.7703,1.1998,0.1447;4.2101,-0.4727,0.0997;0.0003,-2.3935,0.0011;</g>
	</conformers>
	<properties/>
</molecule>
