<?xml version="1.0" ?>
<!--MOLLI PACKAGE EXPERIMENTAL XML FORMAT-->
<molecule name="30">
	<atoms>
		<a id="1" s="N" t="N.pl3" l="N"/>
		<a id="2" s="C" t="C.ar" l="C"/>
		<a id="3" s="N" t="N.ar" l="N"/>
		<a id="4" s="C" t="C.ar" l="C"/>
		<a id="5" s="C" t="C.ar" l="C"/>
		<a id="6" s="C" t="C.3" l="C"/>
		<a id="7" s="F" t="F" l="F"/>
		<a id="8" s="F" t="F" l="F"/>
		<a id="9" s="F" t="F" l="F"/>
		<a id="10" s="S" t="S.2" l="S"/>
		<a id="11" s="H" t="H" l="H"/>
		<a id="12" s="H" t="H" l="H"/>
		<a id="13" s="H" t="H" l="H"/>
	</atoms>
	<bonds>
		<b id="1" c="1 2" t="1"/>
		<b id="2" c="2 3" t="ar"/>
		<b id="3" c="3 4" t="ar"/>
		<b id="4" c="4 5" t="ar"/>
		<b id="5" c="5 6" t="1"/>
		<b id="6" c="6 7" t="1"/>
		<b id="7" c="6 8" t="1"/>
		<b id="8" c="6 9" t="1"/>
		<b id="9" c="5 10" t="ar"/>
		<b id="10" c="2 10" t="ar"/>
		<b id="11" c="1 11" t="1"/>
		<b id="12" c="1 12" t="1"/>
		<b id="13" c="4 13" t="1"/>
	</bonds>
	<geometry>
		<g u="A" t="cart/3d">#13,3:2.1252,0.0571,-0.0991;0.8048,-0.1817,-0.0262;0.2716,-1.3582,-0.0174;-1.0743,-1.3012,0.0027;-1.6111,-0.0498,0.0141;-3.0429,0.3248,0.0386;-3.8354,-0.7576,0.0439;-3.3817,1.0486,1.1230;-3.4156,1.0641,-1.0233;-0.3536,1.1542,-0.0041;2.7434,-0.7258,0.0301;2.4733,0.9807,0.0865;-1.6397,-2.2150,0.0113;</g>
	</geometry>
	<conformers>
		<g id="1" u="A" t="cart/3d">#13,3:-3.5191,0.2449,0.0377;-2.2284,-0.1246,-0.0080;-1.8163,-1.3491,-0.0081;-0.4713,-1.4276,-0.0021;0.1891,-0.2368,-0.0016;1.6515,-0.0083,0.0019;2.3309,-1.1650,0.0008;2.0810,0.6856,-1.0700;2.0775,0.6821,1.0769;-0.9416,1.0879,-0.0060;-4.2101,-0.4727,-0.0999;-3.7701,1.1998,-0.1449;-0.0003,-2.3935,-0.0011;</g>
	</conformers>
	<properties/>
</molecule>
