<?xml version="1.0" ?>
<!--MOLLI PACKAGE EXPERIMENTAL XML FORMAT-->
<molecule name="11">
	<atoms>
		<a id="1" s="N" t="N.pl3" l="N"/>
		<a id="2" s="C" t="C.ar" l="C"/>
		<a id="3" s="N" t="N.ar" l="N"/>
		<a id="4" s="C" t="C.ar" l="C"/>
		<a id="5" s="C" t="C.ar" l="C"/>
		<a id="6" s="C" t="C.ar" l="C"/>
		<a id="7" s="C" t="C.ar" l="C"/>
		<a id="8" s="H" t="H" l="H"/>
		<a id="9" s="H" t="H" l="H"/>
		<a id="10" s="H" t="H" l="H"/>
		<a id="11" s="H" t="H" l="H"/>
		<a id="12" s="H" t="H" l="H"/>
		<a id="13" s="H" t="H" l="H"/>
	</atoms>
	<bonds>
		<b id="1" c="1 2" t="1"/>
		<b id="2" c="2 3" t="ar"/>
		<b id="3" c="3 4" t="ar"/>
		<b id="4" c="4 5" t="ar"/>
		<b id="5" c="5 6" t="ar"/>
		<b id="6" c="6 7" t="ar"/>
		<b id="7" c="2 7" t="ar"/>
		<b id="8" c="1 8" t="1"/>
		<b id="9" c="1 9" t="1"/>
		<b id="10" c="4 10" t="1"/>
		<b id="11" c="5 11" t="1"/>
		<b id="12" c="6 12" t="1"/>
		<b id="13" c="7 13" t="1"/>
	</bonds>
	<geometry>
		<g u="A" t="cart/3d">#13,3:2.2535,-0.0629,0.1525;0.8902,-0.0567,0.0520;0.3068,1.1393,0.0240;-1.0144,1.1924,-0.0030;-1.8294,0.0758,-0.0128;-1.2196,-1.1744,0.0076;0.1550,-1.2516,0.0402;2.7072,0.8164,-0.0290;2.7481,-0.8946,-0.1192;-1.4313,2.1914,-0.0235;-2.9029,0.1730,-0.0386;-1.8163,-2.0756,-0.0034;0.6674,-2.2018,0.0581;</g>
	</geometry>
	<conformers>
		<g id="1" u="A" t="cart/3d">#13,3:2.2604,-0.0320,-0.0470;0.8950,-0.0352,0.0105;0.3035,1.1573,0.0128;-1.0183,1.2020,-0.0004;-1.8261,0.0802,-0.0079;-1.2081,-1.1660,-0.0017;0.1674,-1.2347,0.0080;2.7019,0.8533,0.1363;2.7543,-0.8582,0.2421;-1.4420,2.1983,0.0007;-2.9005,0.1705,-0.0152;-1.7991,-2.0710,-0.0026;0.6860,-2.1817,0.0124;</g>
	</conformers>
	<properties/>
</molecule>
