<?xml version="1.0" ?>
<!--MOLLI PACKAGE EXPERIMENTAL XML FORMAT-->
<molecule name="37">
	<atoms>
		<a id="1" s="C" t="C.3" l="C"/>
		<a id="2" s="C" t="C.3" l="C"/>
		<a id="3" s="C" t="C.3" l="C"/>
		<a id="4" s="N" t="N.3" l="N"/>
		<a id="5" s="C" t="C.3" l="C"/>
		<a id="6" s="H" t="H" l="H"/>
		<a id="7" s="H" t="H" l="H"/>
		<a id="8" s="H" t="H" l="H"/>
		<a id="9" s="H" t="H" l="H"/>
		<a id="10" s="H" t="H" l="H"/>
		<a id="11" s="H" t="H" l="H"/>
		<a id="12" s="H" t="H" l="H"/>
		<a id="13" s="H" t="H" l="H"/>
		<a id="14" s="H" t="H" l="H"/>
		<a id="15" s="H" t="H" l="H"/>
		<a id="16" s="H" t="H" l="H"/>
	</atoms>
	<bonds>
		<b id="1" c="1 2" t="1"/>
		<b id="2" c="2 3" t="1"/>
		<b id="3" c="2 4" t="1"/>
		<b id="4" c="2 5" t="1"/>
		<b id="5" c="1 6" t="1"/>
		<b id="6" c="1 7" t="1"/>
		<b id="7" c="1 8" t="1"/>
		<b id="8" c="3 9" t="1"/>
		<b id="9" c="3 10" t="1"/>
		<b id="10" c="3 11" t="1"/>
		<b id="11" c="4 12" t="1"/>
		<b id="12" c="4 13" t="1"/>
		<b id="13" c="5 14" t="1"/>
		<b id="14" c="5 15" t="1"/>
		<b id="15" c="5 16" t="1"/>
	</bonds>
	<geometry>
		<g u="A" t="cart/3d">#16,3:0.9316,-0.0593,-0.0685;2.4619,-0.0690,-0.0549;2.9699,-1.5162,0.0638;2.9170,0.5818,-1.2791;2.9774,0.7569,1.1259;0.5547,-0.6548,-0.8975;0.5738,0.9597,-0.1872;0.5385,-0.4679,0.8586;2.6160,-2.1141,-0.7751;2.6146,-1.9727,0.9843;4.0589,-1.5385,0.0673;2.5913,0.0718,-2.0930;3.9304,0.6060,-1.3112;2.6040,0.3561,2.0645;2.6470,1.7867,1.0232;4.0651,0.7456,1.1520;</g>
	</geometry>
	<conformers>
		<g id="1" u="A" t="cart/3d">#16,3:1.2514,-0.6094,0.6359;0.0000,0.0038,0.0039;0.0035,1.5270,0.2180;-0.0010,-0.3588,-1.4101;-1.2540,-0.6039,0.6362;1.2607,-0.4380,1.7089;2.1493,-0.1698,0.2065;1.2688,-1.6791,0.4471;-0.8789,1.9774,-0.2346;0.8882,1.9733,-0.2342;0.0037,1.7645,1.2789;0.8196,0.0187,-1.8719;-0.8202,0.0221,-1.8716;-1.2767,-1.6733,0.4465;-2.1500,-0.1595,0.2079;-1.2617,-0.4334,1.7093;</g>
	</conformers>
	<properties/>
</molecule>
