<?xml version="1.0" ?>
<!--MOLLI PACKAGE EXPERIMENTAL XML FORMAT-->
<molecule name="4">
	<atoms>
		<a id="1" s="C" t="C.3" l="C"/>
		<a id="2" s="O" t="O.3" l="O"/>
		<a id="3" s="C" t="C.ar" l="C"/>
		<a id="4" s="C" t="C.ar" l="C"/>
		<a id="5" s="C" t="C.ar" l="C"/>
		<a id="6" s="C" t="C.3" l="C"/>
		<a id="7" s="C" t="C.ar" l="C"/>
		<a id="8" s="C" t="C.ar" l="C"/>
		<a id="9" s="C" t="C.3" l="C"/>
		<a id="10" s="C" t="C.ar" l="C"/>
		<a id="11" s="N" t="N.pl3" l="N"/>
		<a id="12" s="H" t="H" l="H"/>
		<a id="13" s="H" t="H" l="H"/>
		<a id="14" s="H" t="H" l="H"/>
		<a id="15" s="H" t="H" l="H"/>
		<a id="16" s="H" t="H" l="H"/>
		<a id="17" s="H" t="H" l="H"/>
		<a id="18" s="H" t="H" l="H"/>
		<a id="19" s="H" t="H" l="H"/>
		<a id="20" s="H" t="H" l="H"/>
		<a id="21" s="H" t="H" l="H"/>
		<a id="22" s="H" t="H" l="H"/>
		<a id="23" s="H" t="H" l="H"/>
		<a id="24" s="H" t="H" l="H"/>
	</atoms>
	<bonds>
		<b id="1" c="1 2" t="1"/>
		<b id="2" c="2 3" t="1"/>
		<b id="3" c="3 4" t="ar"/>
		<b id="4" c="4 5" t="ar"/>
		<b id="5" c="5 6" t="1"/>
		<b id="6" c="5 7" t="ar"/>
		<b id="7" c="7 8" t="ar"/>
		<b id="8" c="8 9" t="1"/>
		<b id="9" c="8 10" t="ar"/>
		<b id="10" c="3 10" t="ar"/>
		<b id="11" c="7 11" t="1"/>
		<b id="12" c="1 12" t="1"/>
		<b id="13" c="1 13" t="1"/>
		<b id="14" c="1 14" t="1"/>
		<b id="15" c="4 15" t="1"/>
		<b id="16" c="6 16" t="1"/>
		<b id="17" c="6 17" t="1"/>
		<b id="18" c="6 18" t="1"/>
		<b id="19" c="9 19" t="1"/>
		<b id="20" c="9 20" t="1"/>
		<b id="21" c="9 21" t="1"/>
		<b id="22" c="10 22" t="1"/>
		<b id="23" c="11 23" t="1"/>
		<b id="24" c="11 24" t="1"/>
	</bonds>
	<geometry>
		<g u="A" t="cart/3d">#24,3:1.2570,-0.4465,0.3888;2.3270,0.3800,0.0131;2.9848,1.0752,0.9967;2.6823,1.0259,2.3484;3.4133,1.7669,3.2668;3.0592,1.7047,4.7257;4.4724,2.5699,2.8328;4.7731,2.6335,1.4641;5.8904,3.5077,0.9705;4.0309,1.8877,0.5697;5.1720,3.3608,3.7423;0.8837,-0.8858,-0.5351;0.4528,0.1241,0.8664;1.5810,-1.2470,1.0629;1.8727,0.4129,2.7135;2.1797,1.0849,4.8783;2.8497,2.7020,5.1114;3.8772,1.2781,5.3098;5.7324,4.5414,1.2759;5.9441,3.4727,-0.1138;6.8521,3.1765,1.3671;4.2506,1.9223,-0.4860;5.1674,3.0171,4.6895;6.0902,3.6391,3.4348;</g>
	</geometry>
	<conformers>
		<g id="1" u="A" t="cart/3d">#24,3:-3.5749,-0.3240,-0.0051;-2.6115,0.6964,0.0055;-1.2872,0.3365,0.0038;-0.8141,-0.9663,0.0015;0.5496,-1.2266,0.0038;1.0366,-2.6481,-0.0073;1.4632,-0.1683,0.0130;0.9886,1.1519,0.0031;1.9508,2.3052,-0.0091;-0.3725,1.3853,0.0011;2.8323,-0.4209,-0.0472;-4.5406,0.1799,-0.0063;-3.5017,-0.9592,0.8848;-3.4934,-0.9480,-0.9020;-1.4947,-1.8036,-0.0033;0.1983,-3.3374,-0.0634;1.6002,-2.8764,0.8996;1.6857,-2.8240,-0.8648;1.4097,3.2458,-0.0628;2.6173,2.2394,-0.8686;2.5604,2.3170,0.8965;-0.7544,2.3942,-0.0039;3.1097,-1.3224,0.3077;3.4119,0.3277,0.2982;</g>
	</conformers>
	<properties/>
</molecule>
