<?xml version="1.0" ?>
<!--MOLLI PACKAGE EXPERIMENTAL XML FORMAT-->
<molecule name="42">
	<atoms>
		<a id="1" s="C" t="C.3" l="C"/>
		<a id="2" s="N" t="N.3" l="N"/>
		<a id="3" s="C" t="C.3" l="C"/>
		<a id="4" s="C" t="C.3" l="C"/>
		<a id="5" s="C" t="C.3" l="C"/>
		<a id="6" s="C" t="C.3" l="C"/>
		<a id="7" s="C" t="C.3" l="C"/>
		<a id="8" s="C" t="C.3" l="C"/>
		<a id="9" s="H" t="H" l="H"/>
		<a id="10" s="H" t="H" l="H"/>
		<a id="11" s="H" t="H" l="H"/>
		<a id="12" s="H" t="H" l="H"/>
		<a id="13" s="H" t="H" l="H"/>
		<a id="14" s="H" t="H" l="H"/>
		<a id="15" s="H" t="H" l="H"/>
		<a id="16" s="H" t="H" l="H"/>
		<a id="17" s="H" t="H" l="H"/>
		<a id="18" s="H" t="H" l="H"/>
		<a id="19" s="H" t="H" l="H"/>
		<a id="20" s="H" t="H" l="H"/>
		<a id="21" s="H" t="H" l="H"/>
	</atoms>
	<bonds>
		<b id="1" c="1 2" t="1"/>
		<b id="2" c="2 3" t="1"/>
		<b id="3" c="3 4" t="1"/>
		<b id="4" c="4 5" t="1"/>
		<b id="5" c="1 5" t="1"/>
		<b id="6" c="3 6" t="1"/>
		<b id="7" c="6 7" t="1"/>
		<b id="8" c="7 8" t="1"/>
		<b id="9" c="1 8" t="1"/>
		<b id="10" c="1 9" t="1"/>
		<b id="11" c="2 10" t="1"/>
		<b id="12" c="3 11" t="1"/>
		<b id="13" c="4 12" t="1"/>
		<b id="14" c="4 13" t="1"/>
		<b id="15" c="5 14" t="1"/>
		<b id="16" c="5 15" t="1"/>
		<b id="17" c="6 16" t="1"/>
		<b id="18" c="6 17" t="1"/>
		<b id="19" c="7 18" t="1"/>
		<b id="20" c="7 19" t="1"/>
		<b id="21" c="8 20" t="1"/>
		<b id="22" c="8 21" t="1"/>
	</bonds>
	<geometry>
		<g u="A" t="cart/3d">#21,3:0.3717,1.1350,0.3803;0.6116,-0.0070,1.2479;0.3630,-1.1399,0.3708;1.2057,-0.7704,-0.8582;1.2112,0.7694,-0.8520;-1.1305,-1.2565,0.0279;-1.6202,0.0096,-0.6775;-1.1210,1.2660,0.0387;0.7240,2.0504,0.8662;-0.0044,-0.0080,2.0553;0.7081,-2.0620,0.8490;0.7849,-1.1861,-1.7720;2.2170,-1.1565,-0.7424;0.7929,1.1955,-1.7621;2.2253,1.1474,-0.7337;-1.6881,-1.4017,0.9581;-1.3063,-2.1292,-0.6043;-2.7123,0.0140,-0.7191;-1.2572,0.0127,-1.7061;-1.6774,1.4074,0.9702;-1.2902,2.1453,-0.5859;</g>
	</geometry>
	<conformers>
		<g id="1" u="A" t="cart/3d">#21,3:0.3838,1.1374,0.4207;0.6135,-0.0001,1.2969;0.3839,-1.1375,0.4206;1.2453,-0.7698,-0.7959;1.2453,0.7700,-0.7958;-1.1037,-1.2608,0.0544;-1.5867,-0.0000,-0.6649;-1.1037,1.2608,0.0545;0.7247,2.0561,0.9086;-0.0161,-0.0001,2.0938;0.7248,-2.0562,0.9084;0.8406,-1.1905,-1.7146;2.2562,-1.1516,-0.6625;0.8405,1.1907,-1.7145;2.2561,1.1518,-0.6623;-1.6761,-1.4038,0.9759;-1.2658,-2.1367,-0.5767;-2.6780,-0.0000,-0.7251;-1.2062,0.0001,-1.6870;-1.6762,1.4037,0.9760;-1.2659,2.1367,-0.5767;</g>
	</conformers>
	<properties/>
</molecule>
