<?xml version="1.0" ?>
<!--MOLLI PACKAGE EXPERIMENTAL XML FORMAT-->
<molecule name="44">
	<atoms>
		<a id="1" s="N" t="N.3" l="N"/>
		<a id="2" s="C" t="C.3" l="C"/>
		<a id="3" s="C" t="C.3" l="C"/>
		<a id="4" s="C" t="C.3" l="C"/>
		<a id="5" s="C" t="C.3" l="C"/>
		<a id="6" s="H" t="H" l="H"/>
		<a id="7" s="H" t="H" l="H"/>
		<a id="8" s="H" t="H" l="H"/>
		<a id="9" s="H" t="H" l="H"/>
		<a id="10" s="H" t="H" l="H"/>
		<a id="11" s="H" t="H" l="H"/>
		<a id="12" s="H" t="H" l="H"/>
		<a id="13" s="H" t="H" l="H"/>
		<a id="14" s="H" t="H" l="H"/>
	</atoms>
	<bonds>
		<b id="1" c="1 2" t="1"/>
		<b id="2" c="2 3" t="1"/>
		<b id="3" c="3 4" t="1"/>
		<b id="4" c="4 5" t="1"/>
		<b id="5" c="1 5" t="1"/>
		<b id="6" c="1 6" t="1"/>
		<b id="7" c="2 7" t="1"/>
		<b id="8" c="2 8" t="1"/>
		<b id="9" c="3 9" t="1"/>
		<b id="10" c="3 10" t="1"/>
		<b id="11" c="4 11" t="1"/>
		<b id="12" c="4 12" t="1"/>
		<b id="13" c="5 13" t="1"/>
		<b id="14" c="5 14" t="1"/>
	</bonds>
	<geometry>
		<g u="A" t="cart/3d">#14,3:-0.7491,-0.9818,-0.1186;-1.1829,0.3948,0.1839;0.0164,1.3065,-0.1122;1.2583,0.3966,0.0224;0.7133,-1.0456,0.0884;-0.9643,-1.2048,-1.0934;-1.4629,0.4396,1.2418;-2.0738,0.6707,-0.3941;0.0564,2.1654,0.5697;-0.0585,1.7149,-1.1274;1.8316,0.6387,0.9262;1.9450,0.5291,-0.8231;0.8950,-1.4942,1.0714;1.1905,-1.7040,-0.6482;</g>
	</geometry>
	<conformers>
		<g id="1" u="A" t="cart/3d">#14,3:-1.2259,0.0027,-0.2140;-0.4239,1.1422,0.2006;1.0491,0.7685,-0.0758;1.0492,-0.7703,-0.0658;-0.4282,-1.1429,0.1929;-1.3131,0.0066,-1.2273;-0.5794,1.2777,1.2750;-0.7391,2.0496,-0.3131;1.7128,1.1861,0.6787;1.3604,1.1500,-1.0488;1.6997,-1.1764,0.7063;1.3787,-1.1653,-1.0272;-0.5935,-1.2919,1.2641;-0.7409,-2.0433,-0.3344;</g>
		<g id="2" u="A" t="cart/3d">#14,3:-1.1647,0.0065,-0.2603;-0.4122,1.1501,0.2179;1.0329,0.7701,-0.1201;1.0405,-0.7697,-0.0778;-0.4211,-1.1553,0.1899;-2.1242,0.0047,0.0687;-0.5168,1.3028,1.3066;-0.7423,2.0566,-0.2919;1.7372,1.2069,0.5856;1.2847,1.1220,-1.1189;1.6961,-1.1533,0.7023;1.3726,-1.1761,-1.0312;-0.5644,-1.3579,1.2656;-0.7346,-2.0377,-0.3707;</g>
	</conformers>
	<properties/>
</molecule>
