<?xml version="1.0" ?>
<!--MOLLI PACKAGE EXPERIMENTAL XML FORMAT-->
<molecule name="44">
	<atoms>
		<a id="1" s="N" t="N.3" l="N"/>
		<a id="2" s="C" t="C.3" l="C"/>
		<a id="3" s="C" t="C.3" l="C"/>
		<a id="4" s="C" t="C.3" l="C"/>
		<a id="5" s="C" t="C.3" l="C"/>
		<a id="6" s="H" t="H" l="H"/>
		<a id="7" s="H" t="H" l="H"/>
		<a id="8" s="H" t="H" l="H"/>
		<a id="9" s="H" t="H" l="H"/>
		<a id="10" s="H" t="H" l="H"/>
		<a id="11" s="H" t="H" l="H"/>
		<a id="12" s="H" t="H" l="H"/>
		<a id="13" s="H" t="H" l="H"/>
		<a id="14" s="H" t="H" l="H"/>
	</atoms>
	<bonds>
		<b id="1" c="1 2" t="1"/>
		<b id="2" c="2 3" t="1"/>
		<b id="3" c="3 4" t="1"/>
		<b id="4" c="4 5" t="1"/>
		<b id="5" c="1 5" t="1"/>
		<b id="6" c="1 6" t="1"/>
		<b id="7" c="2 7" t="1"/>
		<b id="8" c="2 8" t="1"/>
		<b id="9" c="3 9" t="1"/>
		<b id="10" c="3 10" t="1"/>
		<b id="11" c="4 11" t="1"/>
		<b id="12" c="4 12" t="1"/>
		<b id="13" c="5 13" t="1"/>
		<b id="14" c="5 14" t="1"/>
	</bonds>
	<geometry>
		<g u="A" t="cart/3d">#14,3:-1.0527,0.5494,0.2663;-0.8777,-0.8252,-0.1734;0.6075,-1.1786,0.0627;1.3181,0.1864,0.0647;0.1750,1.2027,-0.1566;-1.1119,0.5712,1.2815;-1.1038,-0.8575,-1.2437;-1.5644,-1.4925,0.3466;0.9864,-1.8401,-0.7143;0.7295,-1.6808,1.0233;2.0699,0.2605,-0.7192;1.8087,0.3680,1.0219;0.0756,1.4259,-1.2228;0.3246,2.1380,0.3806;</g>
	</geometry>
	<conformers>
		<g id="1" u="A" t="cart/3d">#14,3:-1.2259,-0.0028,0.2141;-0.4236,-1.1427,-0.1991;1.0499,-0.7679,0.0738;1.0484,0.7710,0.0678;-0.4285,1.1423,-0.1945;-1.3127,-0.0054,1.2275;-0.5809,-1.2808,-1.2730;-0.7374,-2.0492,0.3170;1.7114,-1.1825,-0.6841;1.3651,-1.1517,1.0446;1.7010,1.1800,-0.7009;1.3740,1.1636,1.0315;-0.5921,1.2883,-1.2663;-0.7426,2.0439,0.3301;</g>
	</conformers>
	<properties/>
</molecule>
