<?xml version="1.0" ?>
<!--MOLLI PACKAGE EXPERIMENTAL XML FORMAT-->
<molecule name="12">
	<atoms>
		<a id="1" s="C" t="C.3" l="C"/>
		<a id="2" s="N" t="N.ar" l="N"/>
		<a id="3" s="N" t="N.ar" l="N"/>
		<a id="4" s="C" t="C.ar" l="C"/>
		<a id="5" s="C" t="C.ar" l="C"/>
		<a id="6" s="N" t="N.pl3" l="N"/>
		<a id="7" s="C" t="C.ar" l="C"/>
		<a id="8" s="H" t="H" l="H"/>
		<a id="9" s="H" t="H" l="H"/>
		<a id="10" s="H" t="H" l="H"/>
		<a id="11" s="H" t="H" l="H"/>
		<a id="12" s="H" t="H" l="H"/>
		<a id="13" s="H" t="H" l="H"/>
		<a id="14" s="H" t="H" l="H"/>
	</atoms>
	<bonds>
		<b id="1" c="1 2" t="1"/>
		<b id="2" c="2 3" t="ar"/>
		<b id="3" c="3 4" t="ar"/>
		<b id="4" c="4 5" t="ar"/>
		<b id="5" c="5 6" t="1"/>
		<b id="6" c="5 7" t="ar"/>
		<b id="7" c="2 7" t="ar"/>
		<b id="8" c="1 8" t="1"/>
		<b id="9" c="1 9" t="1"/>
		<b id="10" c="1 10" t="1"/>
		<b id="11" c="4 11" t="1"/>
		<b id="12" c="6 12" t="1"/>
		<b id="13" c="6 13" t="1"/>
		<b id="14" c="7 14" t="1"/>
	</bonds>
	<geometry>
		<g u="A" t="cart/3d">#14,3:1.0623,-0.0129,0.1016;2.4915,-0.1089,0.0709;3.2453,0.9788,0.0861;4.4992,0.5634,0.0448;4.5620,-0.8412,0.0003;5.6998,-1.6321,-0.1339;3.2389,-1.2388,0.0203;0.8040,1.0439,0.1109;0.6596,-0.4919,0.9972;0.6245,-0.4860,-0.7799;5.3080,1.2664,0.0473;6.5339,-1.1908,0.2264;5.5866,-2.5709,0.2216;2.7940,-2.2129,-0.0006;</g>
	</geometry>
	<conformers>
		<g id="1" u="A" t="cart/3d">#14,3:-2.4390,-0.5230,0.0074;-1.0618,-0.1285,-0.0032;-0.7219,1.1505,0.0004;0.5993,1.1847,-0.0047;1.1355,-0.1157,-0.0117;2.4776,-0.4773,0.0649;0.0254,-0.9384,-0.0124;-2.6677,-1.1079,0.9011;-2.6784,-1.1189,-0.8762;-3.0408,0.3835,0.0058;1.1212,2.1207,-0.0029;3.1000,0.2262,-0.3061;2.6734,-1.3926,-0.3145;-0.0622,-2.0058,-0.0148;</g>
	</conformers>
	<properties/>
</molecule>
