<?xml version="1.0" ?>
<!--MOLLI PACKAGE EXPERIMENTAL XML FORMAT-->
<molecule name="12">
	<atoms>
		<a id="1" s="C" t="C.3" l="C"/>
		<a id="2" s="N" t="N.ar" l="N"/>
		<a id="3" s="N" t="N.ar" l="N"/>
		<a id="4" s="C" t="C.ar" l="C"/>
		<a id="5" s="C" t="C.ar" l="C"/>
		<a id="6" s="N" t="N.pl3" l="N"/>
		<a id="7" s="C" t="C.ar" l="C"/>
		<a id="8" s="H" t="H" l="H"/>
		<a id="9" s="H" t="H" l="H"/>
		<a id="10" s="H" t="H" l="H"/>
		<a id="11" s="H" t="H" l="H"/>
		<a id="12" s="H" t="H" l="H"/>
		<a id="13" s="H" t="H" l="H"/>
		<a id="14" s="H" t="H" l="H"/>
	</atoms>
	<bonds>
		<b id="1" c="1 2" t="1"/>
		<b id="2" c="2 3" t="ar"/>
		<b id="3" c="3 4" t="ar"/>
		<b id="4" c="4 5" t="ar"/>
		<b id="5" c="5 6" t="1"/>
		<b id="6" c="5 7" t="ar"/>
		<b id="7" c="2 7" t="ar"/>
		<b id="8" c="1 8" t="1"/>
		<b id="9" c="1 9" t="1"/>
		<b id="10" c="1 10" t="1"/>
		<b id="11" c="4 11" t="1"/>
		<b id="12" c="6 12" t="1"/>
		<b id="13" c="6 13" t="1"/>
		<b id="14" c="7 14" t="1"/>
	</bonds>
	<geometry>
		<g u="A" t="cart/3d">#14,3:1.0312,0.0638,0.0903;2.4904,0.0161,0.0874;3.2533,1.1055,0.0807;4.4932,0.6676,0.0799;4.5315,-0.7479,0.0855;5.6829,-1.5615,0.0868;3.2280,-1.1594,0.0908;0.7016,1.0999,0.0916;0.6424,-0.4314,0.9771;0.6390,-0.4302,-0.7957;5.3583,1.3129,0.0751;6.6198,-1.1837,0.0725;5.6400,-2.5709,0.0788;2.8488,-2.1660,0.0959;</g>
	</geometry>
	<conformers>
		<g id="1" u="A" t="cart/3d">#14,3:2.4390,-0.5230,0.0076;1.0618,-0.1285,-0.0035;0.7219,1.1505,0.0002;-0.5993,1.1847,-0.0044;-1.1355,-0.1157,-0.0117;-2.4777,-0.4772,0.0649;-0.0254,-0.9384,-0.0125;3.0408,0.3832,-0.0060;2.6755,-1.1291,-0.8699;2.6704,-1.0977,0.9073;-1.1213,2.1206,-0.0026;-2.6731,-1.3931,-0.3131;-3.0999,0.2257,-0.3074;0.0622,-2.0058,-0.0146;</g>
	</conformers>
	<properties/>
</molecule>
