<?xml version="1.0" ?>
<!--MOLLI PACKAGE EXPERIMENTAL XML FORMAT-->
<molecule name="5">
	<atoms>
		<a id="1" s="N" t="N.pl3" l="N"/>
		<a id="2" s="C" t="C.ar" l="C"/>
		<a id="3" s="C" t="C.ar" l="C"/>
		<a id="4" s="C" t="C.ar" l="C"/>
		<a id="5" s="C" t="C.ar" l="C"/>
		<a id="6" s="C" t="C.3" l="C"/>
		<a id="7" s="C" t="C.ar" l="C"/>
		<a id="8" s="C" t="C.ar" l="C"/>
		<a id="9" s="H" t="H" l="H"/>
		<a id="10" s="H" t="H" l="H"/>
		<a id="11" s="H" t="H" l="H"/>
		<a id="12" s="H" t="H" l="H"/>
		<a id="13" s="H" t="H" l="H"/>
		<a id="14" s="H" t="H" l="H"/>
		<a id="15" s="H" t="H" l="H"/>
		<a id="16" s="H" t="H" l="H"/>
		<a id="17" s="H" t="H" l="H"/>
	</atoms>
	<bonds>
		<b id="1" c="1 2" t="1"/>
		<b id="2" c="2 3" t="ar"/>
		<b id="3" c="3 4" t="ar"/>
		<b id="4" c="4 5" t="ar"/>
		<b id="5" c="5 6" t="1"/>
		<b id="6" c="5 7" t="ar"/>
		<b id="7" c="7 8" t="ar"/>
		<b id="8" c="2 8" t="ar"/>
		<b id="9" c="1 9" t="1"/>
		<b id="10" c="1 10" t="1"/>
		<b id="11" c="3 11" t="1"/>
		<b id="12" c="4 12" t="1"/>
		<b id="13" c="6 13" t="1"/>
		<b id="14" c="6 14" t="1"/>
		<b id="15" c="6 15" t="1"/>
		<b id="16" c="7 16" t="1"/>
		<b id="17" c="8 17" t="1"/>
	</bonds>
	<geometry>
		<g u="A" t="cart/3d">#17,3:2.7445,-0.0084,-0.1451;1.3639,0.0043,-0.0465;0.6606,1.2070,-0.0386;-0.7207,1.2125,-0.0156;-1.4438,0.0282,0.0025;-2.9435,0.0261,0.0315;-0.7387,-1.1702,-0.0048;0.6404,-1.1881,-0.0278;3.2137,0.8347,0.1450;3.1990,-0.8560,0.1551;1.2068,2.1400,-0.0520;-1.2444,2.1583,-0.0085;-3.3330,1.0411,0.0401;-3.3081,-0.4925,0.9179;-3.3413,-0.4899,-0.8421;-1.2818,-2.1048,0.0110;1.1721,-2.1296,-0.0329;</g>
	</geometry>
	<conformers>
		<g id="1" u="A" t="cart/3d">#17,3:-2.7793,-0.0006,0.0628;-1.3969,-0.0001,-0.0093;-0.6838,1.1975,-0.0101;0.6968,1.1918,-0.0075;1.4115,0.0008,-0.0071;2.9112,-0.0005,0.0154;0.6974,-1.1908,-0.0075;-0.6830,-1.1975,-0.0101;-3.2357,0.8447,-0.2407;-3.2350,-0.8463,-0.2410;-1.2228,2.1348,-0.0130;1.2296,2.1325,-0.0106;3.2722,-0.0431,1.0441;3.3068,0.9034,-0.4425;3.3060,-0.8650,-0.5142;1.2312,-2.1309,-0.0104;-1.2215,-2.1350,-0.0129;</g>
	</conformers>
	<properties/>
</molecule>
