<?xml version="1.0" ?>
<!--MOLLI PACKAGE EXPERIMENTAL XML FORMAT-->
<molecule name="50">
	<atoms>
		<a id="1" s="C" t="C.3" l="C"/>
		<a id="2" s="N" t="N.3" l="N"/>
		<a id="3" s="C" t="C.3" l="C"/>
		<a id="4" s="C" t="C.3" l="C"/>
		<a id="5" s="C" t="C.3" l="C"/>
		<a id="6" s="C" t="C.3" l="C"/>
		<a id="7" s="H" t="H" l="H"/>
		<a id="8" s="H" t="H" l="H"/>
		<a id="9" s="H" t="H" l="H"/>
		<a id="10" s="H" t="H" l="H"/>
		<a id="11" s="H" t="H" l="H"/>
		<a id="12" s="H" t="H" l="H"/>
		<a id="13" s="H" t="H" l="H"/>
		<a id="14" s="H" t="H" l="H"/>
		<a id="15" s="H" t="H" l="H"/>
		<a id="16" s="H" t="H" l="H"/>
		<a id="17" s="H" t="H" l="H"/>
		<a id="18" s="H" t="H" l="H"/>
		<a id="19" s="H" t="H" l="H"/>
	</atoms>
	<bonds>
		<b id="1" c="1 2" t="1"/>
		<b id="2" c="2 3" t="1"/>
		<b id="3" c="3 4" t="1"/>
		<b id="4" c="3 5" t="1"/>
		<b id="5" c="3 6" t="1"/>
		<b id="6" c="1 7" t="1"/>
		<b id="7" c="1 8" t="1"/>
		<b id="8" c="1 9" t="1"/>
		<b id="9" c="2 10" t="1"/>
		<b id="10" c="4 11" t="1"/>
		<b id="11" c="4 12" t="1"/>
		<b id="12" c="4 13" t="1"/>
		<b id="13" c="5 14" t="1"/>
		<b id="14" c="5 15" t="1"/>
		<b id="15" c="5 16" t="1"/>
		<b id="16" c="6 17" t="1"/>
		<b id="17" c="6 18" t="1"/>
		<b id="18" c="6 19" t="1"/>
	</bonds>
	<geometry>
		<g u="A" t="cart/3d">#19,3:2.8018,0.3471,-1.2689;2.4436,0.1463,0.1194;3.0323,1.0431,1.1123;2.5446,2.4720,0.8570;2.5086,0.5726,2.4740;4.5706,1.0140,1.1276;2.2621,-0.3885,-1.8651;3.8751,0.2397,-1.4836;2.4822,1.3380,-1.5864;2.6524,-0.8121,0.3814;1.4652,2.4734,0.7315;3.0020,2.8914,-0.0351;2.8020,3.1082,1.6999;1.4226,0.5427,2.4587;2.8320,1.2471,3.2623;2.8775,-0.4254,2.7026;4.9774,1.4155,0.2023;4.9309,-0.0063,1.2519;4.9469,1.6142,1.9520;</g>
	</geometry>
	<conformers>
		<g id="1" u="A" t="cart/3d">#19,3:-2.0844,0.0315,-0.0022;-0.8346,0.7312,0.2090;0.4076,-0.0099,-0.0025;0.4806,-1.1738,0.9897;0.5658,-0.5400,-1.4384;1.5446,0.9738,0.2970;-2.2238,-0.3572,-1.0217;-2.8975,0.7252,0.2096;-2.1581,-0.7983,0.6983;-0.8178,1.5652,-0.3701;-0.2140,-1.9651,0.7207;0.2397,-0.8188,1.9880;1.4836,-1.5924,0.9976;-0.1928,-1.2860,-1.6637;1.5422,-1.0017,-1.5606;0.4770,0.2739,-2.1566;1.5350,1.7981,-0.4134;2.5085,0.4761,0.2330;1.4227,1.3807,1.2970;</g>
	</conformers>
	<properties/>
</molecule>
