<?xml version="1.0" ?>
<!--MOLLI PACKAGE EXPERIMENTAL XML FORMAT-->
<molecule name="6">
	<atoms>
		<a id="1" s="C" t="C.3" l="C"/>
		<a id="2" s="N" t="N.pl3" l="N"/>
		<a id="3" s="C" t="C.ar" l="C"/>
		<a id="4" s="C" t="C.ar" l="C"/>
		<a id="5" s="C" t="C.ar" l="C"/>
		<a id="6" s="C" t="C.ar" l="C"/>
		<a id="7" s="C" t="C.ar" l="C"/>
		<a id="8" s="C" t="C.ar" l="C"/>
		<a id="9" s="H" t="H" l="H"/>
		<a id="10" s="H" t="H" l="H"/>
		<a id="11" s="H" t="H" l="H"/>
		<a id="12" s="H" t="H" l="H"/>
		<a id="13" s="H" t="H" l="H"/>
		<a id="14" s="H" t="H" l="H"/>
		<a id="15" s="H" t="H" l="H"/>
		<a id="16" s="H" t="H" l="H"/>
		<a id="17" s="H" t="H" l="H"/>
	</atoms>
	<bonds>
		<b id="1" c="1 2" t="1"/>
		<b id="2" c="2 3" t="1"/>
		<b id="3" c="3 4" t="ar"/>
		<b id="4" c="4 5" t="ar"/>
		<b id="5" c="5 6" t="ar"/>
		<b id="6" c="6 7" t="ar"/>
		<b id="7" c="7 8" t="ar"/>
		<b id="8" c="3 8" t="ar"/>
		<b id="9" c="1 9" t="1"/>
		<b id="10" c="1 10" t="1"/>
		<b id="11" c="1 11" t="1"/>
		<b id="12" c="2 12" t="1"/>
		<b id="13" c="4 13" t="1"/>
		<b id="14" c="5 14" t="1"/>
		<b id="15" c="6 15" t="1"/>
		<b id="16" c="7 16" t="1"/>
		<b id="17" c="8 17" t="1"/>
	</bonds>
	<geometry>
		<g u="A" t="cart/3d">#17,3:1.3152,-0.0077,-0.5323;2.5863,0.0695,0.1645;3.2321,1.2605,0.5133;2.6221,2.5042,0.3373;3.2763,3.6635,0.6897;4.5498,3.6084,1.2235;5.1686,2.3861,1.4050;4.5189,1.2238,1.0549;0.9962,-1.0409,-0.6761;1.3935,0.4678,-1.5100;0.5436,0.5047,0.0415;3.1079,-0.8071,0.1870;1.6302,2.5501,-0.0762;2.7938,4.6173,0.5501;5.0599,4.5173,1.4981;6.1617,2.3431,1.8219;4.9972,0.2702,1.1962;</g>
	</geometry>
	<conformers>
		<g id="1" u="A" t="cart/3d">#17,3:-2.8613,-0.3959,-0.1151;-1.8191,0.5679,0.1346;-0.4816,0.2491,0.0391;-0.0209,-1.0688,0.0468;1.3351,-1.3351,0.0136;2.2599,-0.3069,-0.0307;1.8118,1.0046,-0.0417;0.4614,1.2811,-0.0097;-2.7953,-0.8448,-1.1149;-3.8260,0.0978,-0.0174;-2.8113,-1.1940,0.6273;-2.0383,1.5139,-0.1388;-0.7205,-1.8891,0.0784;1.6712,-2.3623,0.0192;3.3171,-0.5229,-0.0588;2.5216,1.8185,-0.0797;0.1172,2.3066,-0.0206;</g>
	</conformers>
	<properties/>
</molecule>
