<?xml version="1.0" ?>
<!--MOLLI PACKAGE EXPERIMENTAL XML FORMAT-->
<molecule name="6">
	<atoms>
		<a id="1" s="C" t="C.3" l="C"/>
		<a id="2" s="N" t="N.pl3" l="N"/>
		<a id="3" s="C" t="C.ar" l="C"/>
		<a id="4" s="C" t="C.ar" l="C"/>
		<a id="5" s="C" t="C.ar" l="C"/>
		<a id="6" s="C" t="C.ar" l="C"/>
		<a id="7" s="C" t="C.ar" l="C"/>
		<a id="8" s="C" t="C.ar" l="C"/>
		<a id="9" s="H" t="H" l="H"/>
		<a id="10" s="H" t="H" l="H"/>
		<a id="11" s="H" t="H" l="H"/>
		<a id="12" s="H" t="H" l="H"/>
		<a id="13" s="H" t="H" l="H"/>
		<a id="14" s="H" t="H" l="H"/>
		<a id="15" s="H" t="H" l="H"/>
		<a id="16" s="H" t="H" l="H"/>
		<a id="17" s="H" t="H" l="H"/>
	</atoms>
	<bonds>
		<b id="1" c="1 2" t="1"/>
		<b id="2" c="2 3" t="1"/>
		<b id="3" c="3 4" t="ar"/>
		<b id="4" c="4 5" t="ar"/>
		<b id="5" c="5 6" t="ar"/>
		<b id="6" c="6 7" t="ar"/>
		<b id="7" c="7 8" t="ar"/>
		<b id="8" c="3 8" t="ar"/>
		<b id="9" c="1 9" t="1"/>
		<b id="10" c="1 10" t="1"/>
		<b id="11" c="1 11" t="1"/>
		<b id="12" c="2 12" t="1"/>
		<b id="13" c="4 13" t="1"/>
		<b id="14" c="5 14" t="1"/>
		<b id="15" c="6 15" t="1"/>
		<b id="16" c="7 16" t="1"/>
		<b id="17" c="8 17" t="1"/>
	</bonds>
	<geometry>
		<g u="A" t="cart/3d">#17,3:1.0074,0.4802,-0.3231;2.3395,-0.0050,-0.0625;3.0435,-0.7534,-0.9812;2.6995,-0.8002,-2.3335;3.4743,-1.5158,-3.2271;4.5997,-2.1998,-2.8025;4.9482,-2.1600,-1.4617;4.1817,-1.4499,-0.5619;0.6463,1.0046,0.5593;0.3017,-0.3249,-0.5675;1.0280,1.1871,-1.1539;2.5227,-0.2529,0.8982;1.8265,-0.2776,-2.6910;3.1898,-1.5405,-4.2695;5.1970,-2.7601,-3.5055;5.8216,-2.6925,-1.1137;4.4572,-1.4244,0.4840;</g>
	</geometry>
	<conformers>
		<g id="1" u="A" t="cart/3d">#17,3:-2.8614,-0.3960,0.1146;-1.8191,0.5680,-0.1342;-0.4816,0.2491,-0.0389;-0.0209,-1.0688,-0.0465;1.3351,-1.3351,-0.0136;2.2599,-0.3069,0.0306;1.8118,1.0046,0.0416;0.4614,1.2811,0.0096;-2.8110,-1.1938,-0.6281;-3.8260,0.0978,0.0168;-2.7959,-0.8452,1.1143;-2.0384,1.5138,0.1398;-0.7204,-1.8891,-0.0779;1.6713,-2.3623,-0.0194;3.3172,-0.5229,0.0587;2.5217,1.8185,0.0790;0.1172,2.3066,0.0209;</g>
	</conformers>
	<properties/>
</molecule>
