<?xml version="1.0" ?>
<!--MOLLI PACKAGE EXPERIMENTAL XML FORMAT-->
<molecule name="8">
	<atoms>
		<a id="1" s="O" t="O.2" l="O"/>
		<a id="2" s="C" t="C.2" l="C"/>
		<a id="3" s="N" t="N.am" l="N"/>
		<a id="4" s="C" t="C.ar" l="C"/>
		<a id="5" s="C" t="C.ar" l="C"/>
		<a id="6" s="C" t="C.ar" l="C"/>
		<a id="7" s="C" t="C.ar" l="C"/>
		<a id="8" s="C" t="C.ar" l="C"/>
		<a id="9" s="C" t="C.ar" l="C"/>
		<a id="10" s="H" t="H" l="H"/>
		<a id="11" s="H" t="H" l="H"/>
		<a id="12" s="H" t="H" l="H"/>
		<a id="13" s="H" t="H" l="H"/>
		<a id="14" s="H" t="H" l="H"/>
		<a id="15" s="H" t="H" l="H"/>
		<a id="16" s="H" t="H" l="H"/>
	</atoms>
	<bonds>
		<b id="1" c="1 2" t="2"/>
		<b id="2" c="2 3" t="am"/>
		<b id="3" c="2 4" t="1"/>
		<b id="4" c="4 5" t="ar"/>
		<b id="5" c="5 6" t="ar"/>
		<b id="6" c="6 7" t="ar"/>
		<b id="7" c="7 8" t="ar"/>
		<b id="8" c="8 9" t="ar"/>
		<b id="9" c="4 9" t="ar"/>
		<b id="10" c="3 10" t="1"/>
		<b id="11" c="3 11" t="1"/>
		<b id="12" c="5 12" t="1"/>
		<b id="13" c="6 13" t="1"/>
		<b id="14" c="7 14" t="1"/>
		<b id="15" c="8 15" t="1"/>
		<b id="16" c="9 16" t="1"/>
	</bonds>
	<geometry>
		<g u="A" t="cart/3d">#16,3:0.9765,-0.2408,-0.1002;2.1775,-0.0725,-0.0848;2.8701,0.2629,-1.2032;2.9984,-0.2149,1.1534;2.5613,-1.1091,2.1258;3.2791,-1.2767,3.2950;4.4324,-0.5401,3.5102;4.8611,0.3682,2.5564;4.1511,0.5307,1.3800;2.3672,0.3309,-2.0722;3.8733,0.2775,-1.2255;1.6535,-1.6645,1.9449;2.9378,-1.9779,4.0419;4.9933,-0.6669,4.4245;5.7514,0.9546,2.7310;4.4822,1.2621,0.6565;</g>
	</geometry>
	<conformers>
		<g id="1" u="A" t="cart/3d">#16,3:-2.2911,1.0623,0.3890;-1.6862,0.0749,0.0279;-2.3280,-1.0465,-0.3893;-0.1957,0.0006,0.0098;0.5119,1.1835,-0.1823;1.8938,1.1764,-0.2042;2.5823,-0.0114,-0.0188;1.8849,-1.1889,0.1955;0.5013,-1.1874,0.2078;-3.3333,-1.0281,-0.4348;-1.8414,-1.8179,-0.8074;-0.0437,2.0999,-0.3131;2.4358,2.0971,-0.3615;3.6622,-0.0195,-0.0323;2.4216,-2.1125,0.3564;-0.0290,-2.1087,0.4031;</g>
	</conformers>
	<properties/>
</molecule>
