<?xml version="1.0" ?>
<!--MOLLI PACKAGE EXPERIMENTAL XML FORMAT-->
<molecule name="8">
	<atoms>
		<a id="1" s="O" t="O.2" l="O"/>
		<a id="2" s="C" t="C.2" l="C"/>
		<a id="3" s="N" t="N.am" l="N"/>
		<a id="4" s="C" t="C.ar" l="C"/>
		<a id="5" s="C" t="C.ar" l="C"/>
		<a id="6" s="C" t="C.ar" l="C"/>
		<a id="7" s="C" t="C.ar" l="C"/>
		<a id="8" s="C" t="C.ar" l="C"/>
		<a id="9" s="C" t="C.ar" l="C"/>
		<a id="10" s="H" t="H" l="H"/>
		<a id="11" s="H" t="H" l="H"/>
		<a id="12" s="H" t="H" l="H"/>
		<a id="13" s="H" t="H" l="H"/>
		<a id="14" s="H" t="H" l="H"/>
		<a id="15" s="H" t="H" l="H"/>
		<a id="16" s="H" t="H" l="H"/>
	</atoms>
	<bonds>
		<b id="1" c="1 2" t="2"/>
		<b id="2" c="2 3" t="am"/>
		<b id="3" c="2 4" t="1"/>
		<b id="4" c="4 5" t="ar"/>
		<b id="5" c="5 6" t="ar"/>
		<b id="6" c="6 7" t="ar"/>
		<b id="7" c="7 8" t="ar"/>
		<b id="8" c="8 9" t="ar"/>
		<b id="9" c="4 9" t="ar"/>
		<b id="10" c="3 10" t="1"/>
		<b id="11" c="3 11" t="1"/>
		<b id="12" c="5 12" t="1"/>
		<b id="13" c="6 13" t="1"/>
		<b id="14" c="7 14" t="1"/>
		<b id="15" c="8 15" t="1"/>
		<b id="16" c="9 16" t="1"/>
	</bonds>
	<geometry>
		<g u="A" t="cart/3d">#16,3:2.6765,-0.9954,-0.3867;2.2606,0.0176,0.1545;1.0951,0.6220,-0.2442;3.0234,0.6024,1.2830;2.9182,1.9452,1.6222;3.6496,2.4593,2.6700;4.4975,1.6424,3.3895;4.6176,0.3092,3.0553;3.8872,-0.2056,2.0076;0.5102,0.1746,-0.9303;0.6350,1.3376,0.3019;2.2758,2.5872,1.0458;3.5632,3.5027,2.9252;5.0694,2.0464,4.2085;5.2850,-0.3286,3.6112;3.9795,-1.2409,1.7256;</g>
	</geometry>
	<conformers>
		<g id="1" u="A" t="cart/3d">#16,3:2.2909,1.0620,-0.3899;1.6862,0.0749,-0.0279;2.3281,-1.0460,0.3900;0.1957,0.0006,-0.0096;-0.5012,-1.1873,-0.2079;-1.8848,-1.1889,-0.1959;-2.5822,-0.0115,0.0186;-1.8939,1.1763,0.2046;-0.5120,1.1835,0.1829;3.3334,-1.0280,0.4346;1.8416,-1.8177,0.8080;0.0292,-2.1085,-0.4034;-2.4214,-2.1124,-0.3573;-3.6622,-0.0195,0.0316;-2.4359,2.0970,0.3616;0.0436,2.0998,0.3137;</g>
	</conformers>
	<properties/>
</molecule>
