<?xml version="1.0" ?>
<!--MOLLI PACKAGE EXPERIMENTAL XML FORMAT-->
<molecule name="13">
	<atoms>
		<a id="1" s="C" t="C.3" l="C"/>
		<a id="2" s="C" t="C.2" l="C"/>
		<a id="3" s="N" t="N.am" l="N"/>
		<a id="4" s="C" t="C.3" l="C"/>
		<a id="5" s="O" t="O.2" l="O"/>
		<a id="6" s="H" t="H" l="H"/>
		<a id="7" s="H" t="H" l="H"/>
		<a id="8" s="H" t="H" l="H"/>
		<a id="9" s="H" t="H" l="H"/>
		<a id="10" s="H" t="H" l="H"/>
		<a id="11" s="H" t="H" l="H"/>
		<a id="12" s="H" t="H" l="H"/>
	</atoms>
	<bonds>
		<b id="1" c="1 2" t="1"/>
		<b id="2" c="2 3" t="am"/>
		<b id="3" c="3 4" t="1"/>
		<b id="4" c="2 5" t="2"/>
		<b id="5" c="1 6" t="1"/>
		<b id="6" c="1 7" t="1"/>
		<b id="7" c="1 8" t="1"/>
		<b id="8" c="3 9" t="1"/>
		<b id="9" c="4 10" t="1"/>
		<b id="10" c="4 11" t="1"/>
		<b id="11" c="4 12" t="1"/>
	</bonds>
	<geometry>
		<g u="A" t="cart/3d">#12,3:1.1119,0.1082,-0.1501;2.5870,-0.0022,0.0042;3.0886,-0.7522,1.0437;4.5103,-0.8877,1.2326;3.3222,0.5646,-0.7804;0.5873,-0.4505,0.6238;0.8060,-0.2775,-1.1216;0.8052,1.1515,-0.0903;2.4738,-1.2320,1.7076;5.0254,-0.3247,0.4541;4.8120,-1.9324,1.1605;4.8110,-0.4912,2.2021;</g>
	</geometry>
	<conformers>
		<g id="1" u="A" t="cart/3d">#12,3:1.7611,0.6842,0.0002;0.4751,-0.1186,-0.0001;-0.6388,0.6522,-0.0002;-1.9701,0.0983,0.0002;0.4371,-1.3291,-0.0000;1.8099,1.3135,0.8862;1.8086,1.3168,-0.8836;2.6065,0.0029,-0.0017;-0.5487,1.6553,-0.0006;-1.8676,-0.9856,0.0003;-2.5214,0.4096,-0.8895;-2.5208,0.4098,0.8901;</g>
		<g id="2" u="A" t="cart/3d">#12,3:1.2484,0.9117,-0.0076;0.4321,-0.3594,0.0021;-0.9118,-0.1908,0.0162;-1.6266,1.0599,-0.0110;0.9194,-1.4705,0.0027;0.9962,1.5165,-0.8756;2.3021,0.6517,-0.0417;1.0506,1.4921,0.8909;-1.4497,-1.0443,0.0039;-1.4514,1.5995,-0.9465;-1.3233,1.7022,0.8191;-2.6919,0.8628,0.0784;</g>
	</conformers>
	<properties/>
</molecule>
