<?xml version="1.0" ?>
<!--MOLLI PACKAGE EXPERIMENTAL XML FORMAT-->
<molecule name="13">
	<atoms>
		<a id="1" s="C" t="C.3" l="C"/>
		<a id="2" s="C" t="C.2" l="C"/>
		<a id="3" s="O" t="O.2" l="O"/>
		<a id="4" s="N" t="N.am" l="N"/>
		<a id="5" s="C" t="C.3" l="C"/>
		<a id="6" s="H" t="H" l="H"/>
		<a id="7" s="H" t="H" l="H"/>
		<a id="8" s="H" t="H" l="H"/>
		<a id="9" s="H" t="H" l="H"/>
		<a id="10" s="H" t="H" l="H"/>
		<a id="11" s="H" t="H" l="H"/>
		<a id="12" s="H" t="H" l="H"/>
	</atoms>
	<bonds>
		<b id="1" c="1 2" t="1"/>
		<b id="2" c="2 3" t="2"/>
		<b id="3" c="2 4" t="am"/>
		<b id="4" c="4 5" t="1"/>
		<b id="5" c="1 6" t="1"/>
		<b id="6" c="1 7" t="1"/>
		<b id="7" c="1 8" t="1"/>
		<b id="8" c="4 9" t="1"/>
		<b id="9" c="5 10" t="1"/>
		<b id="10" c="5 11" t="1"/>
		<b id="11" c="5 12" t="1"/>
	</bonds>
	<geometry>
		<g u="A" t="cart/3d">#12,3:1.1389,-0.0248,-0.0178;2.6507,0.0070,-0.1249;3.2480,0.3007,-1.1367;3.2775,-0.3271,1.0286;4.7134,-0.3625,1.1539;0.7077,0.2523,-0.9749;0.8023,0.6758,0.7433;0.8032,-1.0242,0.2507;2.7302,-0.5629,1.8405;5.1282,-0.0816,0.1872;5.0564,-1.3652,1.4172;5.0552,0.3440,1.9132;</g>
	</geometry>
	<conformers>
		<g id="1" u="A" t="cart/3d">#12,3:-1.7610,-0.6841,-0.0001;-0.4751,0.1186,0.0002;-0.4371,1.3290,-0.0000;0.6387,-0.6522,0.0002;1.9699,-0.0983,-0.0002;-1.8123,-1.3089,-0.8892;-2.6061,-0.0027,0.0071;-1.8063,-1.3212,0.8805;0.5487,-1.6553,0.0001;2.5209,-0.4101,-0.8899;2.5209,-0.4094,0.8898;1.8675,0.9856,-0.0006;</g>
	</conformers>
	<properties/>
</molecule>
