<?xml version="1.0" ?>
<!--MOLLI PACKAGE EXPERIMENTAL XML FORMAT-->
<molecule name="1001">
	<atoms>
		<a id="1" s="C" t="C.2" l="C"/>
		<a id="2" s="O" t="O.2" l="O"/>
		<a id="3" s="N" t="N.am" l="N"/>
		<a id="4" s="C" t="C.3" l="C"/>
		<a id="5" s="C" t="C.3" l="C"/>
		<a id="6" s="O" t="O.3" l="O"/>
		<a id="7" s="H" t="H" l="H"/>
		<a id="8" s="H" t="H" l="H"/>
		<a id="9" s="H" t="H" l="H"/>
		<a id="10" s="H" t="H" l="H"/>
		<a id="11" s="H" t="H" l="H"/>
	</atoms>
	<bonds>
		<b id="1" c="1 2" t="2"/>
		<b id="2" c="1 3" t="am"/>
		<b id="3" c="3 4" t="1"/>
		<b id="4" c="4 5" t="1"/>
		<b id="5" c="5 6" t="1"/>
		<b id="6" c="1 6" t="1"/>
		<b id="7" c="3 7" t="1"/>
		<b id="8" c="4 8" t="1"/>
		<b id="9" c="4 9" t="1"/>
		<b id="10" c="5 10" t="1"/>
		<b id="11" c="5 11" t="1"/>
	</bonds>
	<geometry>
		<g u="A" t="cart/3d">#11,3:-0.6844,-0.0611,-0.0359;-1.8791,-0.0835,-0.0129;0.1529,-1.1347,-0.0994;1.5397,-0.7703,0.0264;1.4411,0.7645,-0.0828;0.0587,1.0699,-0.0239;-0.1855,-2.0706,0.0310;2.1394,-1.2015,-0.7797;1.9585,-1.0877,0.9890;1.8364,1.1336,-1.0343;1.9438,1.2816,0.7376;</g>
	</geometry>
	<conformers>
		<g id="1" u="A" t="cart/3d">#11,3:-0.7821,-0.0168,-0.0000;-1.9773,-0.0201,0.0001;0.0385,-1.1009,-0.0004;1.4360,-0.7619,0.0004;1.3582,0.7789,-0.0003;-0.0211,1.1032,0.0002;-0.3110,-2.0408,0.0001;1.9445,-1.1479,-0.8896;1.9433,-1.1471,0.8914;1.8154,1.2190,-0.8910;1.8163,1.2200,0.8894;</g>
	</conformers>
	<properties/>
</molecule>
