<?xml version="1.0" ?>
<!--MOLLI PACKAGE EXPERIMENTAL XML FORMAT-->
<molecule name="1003">
	<atoms>
		<a id="1" s="N" t="N.pl3" l="N"/>
		<a id="2" s="C" t="C.ar" l="C"/>
		<a id="3" s="N" t="N.ar" l="N"/>
		<a id="4" s="C" t="C.ar" l="C"/>
		<a id="5" s="C" t="C.ar" l="C"/>
		<a id="6" s="N" t="N.ar" l="N"/>
		<a id="7" s="C" t="C.ar" l="C"/>
		<a id="8" s="H" t="H" l="H"/>
		<a id="9" s="H" t="H" l="H"/>
		<a id="10" s="H" t="H" l="H"/>
		<a id="11" s="H" t="H" l="H"/>
		<a id="12" s="H" t="H" l="H"/>
	</atoms>
	<bonds>
		<b id="1" c="1 2" t="1"/>
		<b id="2" c="2 3" t="ar"/>
		<b id="3" c="3 4" t="ar"/>
		<b id="4" c="4 5" t="ar"/>
		<b id="5" c="5 6" t="ar"/>
		<b id="6" c="6 7" t="ar"/>
		<b id="7" c="2 7" t="ar"/>
		<b id="8" c="1 8" t="1"/>
		<b id="9" c="1 9" t="1"/>
		<b id="10" c="4 10" t="1"/>
		<b id="11" c="5 11" t="1"/>
		<b id="12" c="7 12" t="1"/>
	</bonds>
	<geometry>
		<g u="A" t="cart/3d">#12,3:-2.2677,-0.2074,0.1152;-0.9174,-0.0805,0.0285;-0.4222,1.1577,-0.0054;0.8970,1.2821,-0.0257;1.7382,0.1828,-0.0205;1.2504,-1.0551,0.0009;-0.0550,-1.1944,0.0258;-2.8110,0.6240,-0.0439;-2.6904,-1.0939,-0.0920;1.2741,2.2956,-0.0520;2.8139,0.2752,-0.0383;-0.4402,-2.2054,0.0411;</g>
	</geometry>
	<conformers>
		<g id="1" u="A" t="cart/3d">#12,3:-2.2572,-0.0594,0.0411;-0.8998,-0.0255,-0.0100;-0.3193,1.1756,-0.0127;1.0056,1.2079,0.0006;1.7681,0.0531,0.0093;1.1953,-1.1485,0.0007;-0.1167,-1.1964,-0.0083;-2.7373,0.8107,-0.1139;-2.7356,-0.9111,-0.1919;1.4520,2.1931,-0.0012;2.8478,0.0699,0.0184;-0.5713,-2.1784,-0.0162;</g>
	</conformers>
	<properties/>
</molecule>
