<?xml version="1.0" ?>
<!--MOLLI PACKAGE EXPERIMENTAL XML FORMAT-->
<molecule name="1003">
	<atoms>
		<a id="1" s="N" t="N.pl3" l="N"/>
		<a id="2" s="N" t="N.ar" l="N"/>
		<a id="3" s="C" t="C.ar" l="C"/>
		<a id="4" s="C" t="C.ar" l="C"/>
		<a id="5" s="N" t="N.ar" l="N"/>
		<a id="6" s="C" t="C.ar" l="C"/>
		<a id="7" s="C" t="C.ar" l="C"/>
		<a id="8" s="H" t="H" l="H"/>
		<a id="9" s="H" t="H" l="H"/>
		<a id="10" s="H" t="H" l="H"/>
		<a id="11" s="H" t="H" l="H"/>
		<a id="12" s="H" t="H" l="H"/>
	</atoms>
	<bonds>
		<b id="1" c="3 1" t="1"/>
		<b id="2" c="2 7" t="ar"/>
		<b id="3" c="3 2" t="ar"/>
		<b id="4" c="4 3" t="ar"/>
		<b id="5" c="5 4" t="ar"/>
		<b id="6" c="6 5" t="ar"/>
		<b id="7" c="7 6" t="ar"/>
		<b id="8" c="1 8" t="1"/>
		<b id="9" c="1 9" t="1"/>
		<b id="10" c="4 10" t="1"/>
		<b id="11" c="6 11" t="1"/>
		<b id="12" c="7 12" t="1"/>
	</bonds>
	<geometry>
		<g u="A" t="cart/3d">#12,3:-2.0167,-1.1835,0.0000;0.3301,-1.2397,0.0000;-0.7978,-0.5248,-0.0000;-0.7775,0.8706,0.0000;0.3174,1.5948,-0.0000;1.4165,0.8706,0.0000;1.4174,-0.5070,0.0000;-2.0713,-2.1900,0.0000;-2.9162,-0.7228,-0.0000;-1.7161,1.4014,0.0000;2.3531,1.4087,0.0000;2.3570,-1.0393,-0.0000;</g>
	</geometry>
	<conformers>
		<g id="1" u="A" t="cart/3d">#12,3:2.2572,-0.0594,0.0408;0.3193,1.1757,-0.0125;0.8998,-0.0255,-0.0099;0.1167,-1.1964,-0.0080;-1.1953,-1.1485,0.0007;-1.7681,0.0530,0.0090;-1.0056,1.2079,0.0007;2.7374,0.8106,-0.1144;2.7354,-0.9113,-0.1918;0.5713,-2.1783,-0.0157;-2.8478,0.0699,0.0179;-1.4521,2.1930,-0.0010;</g>
	</conformers>
	<properties/>
</molecule>
