<?xml version="1.0" ?>
<!--MOLLI PACKAGE EXPERIMENTAL XML FORMAT-->
<molecule name="1004">
	<atoms>
		<a id="1" s="O" t="O.2" l="O"/>
		<a id="2" s="C" t="C.2" l="C"/>
		<a id="3" s="N" t="N.am" l="N"/>
		<a id="4" s="O" t="O.3" l="O"/>
		<a id="5" s="C" t="C.3" l="C"/>
		<a id="6" s="C" t="C.3" l="C"/>
		<a id="7" s="C" t="C.3" l="C"/>
		<a id="8" s="C" t="C.3" l="C"/>
		<a id="9" s="H" t="H" l="H"/>
		<a id="10" s="H" t="H" l="H"/>
		<a id="11" s="H" t="H" l="H"/>
		<a id="12" s="H" t="H" l="H"/>
		<a id="13" s="H" t="H" l="H"/>
		<a id="14" s="H" t="H" l="H"/>
		<a id="15" s="H" t="H" l="H"/>
		<a id="16" s="H" t="H" l="H"/>
		<a id="17" s="H" t="H" l="H"/>
		<a id="18" s="H" t="H" l="H"/>
		<a id="19" s="H" t="H" l="H"/>
	</atoms>
	<bonds>
		<b id="1" c="1 2" t="2"/>
		<b id="2" c="2 3" t="am"/>
		<b id="3" c="2 4" t="1"/>
		<b id="4" c="4 5" t="1"/>
		<b id="5" c="5 6" t="1"/>
		<b id="6" c="5 7" t="1"/>
		<b id="7" c="5 8" t="1"/>
		<b id="8" c="3 9" t="1"/>
		<b id="9" c="3 10" t="1"/>
		<b id="10" c="6 11" t="1"/>
		<b id="11" c="6 12" t="1"/>
		<b id="12" c="6 13" t="1"/>
		<b id="13" c="7 14" t="1"/>
		<b id="14" c="7 15" t="1"/>
		<b id="15" c="7 16" t="1"/>
		<b id="16" c="8 17" t="1"/>
		<b id="17" c="8 18" t="1"/>
		<b id="18" c="8 19" t="1"/>
	</bonds>
	<geometry>
		<g u="A" t="cart/3d">#19,3:2.5226,-2.4831,-1.3867;2.1669,-1.6853,-0.5569;0.8675,-1.3642,-0.3353;2.9496,-0.9807,0.2760;4.3891,-1.1338,0.2381;4.9304,-0.7276,-1.1320;4.8912,-0.1753,1.3187;4.7775,-2.5729,0.5756;0.1530,-1.8282,-0.8645;0.6203,-0.7125,0.3859;4.6177,0.2865,-1.3722;4.5556,-1.4018,-1.8972;6.0158,-0.7696,-1.1233;4.5804,0.8406,1.0893;5.9750,-0.2116,1.3722;4.4780,-0.4529,2.2847;4.4130,-3.2488,-0.1930;4.3464,-2.8618,1.5320;5.8590,-2.6555,0.6367;</g>
	</geometry>
	<conformers>
		<g id="1" u="A" t="cart/3d">#19,3:-1.4523,-1.2025,-0.0001;-1.3484,-0.0021,-0.0000;-2.4110,0.8414,0.0000;-0.2110,0.7115,0.0000;1.0744,0.0446,0.0000;1.2301,-0.8069,-1.2596;2.0863,1.1914,0.0000;1.2300,-0.8070,1.2596;-3.3379,0.4586,-0.0000;-2.2726,1.8348,-0.0000;1.0802,-0.1942,-2.1461;0.4992,-1.6106,-1.2598;2.2278,-1.2354,-1.2910;3.0969,0.7942,0.0000;1.9477,1.8110,0.8821;1.9478,1.8110,-0.8821;1.0801,-0.1944,2.1462;2.2277,-1.2355,1.2910;0.4991,-1.6107,1.2598;</g>
	</conformers>
	<properties/>
</molecule>
