<?xml version="1.0" ?>
<!--MOLLI PACKAGE EXPERIMENTAL XML FORMAT-->
<molecule name="1008">
	<atoms>
		<a id="1" s="C" t="C.3" l="C"/>
		<a id="2" s="C" t="C.3" l="C"/>
		<a id="3" s="C" t="C.3" l="C"/>
		<a id="4" s="C" t="C.3" l="C"/>
		<a id="5" s="C" t="C.3" l="C"/>
		<a id="6" s="O" t="O.3" l="O"/>
		<a id="7" s="O" t="O.3" l="O"/>
		<a id="8" s="C" t="C.ar" l="C"/>
		<a id="9" s="C" t="C.ar" l="C"/>
		<a id="10" s="C" t="C.ar" l="C"/>
		<a id="11" s="C" t="C.ar" l="C"/>
		<a id="12" s="C" t="C.ar" l="C"/>
		<a id="13" s="C" t="C.ar" l="C"/>
		<a id="14" s="O" t="O.3" l="O"/>
		<a id="15" s="C" t="C.3" l="C"/>
		<a id="16" s="N" t="N.3" l="N"/>
		<a id="17" s="O" t="O.3" l="O"/>
		<a id="18" s="C" t="C.3" l="C"/>
		<a id="19" s="C" t="C.ar" l="C"/>
		<a id="20" s="C" t="C.ar" l="C"/>
		<a id="21" s="C" t="C.ar" l="C"/>
		<a id="22" s="C" t="C.ar" l="C"/>
		<a id="23" s="C" t="C.ar" l="C"/>
		<a id="24" s="C" t="C.ar" l="C"/>
		<a id="25" s="O" t="O.3" l="O"/>
		<a id="26" s="C" t="C.3" l="C"/>
		<a id="27" s="O" t="O.3" l="O"/>
		<a id="28" s="C" t="C.3" l="C"/>
		<a id="29" s="O" t="O.3" l="O"/>
		<a id="30" s="C" t="C.3" l="C"/>
		<a id="31" s="C" t="C.ar" l="C"/>
		<a id="32" s="C" t="C.ar" l="C"/>
		<a id="33" s="C" t="C.ar" l="C"/>
		<a id="34" s="C" t="C.ar" l="C"/>
		<a id="35" s="C" t="C.ar" l="C"/>
		<a id="36" s="C" t="C.ar" l="C"/>
		<a id="37" s="H" t="H" l="H"/>
		<a id="38" s="H" t="H" l="H"/>
		<a id="39" s="H" t="H" l="H"/>
		<a id="40" s="H" t="H" l="H"/>
		<a id="41" s="H" t="H" l="H"/>
		<a id="42" s="H" t="H" l="H"/>
		<a id="43" s="H" t="H" l="H"/>
		<a id="44" s="H" t="H" l="H"/>
		<a id="45" s="H" t="H" l="H"/>
		<a id="46" s="H" t="H" l="H"/>
		<a id="47" s="H" t="H" l="H"/>
		<a id="48" s="H" t="H" l="H"/>
		<a id="49" s="H" t="H" l="H"/>
		<a id="50" s="H" t="H" l="H"/>
		<a id="51" s="H" t="H" l="H"/>
		<a id="52" s="H" t="H" l="H"/>
		<a id="53" s="H" t="H" l="H"/>
		<a id="54" s="H" t="H" l="H"/>
		<a id="55" s="H" t="H" l="H"/>
		<a id="56" s="H" t="H" l="H"/>
		<a id="57" s="H" t="H" l="H"/>
		<a id="58" s="H" t="H" l="H"/>
		<a id="59" s="H" t="H" l="H"/>
		<a id="60" s="H" t="H" l="H"/>
		<a id="61" s="H" t="H" l="H"/>
		<a id="62" s="H" t="H" l="H"/>
		<a id="63" s="H" t="H" l="H"/>
		<a id="64" s="H" t="H" l="H"/>
		<a id="65" s="H" t="H" l="H"/>
		<a id="66" s="H" t="H" l="H"/>
		<a id="67" s="H" t="H" l="H"/>
	</atoms>
	<bonds>
		<b id="1" c="1 2" t="1"/>
		<b id="2" c="2 3" t="1"/>
		<b id="3" c="3 4" t="1"/>
		<b id="4" c="4 5" t="1"/>
		<b id="5" c="5 6" t="1"/>
		<b id="6" c="1 6" t="1"/>
		<b id="7" c="7 8" t="1"/>
		<b id="8" c="8 9" t="ar"/>
		<b id="9" c="9 10" t="ar"/>
		<b id="10" c="10 11" t="ar"/>
		<b id="11" c="11 12" t="ar"/>
		<b id="12" c="12 13" t="ar"/>
		<b id="13" c="8 13" t="ar"/>
		<b id="14" c="11 14" t="1"/>
		<b id="15" c="14 15" t="1"/>
		<b id="16" c="3 17" t="1"/>
		<b id="17" c="17 18" t="1"/>
		<b id="18" c="18 19" t="1"/>
		<b id="19" c="19 20" t="ar"/>
		<b id="20" c="20 21" t="ar"/>
		<b id="21" c="21 22" t="ar"/>
		<b id="22" c="22 23" t="ar"/>
		<b id="23" c="23 24" t="ar"/>
		<b id="24" c="19 24" t="ar"/>
		<b id="25" c="22 25" t="1"/>
		<b id="26" c="25 26" t="1"/>
		<b id="27" c="2 27" t="1"/>
		<b id="28" c="27 28" t="1"/>
		<b id="29" c="28 29" t="1"/>
		<b id="30" c="29 30" t="1"/>
		<b id="31" c="1 30" t="1"/>
		<b id="32" c="28 31" t="1"/>
		<b id="33" c="31 32" t="ar"/>
		<b id="34" c="32 33" t="ar"/>
		<b id="35" c="33 34" t="ar"/>
		<b id="36" c="34 35" t="ar"/>
		<b id="37" c="35 36" t="ar"/>
		<b id="38" c="31 36" t="ar"/>
		<b id="39" c="5 7" t="1"/>
		<b id="40" c="4 16" t="1"/>
		<b id="41" c="1 37" t="1"/>
		<b id="42" c="2 38" t="1"/>
		<b id="43" c="3 39" t="1"/>
		<b id="44" c="4 40" t="1"/>
		<b id="45" c="5 41" t="1"/>
		<b id="46" c="9 42" t="1"/>
		<b id="47" c="10 43" t="1"/>
		<b id="48" c="12 44" t="1"/>
		<b id="49" c="13 45" t="1"/>
		<b id="50" c="15 46" t="1"/>
		<b id="51" c="15 47" t="1"/>
		<b id="52" c="15 48" t="1"/>
		<b id="53" c="16 49" t="1"/>
		<b id="54" c="16 50" t="1"/>
		<b id="55" c="18 51" t="1"/>
		<b id="56" c="18 52" t="1"/>
		<b id="57" c="20 53" t="1"/>
		<b id="58" c="21 54" t="1"/>
		<b id="59" c="23 55" t="1"/>
		<b id="60" c="24 56" t="1"/>
		<b id="61" c="26 57" t="1"/>
		<b id="62" c="26 58" t="1"/>
		<b id="63" c="26 59" t="1"/>
		<b id="64" c="28 60" t="1"/>
		<b id="65" c="30 61" t="1"/>
		<b id="66" c="30 62" t="1"/>
		<b id="67" c="32 63" t="1"/>
		<b id="68" c="33 64" t="1"/>
		<b id="69" c="34 65" t="1"/>
		<b id="70" c="35 66" t="1"/>
		<b id="71" c="36 67" t="1"/>
	</bonds>
	<geometry>
		<g u="A" t="cart/3d">#67,3:0.2049,-0.7633,-0.6114;0.3641,0.6503,-0.0348;-0.7886,1.5312,-0.5264;-2.1334,0.8292,-0.2143;-2.1262,-0.6343,-0.6924;-1.0017,-1.3460,-0.2059;-3.2717,-1.2285,-0.2124;-3.6662,-2.4417,-0.7321;-2.8956,-3.2472,-1.5526;-3.3923,-4.4571,-2.0188;-4.6647,-4.8790,-1.6636;-5.4385,-4.0637,-0.8336;-4.9482,-2.8627,-0.3774;-5.2432,-6.0513,-2.0568;-4.4999,-6.9237,-2.8712;-3.2677,1.5135,-0.7911;-0.8459,2.7821,0.1094;0.0700,3.7457,-0.3904;-0.0155,4.9907,0.4474;1.1325,5.6549,0.8471;1.0651,6.8141,1.6029;-0.1715,7.3229,1.9821;-1.3305,6.6513,1.5890;-1.2502,5.5051,0.8295;-0.3602,8.4499,2.7248;0.7694,9.1755,3.1441;1.6183,1.1623,-0.4397;2.6789,0.3487,0.0151;2.5951,-0.9532,-0.4947;1.3948,-1.5963,-0.1304;3.9621,1.0045,-0.4295;4.4923,2.0449,0.3230;5.6466,2.6831,-0.0939;6.2758,2.2864,-1.2622;5.7460,1.2509,-2.0149;4.5883,0.6131,-1.6042;0.2457,-0.6869,-1.7131;0.3208,0.5989,1.0663;-0.6803,1.6664,-1.6176;-2.2695,0.8230,0.8717;-2.1016,-0.6499,-1.8050;-1.8919,-2.9601,-1.8213;-2.7625,-5.0592,-2.6547;-6.4266,-4.3995,-0.5628;-5.5385,-2.2262,0.2610;-5.1435,-7.7848,-3.0457;-3.5819,-7.2546,-2.3741;-4.2469,-6.4623,-3.8316;-3.1773,1.5691,-1.8009;-3.3035,2.4582,-0.4251;-0.1903,3.9776,-1.4388;1.0895,3.3467,-0.3780;2.1004,5.2664,0.5628;1.9817,7.3040,1.8918;-2.2834,7.0552,1.8930;-2.1504,4.9897,0.5337;0.3823,10.0267,3.7022;1.3541,9.5381,2.2922;1.4125,8.5776,3.7982;2.6283,0.3044,1.1263;1.3289,-1.7173,0.9604;1.4109,-2.5791,-0.6021;3.9982,2.3524,1.2337;6.0570,3.4911,0.4953;7.1796,2.7825,-1.5841;6.2349,0.9394,-2.9270;4.1646,-0.1935,-2.1798;</g>
	</geometry>
	<conformers>
		<g id="1" u="A" t="cart/3d">#67,3:-0.8670,0.6386,0.0189;0.2329,-0.4329,-0.0027;-0.1985,-1.6527,0.8173;-1.6170,-2.0776,0.4024;-2.5907,-0.8920,0.2984;-2.0745,0.1532,-0.4995;-3.7459,-1.3821,-0.2855;-4.8888,-0.6104,-0.2608;-4.9443,0.7170,0.1265;-6.1527,1.3997,0.1216;-7.3198,0.7637,-0.2761;-7.2569,-0.5735,-0.6744;-6.0598,-1.2509,-0.6646;-8.5556,1.3415,-0.3185;-8.6765,2.6900,0.0614;-2.1312,-2.9935,1.4034;0.5992,-2.7937,0.6097;1.8792,-2.7923,1.2121;2.9600,-2.1458,0.3816;4.0337,-1.5121,0.9835;5.0342,-0.9230,0.2301;4.9626,-0.9497,-1.1569;3.8884,-1.5967,-1.7684;2.9087,-2.1951,-1.0063;5.8759,-0.3866,-1.9988;7.0153,0.2202,-1.4399;1.4091,0.1439,0.5239;1.8386,1.2173,-0.2693;0.8820,2.2531,-0.3082;-0.3624,1.8224,-0.8097;3.1140,1.7938,0.2880;3.9991,2.4449,-0.5584;5.1576,3.0067,-0.0505;5.4416,2.9105,1.3019;4.5585,2.2598,2.1465;3.3926,1.7101,1.6435;-1.0017,0.9644,1.0655;0.4057,-0.7494,-1.0452;-0.1934,-1.3776,1.8838;-1.5428,-2.5208,-0.6058;-2.7934,-0.5090,1.3200;-4.0491,1.2435,0.4141;-6.1579,2.4338,0.4280;-8.1673,-1.0594,-0.9868;-6.0062,-2.2830,-0.9718;-9.7316,2.9345,-0.0519;-8.0829,3.3453,-0.5845;-8.3806,2.8431,1.1045;-3.0442,-3.3304,1.1167;-1.5045,-3.7885,1.4714;2.1190,-3.8549,1.3508;1.8318,-2.3147,2.1992;4.0951,-1.4689,2.0610;5.8505,-0.4327,0.7361;3.8501,-1.6195,-2.8465;2.0828,-2.7025,-1.4828;7.5985,0.5838,-2.2848;7.6132,-0.4997,-0.8713;6.7453,1.0614,-0.7935;2.0054,0.8470,-1.3054;-0.2762,1.5096,-1.8606;-1.0380,2.6756,-0.7407;3.7805,2.5112,-1.6136;5.8387,3.5232,-0.7115;6.3497,3.3437,1.6959;4.7772,2.1853,3.2017;2.6943,1.2036,2.2894;</g>
		<g id="2" u="A" t="cart/3d">#67,3:-0.8990,0.6670,0.0197;0.2014,-0.3973,-0.1026;-0.2045,-1.6613,0.6605;-1.6253,-2.0735,0.2389;-2.6104,-0.8923,0.2277;-2.1164,0.2107,-0.5035;-3.7683,-1.3539,-0.3743;-4.9161,-0.5933,-0.2953;-4.9802,0.7044,0.1811;-6.1932,1.3777,0.2224;-7.3563,0.7622,-0.2173;-7.2848,-0.5450,-0.7040;-6.0832,-1.2133,-0.7402;-8.5957,1.3336,-0.2217;-8.7251,2.6538,0.2450;-2.1167,-3.0568,1.1860;0.6074,-2.7775,0.3837;1.8211,-2.8770,1.1034;2.9896,-2.1472,0.4887;3.1113,-2.0347,-0.8859;4.1856,-1.3766,-1.4601;5.1791,-0.8379,-0.6519;5.0721,-0.9692,0.7320;3.9869,-1.6068,1.2912;6.2860,-0.1803,-1.1020;6.4300,0.0189,-2.4860;1.3978,0.1470,0.4086;1.7940,1.2689,-0.3341;0.8409,2.3049,-0.2585;-0.4228,1.9085,-0.7390;3.1042,1.7858,0.1976;3.3618,1.7586,1.5595;4.5691,2.2284,2.0442;5.5198,2.7328,1.1735;5.2590,2.7729,-0.1850;4.0537,2.3003,-0.6721;-1.0098,0.9192,1.0889;0.3326,-0.6557,-1.1677;-0.1914,-1.4425,1.7390;-1.5633,-2.4502,-0.7968;-2.8032,-0.5822,1.2756;-4.0885,1.2161,0.5040;-6.2052,2.3886,0.5980;-8.1922,-1.0152,-1.0477;-6.0229,-2.2222,-1.1155;-9.7815,2.8989,0.1465;-8.1347,3.3532,-0.3561;-8.4311,2.7404,1.2962;-3.0324,-3.3809,0.8934;-1.4843,-3.8502,1.1911;2.0416,-3.9529,1.1197;1.6744,-2.5386,2.1376;2.3444,-2.4612,-1.5161;4.2384,-1.2986,-2.5352;5.8509,-0.5466,1.3463;3.9126,-1.6871,2.3657;7.3565,0.5778,-2.6090;5.5994,0.6018,-2.8967;6.5089,-0.9311,-3.0254;1.9025,0.9663,-1.4001;-0.3785,1.6716,-1.8124;-1.0947,2.7533,-0.5837;2.6155,1.3554,2.2243;4.7697,2.1997,3.1052;6.4644,3.0945,1.5524;5.9979,3.1675,-0.8664;3.8452,2.3315,-1.7320;</g>
		<g id="3" u="A" t="cart/3d">#67,3:-0.6945,1.1364,1.6388;0.0146,0.0470,0.8195;-0.4664,-1.3426,1.2493;-2.0034,-1.3724,1.2994;-2.6008,-0.1351,2.0021;-2.0854,1.0735,1.4827;-3.9856,-0.1281,1.9633;-4.6601,-0.1428,0.7565;-4.1783,0.3716,-0.4363;-4.9533,0.3256,-1.5856;-6.2275,-0.2251,-1.5554;-6.7159,-0.7276,-0.3478;-5.9417,-0.6915,0.7896;-7.0688,-0.3196,-2.6252;-6.6364,0.1865,-3.8640;-2.4095,-2.5456,2.0511;-0.1118,-2.3708,0.3547;1.2385,-2.7925,0.3743;2.1552,-1.9910,-0.5161;1.6813,-1.4329,-1.6974;2.5124,-0.6913,-2.5086;3.8527,-0.5074,-2.1675;4.3387,-1.0874,-1.0026;3.4886,-1.8145,-0.1876;4.5895,0.2447,-3.0339;5.9633,0.4068,-2.7771;1.4042,0.1871,1.0232;1.8550,1.4335,0.5654;1.2483,2.4982,1.2630;-0.1566,2.4858,1.1564;3.3442,1.5477,0.7617;4.0828,2.3809,-0.0654;5.4464,2.5183,0.1286;6.0785,1.8155,1.1411;5.3412,0.9833,1.9661;3.9756,0.8558,1.7838;-0.4202,0.9996,2.6983;-0.2204,0.1887,-0.2499;-0.0628,-1.5568,2.2510;-2.3573,-1.3793,0.2531;-2.3592,-0.2047,3.0776;-3.2020,0.8266,-0.4714;-4.5449,0.7341,-2.4965;-7.7090,-1.1472,-0.3302;-6.3157,-1.0775,1.7245;-5.7436,-0.3356,-4.2235;-6.4326,1.2610,-3.8112;-7.4579,0.0106,-4.5568;-3.4217,-2.6075,2.0794;-2.0500,-3.3750,1.5915;1.2077,-3.8309,0.0185;1.6206,-2.7883,1.4031;0.6464,-1.5813,-1.9690;2.1501,-0.2443,-3.4216;5.3690,-0.9664,-0.7083;3.8774,-2.2456,0.7232;6.3433,1.0226,-3.5910;6.4860,-0.5554,-2.7775;6.1355,0.9152,-1.8231;1.6025,1.5250,-0.5150;-0.4706,2.6458,0.1139;-0.5247,3.3047,1.7750;3.5899,2.9215,-0.8594;6.0162,3.1780,-0.5101;7.1442,1.9187,1.2871;5.8317,0.4368,2.7582;3.3882,0.2150,2.4207;</g>
		<g id="4" u="A" t="cart/3d">#67,3:-0.6920,1.1594,1.5909;0.0389,0.0590,0.8047;-0.4574,-1.3209,1.2451;-2.0062,-1.3430,1.1929;-2.5986,-0.1276,1.9375;-2.0800,1.0865,1.4223;-3.9772,-0.1061,1.9382;-4.6787,-0.1617,0.7484;-4.2441,0.3767,-0.4515;-5.0417,0.3061,-1.5842;-6.2926,-0.2929,-1.5268;-6.7332,-0.8199,-0.3113;-5.9358,-0.7594,0.8087;-7.1554,-0.4131,-2.5781;-6.7669,0.1068,-3.8253;-2.5805,-2.5555,1.7278;-0.0513,-2.3835,0.4173;1.3125,-2.7555,0.4749;2.2125,-1.9748,-0.4498;3.5424,-1.7615,-0.1291;4.3781,-1.0488,-0.9710;3.8805,-0.5217,-2.1562;2.5446,-0.7460,-2.4902;1.7276,-1.4725,-1.6513;4.6017,0.2146,-3.0486;5.9699,0.4210,-2.7942;1.4229,0.2104,1.0400;1.8761,1.4493,0.5628;1.2499,2.5246,1.2251;-0.1528,2.5019,1.0912;3.3610,1.5760,0.7823;3.9785,0.9148,1.8327;5.3408,1.0515,2.0326;6.0884,1.8632,1.1967;5.4699,2.5367,0.1563;4.1101,2.3893,-0.0553;-0.4281,1.0467,2.6569;-0.1705,0.1820,-0.2719;-0.1072,-1.4954,2.2785;-2.2984,-1.2851,0.1387;-2.3266,-0.2019,3.0079;-3.2873,0.8706,-0.5051;-4.6702,0.7335,-2.5023;-7.7082,-1.2790,-0.2754;-6.2683,-1.1688,1.7484;-7.5954,-0.0986,-4.5015;-5.8634,-0.3834,-4.2027;-6.6002,1.1880,-3.7772;-2.3576,-2.6541,2.7132;-2.1933,-3.3513,1.2331;1.3209,-3.8133,0.1800;1.6829,-2.6780,1.5056;3.9397,-2.1506,0.7968;5.4057,-0.8971,-0.6819;2.1735,-0.3412,-3.4192;0.6959,-1.6516,-1.9169;6.3363,1.0190,-3.6274;6.5177,-0.5265,-2.7612;6.1260,0.9650,-1.8572;1.6431,1.5139,-0.5237;-0.4476,2.6381,0.0400;-0.5377,3.3307,1.6858;3.3834,0.2897,2.4781;5.8205,0.5283,2.8468;7.1513,1.9738,1.3564;6.0477,3.1815,-0.4904;3.6277,2.9068,-0.8709;</g>
		<g id="5" u="A" t="cart/3d">#67,3:-0.8154,0.7207,0.0308;0.2645,-0.3711,0.0118;-0.2071,-1.5778,0.8258;-1.6236,-1.9968,0.3561;-2.5770,-0.7918,0.2694;-2.0268,0.2618,-0.4995;-3.7337,-1.2295,-0.3385;-4.8677,-0.4519,-0.2531;-4.8975,0.8719,0.1677;-6.0981,1.5526,0.2180;-7.2901,0.9361,-0.1549;-7.2558,-0.3857,-0.5873;-6.0546,-1.0685,-0.6304;-8.4157,1.7043,-0.0649;-9.6443,1.1354,-0.4442;-2.2127,-3.0142,1.1960;0.5782,-2.7351,0.6757;1.8616,-2.7203,1.2708;2.9462,-2.1281,0.4061;4.0431,-1.5045,0.9763;5.0463,-0.9602,0.1936;4.9545,-1.0234,-1.1911;3.8578,-1.6628,-1.7699;2.8745,-2.2162,-0.9788;5.8674,-0.5032,-2.0600;7.0245,0.0990,-1.5330;1.4484,0.1816,0.5484;1.9025,1.2473,-0.2427;0.9680,2.3022,-0.2794;-0.2832,1.8996,-0.7879;3.1910,1.7927,0.3151;4.0996,2.4073,-0.5339;5.2724,2.9388,-0.0264;5.5479,2.8477,1.3280;4.6412,2.2342,2.1755;3.4609,1.7158,1.6728;-0.9511,1.0456,1.0782;0.4381,-0.6894,-1.0296;-0.2328,-1.2791,1.8899;-1.5329,-2.4145,-0.6518;-2.7818,-0.4160,1.2964;-3.9879,1.3853,0.4335;-6.1325,2.5806,0.5423;-8.1555,-0.8975,-0.8897;-6.0178,-2.0944,-0.9590;-9.6405,0.8323,-1.4964;-10.3883,1.9172,-0.2986;-9.8997,0.2734,0.1810;-2.3022,-2.6819,2.1513;-1.6068,-3.8271,1.2007;2.0879,-3.7780,1.4603;1.8266,-2.1936,2.2337;4.1204,-1.4327,2.0513;5.8804,-0.4754,0.6753;3.8041,-1.7150,-2.8464;2.0308,-2.7174,-1.4300;7.6016,0.4303,-2.3951;7.6187,-0.6155,-0.9537;6.7777,0.9611,-0.9052;2.0614,0.8740,-1.2788;-0.1997,1.5910,-1.8401;-0.9423,2.7652,-0.7158;3.8874,2.4693,-1.5907;5.9717,3.4282,-0.6893;6.4673,3.2566,1.7217;4.8522,2.1656,3.2327;2.7443,1.2390,2.3213;</g>
		<g id="6" u="A" t="cart/3d">#67,3:-0.8580,0.6527,0.0019;0.2432,-0.4177,0.0022;-0.2096,-1.6244,0.8267;-1.6153,-2.0758,0.3545;-2.5917,-0.8911,0.2467;-2.0569,0.1647,-0.5306;-3.7349,-1.3594,-0.3635;-4.8842,-0.6026,-0.3007;-4.9448,0.7222,0.0959;-6.1602,1.3926,0.1266;-7.3295,0.7463,-0.2461;-7.2622,-0.5879,-0.6551;-6.0587,-1.2530,-0.6793;-8.5728,1.3111,-0.2534;-8.6983,2.6556,0.1377;-2.1902,-3.0935,1.2036;0.5984,-2.7679,0.6927;1.8781,-2.7227,1.2941;2.9557,-2.1175,0.4296;4.0369,-1.4670,0.9996;5.0332,-0.9100,0.2171;4.9500,-0.9876,-1.1674;3.8695,-1.6543,-1.7460;2.8933,-2.2200,-0.9548;5.8567,-0.4568,-2.0365;6.9983,0.1742,-1.5093;1.4123,0.1647,0.5402;1.8509,1.2298,-0.2599;0.8960,2.2657,-0.3148;-0.3434,1.8324,-0.8268;3.1247,1.8070,0.2998;4.0233,2.4351,-0.5499;5.1826,2.9949,-0.0415;5.4545,2.9188,1.3145;4.5576,2.2919,2.1626;3.3906,1.7451,1.6590;-1.0066,0.9866,1.0448;0.4300,-0.7440,-1.0343;-0.2465,-1.3148,1.8875;-1.5110,-2.5042,-0.6475;-2.8115,-0.5067,1.2676;-4.0480,1.2581,0.3624;-6.1687,2.4248,0.4395;-8.1756,-1.0809,-0.9470;-5.9975,-2.2831,-0.9895;-9.7584,2.8897,0.0527;-8.1280,3.3213,-0.5185;-8.3779,2.8058,1.1741;-2.2894,-2.7525,2.1548;-1.5715,-3.8964,1.2194;2.1238,-3.7740,1.4944;1.8278,-2.1881,2.2520;4.1071,-1.3838,2.0743;5.8549,-0.4043,0.6986;3.8228,-1.7177,-2.8222;2.0625,-2.7426,-1.4057;7.5729,0.5094,-2.3715;7.6039,-0.5224,-0.9202;6.7301,1.0368,-0.8909;2.0240,0.8481,-1.2907;-0.2468,1.5134,-1.8748;-1.0197,2.6858,-0.7694;3.8142,2.4852,-1.6079;5.8740,3.4943,-0.7051;6.3632,3.3502,1.7089;4.7660,2.2348,3.2210;2.6819,1.2572,2.3079;</g>
		<g id="7" u="A" t="cart/3d">#67,3:-0.8379,0.6844,-0.0190;0.2384,-0.4092,-0.0427;-0.1972,-1.6389,0.7678;-1.6344,-2.0338,0.3814;-2.5762,-0.8066,0.3004;-2.0607,0.2192,-0.5198;-3.7712,-1.2678,-0.2230;-4.8858,-0.4546,-0.1799;-4.8827,0.8837,0.1909;-6.0668,1.5935,0.2121;-7.2734,0.9917,-0.1386;-7.2706,-0.3462,-0.5192;-6.0857,-1.0582,-0.5347;-8.3792,1.7888,-0.0801;-9.6211,1.2376,-0.4430;-2.1289,-3.0360,1.2988;0.5869,-2.7724,0.5115;1.8527,-2.8298,1.1378;2.9636,-2.1691,0.3585;4.0319,-1.5714,1.0050;5.0603,-0.9764,0.2943;5.0224,-0.9596,-1.0939;3.9516,-1.5670,-1.7506;2.9444,-2.1722,-1.0314;5.9670,-0.3895,-1.8963;7.1096,0.1659,-1.2927;1.4249,0.1459,0.4856;1.8771,1.2090,-0.3087;0.9385,2.2617,-0.3567;-0.3129,1.8515,-0.8578;3.1578,1.7678,0.2545;4.0530,2.4112,-0.5873;5.2141,2.9617,-0.0736;5.4910,2.8618,1.2801;4.5988,2.2173,2.1199;3.4302,1.6788,1.6109;-0.9561,1.0236,1.0261;0.4046,-0.7240,-1.0866;-0.1522,-1.3785,1.8390;-1.5955,-2.4867,-0.6143;-2.7275,-0.3990,1.3270;-3.9618,1.3847,0.4397;-6.0765,2.6336,0.4965;-8.1814,-0.8482,-0.8040;-6.0763,-2.0959,-0.8281;-9.6214,0.8951,-1.4829;-10.3449,2.0433,-0.3301;-9.9009,0.4069,0.2133;-3.0356,-3.3639,0.9864;-2.2358,-2.6467,2.2304;2.0652,-3.9029,1.2279;1.8000,-2.4011,2.1473;4.0687,-1.5635,2.0846;5.8723,-0.5163,0.8345;3.9394,-1.5552,-2.8297;2.1216,-2.6514,-1.5412;6.8488,0.9953,-0.6275;7.7235,0.5373,-2.1121;7.6724,-0.5882,-0.7326;2.0435,0.8325,-1.3423;-0.2316,1.5286,-1.9060;-0.9725,2.7179,-0.7960;3.8396,2.4811,-1.6432;5.9035,3.4714,-0.7313;6.4009,3.2870,1.6790;4.8119,2.1397,3.1760;2.7254,1.1767,2.2530;</g>
		<g id="8" u="A" t="cart/3d">#67,3:-0.7183,1.1089,1.6363;0.0042,0.0709,0.7621;-0.4647,-1.3387,1.1314;-2.0137,-1.3756,1.0908;-2.6078,-0.2200,1.9246;-2.1092,1.0327,1.4882;-3.9866,-0.2136,1.9454;-4.7036,-0.1991,0.7638;-4.2930,0.4263,-0.4018;-5.1043,0.4201,-1.5270;-6.3452,-0.2012,-1.4952;-6.7619,-0.8160,-0.3131;-5.9508,-0.8190,0.7987;-7.2197,-0.2641,-2.5420;-6.8551,0.3439,-3.7559;-2.5700,-2.6276,1.5480;-0.0435,-2.3449,0.2430;1.2854,-2.8093,0.3838;2.3219,-2.0218,-0.3777;3.6227,-1.9219,0.1008;4.5808,-1.2295,-0.6053;4.2562,-0.5997,-1.8064;2.9579,-0.6977,-2.2913;2.0093,-1.4154,-1.5822;5.2737,0.0707,-2.4185;4.9998,0.7598,-3.6127;1.3920,0.2258,0.9604;1.8137,1.5011,0.5532;1.2025,2.5178,1.3131;-0.2035,2.4894,1.2207;3.3059,1.6104,0.7178;3.9268,1.0409,1.8188;5.2990,1.1350,1.9644;6.0549,1.8031,1.0163;5.4354,2.3835,-0.0766;4.0636,2.2875,-0.2256;-0.4328,0.9256,2.6867;-0.2427,0.2557,-0.2981;-0.1061,-1.5642,2.1512;-2.3184,-1.2494,0.0462;-2.3200,-0.3650,2.9836;-3.3442,0.9374,-0.4330;-4.7515,0.9147,-2.4184;-7.7295,-1.2916,-0.2966;-6.2648,-1.2962,1.7124;-5.9491,-0.1057,-4.1759;-6.7041,1.4221,-3.6378;-7.6889,0.1708,-4.4347;-2.3396,-2.7882,2.5236;-2.1764,-3.3842,0.9996;1.2583,-3.8358,-0.0062;1.5602,-2.8498,1.4465;3.8874,-2.3909,1.0370;5.5920,-1.1445,-0.2413;2.6728,-0.2285,-3.2204;1.0026,-1.4990,-1.9656;5.9370,1.2326,-3.9024;4.2366,1.5311,-3.4666;4.6796,0.0789,-4.4086;1.5323,1.6392,-0.5153;-0.5318,2.6987,0.1914;-0.5775,3.2688,1.8849;3.3262,0.5180,2.5452;5.7807,0.6850,2.8201;7.1270,1.8721,1.1286;6.0221,2.9063,-0.8170;3.5762,2.7407,-1.0768;</g>
		<g id="9" u="A" t="cart/3d">#67,3:-0.7159,1.1583,1.6157;0.0109,0.0877,0.7856;-0.4682,-1.3063,1.1987;-2.0167,-1.3386,1.1441;-2.6153,-0.1511,1.9284;-2.1053,1.0833,1.4544;-3.9943,-0.1379,1.9302;-4.6947,-0.1636,0.7389;-4.2659,0.4193,-0.4422;-5.0608,0.3748,-1.5781;-6.3036,-0.2424,-1.5424;-6.7389,-0.8140,-0.3453;-5.9439,-0.7792,0.7776;-7.1629,-0.3408,-2.5989;-6.7790,0.2226,-3.8283;-2.5828,-2.5708,1.6414;-0.0440,-2.3451,0.3503;1.2923,-2.7863,0.4967;2.3078,-2.0217,-0.3149;3.6152,-1.8881,0.1368;4.5524,-1.2124,-0.6121;4.1997,-0.6339,-1.8311;2.8955,-0.7678,-2.2903;1.9678,-1.4682,-1.5373;5.1974,0.0273,-2.4847;4.8943,0.6660,-3.6997;1.3972,0.2433,0.9935;1.8293,1.5019,0.5469;1.2153,2.5466,1.2652;-0.1898,2.5214,1.1589;3.3205,1.6092,0.7227;4.0922,2.2444,-0.2381;5.4631,2.3370,-0.0790;6.0677,1.7949,1.0417;5.2977,1.1687,2.0071;3.9264,1.0782,1.8511;-0.4431,1.0097,2.6749;-0.2238,0.2370,-0.2829;-0.1197,-1.4976,2.2291;-2.3103,-1.2497,0.0925;-2.3423,-0.2595,2.9955;-3.3153,0.9268,-0.4776;-4.6939,0.8367,-2.4813;-7.7078,-1.2868,-0.3261;-6.2723,-1.2232,1.7029;-7.6031,0.0270,-4.5127;-5.8680,-0.2435,-4.2185;-6.6272,1.3041,-3.7464;-2.3619,-2.6967,2.6241;-2.1874,-3.3485,1.1246;1.2744,-3.8305,0.1564;1.5807,-2.7719,1.5563;3.9011,-2.3160,1.0862;5.5681,-1.1002,-0.2685;2.5890,-0.3396,-3.2325;0.9562,-1.5792,-1.9001;5.8194,1.1414,-4.0223;4.1217,1.4311,-3.5711;4.5722,-0.0494,-4.4639;1.5594,1.6042,-0.5285;-0.5062,2.6969,0.1197;-0.5670,3.3247,1.7922;3.6170,2.6672,-1.1115;6.0607,2.8258,-0.8336;7.1391,1.8605,1.1621;5.7679,0.7486,2.8841;3.3151,0.5876,2.5910;</g>
		<g id="10" u="A" t="cart/3d">#67,3:-0.8415,0.7496,0.0336;0.2410,-0.3347,-0.0733;-0.2117,-1.5845,0.6838;-1.6266,-1.9896,0.1970;-2.5912,-0.7900,0.1956;-2.0587,0.3174,-0.5073;-3.7496,-1.1980,-0.4299;-4.8895,-0.4379,-0.2854;-4.9270,0.8556,0.2203;-6.1328,1.5208,0.3235;-7.3226,0.9190,-0.0794;-7.2806,-0.3718,-0.5963;-6.0741,-1.0396,-0.6926;-8.4537,1.6699,0.0681;-9.6806,1.1156,-0.3375;-2.1997,-3.0639,0.9751;0.5905,-2.7206,0.4745;1.8140,-2.7806,1.1821;2.9812,-2.1128,0.4992;3.0675,-2.0721,-0.8818;4.1395,-1.4663,-1.5155;5.1642,-0.9087,-0.7611;5.0927,-0.9699,0.6303;4.0109,-1.5562,1.2482;6.2690,-0.2934,-1.2717;6.3792,-0.1641,-2.6672;1.4391,0.1875,0.4578;1.8672,1.3009,-0.2820;0.9338,2.3542,-0.2178;-0.3311,1.9830,-0.7162;3.1817,1.7888,0.2654;4.1755,2.2290,-0.5954;5.3854,2.6717,-0.0919;5.6063,2.6761,1.2743;4.6118,2.2457,2.1360;3.4003,1.8058,1.6344;-0.9621,1.0050,1.1017;0.3845,-0.5968,-1.1354;-0.2390,-1.3395,1.7609;-1.5401,-2.3422,-0.8358;-2.7902,-0.4841,1.2467;-4.0196,1.3589,0.5118;-6.1732,2.5255,0.7137;-8.1784,-0.8711,-0.9243;-6.0314,-2.0419,-1.0869;-9.9238,0.2131,0.2330;-9.6828,0.8807,-1.4070;-10.4299,1.8799,-0.1364;-2.2894,-2.7918,1.9492;-1.5835,-3.8677,0.9280;2.0221,-3.8549,1.2768;1.6882,-2.3621,2.1899;2.2760,-2.5133,-1.4699;4.1648,-1.4431,-2.5941;5.8950,-0.5327,1.2026;3.9638,-1.5809,2.3269;7.3113,0.3713,-2.8415;5.5480,0.4130,-3.0853;6.4275,-1.1402,-3.1615;1.9824,0.9931,-1.3456;-0.2771,1.7464,-1.7890;-0.9890,2.8398,-0.5682;3.9991,2.2255,-1.6613;6.1587,3.0074,-0.7664;6.5538,3.0151,1.6668;4.7816,2.2522,3.2028;2.6194,1.4613,2.2927;</g>
		<g id="11" u="A" t="cart/3d">#67,3:-0.8785,0.6825,0.0170;0.2266,-0.3815,-0.0552;-0.2096,-1.6246,0.7222;-1.6117,-2.0672,0.2310;-2.5999,-0.8877,0.1902;-2.0801,0.2155,-0.5293;-3.7403,-1.3340,-0.4417;-4.8966,-0.5925,-0.3381;-4.9693,0.7089,0.1280;-6.1908,1.3656,0.1933;-7.3542,0.7291,-0.2136;-7.2748,-0.5812,-0.6915;-6.0652,-1.2330,-0.7502;-8.6024,1.2824,-0.1925;-8.7399,2.6043,0.2659;-2.1730,-3.1336,1.0281;0.6153,-2.7494,0.5426;1.8450,-2.7604,1.2423;2.9914,-2.0903,0.5273;3.0611,-2.0872,-0.8552;4.1117,-1.4757,-1.5187;5.1317,-0.8737,-0.7927;5.0784,-0.8984,0.6007;4.0176,-1.4913,1.2479;6.2147,-0.2454,-1.3339;6.3049,-0.1525,-2.7337;1.4073,0.1759,0.4795;1.8225,1.2822,-0.2778;0.8674,2.3177,-0.2458;-0.3835,1.9107,-0.7515;3.1206,1.8070,0.2746;4.1147,2.2519,-0.5835;5.3101,2.7273,-0.0754;5.5164,2.7598,1.2928;4.5214,2.3248,2.1517;3.3242,1.8522,1.6453;-1.0172,0.9566,1.0784;0.3882,-0.6615,-1.1099;-0.2511,-1.3588,1.7941;-1.5075,-2.4421,-0.7922;-2.8202,-0.5626,1.2314;-4.0775,1.2380,0.4229;-6.2088,2.3797,0.5602;-8.1837,-1.0667,-1.0090;-5.9946,-2.2449,-1.1139;-9.8019,2.8335,0.1912;-8.1745,3.3072,-0.3550;-8.4219,2.7048,1.3090;-2.2752,-2.8423,1.9954;-1.5441,-3.9284,1.0030;2.0768,-3.8264,1.3704;1.7178,-2.3114,2.2365;2.2731,-2.5623,-1.4213;4.1240,-1.4826,-2.5979;5.8770,-0.4273,1.1509;3.9836,-1.4868,2.3274;7.2212,0.4008,-2.9344;5.4546,0.3920,-3.1573;6.3718,-1.1404,-3.2016;1.9563,0.9556,-1.3334;-0.3117,1.6536,-1.8185;-1.0601,2.7571,-0.6290;3.9504,2.2258,-1.6509;6.0839,3.0658,-0.7478;6.4527,3.1243,1.6891;4.6796,2.3532,3.2199;2.5433,1.5037,2.3016;</g>
		<g id="12" u="A" t="cart/3d">#67,3:-0.8786,0.7112,-0.0776;0.1947,-0.3726,-0.2473;-0.1979,-1.6601,0.4912;-1.6489,-2.0347,0.1328;-2.5991,-0.8127,0.1933;-2.1237,0.2830,-0.5574;-3.8122,-1.2384,-0.3190;-4.9257,-0.4351,-0.1768;-6.1339,-1.0100,-0.5508;-7.3187,-0.3056,-0.4444;-7.3128,0.9951,0.0485;-6.0982,1.5681,0.4192;-4.9145,0.8663,0.3076;-8.4173,1.7814,0.2016;-9.6672,1.2604,-0.1782;-2.0977,-3.1127,0.9862;0.5927,-2.7571,0.1172;1.7545,-3.0047,0.8824;2.9766,-2.2335,0.4470;3.9030,-1.7774,1.3759;5.0381,-1.1099,0.9698;5.2680,-0.8643,-0.3830;4.3421,-1.3128,-1.3171;3.2165,-1.9994,-0.8970;6.4191,-0.1949,-0.6781;6.6996,0.0909,-2.0255;1.4127,0.1400,0.2472;1.8158,1.2678,-0.4815;0.8793,2.3183,-0.3800;-0.4001,1.9490,-0.8395;3.1349,1.7680,0.0454;4.0463,2.3597,-0.8166;5.2524,2.8341,-0.3330;5.5548,2.7152,1.0122;4.6434,2.1310,1.8743;3.4335,1.6624,1.3947;-0.9458,0.9593,0.9969;0.2951,-0.6100,-1.3203;-0.1146,-1.4790,1.5746;-1.6499,-2.4050,-0.8972;-2.7101,-0.4945,1.2561;-6.1311,-2.0189,-0.9317;-8.2361,-0.7844,-0.7476;-6.1016,2.5800,0.7919;-3.9882,1.3471,0.5756;-9.9316,0.3764,0.4113;-9.6914,1.0076,-1.2433;-10.3883,2.0521,0.0193;-3.0120,-3.4277,0.6828;-2.1749,-2.7979,1.9485;1.9418,-4.0779,0.7496;1.5563,-2.8202,1.9468;3.7368,-1.9513,2.4293;5.7653,-0.7564,1.6831;4.4889,-1.1415,-2.3724;2.5015,-2.3563,-1.6237;7.6430,0.6349,-2.0211;5.9223,0.7185,-2.4724;6.8143,-0.8244,-2.6163;1.9090,0.9820,-1.5535;-0.3816,1.7189,-1.9151;-1.0537,2.8043,-0.6644;3.8061,2.4509,-1.8665;5.9602,3.2934,-1.0076;6.5008,3.0773,1.3866;4.8757,2.0399,2.9252;2.7176,1.1984,2.0531;</g>
		<g id="13" u="A" t="cart/3d">#67,3:-0.9198,0.6443,-0.1163;0.1763,-0.4192,-0.2681;-0.2016,-1.7125,0.4678;-1.6409,-2.1148,0.0921;-2.6147,-0.9109,0.1375;-2.1502,0.1916,-0.6109;-3.8135,-1.3611,-0.3864;-4.9444,-0.5804,-0.2571;-4.9633,0.7234,0.2057;-6.1630,1.4139,0.3078;-7.3574,0.8088,-0.0559;-7.3312,-0.5054,-0.5288;-6.1428,-1.1908,-0.6257;-8.5870,1.3965,0.0043;-8.6723,2.7259,0.4549;-2.0799,-3.1992,0.9422;0.6137,-2.7951,0.1053;1.7711,-3.0193,0.8842;2.9829,-2.2250,0.4617;3.2334,-1.9876,-0.8797;4.3497,-1.2790,-1.2880;5.2558,-0.8111,-0.3440;5.0158,-1.0602,1.0063;3.8897,-1.7499,1.4004;6.3963,-0.1184,-0.6269;6.6857,0.1723,-1.9714;1.3769,0.1184,0.2425;1.7689,1.2517,-0.4835;0.8108,2.2843,-0.3989;-0.4543,1.8887,-0.8755;3.0702,1.7789,0.0610;3.3535,1.6784,1.4141;4.5471,2.1717,1.9095;5.4572,2.7755,1.0595;5.1698,2.8891,-0.2894;3.9801,2.3902,-0.7888;-1.0059,0.8941,0.9566;0.2966,-0.6569,-1.3389;-0.1352,-1.5283,1.5519;-1.6220,-2.4870,-0.9370;-2.7441,-0.5907,1.1978;-4.0480,1.2278,0.4692;-6.1398,2.4296,0.6696;-8.2629,-0.9671,-0.8135;-6.1164,-2.2048,-0.9909;-8.3178,2.8256,1.4862;-9.7293,2.9841,0.4124;-8.1080,3.4069,-0.1906;-2.9823,-3.5353,0.6258;-2.1788,-2.8835,1.9022;1.9806,-4.0888,0.7551;1.5571,-2.8374,1.9460;2.5340,-2.3596,-1.6141;4.5050,-1.1059,-2.3418;5.7278,-0.6917,1.7273;3.7152,-1.9262,2.4521;6.8255,-0.7407,-2.5602;7.6177,0.7354,-1.9569;5.9007,0.7837,-2.4273;1.8832,0.9650,-1.5531;-0.4161,1.6556,-1.9499;-1.1267,2.7319,-0.7128;2.6391,1.1990,2.0629;4.7677,2.0846,2.9632;6.3905,3.1569,1.4463;5.8765,3.3634,-0.9546;3.7516,2.4771,-1.8417;</g>
		<g id="14" u="A" t="cart/3d">#67,3:-0.6927,1.2458,-0.5425;0.3870,0.5906,-1.4157;0.3645,-0.9254,-1.1889;-1.0696,-1.4433,-1.3751;-2.1060,-0.5991,-0.6144;-1.9717,0.7826,-0.8785;-3.3519,-1.0226,-1.0437;-4.4722,-0.6321,-0.3410;-4.4889,0.3137,0.6691;-5.6747,0.6254,1.3196;-6.8598,-0.0019,0.9635;-6.8395,-0.9486,-0.0631;-5.6630,-1.2606,-0.7040;-8.0764,0.2306,1.5370;-8.1574,1.1795,2.5715;-1.1371,-2.8002,-0.8663;1.1474,-1.6479,-2.1102;2.5561,-1.5487,-1.9334;3.0159,-1.9584,-0.5590;2.7398,-3.2289,-0.0761;3.1319,-3.6160,1.1937;3.8191,-2.7217,2.0071;4.0963,-1.4410,1.5262;3.6955,-1.0650,0.2620;4.2576,-2.9906,3.2695;4.0107,-4.2658,3.8091;1.6418,1.1351,-1.0646;1.6802,2.5326,-1.2271;0.7127,3.1855,-0.4436;-0.5971,2.7596,-0.7408;3.0444,3.0021,-0.7919;3.8635,3.7240,-1.6460;5.1180,4.1300,-1.2233;5.5584,3.8131,0.0501;4.7408,3.0915,0.9042;3.4857,2.6880,0.4865;-0.4629,1.0093,0.5115;0.1696,0.8006,-2.4774;0.7010,-1.1317,-0.1621;-1.3126,-1.3623,-2.4491;-1.9766,-0.7796,0.4727;-3.5884,0.8356,0.9483;-5.6502,1.3685,2.1008;-7.7654,-1.4281,-0.3377;-5.6422,-1.9912,-1.4965;-7.5410,0.8933,3.4301;-9.2040,1.1994,2.8718;-7.8615,2.1763,2.2282;-2.0556,-3.1876,-1.0547;-0.4463,-3.3619,-1.3524;2.8944,-0.5287,-2.1456;2.9600,-2.2268,-2.6922;2.2022,-3.9273,-0.7006;2.8965,-4.6121,1.5338;4.6266,-0.7562,2.1691;3.9012,-0.0665,-0.0935;4.4901,-5.0528,3.2178;2.9378,-4.4707,3.8847;4.4450,-4.2524,4.8077;1.4947,2.7724,-2.2976;-0.8651,3.0041,-1.7791;-1.2613,3.2944,-0.0612;3.5214,3.9690,-2.6410;5.7528,4.6933,-1.8912;6.5384,4.1285,0.3766;5.0825,2.8434,1.8982;2.8385,2.1252,1.1401;</g>
		<g id="15" u="A" t="cart/3d">#67,3:-0.6898,1.2671,-0.4997;0.3920,0.6428,-1.3928;0.3693,-0.8802,-1.2192;-1.0644,-1.3916,-1.4262;-2.1026,-0.5743,-0.6391;-1.9678,0.8158,-0.8547;-3.3474,-0.9828,-1.0860;-4.4695,-0.6164,-0.3733;-5.6593,-1.2322,-0.7605;-6.8375,-0.9420,-0.1127;-6.8607,-0.0305,0.9452;-5.6766,0.5841,1.3258;-4.4890,0.2945,0.6684;-8.0790,0.1827,1.5228;-8.1630,1.0969,2.5879;-1.1325,-2.7652,-0.9644;1.1543,-1.5697,-2.1636;2.5626,-1.4790,-1.9782;3.0162,-1.9414,-0.6185;2.7449,-3.2321,-0.1895;3.1305,-3.6678,1.0665;3.8058,-2.8029,1.9205;4.0781,-1.5020,1.4939;3.6840,-1.0777,0.2430;4.2367,-3.1199,3.1743;3.9937,-4.4172,3.6601;1.6460,1.1747,-1.0201;1.6846,2.5771,-1.1335;0.7153,3.2021,-0.3299;-0.5939,2.7869,-0.6447;3.0480,3.0304,-0.6792;3.8725,3.7749,-1.5084;5.1264,4.1646,-1.0690;5.5609,3.8088,0.1962;4.7380,3.0648,1.0254;3.4834,2.6774,0.5911;-0.4624,0.9938,0.5459;0.1770,0.8897,-2.4471;0.7037,-1.1223,-0.1995;-1.3050,-1.2739,-2.4973;-1.9758,-0.7924,0.4414;-5.6363,-1.9354,-1.5774;-7.7627,-1.4119,-0.4058;-5.6542,1.3003,2.1319;-3.5891,0.8063,0.9677;-7.5494,0.7823,3.4386;-9.2105,1.1072,2.8854;-7.8657,2.1043,2.2787;-2.0501,-3.1465,-1.1687;-0.4398,-3.3095,-1.4671;2.9026,-0.4520,-2.1500;2.9684,-2.1282,-2.7608;2.2166,-3.9080,-0.8458;2.8993,-4.6784,1.3641;4.5992,-0.8406,2.1680;3.8855,-0.0643,-0.0703;2.9215,-4.6314,3.7190;4.4201,-4.4415,4.6618;4.4827,-5.1769,3.0415;1.5015,2.8542,-2.1954;-0.8595,3.0675,-1.6745;-1.2596,3.2976,0.0516;3.5349,4.0504,-2.4969;5.7654,4.7455,-1.7175;6.5407,4.1114,0.5355;5.0752,2.7860,2.0127;2.8322,2.0971,1.2251;</g>
		<g id="16" u="A" t="cart/3d">#67,3:-0.6471,1.3106,-0.4667;0.4089,0.6619,-1.3732;0.3636,-0.8593,-1.1882;-1.0817,-1.3479,-1.3677;-2.0914,-0.5081,-0.5672;-1.9380,0.8775,-0.7969;-3.3515,-0.8989,-0.9869;-4.4525,-0.5090,-0.2537;-4.4328,0.4112,0.7866;-5.6003,0.7167,1.4571;-6.8097,0.1207,1.1060;-6.8280,-0.7922,0.0570;-5.6573,-1.1018,-0.6105;-7.8985,0.4980,1.8379;-9.1467,-0.0646,1.5175;-1.1646,-2.7177,-0.8973;1.1213,-1.5689,-2.1402;2.5338,-1.4986,-1.9802;3.0040,-1.9527,-0.6233;2.7147,-3.2318,-0.1720;3.1149,-3.6588,1.0824;3.8237,-2.7969,1.9119;4.1148,-1.5078,1.4625;3.7059,-1.0919,0.2136;4.2712,-3.1060,3.1619;4.0065,-4.3899,3.6718;1.6778,1.1750,-1.0254;1.7379,2.5759,-1.1488;0.7925,3.2226,-0.3343;-0.5286,2.8274,-0.6245;3.1158,3.0090,-0.7188;3.9397,3.7338,-1.5656;5.2066,4.1052,-1.1480;5.6544,3.7508,0.1128;4.8319,3.0262,0.9597;3.5646,2.6571,0.5472;-0.4066,1.0413,0.5769;0.1805,0.9050,-2.4255;0.7106,-1.0996,-0.1723;-1.3389,-1.2319,-2.4352;-1.9474,-0.7205,0.5121;-3.5181,0.9085,1.0635;-5.5970,1.4304,2.2655;-7.7435,-1.2718,-0.2507;-5.6651,-1.8098,-1.4240;-9.8563,0.3763,2.2160;-9.1434,-1.1522,1.6449;-9.4484,0.1803,0.4938;-2.0916,-3.0850,-1.0845;-0.4890,-3.2758,-1.4081;2.8869,-0.4792,-2.1697;2.9157,-2.1629,-2.7623;2.1601,-3.9052,-0.8090;2.8683,-4.6603,1.3980;4.6623,-0.8486,2.1176;3.9223,-0.0871,-0.1170;4.4493,-4.4089,4.6666;4.4672,-5.1701,3.0571;2.9309,-4.5780,3.7518;1.5428,2.8490,-2.2096;-0.8063,3.1053,-1.6519;-1.1741,3.3540,0.0790;3.5917,4.0084,-2.5508;5.8452,4.6710,-1.8102;6.6439,4.0395,0.4352;5.1793,2.7487,1.9438;2.9134,2.0923,1.1950;</g>
		<g id="17" u="A" t="cart/3d">#67,3:-0.7175,1.1493,-0.5313;0.3393,0.4613,-1.4075;0.2542,-1.0549,-1.1986;-1.1995,-1.5123,-1.3944;-2.2039,-0.6352,-0.6282;-2.0125,0.7431,-0.8776;-3.4641,-1.0034,-1.0662;-4.5700,-0.5798,-0.3597;-4.5530,0.3567,0.6591;-5.7269,0.7047,1.3125;-6.9337,0.1238,0.9506;-6.9471,-0.8135,-0.0848;-5.7825,-1.1617,-0.7285;-8.1414,0.3945,1.5263;-8.1883,1.3347,2.5707;-1.3241,-2.8705,-0.9010;1.0061,-1.8034,-2.1251;2.4196,-1.7090,-2.0049;2.9385,-2.0310,-0.6285;3.7717,-1.1493,0.0401;4.2449,-1.4351,1.3103;3.8765,-2.6191,1.9380;3.0302,-3.5069,1.2710;2.5723,-3.2153,0.0050;4.2768,-3.0022,3.1839;5.1321,-2.1507,3.9052;1.6129,0.9486,-1.0399;1.7119,2.3449,-1.1806;0.7658,3.0276,-0.3962;-0.5582,2.6602,-0.7093;3.0904,2.7484,-0.7246;3.9517,3.4422,-1.5601;5.2181,3.7863,-1.1177;5.6273,3.4370,0.1575;4.7671,2.7437,0.9930;3.5013,2.3999,0.5551;-0.5022,0.8904,0.5206;0.1378,0.6943,-2.4676;0.5790,-1.2840,-0.1727;-1.4352,-1.4095,-2.4683;-2.0860,-0.8316,0.4573;-3.6342,0.8430,0.9430;-5.6760,1.4390,2.1008;-7.8895,-1.2569,-0.3636;-5.7877,-1.8850,-1.5279;-9.2335,1.3889,2.8717;-7.8570,2.3239,2.2378;-7.5825,1.0177,3.4260;-2.2600,-3.2147,-1.0874;-0.6621,-3.4573,-1.3972;2.7605,-0.7099,-2.2992;2.7888,-2.4397,-2.7327;4.0515,-0.2181,-0.4293;4.8936,-0.7228,1.7955;2.7483,-4.4201,1.7707;1.9132,-3.9049,-0.5011;5.3199,-2.6545,4.8522;4.6642,-1.1799,4.0995;6.0823,-1.9975,3.3830;1.5477,2.6093,-2.2489;-0.8072,2.9290,-1.7463;-1.2053,3.2133,-0.0279;3.6336,3.7138,-2.5561;5.8861,4.3273,-1.7714;6.6161,3.7053,0.4998;5.0846,2.4724,1.9893;2.8222,1.8555,1.1914;</g>
		<g id="18" u="A" t="cart/3d">#67,3:-0.7211,1.1102,-0.6149;0.3331,0.3632,-1.4448;0.2590,-1.1330,-1.1195;-1.1931,-1.6121,-1.2700;-2.1969,-0.6851,-0.5639;-2.0162,0.6713,-0.9185;-3.4584,-1.0922,-0.9618;-4.5609,-0.6206,-0.2809;-4.5404,0.3899,0.6644;-5.7110,0.7821,1.2984;-6.9180,0.1714,0.9902;-6.9350,-0.8414,0.0287;-5.7736,-1.2330,-0.5956;-8.1226,0.4808,1.5528;-8.1658,1.4976,2.5230;-1.3061,-2.9300,-0.6751;1.0105,-1.9452,-1.9909;2.4240,-1.8414,-1.8771;2.9412,-2.0703,-0.4814;2.5882,-3.2184,0.2225;3.0439,-3.4251,1.5057;3.8747,-2.4861,2.1201;4.2294,-1.3376,1.4223;3.7583,-1.1372,0.1351;4.2746,-2.7865,3.3886;5.1154,-1.8810,4.0594;1.6065,0.8851,-1.1276;1.6943,2.2669,-1.3771;0.7511,3.0022,-0.6382;-0.5733,2.6040,-0.9094;3.0744,2.7132,-0.9685;3.9221,3.3454,-1.8646;5.1904,3.7308,-1.4640;5.6154,3.4841,-0.1701;4.7688,2.8524,0.7260;3.5009,2.4679,0.3299;-0.4959,0.9338,0.4519;0.1211,0.5127,-2.5178;0.5914,-1.2812,-0.0813;-1.4370,-1.5914,-2.3467;-2.0689,-0.7982,0.5323;-3.6217,0.8995,0.9041;-5.6574,1.5738,2.0289;-7.8777,-1.3077,-0.2090;-5.7817,-2.0144,-1.3384;-9.2091,1.5712,2.8265;-7.8404,2.4595,2.1135;-7.5530,1.2484,3.3956;-2.2407,-3.2930,-0.8293;-0.6430,-3.5483,-1.1296;2.7637,-0.8636,-2.2370;2.7945,-2.6188,-2.5541;1.9412,-3.9471,-0.2429;2.7725,-4.3098,2.0596;4.8656,-0.5879,1.8657;4.0269,-0.2326,-0.3898;6.0656,-1.7471,3.5320;5.3059,-2.3236,5.0359;4.6337,-0.9067,4.1926;1.5177,2.4465,-2.4610;-0.8335,2.7912,-1.9616;-1.2177,3.2039,-0.2662;3.5919,3.5365,-2.8752;5.8479,4.2234,-2.1649;6.6057,3.7842,0.1396;5.0984,2.6613,1.7368;2.8319,1.9712,1.0141;</g>
		<g id="19" u="A" t="cart/3d">#67,3:-0.6774,1.1856,-0.5468;0.3530,0.4414,-1.4086;0.2552,-1.0613,-1.1219;-1.2072,-1.5097,-1.2664;-2.1849,-0.5832,-0.5238;-1.9836,0.7780,-0.8468;-3.4587,-0.9573,-0.9159;-4.5430,-0.4895,-0.2036;-4.4908,0.5022,0.7675;-5.6439,0.8839,1.4238;-6.8706,0.2942,1.1264;-6.9213,-0.6908,0.1459;-5.7652,-1.0764,-0.5071;-7.9426,0.7495,1.8384;-9.2064,0.1934,1.5724;-1.3373,-2.8407,-0.7051;0.9806,-1.8636,-2.0242;2.3972,-1.7875,-1.9267;2.9286,-2.0643,-0.5451;2.5694,-3.2283,0.1290;3.0397,-3.4796,1.3990;3.8913,-2.5705,2.0297;4.2514,-1.4059,1.3620;3.7659,-1.1605,0.0880;4.3052,-2.9149,3.2824;5.1679,-2.0416,3.9679;1.6396,0.9310,-1.0933;1.7504,2.3175,-1.3067;0.8297,3.0498,-0.5378;-0.5051,2.6837,-0.8036;3.1437,2.7251,-0.9022;4.0004,3.3486,-1.7957;5.2812,3.6956,-1.3997;5.7095,3.4190,-0.1129;4.8539,2.7958,0.7806;3.5737,2.4494,0.3890;-0.4437,0.9770,0.5122;0.1315,0.6231,-2.4747;0.5978,-1.2431,-0.0924;-1.4635,-1.4562,-2.3392;-2.0457,-0.7267,0.5673;-3.5615,0.9951,1.0001;-5.6154,1.6534,2.1789;-7.8511,-1.1686,-0.1188;-5.7981,-1.8405,-1.2673;-9.8983,0.6996,2.2440;-9.2252,-0.8819,1.7785;-9.5147,0.3701,0.5366;-2.2795,-3.1835,-0.8592;-0.6892,-3.4580,-1.1821;2.7494,-0.8061,-2.2639;2.7450,-2.5521,-2.6298;1.9068,-3.9342,-0.3491;2.7639,-4.3770,1.9298;4.9033,-0.6780,1.8189;4.0396,-0.2441,-0.4132;5.3668,-2.5167,4.9275;4.7014,-1.0657,4.1383;6.1120,-1.9038,3.4305;1.5656,2.5292,-2.3834;-0.7733,2.9036,-1.8473;-1.1309,3.2779,-0.1372;3.6676,3.5632,-2.8008;5.9457,4.1818,-2.0985;6.7096,3.6888,0.1930;5.1862,2.5814,1.7858;2.8974,1.9596,1.0711;</g>
		<g id="20" u="A" t="cart/3d">#67,3:-0.7070,1.3505,-0.4217;0.4008,0.7917,-1.3251;0.4087,-0.7383,-1.2342;-1.0112,-1.2691,-1.4817;-2.0737,-0.5146,-0.6649;-1.9698,0.8873,-0.8136;-3.3063,-0.9293,-1.1388;-4.4387,-0.6295,-0.4116;-4.4845,0.2317,0.6708;-5.6796,0.4560,1.3398;-6.8455,-0.1749,0.9304;-6.7962,-1.0354,-0.1685;-5.6103,-1.2610,-0.8280;-8.0691,-0.0245,1.5165;-8.1786,0.8358,2.6234;-1.0519,-2.6648,-1.0885;1.2170,-1.3520,-2.2111;2.6206,-1.2754,-1.9814;3.0368,-1.8924,-0.6724;2.9037,-3.2572,-0.4664;3.2497,-3.8387,0.7412;3.7407,-3.0468,1.7733;3.8702,-1.6714,1.5726;3.5182,-1.1030,0.3672;4.1165,-3.5063,3.0000;4.0040,-4.8829,3.2656;1.6359,1.3320,-0.9032;1.6433,2.7412,-0.9564;0.6509,3.3087,-0.1479;-0.6429,2.8768,-0.5017;3.0138,3.1840,-0.5039;4.1118,2.8767,-1.2966;5.3845,3.2287,-0.8857;5.5663,3.8938,0.3156;4.4721,4.2012,1.1056;3.1972,3.8428,0.7017;-0.4859,1.0375,0.6140;0.1993,1.0886,-2.3694;0.7404,-1.0309,-0.2273;-1.2449,-1.1035,-2.5481;-1.9482,-0.7806,0.4049;-3.5997,0.7550,0.9942;-5.6777,1.1344,2.1782;-7.7073,-1.5180,-0.4838;-5.5673,-1.9245,-1.6767;-9.2256,0.8011,2.9211;-7.9118,1.8651,2.3618;-7.5548,0.4999,3.4583;-1.9545,-3.0599,-1.3299;-0.3338,-3.1665,-1.5998;2.9527,-0.2329,-2.0196;3.0513,-1.8259,-2.8233;2.5200,-3.8784,-1.2626;3.1321,-4.9039,0.8629;4.2471,-1.0687,2.3839;3.6051,-0.0354,0.2275;4.3532,-5.0152,4.2886;4.6307,-5.4757,2.5912;2.9662,-5.2240,3.1915;1.4637,3.0502,-2.0127;-0.8982,3.1947,-1.5233;-1.3317,3.3428,0.2036;3.9652,2.3567,-2.2320;6.2355,2.9843,-1.5040;6.5602,4.1708,0.6347;4.6109,4.7186,2.0433;2.3369,4.0722,1.3091;</g>
		<g id="21" u="A" t="cart/3d">#67,3:-0.6192,1.3353,-0.4444;0.4254,0.7302,-1.3930;0.3349,-0.7961,-1.3109;-1.1265,-1.2405,-1.5586;-2.1151,-0.4423,-0.6899;-1.9170,0.9558,-0.8058;-3.3855,-0.7478,-1.1282;-4.4609,-0.4394,-0.3247;-4.4150,0.3995,0.7820;-5.5594,0.6323,1.5189;-6.7722,0.0439,1.1683;-6.8182,-0.7855,0.0525;-5.6706,-1.0236,-0.6804;-7.8374,0.3440,1.9689;-9.0880,-0.2158,1.6534;-1.3207,-2.6545,-1.3293;1.1010,-1.4750,-2.2766;2.5091,-1.4617,-2.0701;2.9116,-2.0178,-0.7296;3.5843,-1.2355,0.1954;3.9303,-1.7376,1.4395;3.5922,-3.0423,1.7806;2.9042,-3.8304,0.8554;2.5728,-3.3228,-0.3815;3.8759,-3.6391,2.9720;4.5832,-2.9046,3.9408;1.7052,1.1857,-1.0029;1.7982,2.5910,-1.0242;0.8641,3.1975,-0.1682;-0.4650,2.8564,-0.4915;3.1849,2.9534,-0.5595;3.5879,2.5664,0.7117;4.8636,2.8645,1.1546;5.7418,3.5504,0.3319;5.3408,3.9380,-0.9348;4.0648,3.6392,-1.3821;-0.3870,0.9881,0.5789;0.2092,1.0524,-2.4257;0.6515,-1.0993,-0.2978;-1.3723,-1.0392,-2.6063;-1.9771,-0.7349,0.3744;-3.4979,0.8925,1.0605;-5.5351,1.2822,2.3793;-7.7384,-1.2557,-0.2557;-5.6944,-1.6688,-1.5435;-9.7767,0.1562,2.4106;-9.0624,-1.3098,1.6953;-9.4338,0.1017,0.6641;-1.0690,-2.8969,-0.3756;-0.7091,-3.1702,-1.9523;2.9000,-0.4447,-2.1817;2.8955,-2.0889,-2.8795;3.8350,-0.2149,-0.0540;4.4579,-1.0995,2.1309;2.6456,-4.8398,1.1342;2.0400,-3.9387,-1.0915;4.7048,-3.5768,4.7888;4.0262,-2.0178,4.2606;5.5699,-2.6021,3.5752;1.6163,2.9435,-2.0633;-0.7307,3.2141,-1.4967;-1.1015,3.3458,0.2462;2.8922,2.0338,1.3405;5.1746,2.5629,2.1441;6.7380,3.7833,0.6780;6.0230,4.4737,-1.5782;3.7531,3.9402,-2.3716;</g>
		<g id="22" u="A" t="cart/3d">#67,3:-0.6181,1.3719,-0.4878;0.4468,0.7475,-1.4006;0.3998,-0.7743,-1.2376;-1.0475,-1.2744,-1.4603;-2.0628,-0.4576,-0.6412;-1.9032,0.9366,-0.8326;-3.3212,-0.8230,-1.0689;-4.4122,-0.4918,-0.2962;-4.3976,0.4095,0.7611;-5.5562,0.6603,1.4696;-6.7523,0.0278,1.1388;-6.7669,-0.8653,0.0724;-5.6052,-1.1208,-0.6319;-7.8339,0.3515,1.9076;-9.0692,-0.2497,1.6085;-1.1990,-2.6785,-1.1494;1.1861,-1.4795,-2.1678;2.5920,-1.4329,-1.9475;2.9876,-1.9572,-0.5920;2.7273,-3.2754,-0.2476;3.0500,-3.7684,1.0055;3.6481,-2.9332,1.9431;3.9055,-1.6037,1.6028;3.5755,-1.1231,0.3536;4.0130,-3.3055,3.2017;3.7980,-4.6377,3.5990;1.7118,1.2597,-1.0343;1.7641,2.6642,-1.1311;0.8105,3.2879,-0.3096;-0.5072,2.8921,-0.6154;3.1382,3.0932,-0.6858;3.9902,3.7779,-1.5383;5.2552,4.1409,-1.1079;5.6731,3.8183,0.1716;4.8229,3.1335,1.0241;3.5578,2.7722,0.5982;-0.3806,1.0864,0.5531;0.2242,1.0073,-2.4493;0.7249,-1.0147,-0.2106;-1.2959,-1.1421,-2.5183;-1.9239,-0.6874,0.4385;-3.4945,0.9366,1.0220;-5.5562,1.3587,2.2914;-7.6734,-1.3714,-0.2193;-5.6048,-1.8145,-1.4569;-9.4067,0.0036,0.5981;-9.7754,0.1517,2.3339;-9.0239,-1.3388,1.7139;-0.5675,-3.2091,-1.7393;-0.9435,-2.8557,-0.1824;2.9621,-0.4100,-2.0720;2.9998,-2.0660,-2.7413;2.2609,-3.9294,-0.9708;2.8337,-4.8000,1.2349;4.3662,-0.9669,2.3416;3.7651,-0.0897,0.1041;2.7337,-4.8951,3.5893;4.1736,-4.7050,4.6188;4.3479,-5.3406,2.9647;1.5736,2.9543,-2.1877;-0.7808,3.1879,-1.6386;-1.1594,3.4015,0.0946;3.6653,4.0277,-2.5378;5.9155,4.6761,-1.7743;6.6611,4.1006,0.5044;5.1470,2.8811,2.0229;2.8837,2.2413,1.2517;</g>
		<g id="23" u="A" t="cart/3d">#67,3:-0.6729,1.2426,-0.5533;0.3927,0.5990,-1.4519;0.3195,-0.9214,-1.2856;-1.1333,-1.3981,-1.5252;-2.1454,-0.5637,-0.7199;-1.9609,0.8282,-0.9110;-3.4038,-0.9094,-1.1621;-4.4987,-0.5638,-0.4014;-4.4855,0.3350,0.6514;-5.6493,0.6094,1.3571;-6.8427,-0.0079,1.0127;-6.8535,-0.9063,-0.0570;-5.6990,-1.1822,-0.7515;-8.0403,0.1903,1.6385;-8.0897,1.0903,2.7173;-1.3140,-2.7982,-1.2152;1.1039,-1.6443,-2.2034;2.5107,-1.5876,-1.9974;2.9251,-2.0397,-0.6219;3.6055,-1.1890,0.2344;3.9661,-1.5957,1.5088;3.6354,-2.8717,1.9505;2.9396,-3.7283,1.0946;2.5938,-3.3157,-0.1733;3.9341,-3.3770,3.1802;4.6537,-2.5718,4.0813;1.6609,1.0910,-1.0685;1.7394,2.4938,-1.1639;0.7846,3.1351,-0.3569;-0.5349,2.7605,-0.6820;3.1143,2.8958,-0.6962;3.9979,3.5549,-1.5364;5.2634,3.8898,-1.0848;5.6500,3.5651,0.2039;4.7678,2.9062,1.0443;3.5027,2.5722,0.5970;-0.4517,0.9550,0.4909;0.1881,0.8610,-2.5037;0.6281,-1.1631,-0.2537;-1.3665,-1.2622,-2.5862;-2.0230,-0.7936,0.3617;-3.5786,0.8510,0.9223;-5.6011,1.3158,2.1708;-7.7866,-1.3782,-0.3202;-5.6969,-1.8771,-1.5751;-9.1252,1.0903,3.0542;-7.8103,2.1036,2.4102;-7.4426,0.7692,3.5404;-1.0694,-2.9819,-0.2467;-0.6919,-3.3431,-1.8017;2.8815,-0.5735,-2.1805;2.9112,-2.2619,-2.7610;3.8509,-0.1895,-0.0928;4.4993,-0.9062,2.1443;2.6869,-4.7146,1.4510;2.0556,-3.9843,-0.8296;4.7887,-3.1788,4.9753;4.0997,-1.6640,4.3420;5.6344,-2.2963,3.6800;1.5714,2.7887,-2.2230;-0.7882,3.0590,-1.7095;-1.1889,3.2822,0.0173;3.6976,3.8067,-2.5430;5.9488,4.4042,-1.7419;6.6382,3.8257,0.5533;5.0677,2.6535,2.0507;2.8045,2.0589,1.2389;</g>
		<g id="24" u="A" t="cart/3d">#67,3:-0.6680,1.2615,-0.5282;0.3989,0.6416,-1.4417;0.3318,-0.8823,-1.3075;-1.1190,-1.3593,-1.5577;-2.1333,-0.5471,-0.7328;-1.9548,0.8495,-0.8933;-3.3911,-0.8879,-1.1806;-4.4860,-0.5630,-0.4111;-4.4746,0.3125,0.6611;-5.6383,0.5674,1.3741;-6.8301,-0.0462,1.0177;-6.8393,-0.9211,-0.0714;-5.6847,-1.1777,-0.7731;-8.0276,0.1344,1.6489;-8.0787,1.0110,2.7468;-1.2939,-2.7668,-1.2792;1.1207,-1.5818,-2.2394;2.5261,-1.5340,-2.0205;2.9263,-2.0292,-0.6557;3.5840,-1.2013,0.2399;3.9286,-1.6474,1.5055;3.6044,-2.9411,1.8983;2.9314,-3.7750,1.0027;2.6013,-3.3229,-0.2560;3.8882,-3.4848,3.1150;4.5828,-2.7032,4.0556;1.6658,1.1309,-1.0507;1.7375,2.5358,-1.1181;0.7823,3.1556,-0.2951;-0.5365,2.7824,-0.6247;3.1122,2.9345,-0.6473;3.5054,2.5911,0.6393;4.7711,2.9212,1.0881;5.6490,3.5959,0.2558;5.2576,3.9404,-1.0263;3.9916,3.6094,-1.4795;-0.4443,0.9526,0.5094;0.1914,0.9245,-2.4875;0.6404,-1.1446,-0.2807;-1.3534,-1.2004,-2.6153;-2.0084,-0.8003,0.3433;-3.5691,0.8257,0.9422;-5.5916,1.2562,2.2029;-7.7711,-1.3903,-0.3437;-5.6814,-1.8541,-1.6120;-9.1139,1.0004,3.0847;-7.8029,2.0315,2.4611;-7.4298,0.6745,3.5622;-1.0483,-2.9712,-0.3151;-0.6694,-3.2957,-1.8778;2.8997,-0.5152,-2.1689;2.9319,-2.1853,-2.8009;3.8238,-0.1888,-0.0497;4.4442,-0.9748,2.1729;2.6836,-4.7753,1.3212;2.0807,-3.9741,-0.9431;5.5673,-2.4040,3.6816;4.7085,-3.3386,4.9308;4.0142,-1.8106,4.3367;1.5643,2.8509,-2.1705;-0.7937,3.1016,-1.6450;-1.1909,3.2863,0.0871;2.8103,2.0660,1.2751;5.0746,2.6533,2.0896;6.6376,3.8534,0.6064;5.9394,4.4675,-1.6770;3.6876,3.8764,-2.4810;</g>
		<g id="25" u="A" t="cart/3d">#67,3:-0.6639,1.3060,-0.5715;0.4261,0.6759,-1.4499;0.4047,-0.8413,-1.2444;-1.0298,-1.3746,-1.4731;-2.0721,-0.5545,-0.6921;-1.9356,0.8368,-0.9212;-3.3168,-0.9565,-1.1260;-4.4259,-0.6211,-0.3814;-4.4463,0.3096,0.6431;-5.6222,0.5705,1.3335;-6.7944,-0.0928,1.0021;-6.7714,-1.0243,-0.0388;-5.6048,-1.2864,-0.7181;-8.0016,0.0891,1.6144;-8.0859,1.0240,2.6609;-1.1601,-2.7718,-1.1246;1.2176,-1.5571,-2.1429;2.6188,-1.4803,-1.9019;3.0012,-1.9629,-0.5272;2.7650,-3.2783,-0.1558;3.0749,-3.7333,1.1147;3.6349,-2.8621,2.0427;3.8678,-1.5354,1.6751;3.5512,-1.0928,0.4086;3.9836,-3.1955,3.3169;3.7955,-4.5234,3.7412;1.6756,1.2219,-1.0788;1.7043,2.6236,-1.2150;0.7259,3.2530,-0.4272;-0.5790,2.8237,-0.7421;3.0626,3.0906,-0.7597;3.9153,3.7693,-1.6162;5.1659,4.1679,-1.1753;5.5690,3.8867,0.1187;4.7179,3.2081,0.9753;3.4670,2.8116,0.5389;-0.4363,1.0553,0.4807;0.2154,0.9018,-2.5089;0.7188,-1.0467,-0.2064;-1.2654,-1.2767,-2.5377;-1.9441,-0.7503,0.3957;-3.5570,0.8610,0.9028;-5.6004,1.3032,2.1248;-7.6882,-1.5322,-0.2921;-5.5767,-2.0060,-1.5198;-9.1236,1.0048,2.9907;-7.8341,2.0339,2.3205;-7.4360,0.7510,3.4991;-0.5131,-3.3078,-1.6924;-0.9132,-2.9178,-0.1502;2.9732,-0.4545,-2.0469;3.0501,-2.1262,-2.6725;2.3276,-3.9601,-0.8712;2.8779,-4.7640,1.3651;4.2982,-0.8703,2.4069;3.7218,-0.0615,0.1374;2.7386,-4.8086,3.7182;4.1536,-4.5576,4.7689;4.3748,-5.2258,3.1334;1.5264,2.8804,-2.2824;-0.8414,3.0842,-1.7777;-1.2518,3.3413,-0.0578;3.6023,3.9866,-2.6271;5.8270,4.6976,-1.8450;6.5460,4.1963,0.4594;5.0304,2.9876,1.9853;2.7927,2.2845,1.1951;</g>
		<g id="26" u="A" t="cart/3d">#67,3:-0.6455,1.3673,-0.4078;0.4214,0.7842,-1.3435;0.3731,-0.7505,-1.3057;-1.0705,-1.2257,-1.5361;-2.0769,-0.4357,-0.6612;-1.9315,0.9630,-0.7896;-3.3400,-0.8128,-1.0814;-4.4373,-0.4657,-0.3195;-5.6411,-1.0472,-0.6973;-6.8065,-0.7830,-0.0022;-6.7834,0.0707,1.0958;-5.5745,0.6548,1.4679;-4.4118,0.3950,0.7700;-7.8664,0.3985,1.8582;-9.1153,-0.1510,1.5174;-1.1570,-2.6507,-1.3086;1.1514,-1.3427,-2.3117;2.5512,-1.3554,-2.0743;2.9328,-2.0193,-0.7772;3.8033,-1.4084,0.1100;4.1470,-2.0163,1.3073;3.6041,-3.2522,1.6380;2.7136,-3.8634,0.7525;2.3870,-3.2554,-0.4396;3.8644,-3.9397,2.7874;4.7697,-3.3865,3.7101;1.6874,1.2478,-0.9213;1.7680,2.6511,-0.9302;0.8062,3.2445,-0.0909;-0.5114,2.8902,-0.4449;3.1355,3.0404,-0.4300;3.8950,3.9928,-1.0920;5.1474,4.3362,-0.6117;5.6457,3.7278,0.5274;4.8878,2.7763,1.1894;3.6341,2.4349,0.7154;-0.4236,1.0199,0.6177;0.2210,1.1220,-2.3746;0.7191,-1.0779,-0.3120;-1.3245,-1.0413,-2.5849;-1.9173,-0.7122,0.4068;-5.6516,-1.7083,-1.5492;-7.7220,-1.2507,-0.3273;-5.5673,1.3228,2.3144;-3.4981,0.8840,1.0649;-9.8204,0.2467,2.2458;-9.1064,-1.2440,1.5836;-9.4269,0.1498,0.5118;-2.0982,-2.9694,-1.5096;-0.9437,-2.8715,-0.3407;2.9550,-0.3361,-2.0986;2.9531,-1.9201,-2.9219;4.2179,-0.4400,-0.1307;4.8321,-1.5126,1.9712;2.2956,-4.8195,1.0262;1.6880,-3.7208,-1.1186;5.7625,-3.2514,3.2686;4.8342,-4.1044,4.5265;4.4126,-2.4278,4.1007;1.6037,3.0124,-1.9696;-0.7594,3.2500,-1.4540;-1.1692,3.3685,0.2816;3.5074,4.4658,-1.9824;5.7355,5.0792,-1.1297;6.6241,3.9952,0.8988;5.2747,2.3009,2.0788;3.0340,1.6934,1.2182;</g>
		<g id="27" u="A" t="cart/3d">#67,3:-0.6644,1.4370,-0.3863;0.4644,0.9295,-1.2926;0.4948,-0.6062,-1.2917;-0.9134,-1.1467,-1.5884;-1.9897,-0.4307,-0.7339;-1.9133,0.9761,-0.8245;-3.2157,-0.8630,-1.2070;-4.3562,-0.5892,-0.4794;-5.5163,-1.2295,-0.9141;-6.7070,-1.0356,-0.2537;-6.7723,-0.1999,0.8638;-5.6172,0.4389,1.2911;-4.4166,0.2467,0.6215;-7.9990,-0.0809,1.4487;-8.1274,0.7580,2.5701;-0.9379,-2.5802,-1.3978;1.3428,-1.1242,-2.2828;2.7229,-1.1328,-1.9515;3.0366,-1.9503,-0.7248;3.8903,-1.4678,0.2604;4.1710,-2.2261,1.3774;3.5937,-3.4862,1.5414;2.7257,-3.9657,0.5665;2.4575,-3.1996,-0.5553;3.9371,-4.1526,2.6815;3.4132,-5.4406,2.8899;1.6889,1.4481,-0.8166;1.6959,2.8529,-0.8006;0.6757,3.3800,0.0153;-0.6085,2.9653,-0.3904;3.0210,3.3177,-0.2515;3.6539,4.4319,-0.7818;4.8623,4.8572,-0.2576;5.4443,4.1695,0.7936;4.8131,3.0568,1.3239;3.6018,2.6335,0.8070;-0.4628,1.0802,0.6401;0.2834,1.2790,-2.3235;0.8217,-0.9439,-0.2952;-1.1368,-0.9481,-2.6415;-1.8533,-0.7245,0.3331;-5.4600,-1.8727,-1.7774;-7.6101,-1.5240,-0.5829;-5.6277,1.0992,2.1437;-3.5412,0.7770,0.9592;-9.1753,0.7026,2.8610;-7.8742,1.7954,2.3282;-7.5034,0.4163,3.4026;-1.8506,-2.9393,-1.6545;-0.7657,-2.8118,-0.4242;3.0940,-0.1095,-1.8198;3.2005,-1.5754,-2.8319;4.3360,-0.4899,0.1480;4.8357,-1.8645,2.1461;2.2555,-4.9317,0.6653;1.7715,-3.5628,-1.3062;2.3209,-5.4247,2.9684;3.8352,-5.7813,3.8342;3.7094,-6.1297,2.0923;1.5440,3.2225,-1.8392;-0.8411,3.3314,-1.4011;-1.3144,3.3947,0.3213;3.2004,4.9667,-1.6034;5.3513,5.7260,-0.6726;6.3890,4.5008,1.1989;5.2645,2.5187,2.1444;3.1005,1.7676,1.2092;</g>
		<g id="28" u="A" t="cart/3d">#67,3:-0.6967,1.3373,-0.4595;0.3998,0.7764,-1.3741;0.3926,-0.7588,-1.3259;-1.0339,-1.2738,-1.5767;-2.0741,-0.5067,-0.7215;-1.9655,0.8951,-0.8566;-3.3202,-0.9216,-1.1557;-4.4370,-0.6014,-0.4107;-4.4536,0.2686,0.6650;-5.6336,0.5076,1.3556;-6.8119,-0.1181,0.9747;-6.7908,-0.9887,-0.1175;-5.6204,-1.2288,-0.7987;-8.0218,0.0461,1.5834;-8.1054,0.9206,2.6815;-1.0861,-2.6996,-1.3437;1.2042,-1.3339,-2.3154;2.5968,-1.3281,-2.0406;2.9557,-2.0189,-0.7508;3.8255,-1.4354,0.1553;4.1514,-2.0695,1.3439;3.5909,-3.3047,1.6466;2.7013,-3.8884,0.7419;2.3928,-3.2547,-0.4417;3.8325,-4.0166,2.7852;4.7377,-3.4930,3.7250;1.6462,1.2781,-0.9371;1.6880,2.6824,-0.9590;0.6979,3.2568,-0.1386;-0.6040,2.8630,-0.5079;3.0358,3.1210,-0.4454;3.5749,2.4948,0.6699;4.8089,2.8877,1.1557;5.5057,3.9119,0.5365;4.9661,4.5416,-0.5719;3.7342,4.1464,-1.0646;-0.4808,1.0044,0.5722;0.2060,1.1007,-2.4108;0.7310,-1.0711,-0.3247;-1.2761,-1.1006,-2.6302;-1.9218,-0.7716,0.3507;-3.5593,0.7895,0.9660;-5.6100,1.1935,2.1876;-7.7116,-1.4670,-0.4105;-5.5981,-1.8995,-1.6425;-9.1470,0.8973,2.9980;-7.8357,1.9445,2.4026;-7.4694,0.5901,3.5095;-0.8905,-2.9097,-0.3698;-2.0128,-3.0456,-1.5657;2.9830,-0.3017,-2.0289;3.0321,-1.8641,-2.8904;4.2554,-0.4686,-0.0646;4.8368,-1.5871,2.0232;2.2699,-4.8446,0.9935;1.6951,-3.6989,-1.1360;4.7868,-4.2270,4.5279;4.3901,-2.5372,4.1313;5.7356,-3.3624,3.2936;1.5268,3.0290,-2.0039;-0.8475,3.2069,-1.5237;-1.2849,3.3293,0.2048;3.0224,1.6968,1.1398;5.2279,2.3957,2.0213;6.4686,4.2195,0.9173;5.5065,5.3412,-1.0564;3.3142,4.6359,-1.9309;</g>
		<g id="29" u="A" t="cart/3d">#67,3:-0.6947,1.2995,-0.5062;0.3960,0.6985,-1.4021;0.3680,-0.8345,-1.3104;-1.0651,-1.3381,-1.5467;-2.0963,-0.5322,-0.7167;-1.9687,0.8634,-0.8929;-3.3469,-0.9433,-1.1412;-4.4607,-0.5873,-0.4080;-5.6514,-1.2106,-0.7798;-6.8197,-0.9360,-0.1080;-6.8312,-0.0340,0.9586;-5.6457,0.5875,1.3234;-4.4677,0.3136,0.6421;-8.0398,0.1629,1.5603;-8.1139,1.0695,2.6327;-1.1355,-2.7554,-1.2708;1.1699,-1.4510,-2.2825;2.5666,-1.4289,-2.0286;2.9453,-2.0324,-0.7016;3.8018,-1.3739,0.1649;4.1448,-1.9268,1.3887;3.6151,-3.1546,1.7674;2.7383,-3.8134,0.9027;2.4126,-3.2601,-0.3161;3.8762,-3.7901,2.9462;4.7712,-3.1893,3.8489;1.6478,1.1948,-0.9745;1.7100,2.5977,-1.0326;0.7248,3.2077,-0.2326;-0.5810,2.8218,-0.5968;3.0627,3.0240,-0.5220;3.8177,3.9690,-1.1997;5.0558,4.3476,-0.7093;5.5447,3.7815,0.4554;4.7913,2.8374,1.1331;3.5515,2.4611,0.6490;-0.4849,0.9928,0.5348;0.2092,0.9967,-2.4478;0.7025,-1.1215,-0.3004;-1.3043,-1.1941,-2.6053;-1.9495,-0.7672,0.3632;-5.6365,-1.9056,-1.6038;-7.7460,-1.4108,-0.3886;-5.6144,1.2967,2.1353;-3.5673,0.8316,0.9295;-9.1562,1.0684,2.9478;-7.8308,2.0815,2.3250;-7.4833,0.7549,3.4709;-2.0670,-3.0959,-1.4808;-0.9402,-2.9388,-0.2915;2.9531,-0.4044,-2.0902;2.9886,-2.0202,-2.8480;4.2066,-0.4115,-0.1136;4.8192,-1.3872,2.0352;2.3305,-4.7626,1.2133;1.7248,-3.7627,-0.9798;5.7644,-3.0612,3.4060;4.8403,-3.8722,4.6944;4.4018,-2.2194,4.1983;1.5602,2.9196,-2.0869;-0.8155,3.1408,-1.6227;-1.2583,3.3171,0.0998;3.4375,4.4089,-2.1099;5.6406,5.0845,-1.2396;6.5122,4.0762,0.8347;5.1707,2.3950,2.0426;2.9552,1.7247,1.1638;</g>
		<g id="30" u="A" t="cart/3d">#67,3:-1.1097,1.4147,0.2103;0.1760,0.6323,-0.0896;0.0395,-0.8035,0.4280;-1.2528,-1.4100,-0.1391;-2.4613,-0.4772,0.0556;-2.2167,0.8309,-0.4214;-3.5077,-1.0306,-0.6613;-4.7891,-0.5715,-0.4381;-5.1133,0.5538,0.2991;-6.4403,0.9216,0.4720;-7.4593,0.1707,-0.0962;-7.1262,-0.9578,-0.8487;-5.8110,-1.3247,-1.0150;-8.7921,0.4432,0.0127;-9.1856,1.5703,0.7558;-1.5261,-2.6494,0.5633;1.0961,-1.6294,0.0061;2.2619,-1.5414,0.8139;3.4234,-2.1829,0.1068;3.2422,-3.2929,-0.7020;4.3105,-3.8941,-1.3464;5.5942,-3.3883,-1.1796;5.7816,-2.2703,-0.3653;4.7092,-1.6757,0.2637;6.7192,-3.8982,-1.7569;6.5949,-5.0260,-2.5878;1.2635,1.2982,0.5159;1.3977,2.6135,0.0262;0.2623,3.3881,0.2950;-0.9036,2.8485,-0.2850;2.6248,3.2081,0.6727;2.5537,4.3487,1.4561;3.7014,4.8538,2.0438;4.9174,4.2193,1.8583;4.9873,3.0759,1.0793;3.8453,2.5718,0.4846;-1.2526,1.4289,1.3050;0.3273,0.5957,-1.1826;-0.0189,-0.7897,1.5265;-1.1118,-1.5386,-1.2263;-2.6999,-0.4346,1.1384;-4.3408,1.1703,0.7290;-6.6557,1.8050,1.0519;-7.9234,-1.5330,-1.2917;-5.5491,-2.1954,-1.5943;-10.2734,1.5894,0.7083;-8.7893,2.4956,0.3249;-8.8715,1.4931,1.8020;-2.3475,-3.0920,0.1654;-0.7358,-3.2741,0.4439;2.0725,-2.0582,1.7714;2.4912,-0.4942,1.0341;2.2464,-3.6843,-0.8382;4.1277,-4.7542,-1.9713;6.7822,-1.8852,-0.2477;4.8685,-0.8080,0.8876;7.6036,-5.2532,-2.9295;5.9582,-4.8200,-3.4544;6.1967,-5.8872,-2.0411;1.5383,2.5581,-1.0790;-0.8274,2.8385,-1.3822;-1.7287,3.4960,0.0135;1.5996,4.8304,1.5957;3.6439,5.7448,2.6514;5.8104,4.6141,2.3201;5.9342,2.5773,0.9327;3.8916,1.6804,-0.1234;</g>
		<g id="31" u="A" t="cart/3d">#67,3:-1.1302,1.3916,0.2164;0.1466,0.6051,-0.1093;-0.0009,-0.8418,0.3732;-1.3013,-1.4221,-0.2030;-2.5000,-0.4836,0.0218;-2.2456,0.8339,-0.4237;-3.5554,-1.0089,-0.7028;-4.8312,-0.5444,-0.4601;-5.1408,0.5655,0.3062;-6.4635,0.9404,0.4967;-7.4926,0.2122,-0.0825;-7.1742,-0.9006,-0.8643;-5.8634,-1.2747,-1.0482;-8.8223,0.4934,0.0417;-9.2012,1.6056,0.8142;-1.5824,-2.6764,0.4694;1.0464,-1.6662,-0.0735;2.2132,-1.6147,0.7351;3.3599,-2.2700,0.0165;4.6502,-1.7864,0.1637;5.7211,-2.3922,-0.4729;5.5079,-3.5002,-1.2845;4.2084,-3.9843,-1.4427;3.1529,-3.3786,-0.7969;6.4808,-4.1750,-1.9604;7.8116,-3.7378,-1.8366;1.2436,1.2456,0.5070;1.3872,2.5713,0.0495;0.2605,3.3496,0.3427;-0.9133,2.8352,-0.2444;2.6223,3.1395,0.7045;2.5653,4.2647,1.5111;3.7199,4.7460,2.1053;4.9287,4.1032,1.9031;4.9845,2.9753,1.1007;3.8356,2.4948,0.4997;-1.2673,1.3801,1.3120;0.2923,0.5942,-1.2036;-0.0546,-0.8545,1.4720;-1.1665,-1.5245,-1.2936;-2.7324,-0.4656,1.1066;-4.3603,1.1647,0.7457;-6.6674,1.8114,1.0992;-7.9792,-1.4582,-1.3154;-5.6128,-2.1335,-1.6498;-10.2890,1.6351,0.7744;-8.7996,2.5376,0.4029;-8.8809,1.5007,1.8561;-2.4099,-3.1011,0.0648;-0.7988,-3.3054,0.3293;2.0136,-2.1434,1.6841;2.4636,-0.5760,0.9727;4.8287,-0.9230,0.7890;6.7110,-1.9876,-0.3309;4.0566,-4.8424,-2.0783;2.1501,-3.7531,-0.9264;8.4033,-4.4175,-2.4479;8.1582,-3.7908,-0.7993;7.9366,-2.7159,-2.2097;1.5225,2.5422,-1.0575;-0.8426,2.8516,-1.3419;-1.7308,3.4828,0.0741;1.6167,4.7529,1.6637;3.6734,5.6249,2.7312;5.8273,4.4795,2.3698;5.9262,2.4708,0.9410;3.8703,1.6159,-0.1271;</g>
		<g id="32" u="A" t="cart/3d">#67,3:-1.0866,1.5055,0.2207;0.2165,0.8086,-0.1968;0.1493,-0.6735,0.1879;-1.1523,-1.2793,-0.3599;-2.3818,-0.4098,-0.0460;-2.1953,0.9397,-0.4227;-3.4355,-0.9404,-0.7690;-4.7217,-0.5432,-0.4683;-5.0544,0.5081,0.3678;-6.3853,0.8170,0.6117;-7.3999,0.0809,0.0168;-7.0587,-0.9723,-0.8346;-5.7395,-1.2813,-1.0716;-8.7359,0.3002,0.1891;-9.1379,1.3512,1.0323;-1.3494,-2.5749,0.2620;1.1922,-1.4371,-0.3619;2.4276,-1.3333,0.3172;3.4261,-2.3036,-0.2556;4.7323,-2.2948,0.2112;5.6768,-3.1789,-0.2808;5.3216,-4.0962,-1.2638;4.0103,-4.1046,-1.7385;3.0775,-3.2204,-1.2390;6.1640,-5.0124,-1.8211;7.4994,-5.0507,-1.3824;1.3003,1.4525,0.4414;1.3697,2.8105,0.0928;0.2064,3.5122,0.4626;-0.9547,2.9868,-0.1383;2.5399,3.4625,0.7878;2.9960,4.6927,0.3341;4.0504,5.3198,0.9729;4.6574,4.7199,2.0637;4.2027,3.4938,2.5171;3.1426,2.8669,1.8851;-1.1864,1.4106,1.3163;0.3309,0.8843,-1.2920;0.1559,-0.7569,1.2863;-1.0590,-1.3240,-1.4589;-2.5809,-0.4624,1.0443;-4.2869,1.1132,0.8219;-6.6074,1.6435,1.2680;-7.8527,-1.5360,-1.2976;-5.4712,-2.0933,-1.7281;-10.2267,1.3386,1.0202;-8.7840,2.3202,0.6653;-8.7867,1.2012,2.0587;-2.1675,-3.0230,-0.1365;-0.5403,-3.1569,0.0719;2.2742,-1.5527,1.3876;2.8189,-0.3095,0.2440;5.0208,-1.5847,0.9732;6.6819,-3.1405,0.1089;3.7476,-4.8188,-2.5028;2.0665,-3.2283,-1.6124;7.9752,-5.8452,-1.9553;7.5664,-5.2859,-0.3150;8.0156,-4.1053,-1.5790;1.4882,2.8843,-1.0130;-0.9114,3.0866,-1.2329;-1.7944,3.5673,0.2449;2.5184,5.1574,-0.5155;4.4007,6.2775,0.6176;5.4831,5.2087,2.5596;4.6723,3.0244,3.3690;2.7779,1.9131,2.2309;</g>
		<g id="33" u="A" t="cart/3d">#67,3:-1.0544,1.4935,0.2816;0.2167,0.7039,-0.0595;0.0432,-0.7497,0.3887;-1.2593,-1.3108,-0.2324;-2.4496,-0.3678,0.0226;-2.1721,0.9630,-0.3751;-3.5115,-0.8394,-0.7184;-4.7816,-0.3955,-0.4221;-5.0765,0.6994,0.3807;-6.3920,1.0489,0.6141;-7.4392,0.3240,0.0500;-7.1407,-0.7640,-0.7638;-5.8238,-1.1175,-0.9910;-8.6985,0.7588,0.3498;-9.7922,0.0696,-0.2034;-1.5838,-2.6341,0.2497;1.0815,-1.5917,-0.0440;2.2586,-1.5340,0.7482;3.3985,-2.1977,0.0261;4.7058,-1.7790,0.2520;5.7607,-2.3930,-0.3872;5.5342,-3.4415,-1.2805;4.2294,-3.8577,-1.5155;3.1777,-3.2383,-0.8607;6.6449,-3.9778,-1.8609;6.4813,-5.0366,-2.7721;1.3162,1.3194,0.5788;1.4739,2.6557,0.1558;0.3527,3.4350,0.4647;-0.8230,2.9466,-0.1408;2.7112,3.1951,0.8307;2.6617,4.3051,1.6588;3.8175,4.7607,2.2704;5.0201,4.1073,2.0644;5.0685,2.9946,1.2405;3.9184,2.5400,0.6218;-1.1947,1.4578,1.3769;0.3674,0.7175,-1.1526;-0.0287,-0.7712,1.4904;-1.1174,-1.3807,-1.3156;-2.6863,-0.3728,1.1098;-4.2872,1.2974,0.8066;-6.6322,1.8972,1.2352;-7.9221,-1.3476,-1.2241;-5.5819,-1.9621,-1.6155;-10.6798,0.5842,0.1616;-9.8194,-0.9744,0.1261;-9.7790,0.1047,-1.2977;-1.7272,-2.6233,1.2550;-0.8067,-3.2543,0.0502;2.0719,-2.0513,1.7070;2.5144,-0.4941,0.9731;4.8952,-0.9651,0.9373;6.7777,-2.0765,-0.2171;4.0161,-4.6616,-2.2024;2.1658,-3.5596,-1.0509;6.0178,-5.9079,-2.2980;7.4853,-5.2993,-3.1020;5.8842,-4.7338,-3.6385;1.6136,2.6526,-0.9507;-0.7474,2.9902,-1.2371;-1.6366,3.5920,0.1911;1.7179,4.8019,1.8140;3.7768,5.6279,2.9128;5.9195,4.4635,2.5447;6.0047,2.4815,1.0772;3.9486,1.6731,-0.0217;</g>
		<g id="34" u="A" t="cart/3d">#67,3:-1.1091,1.4033,0.2646;0.1786,0.6429,-0.0796;0.0346,-0.8176,0.3566;-1.2544,-1.4006,-0.2726;-2.4648,-0.4850,-0.0123;-2.2147,0.8551,-0.3980;-3.5152,-0.9726,-0.7588;-4.7943,-0.5521,-0.4676;-5.1136,0.5266,0.3390;-6.4404,0.8624,0.5723;-7.4641,0.1261,-0.0055;-7.1370,-0.9551,-0.8275;-5.8226,-1.2909,-1.0528;-8.7977,0.3703,0.1576;-9.1851,1.4520,0.9677;-1.5525,-2.7343,0.1970;1.0920,-1.6330,-0.0802;2.2654,-1.5573,0.7168;3.4284,-2.1621,-0.0199;3.2458,-3.1954,-0.9238;4.3187,-3.7609,-1.5926;5.6068,-3.2969,-1.3548;5.7948,-2.2552,-0.4446;4.7187,-1.6950,0.2087;6.7359,-3.7784,-1.9476;6.6115,-4.8292,-2.8743;1.2634,1.2763,0.5663;1.3949,2.6184,0.1533;0.2571,3.3723,0.4655;-0.9068,2.8640,-0.1464;2.6196,3.1770,0.8353;3.8409,2.5514,0.6182;4.9805,3.0225,1.2439;4.9074,4.1225,2.0828;3.6907,4.7464,2.2972;2.5453,4.2739,1.6786;-1.2506,1.3565,1.3595;0.3314,0.6682,-1.1721;-0.0399,-0.8496,1.4578;-1.1091,-1.4578,-1.3561;-2.7032,-0.5037,1.0746;-4.3381,1.1342,0.7770;-6.6512,1.7099,1.2054;-7.9393,-1.5188,-1.2759;-5.5607,-2.1254,-1.6822;-8.8399,1.3272,1.9995;-10.2740,1.4571,0.9521;-8.8142,2.4040,0.5736;-1.6957,-2.7364,1.2023;-0.7642,-3.3378,-0.0093;2.0941,-2.1066,1.6605;2.4859,-0.5159,0.9699;2.2468,-3.5537,-1.1160;4.1350,-4.5609,-2.2923;6.7990,-1.9010,-0.2727;4.8782,-0.8857,0.9068;7.6240,-5.0468,-3.2109;6.0001,-4.5376,-3.7346;6.1845,-5.7253,-2.4121;1.5370,2.6264,-0.9528;-0.8299,2.9171,-1.2421;-1.7342,3.4903,0.1882;3.8903,1.6942,-0.0370;5.9278,2.5324,1.0742;5.7985,4.4918,2.5687;3.6308,5.6038,2.9512;1.5909,4.7483,1.8392;</g>
		<g id="35" u="A" t="cart/3d">#67,3:-1.1061,1.4357,0.2632;0.1873,0.6914,-0.0951;0.0570,-0.7758,0.3223;-1.2303,-1.3616,-0.3079;-2.4473,-0.4597,-0.0323;-2.2095,0.8869,-0.4026;-3.4962,-0.9474,-0.7809;-4.7783,-0.5463,-0.4759;-5.1048,0.5212,0.3427;-6.4339,0.8376,0.5897;-7.4527,0.0928,0.0143;-7.1184,-0.9768,-0.8200;-5.8017,-1.2934,-1.0591;-8.7879,0.3177,0.1908;-9.1826,1.3870,1.0137;-1.5152,-2.7033,0.1471;1.1172,-1.5790,-0.1297;2.2945,-1.5029,0.6595;3.4383,-2.1679,-0.0552;3.2229,-3.2054,-0.9469;4.2791,-3.8264,-1.5929;5.5829,-3.4152,-1.3439;5.8040,-2.3697,-0.4455;4.7448,-1.7541,0.1848;6.6975,-3.9534,-1.9147;6.5394,-5.0093,-2.8304;1.2684,1.3254,0.5566;1.3865,2.6747,0.1631;0.2425,3.4137,0.4876;-0.9179,2.9033,-0.1290;2.6064,3.2361,0.8520;3.8345,2.6279,0.6244;4.9696,3.1029,1.2552;4.8852,4.1895,2.1104;3.6618,4.7962,2.3355;2.5211,4.3198,1.7114;-1.2434,1.3734,1.3578;0.3366,0.7327,-1.1877;-0.0112,-0.8223,1.4236;-1.0890,-1.4049,-1.3926;-2.6818,-0.4933,1.0550;-4.3334,1.1350,0.7792;-6.6505,1.6767,1.2319;-7.9171,-1.5473,-1.2664;-5.5343,-2.1193,-1.6975;-10.2714,1.3774,1.0075;-8.8281,2.3473,0.6247;-8.8265,1.2580,2.0413;-1.6553,-2.7183,1.1528;-0.7223,-3.2975,-0.0683;2.1132,-2.0089,1.6255;2.5430,-0.4583,0.8719;2.2121,-3.5231,-1.1481;4.0699,-4.6276,-2.2842;6.8203,-2.0570,-0.2645;4.9299,-0.9426,0.8740;7.5457,-5.2744,-3.1512;5.9519,-4.7022,-3.7018;6.0684,-5.8804,-2.3632;1.5271,2.7002,-0.9429;-0.8436,2.9718,-1.2240;-1.7503,3.5175,0.2155;3.8931,1.7812,-0.0436;5.9223,2.6263,1.0770;5.7728,4.5617,2.6006;3.5930,5.6429,3.0023;1.5614,4.7801,1.8812;</g>
		<g id="36" u="A" t="cart/3d">#67,3:-1.0852,1.4242,0.3281;0.1727,0.6355,-0.0597;-0.0108,-0.8332,0.3323;-1.3253,-1.3554,-0.2976;-2.5022,-0.4121,0.0134;-2.2166,0.9312,-0.3342;-3.5805,-0.8419,-0.7290;-4.8404,-0.3957,-0.3952;-5.1095,0.6698,0.4550;-6.4168,1.0252,0.7228;-7.4814,0.3358,0.1470;-7.2089,-0.7226,-0.7138;-5.9001,-1.0822,-0.9756;-8.7305,0.7734,0.4835;-9.8411,0.1200,-0.0796;-1.6581,-2.6948,0.1306;1.0165,-1.6650,-0.1435;2.1982,-1.6553,0.6450;3.3412,-2.2438,-0.1349;4.6355,-1.7962,0.0775;5.7053,-2.3407,-0.6136;5.4870,-3.3480,-1.5463;4.1835,-3.7940,-1.7695;3.1282,-3.2509,-1.0694;6.4585,-3.9552,-2.2847;7.7929,-3.5509,-2.1024;1.2868,1.2139,0.5882;1.4537,2.5636,0.2146;0.3455,3.3424,0.5681;-0.8434,2.8902,-0.0403;2.7055,3.0625,0.8937;3.9041,2.4103,0.6328;5.0673,2.8261,1.2542;5.0406,3.8969,2.1328;3.8464,4.5471,2.3909;2.6775,4.1301,1.7765;-1.2124,1.3473,1.4230;0.3104,0.6907,-1.1531;-0.0736,-0.8983,1.4327;-1.1970,-1.3794,-1.3844;-2.7224,-0.4588,1.1032;-4.3066,1.2411,0.8917;-6.6370,1.8509,1.3807;-8.0044,-1.2783,-1.1841;-5.6783,-1.9041,-1.6368;-9.8438,0.1983,-1.1717;-10.7164,0.6307,0.3191;-9.8768,-0.9358,0.2089;-1.7831,-2.7280,1.1378;-0.8938,-3.3155,-0.1119;2.0234,-2.2513,1.5594;2.4421,-0.6334,0.9505;4.8176,-1.0102,0.7969;6.6984,-1.9672,-0.4186;4.0274,-4.5727,-2.4992;2.1223,-3.5943,-1.2506;8.3824,-4.1651,-2.7814;8.1296,-3.7240,-1.0749;7.9328,-2.4952,-2.3576;1.5794,2.6016,-0.8929;-0.7814,2.9758,-1.1349;-1.6454,3.5308,0.3273;3.9164,1.5757,-0.0528;5.9973,2.3157,1.0507;5.9502,4.2225,2.6158;3.8226,5.3815,3.0762;1.7400,4.6248,1.9714;</g>
		<g id="37" u="A" t="cart/3d">#67,3:-1.0836,1.4700,0.3370;0.1842,0.7085,-0.0734;0.0238,-0.7702,0.2896;-1.2877,-1.2993,-0.3409;-2.4763,-0.3793,-0.0068;-2.2114,0.9744,-0.3293;-3.5511,-0.8103,-0.7537;-4.8166,-0.3919,-0.4050;-5.0991,0.6502,0.4694;-6.4108,0.9777,0.7509;-7.4666,0.2833,0.1651;-7.1809,-0.7512,-0.7200;-5.8676,-1.0831,-0.9956;-8.7211,0.6921,0.5171;-9.8233,0.0321,-0.0545;-1.5986,-2.6507,0.0657;1.0570,-1.5806,-0.2096;2.2450,-1.5683,0.5668;3.3562,-2.2466,-0.1855;4.6716,-1.8570,0.0119;5.7131,-2.4855,-0.6504;5.4449,-3.5206,-1.5387;4.1206,-3.9087,-1.7469;3.0936,-3.2819,-1.0754;6.3851,-4.2088,-2.2460;7.7381,-3.8648,-2.0778;1.2927,1.2900,0.5816;1.4369,2.6505,0.2382;0.3179,3.4040,0.6119;-0.8660,2.9466,-0.0020;2.6820,3.1555,0.9255;3.8916,2.5313,0.6482;5.0487,2.9546,1.2760;5.0048,4.0054,2.1777;3.7996,4.6279,2.4524;2.6370,4.2030,1.8315;-1.2034,1.3685,1.4307;0.3154,0.7885,-1.1661;-0.0286,-0.8575,1.3893;-1.1658,-1.3025,-1.4288;-2.6915,-0.4504,1.0826;-4.3036,1.2252,0.9147;-6.6414,1.7851,1.4278;-7.9693,-1.3094,-1.1991;-5.6353,-1.8864,-1.6757;-9.8392,-1.0302,0.2105;-9.8335,0.1345,-1.1446;-10.7052,0.5185,0.3599;-1.7175,-2.7032,1.0728;-0.8269,-3.2560,-0.1915;2.0587,-2.1011,1.5173;2.5290,-0.5397,0.8110;4.8926,-1.0504,0.6968;6.7237,-2.1552,-0.4680;3.9257,-4.7099,-2.4421;2.0719,-3.5817,-1.2453;8.2962,-4.5373,-2.7274;8.0650,-4.0091,-1.0427;7.9313,-2.8298,-2.3788;1.5589,2.7155,-0.8685;-0.8093,3.0559,-1.0948;-1.6765,3.5669,0.3816;3.9180,1.7128,-0.0560;5.9873,2.4661,1.0592;5.9097,4.3373,2.6652;3.7623,5.4467,3.1556;1.6913,4.6763,2.0391;</g>
		<g id="38" u="A" t="cart/3d">#67,3:-1.1302,1.3801,0.2637;0.1477,0.6144,-0.1043;-0.0081,-0.8532,0.3029;-1.3057,-1.4105,-0.3321;-2.5057,-0.4892,-0.0445;-2.2452,0.8567,-0.4029;-3.5654,-0.9506,-0.7942;-4.8388,-0.5267,-0.4839;-5.1430,0.5384,0.3461;-6.4652,0.8795,0.5973;-7.4994,0.1621,0.0144;-7.1874,-0.9055,-0.8310;-5.8775,-1.2466,-1.0742;-8.8296,0.4129,0.1937;-9.2019,1.4821,1.0272;-1.6145,-2.7511,0.1096;1.0400,-1.6690,-0.1545;2.2139,-1.6265,0.6439;3.3646,-2.2402,-0.1046;4.6549,-1.7752,0.0932;5.7313,-2.3423,-0.5689;5.5236,-3.3911,-1.4574;4.2240,-3.8554,-1.6658;3.1623,-3.2891,-0.9946;6.5022,-4.0235,-2.1646;7.8329,-3.6010,-1.9970;1.2432,1.2240,0.5469;1.3847,2.5728,0.1602;0.2567,3.3313,0.4955;-0.9164,2.8469,-0.1186;2.6191,3.1060,0.8450;3.8336,2.4762,0.6037;4.9817,2.9238,1.2310;4.9240,4.0044,2.0960;3.7141,4.6325,2.3344;2.5603,4.1836,1.7141;-1.2654,1.3121,1.3583;0.2939,0.6604,-1.1970;-0.0787,-0.9069,1.4036;-1.1669,-1.4451,-1.4174;-2.7376,-0.5289,1.0433;-4.3591,1.1316,0.7889;-6.6642,1.7162,1.2483;-7.9978,-1.4547,-1.2830;-5.6272,-2.0709,-1.7215;-10.2907,1.4956,1.0210;-8.8270,2.4385,0.6477;-8.8489,1.3354,2.0534;-1.7456,-2.7758,1.1162;-0.8373,-3.3598,-0.1214;2.0328,-2.1890,1.5780;2.4519,-0.5933,0.9146;4.8288,-0.9572,0.7783;6.7211,-1.9542,-0.3863;4.0761,-4.6667,-2.3609;2.1596,-3.6474,-1.1644;7.9651,-2.5565,-2.2980;8.4290,-4.2396,-2.6471;8.1681,-3.7262,-0.9621;1.5195,2.6020,-0.9464;-0.8462,2.9218,-1.2135;-1.7353,3.4742,0.2345;3.8701,1.6342,-0.0719;5.9241,2.4309,1.0424;5.8219,4.3552,2.5831;3.6662,5.4746,3.0090;1.6108,4.6609,1.8940;</g>
		<g id="39" u="A" t="cart/3d">#67,3:-1.1299,1.4224,0.2581;0.1566,0.6805,-0.1288;0.0218,-0.7956,0.2547;-1.2730,-1.3599,-0.3800;-2.4830,-0.4591,-0.0710;-2.2417,0.8952,-0.4107;-3.5416,-0.9227,-0.8209;-4.8184,-0.5231,-0.4931;-5.1311,0.5244,0.3562;-6.4559,0.8409,0.6250;-7.4844,0.1166,0.0406;-7.1642,-0.9325,-0.8247;-5.8516,-1.2495,-1.0853;-8.8166,0.3436,0.2365;-9.1973,1.3926,1.0915;-1.5614,-2.7108,0.0436;1.0750,-1.5932,-0.2221;2.2547,-1.5453,0.5646;3.3791,-2.2409,-0.1518;4.6909,-1.8507,0.0670;5.7450,-2.4947,-0.5595;5.4934,-3.5468,-1.4328;4.1729,-3.9353,-1.6627;3.1331,-3.2927,-1.0267;6.4470,-4.2515,-2.1049;7.7972,-3.9089,-1.9121;1.2466,1.2936,0.5289;1.3676,2.6515,0.1673;0.2299,3.3879,0.5182;-0.9380,2.8979,-0.1010;2.5947,3.1913,0.8604;3.8198,2.5886,0.6044;4.9612,3.0442,1.2381;4.8862,4.1061,2.1246;3.6657,4.7073,2.3781;2.5188,4.2500,1.7511;-1.2579,1.3348,1.3521;0.2973,0.7471,-1.2211;-0.0395,-0.8674,1.3552;-1.1409,-1.3764,-1.4665;-2.7072,-0.5180,1.0175;-4.3522,1.1228,0.8008;-6.6615,1.6641,1.2909;-7.9703,-1.4869,-1.2778;-5.5949,-2.0597,-1.7477;-10.2863,1.3887,1.0964;-8.8417,2.3612,0.7246;-8.8315,1.2344,2.1116;-1.6872,-2.7519,1.0503;-0.7772,-3.3057,-0.1998;2.0630,-2.0463,1.5313;2.5288,-0.5068,0.7767;4.8991,-1.0313,0.7405;6.7523,-2.1635,-0.3613;3.9909,-4.7497,-2.3460;2.1145,-3.5932,-1.2134;8.0014,-2.8809,-2.2293;8.3675,-4.5964,-2.5349;8.0993,-4.0335,-0.8670;1.5001,2.7032,-0.9389;-0.8720,2.9920,-1.1946;-1.7646,3.5077,0.2647;3.8705,1.7609,-0.0877;5.9118,2.5721,1.0380;5.7788,4.4631,2.6171;3.6041,5.5348,3.0694;1.5614,4.7067,1.9423;</g>
		<g id="40" u="A" t="cart/3d">#67,3:-1.0862,1.5208,0.2887;0.1950,0.7681,-0.0912;0.0808,-0.7162,0.2846;-1.2193,-1.2774,-0.3158;-2.4241,-0.3552,0.0040;-2.2011,0.9872,-0.3732;-3.5020,-0.8623,-0.6995;-4.7731,-0.4115,-0.4050;-5.8146,-1.1188,-0.9921;-7.1313,-0.7670,-0.7603;-7.4282,0.3043,0.0758;-6.3799,1.0140,0.6576;-5.0649,0.6660,0.4210;-8.6857,0.7357,0.3821;-9.7812,0.0637,-0.1892;-1.4321,-2.6307,0.1453;1.1425,-1.4668,-0.2342;2.2985,-1.4994,0.5855;3.3738,-2.2840,-0.1131;4.7011,-1.8957,-0.0406;5.6980,-2.6300,-0.6635;5.3686,-3.7713,-1.3842;4.0301,-4.1600,-1.4662;3.0489,-3.4278,-0.8352;6.2613,-4.5687,-2.0388;7.6247,-4.2296,-1.9918;1.2869,1.3763,0.5658;1.4193,2.7293,0.1925;0.2846,3.4782,0.5311;-0.8847,2.9906,-0.0866;2.6468,3.2694,0.8846;2.5750,4.3393,1.7622;3.7231,4.7971,2.3867;4.9405,4.1853,2.1440;5.0113,3.1122,1.2706;3.8688,2.6560,0.6394;-1.2159,1.4465,1.3834;0.3372,0.8339,-1.1838;0.0507,-0.8026,1.3834;-1.1025,-1.3123,-1.4035;-2.6189,-0.3882,1.1012;-5.5771,-1.9489,-1.6383;-7.9125,-1.3382,-1.2358;-6.6189,1.8496,1.2960;-4.2753,1.2516,0.8622;-9.8137,-0.9872,0.1169;-9.7652,0.1236,-1.2823;-10.6673,0.5739,0.1854;-2.2511,-3.0187,-0.3088;-1.5878,-2.6469,1.1485;2.0477,-1.9852,1.5453;2.6442,-0.4818,0.8035;4.9703,-1.0077,0.5142;6.7211,-2.2977,-0.5818;3.7898,-5.0464,-2.0318;2.0139,-3.7232,-0.9020;8.1394,-4.9948,-2.5710;8.0068,-4.2362,-0.9655;7.8123,-3.2493,-2.4425;1.5564,2.7709,-0.9136;-0.8145,3.0722,-1.1811;-1.7080,3.6106,0.2699;1.6201,4.8042,1.9453;3.6647,5.6330,3.0679;5.8339,4.5428,2.6344;5.9596,2.6320,1.0792;3.9151,1.8200,-0.0426;</g>
		<g id="41" u="A" t="cart/3d">#67,3:-0.9964,1.6300,0.3226;0.3184,0.9858,-0.1361;0.2874,-0.5302,0.1080;-1.0029,-1.1128,-0.4931;-2.2438,-0.2828,-0.0785;-2.0943,1.0918,-0.3624;-3.3128,-0.7930,-0.7933;-4.5959,-0.4161,-0.4499;-5.6180,-1.1199,-1.0744;-6.9437,-0.8379,-0.8021;-7.2695,0.1581,0.1127;-6.2407,0.8636,0.7332;-4.9169,0.5855,0.4568;-8.5379,0.5177,0.4629;-9.6153,-0.1487,-0.1480;-1.1296,-2.5061,-0.1273;1.3500,-1.1959,-0.5101;2.5908,-1.1312,0.1644;3.5006,-2.2073,-0.3650;4.8777,-2.0207,-0.3988;5.7103,-3.0190,-0.8579;5.1820,-4.2306,-1.3050;3.8050,-4.4186,-1.2779;2.9786,-3.4128,-0.8063;6.0909,-5.1493,-1.7431;5.6182,-6.3857,-2.2173;1.3834,1.5869,0.5713;1.4428,2.9677,0.3286;0.2647,3.6272,0.7260;-0.8812,3.1343,0.0717;2.6003,3.5806,1.0804;2.7541,4.9606,1.0628;3.8079,5.5488,1.7381;4.7159,4.7634,2.4292;4.5624,3.3882,2.4473;3.5059,2.7954,1.7768;-1.0992,1.4590,1.4093;0.4445,1.1592,-1.2188;0.3074,-0.7062,1.1980;-0.9174,-1.0636,-1.5833;-2.4086,-0.4040,1.0173;-5.3582,-1.8910,-1.7822;-7.7092,-1.4035,-1.3088;-6.5022,1.6403,1.4341;-4.1445,1.1678,0.9316;-9.6084,-1.2196,0.0801;-9.6122,-0.0083,-1.2338;-10.5146,0.3013,0.2698;-1.9446,-2.9017,-0.5825;-1.2493,-2.6024,0.8764;2.4305,-1.2838,1.2455;3.0515,-0.1428,0.0338;5.3014,-1.0856,-0.0616;6.7801,-2.8847,-0.8871;3.3624,-5.3414,-1.6187;1.9090,-3.5533,-0.7904;5.0856,-6.9396,-1.4371;6.5037,-6.9459,-2.5142;4.9624,-6.2603,-3.0851;1.5786,3.1238,-0.7685;-0.8242,3.3126,-1.0123;-1.7334,3.6757,0.4837;2.0388,5.5649,0.5268;3.9220,6.6226,1.7240;5.5403,5.2236,2.9536;5.2664,2.7722,2.9872;3.3746,1.7254,1.7913;</g>
		<g id="42" u="A" t="cart/3d">#67,3:-1.0498,1.5555,0.2718;0.2687,0.9242,-0.1977;0.2256,-0.5818,0.0756;-1.0644,-1.1801,-0.5386;-2.3101,-0.3691,-0.1407;-2.1478,1.0129,-0.4059;-3.3649,-0.8451,-0.8880;-4.6504,-0.5240,-0.5101;-4.9895,0.4574,0.4053;-6.3206,0.6980,0.7181;-7.3293,-0.0368,0.1128;-6.9828,-1.0196,-0.8177;-5.6637,-1.2616,-1.1224;-8.6653,0.1193,0.3469;-9.0725,1.1023,1.2659;-1.2586,-2.5671,-0.1837;1.2802,-1.3037,-0.5038;2.5471,-1.1205,0.0958;3.5015,-2.1908,-0.3635;3.2067,-3.0159,-1.4349;4.0970,-3.9916,-1.8540;5.3117,-4.1506,-1.1993;5.6143,-3.3169,-0.1207;4.7199,-2.3533,0.2895;6.2627,-5.0724,-1.5220;6.0170,-5.9400,-2.6014;1.3356,1.5419,0.4944;1.3735,2.9242,0.2515;0.1939,3.5676,0.6647;-0.9533,3.0615,0.0227;2.5356,3.5495,0.9865;3.5046,2.7706,1.5998;4.5648,3.3742,2.2546;4.6599,4.7540,2.3025;3.6896,5.5326,1.6934;2.6313,4.9339,1.0346;-1.1406,1.3811,1.3592;0.3818,1.0871,-1.2832;0.2269,-0.7284,1.1718;-0.9743,-1.1289,-1.6286;-2.4975,-0.5031,0.9480;-4.2282,1.0636,0.8692;-6.5471,1.4716,1.4349;-7.7737,-1.5831,-1.2863;-5.3867,-2.0201,-1.8359;-10.1600,1.0509,1.2903;-8.7657,2.1040,0.9471;-8.6796,0.9044,2.2688;-1.3512,-2.6692,0.8223;-0.4460,-3.0976,-0.4781;2.4468,-1.1558,1.1920;2.9497,-0.1307,-0.1650;2.2655,-2.8938,-1.9469;3.8291,-4.6164,-2.6914;6.5604,-3.4499,0.3796;4.9669,-1.7164,1.1266;6.8976,-6.5765,-2.6741;5.8908,-5.3897,-3.5395;5.1345,-6.5635,-2.4243;1.4928,3.0810,-0.8478;-0.9110,3.2422,-1.0615;-1.8074,3.5916,0.4450;3.4195,1.6965,1.5640;5.3176,2.7631,2.7303;5.4872,5.2226,2.8147;3.7580,6.6097,1.7309;1.8672,5.5322,0.5633;</g>
		<g id="43" u="A" t="cart/3d">#67,3:-1.0106,1.6081,0.3221;0.2871,0.9502,-0.1689;0.2228,-0.5523,0.1188;-1.0833,-1.1297,-0.4804;-2.3085,-0.3000,-0.0567;-2.1314,1.0787,-0.3285;-3.3865,-0.7599,-0.7814;-4.6580,-0.4164,-0.3776;-4.9608,0.5701,0.5527;-6.2771,0.8251,0.8838;-7.3178,0.1122,0.2933;-7.0124,-0.8672,-0.6462;-5.6943,-1.1267,-0.9716;-8.5787,0.4491,0.6958;-9.6671,-0.2296,0.1196;-1.2927,-2.5155,-0.1304;1.2620,-1.2968,-0.4593;2.5375,-1.1414,0.1429;3.4316,-2.2446,-0.3515;3.0690,-3.5748,-0.1617;3.8712,-4.5966,-0.6176;5.0702,-4.3143,-1.2755;5.4392,-2.9881,-1.4662;4.6181,-1.9697,-1.0097;5.7929,-5.3944,-1.6818;7.0067,-5.1761,-2.3583;1.3792,1.5571,0.4929;1.4338,2.9351,0.2316;0.2756,3.6036,0.6655;-0.8953,3.1101,0.0568;2.6221,3.5524,0.9301;3.5559,2.7728,1.5949;4.6388,3.3710,2.2169;4.7909,4.7460,2.1816;3.8552,5.5258,1.5219;2.7748,4.9322,0.8952;-1.0820,1.4447,1.4125;0.3800,1.1000,-1.2582;0.2286,-0.6887,1.2167;-1.0092,-1.0741,-1.5711;-2.4748,-0.4304,1.0356;-4.1794,1.1591,1.0045;-6.5233,1.5892,1.6040;-7.7890,-1.4380,-1.1299;-5.4466,-1.8863,-1.6952;-10.5573,0.1994,0.5772;-9.6325,-1.3028,0.3343;-9.7091,-0.0773,-0.9639;-1.3355,-2.6270,0.8780;-0.5105,-3.0602,-0.4762;2.4303,-1.1997,1.2384;2.9603,-0.1610,-0.1048;2.1440,-3.8049,0.3450;3.5958,-5.6298,-0.4771;6.3574,-2.7325,-1.9713;4.9156,-0.9433,-1.1701;6.8535,-4.6253,-3.2921;7.3992,-6.1660,-2.5856;7.7256,-4.6378,-1.7321;1.5283,3.0766,-0.8721;-0.8765,3.2798,-1.0298;-1.7302,3.6579,0.4945;3.4261,1.7029,1.6241;5.3640,2.7591,2.7328;5.6355,5.2104,2.6690;3.9679,6.5995,1.4952;2.0375,5.5321,0.3847;</g>
		<g id="44" u="A" t="cart/3d">#67,3:-1.0339,1.5810,0.4046;0.2732,0.9513,-0.0941;0.2361,-0.5739,0.0817;-1.0622,-1.1227,-0.5340;-2.2956,-0.3048,-0.0752;-2.1398,1.0810,-0.2962;-3.3711,-0.7754,-0.8070;-4.6506,-0.4110,-0.4380;-5.6790,-1.0835,-1.0861;-7.0019,-0.8107,-0.7919;-7.3184,0.1441,0.1689;-6.2833,0.8188,0.8128;-4.9623,0.5501,0.5147;-8.5834,0.4906,0.5441;-9.6667,-0.1473,-0.0864;-1.1934,-2.5293,-0.2268;1.2906,-1.2149,-0.5751;2.5328,-1.2007,0.0995;3.4342,-2.2435,-0.5050;4.8024,-2.0439,-0.5814;5.6395,-3.0136,-1.1100;5.1051,-4.2060,-1.5824;3.7253,-4.4064,-1.5126;2.9032,-3.4394,-0.9773;5.8288,-5.2275,-2.1253;7.2230,-5.0807,-2.2295;1.3483,1.5144,0.6296;1.4131,2.9041,0.4486;0.2426,3.5513,0.8870;-0.9123,3.0946,0.2219;2.5803,3.4773,1.2164;3.4684,2.6598,1.8978;4.5332,3.2174,2.5852;4.7120,4.5896,2.5994;3.8212,5.4074,1.9236;2.7595,4.8543,1.2313;-1.1296,1.3606,1.4830;0.3908,1.1724,-1.1690;0.2640,-0.7995,1.1623;-0.9838,-1.0274,-1.6217;-2.4556,-0.4751,1.0148;-5.4263,-1.8228,-1.8295;-7.7726,-1.3511,-1.3179;-6.5377,1.5641,1.5495;-4.1848,1.1087,1.0092;-9.6593,-1.2273,0.0942;-9.6727,0.0409,-1.1650;-10.5619,0.2847,0.3584;-2.0079,-2.9046,-0.6994;-1.3142,-2.6679,0.7718;2.3734,-1.4269,1.1679;2.9972,-0.2075,0.0358;5.2309,-1.1186,-0.2227;6.7004,-2.8223,-1.1513;3.3247,-5.3354,-1.8864;1.8361,-3.5895,-0.9299;7.5834,-6.0011,-2.6867;7.6904,-4.9592,-1.2466;7.4925,-4.2319,-2.8668;1.5393,3.1090,-0.6415;-0.8645,3.3221,-0.8533;-1.7574,3.6211,0.6664;3.3170,1.5924,1.8870;5.2236,2.5763,3.1134;5.5425,5.0224,3.1374;3.9551,6.4789,1.9347;2.0575,5.4841,0.7070;</g>
		<g id="45" u="A" t="cart/3d">#67,3:-1.0485,1.5782,0.1988;0.2684,0.9265,-0.2470;0.2121,-0.5714,0.0646;-1.0716,-1.1730,-0.5585;-2.3164,-0.3503,-0.1808;-2.1472,1.0263,-0.4703;-3.3695,-0.8347,-0.9251;-4.6555,-0.5071,-0.5559;-4.9965,0.4881,0.3439;-6.3282,0.7335,0.6504;-7.3356,-0.0101,0.0538;-6.9874,-1.0061,-0.8619;-5.6677,-1.2529,-1.1599;-8.6724,0.1491,0.2832;-9.0812,1.1427,1.1898;-1.2759,-2.5547,-0.1907;1.2736,-1.3150,-0.4721;2.5352,-1.1220,0.1475;3.4409,-2.2532,-0.2548;4.6592,-2.0174,-0.8686;5.4925,-3.0616,-1.2363;5.1040,-4.3748,-0.9998;3.8730,-4.6179,-0.3869;3.0589,-3.5705,-0.0188;5.8360,-5.4775,-1.3192;7.0822,-5.2997,-1.9469;1.3358,1.5557,0.4340;1.3839,2.9299,0.1521;0.2074,3.5928,0.5429;-0.9411,3.0766,-0.0891;2.5483,3.5681,0.8722;2.6548,4.9527,0.8792;3.7160,5.5625,1.5230;4.6784,4.7949,2.1579;4.5725,3.4151,2.1512;3.5093,2.8004,1.5117;-1.1459,1.4327,1.2899;0.3887,1.0597,-1.3357;0.1902,-0.6881,1.1647;-0.9700,-1.1345,-1.6477;-2.5098,-0.4643,0.9089;-4.2359,1.1011,0.8003;-6.5562,1.5175,1.3552;-7.7774,-1.5762,-1.3239;-5.3891,-2.0219,-1.8615;-10.1687,1.0905,1.2140;-8.7752,2.1408,0.8592;-8.6888,0.9574,2.1953;-1.3405,-2.6509,0.8181;-0.4819,-3.0981,-0.5106;2.4040,-1.1108,1.2417;2.9643,-0.1588,-0.1518;4.9726,-1.0019,-1.0636;6.4354,-2.8361,-1.7090;3.5828,-5.6415,-0.2103;2.1094,-3.7702,0.4543;7.4767,-6.3018,-2.1077;7.7753,-4.7361,-1.3136;6.9780,-4.7935,-2.9121;1.5074,3.0549,-0.9509;-0.8942,3.2282,-1.1775;-1.7931,3.6232,0.3161;1.8968,5.5424,0.3878;3.7928,6.6397,1.5285;5.5081,5.2722,2.6584;5.3188,2.8123,2.6473;3.4158,1.7263,1.5087;</g>
		<g id="46" u="A" t="cart/3d">#67,3:-1.0810,1.5451,0.2312;0.2293,0.9085,-0.2539;0.1875,-0.5957,0.0292;-1.1124,-1.1954,-0.5626;-2.3509,-0.3795,-0.1517;-2.1900,1.0009,-0.4268;-3.4166,-0.8575,-0.8821;-4.6963,-0.5324,-0.4888;-5.0218,0.4543,0.4259;-6.3483,0.6988,0.7549;-7.3659,-0.0374,0.1666;-7.0333,-1.0255,-0.7633;-5.7188,-1.2713,-1.0840;-8.6987,0.1221,0.4175;-9.0921,1.1101,1.3370;-1.3048,-2.5794,-0.1966;1.2318,-1.3236,-0.5608;2.5103,-1.1297,0.0097;3.4517,-2.2144,-0.4435;4.6588,-2.3987,0.2132;5.5531,-3.3758,-0.1896;5.2432,-4.1957,-1.2690;4.0290,-4.0129,-1.9311;3.1487,-3.0332,-1.5243;6.0415,-5.1898,-1.7511;7.2808,-5.4189,-1.1275;1.3073,1.5288,0.4189;1.3439,2.9096,0.1667;0.1718,3.5576,0.5932;-0.9857,3.0494,-0.0284;2.5189,3.5364,0.8796;3.5133,2.7579,1.4515;4.5859,3.3618,2.0853;4.6688,4.7416,2.1531;3.6736,5.5197,1.5852;2.6023,4.9208,0.9477;-1.1559,1.3774,1.3208;0.3268,1.0647,-1.3419;0.2045,-0.7351,1.1263;-1.0381,-1.1507,-1.6540;-2.5236,-0.5071,0.9401;-4.2534,1.0616,0.8767;-6.5641,1.4763,1.4707;-7.8312,-1.5901,-1.2184;-5.4523,-2.0341,-1.7970;-10.1793,1.0604,1.3761;-8.7881,2.1098,1.0094;-8.6862,0.9164,2.3356;-1.3742,-2.6769,0.8117;-0.5032,-3.1165,-0.5085;2.4316,-1.1368,1.1079;2.9102,-0.1480,-0.2843;4.9109,-1.7694,1.0551;6.4821,-3.4874,0.3470;3.8003,-4.6547,-2.7671;2.2126,-2.8943,-2.0405;7.7380,-6.2424,-1.6740;7.1570,-5.7071,-0.0783;7.9313,-4.5401,-1.1885;1.4471,3.0592,-0.9353;-0.9592,3.2234,-1.1142;-1.8325,3.5835,0.4033;3.4380,1.6837,1.4004;5.3583,2.7510,2.5289;5.5059,5.2104,2.6489;3.7325,6.5967,1.6383;1.8190,5.5185,0.5084;</g>
	</conformers>
	<properties/>
</molecule>
