<?xml version="1.0" ?>
<!--MOLLI PACKAGE EXPERIMENTAL XML FORMAT-->
<molecule name="14">
	<atoms>
		<a id="1" s="C" t="C.3" l="C"/>
		<a id="2" s="N" t="N.ar" l="N"/>
		<a id="3" s="N" t="N.ar" l="N"/>
		<a id="4" s="C" t="C.ar" l="C"/>
		<a id="5" s="C" t="C.ar" l="C"/>
		<a id="6" s="C" t="C.ar" l="C"/>
		<a id="7" s="N" t="N.pl3" l="N"/>
		<a id="8" s="H" t="H" l="H"/>
		<a id="9" s="H" t="H" l="H"/>
		<a id="10" s="H" t="H" l="H"/>
		<a id="11" s="H" t="H" l="H"/>
		<a id="12" s="H" t="H" l="H"/>
		<a id="13" s="H" t="H" l="H"/>
		<a id="14" s="H" t="H" l="H"/>
	</atoms>
	<bonds>
		<b id="1" c="1 2" t="1"/>
		<b id="2" c="2 3" t="ar"/>
		<b id="3" c="3 4" t="ar"/>
		<b id="4" c="4 5" t="ar"/>
		<b id="5" c="5 6" t="ar"/>
		<b id="6" c="2 6" t="ar"/>
		<b id="7" c="6 7" t="1"/>
		<b id="8" c="1 8" t="1"/>
		<b id="9" c="1 9" t="1"/>
		<b id="10" c="1 10" t="1"/>
		<b id="11" c="4 11" t="1"/>
		<b id="12" c="5 12" t="1"/>
		<b id="13" c="7 13" t="1"/>
		<b id="14" c="7 14" t="1"/>
	</bonds>
	<geometry>
		<g u="A" t="cart/3d">#14,3:-0.7899,1.9290,-0.0540;-0.0693,0.6907,-0.0251;1.2708,0.6774,0.0367;1.6184,-0.5923,0.0248;0.4981,-1.4297,-0.0435;-0.5779,-0.5624,-0.0743;-1.9350,-0.7993,-0.2181;-0.0546,2.7302,-0.0731;-1.4171,2.0419,0.8355;-1.4180,1.9880,-0.9456;2.6528,-0.8693,0.0688;0.4735,-2.4996,-0.0704;-2.1937,-1.7503,-0.0016;-2.5288,-0.1255,0.2441;</g>
	</geometry>
	<conformers>
		<g id="1" u="A" t="cart/3d">#14,3:-1.2666,-1.6081,-0.0058;-0.2091,-0.6412,0.0075;1.0753,-1.0284,0.0002;1.7848,0.0805,-0.0028;0.9633,1.2146,0.0051;-0.3226,0.7073,0.0123;-1.5520,1.3416,-0.0569;-1.8482,-1.5703,0.9204;-0.8062,-2.5894,-0.0949;-1.9323,-1.4382,-0.8548;2.8557,0.0363,-0.0071;1.2575,2.2439,0.0020;-2.3002,0.8586,0.4202;-1.5061,2.3179,0.1940;</g>
	</conformers>
	<properties/>
</molecule>
