<?xml version="1.0" ?>
<!--MOLLI PACKAGE EXPERIMENTAL XML FORMAT-->
<molecule name="1010">
	<atoms>
		<a id="1" s="C" t="C.ar" l="C"/>
		<a id="2" s="C" t="C.ar" l="C"/>
		<a id="3" s="C" t="C.ar" l="C"/>
		<a id="4" s="C" t="C.ar" l="C"/>
		<a id="5" s="N" t="N.ar" l="N"/>
		<a id="6" s="C" t="C.ar" l="C"/>
		<a id="7" s="C" t="C.ar" l="C"/>
		<a id="8" s="C" t="C.ar" l="C"/>
		<a id="9" s="C" t="C.ar" l="C"/>
		<a id="10" s="F" t="F" l="F"/>
		<a id="11" s="C" t="C.3" l="C"/>
		<a id="12" s="H" t="H" l="H"/>
		<a id="13" s="H" t="H" l="H"/>
		<a id="14" s="H" t="H" l="H"/>
		<a id="15" s="H" t="H" l="H"/>
		<a id="16" s="H" t="H" l="H"/>
		<a id="17" s="H" t="H" l="H"/>
		<a id="18" s="H" t="H" l="H"/>
		<a id="19" s="H" t="H" l="H"/>
	</atoms>
	<bonds>
		<b id="1" c="1 2" t="ar"/>
		<b id="2" c="2 3" t="ar"/>
		<b id="3" c="3 4" t="ar"/>
		<b id="4" c="4 5" t="ar"/>
		<b id="5" c="1 5" t="ar"/>
		<b id="6" c="4 6" t="ar"/>
		<b id="7" c="6 7" t="ar"/>
		<b id="8" c="7 8" t="ar"/>
		<b id="9" c="8 9" t="ar"/>
		<b id="10" c="3 9" t="ar"/>
		<b id="11" c="8 10" t="1"/>
		<b id="12" c="2 11" t="1"/>
		<b id="13" c="1 12" t="1"/>
		<b id="14" c="5 13" t="1"/>
		<b id="15" c="6 14" t="1"/>
		<b id="16" c="7 15" t="1"/>
		<b id="17" c="9 16" t="1"/>
		<b id="18" c="11 17" t="1"/>
		<b id="19" c="11 18" t="1"/>
		<b id="20" c="11 19" t="1"/>
	</bonds>
	<geometry>
		<g u="A" t="cart/3d">#19,3:-2.3837,-0.0097,0.0005;-1.6375,-1.1510,0.0005;-0.2709,-0.7357,0.0003;-0.2696,0.6823,0.0002;-1.5697,1.0928,0.0003;0.9104,1.4159,0.0001;2.0999,0.7211,0.0000;2.0905,-0.6746,0.0000;0.9408,-1.4267,0.0002;3.2885,-1.3118,-0.0001;-2.1275,-2.5577,0.0008;-3.4515,0.0997,0.0006;-1.8816,2.0485,0.0002;0.8981,2.4954,0.0001;3.0477,1.2351,-0.0001;0.9850,-2.5038,0.0002;-3.2142,-2.5811,0.0012;-1.7652,-3.0869,0.8816;-1.7657,-3.0871,-0.8800;</g>
	</geometry>
	<conformers>
		<g id="1" u="A" t="cart/3d">#19,3:-2.5385,-0.4856,-0.0003;-1.8348,0.6822,-0.0001;-0.4540,0.3174,0.0002;-0.4004,-1.0995,0.0002;-1.6846,-1.5576,-0.0001;0.8058,-1.7893,0.0003;1.9687,-1.0510,-0.0000;1.9081,0.3435,-0.0001;0.7315,1.0527,0.0004;3.0816,1.0243,-0.0003;-2.3755,2.0702,0.0001;-3.6015,-0.6344,-0.0009;-1.9616,-2.5239,-0.0003;0.8333,-2.8685,0.0003;2.9348,-1.5298,-0.0002;0.7357,2.1306,0.0006;-2.0394,2.6096,0.8850;-3.4624,2.0542,-0.0079;-2.0264,2.6149,-0.8766;</g>
	</conformers>
	<properties/>
</molecule>
