<?xml version="1.0" ?>
<!--MOLLI PACKAGE EXPERIMENTAL XML FORMAT-->
<molecule name="1010">
	<atoms>
		<a id="1" s="C" t="C.ar" l="C"/>
		<a id="2" s="C" t="C.ar" l="C"/>
		<a id="3" s="C" t="C.ar" l="C"/>
		<a id="4" s="C" t="C.ar" l="C"/>
		<a id="5" s="N" t="N.ar" l="N"/>
		<a id="6" s="C" t="C.ar" l="C"/>
		<a id="7" s="C" t="C.ar" l="C"/>
		<a id="8" s="C" t="C.ar" l="C"/>
		<a id="9" s="C" t="C.ar" l="C"/>
		<a id="10" s="C" t="C.3" l="C"/>
		<a id="11" s="F" t="F" l="F"/>
		<a id="12" s="H" t="H" l="H"/>
		<a id="13" s="H" t="H" l="H"/>
		<a id="14" s="H" t="H" l="H"/>
		<a id="15" s="H" t="H" l="H"/>
		<a id="16" s="H" t="H" l="H"/>
		<a id="17" s="H" t="H" l="H"/>
		<a id="18" s="H" t="H" l="H"/>
		<a id="19" s="H" t="H" l="H"/>
	</atoms>
	<bonds>
		<b id="1" c="1 2" t="ar"/>
		<b id="2" c="2 3" t="ar"/>
		<b id="3" c="3 4" t="ar"/>
		<b id="4" c="4 5" t="ar"/>
		<b id="5" c="5 1" t="ar"/>
		<b id="6" c="3 6" t="ar"/>
		<b id="7" c="6 7" t="ar"/>
		<b id="8" c="7 8" t="ar"/>
		<b id="9" c="8 9" t="ar"/>
		<b id="10" c="9 4" t="ar"/>
		<b id="11" c="2 10" t="1"/>
		<b id="12" c="7 11" t="1"/>
		<b id="13" c="1 12" t="1"/>
		<b id="14" c="5 13" t="1"/>
		<b id="15" c="6 14" t="1"/>
		<b id="16" c="8 15" t="1"/>
		<b id="17" c="9 16" t="1"/>
		<b id="18" c="10 17" t="1"/>
		<b id="19" c="10 18" t="1"/>
		<b id="20" c="10 19" t="1"/>
	</bonds>
	<geometry>
		<g u="A" t="cart/3d">#19,3:2.2709,1.1786,-0.0015;1.9167,-0.1496,-0.0012;0.4912,-0.1973,-0.0009;0.0295,1.1330,-0.0009;1.1403,1.9584,-0.0013;-0.4283,-1.2590,-0.0002;-1.7701,-0.9798,0.0004;-2.2191,0.3545,0.0004;-1.3443,1.4053,-0.0002;2.8298,-1.3169,-0.0009;-2.6768,-1.9929,0.0011;3.2801,1.5571,-0.0017;1.1077,2.9797,-0.0013;-0.0925,-2.2784,-0.0001;-3.2806,0.5268,0.0009;-1.6868,2.4245,-0.0001;3.8729,-0.9997,-0.0009;2.6667,-1.9363,-0.8832;2.6666,-1.9360,0.8816;</g>
	</geometry>
	<conformers>
		<g id="1" u="A" t="cart/3d">#19,3:-2.5385,0.4856,0.0001;-1.8348,-0.6822,0.0000;-0.4540,-0.3174,-0.0000;-0.4005,1.0995,-0.0000;-1.6846,1.5576,0.0000;0.7315,-1.0527,-0.0000;1.9081,-0.3435,-0.0000;1.9687,1.0510,-0.0000;0.8058,1.7893,-0.0000;-2.3755,-2.0702,-0.0001;3.0816,-1.0243,0.0001;-3.6015,0.6345,0.0002;-1.9616,2.5239,-0.0003;0.7357,-2.1306,0.0001;2.9348,1.5298,-0.0000;0.8333,2.8685,-0.0001;-3.4624,-2.0542,0.0011;-2.0319,-2.6127,0.8801;-2.0339,-2.6118,-0.8815;</g>
	</conformers>
	<properties/>
</molecule>
