<?xml version="1.0" ?>
<!--MOLLI PACKAGE EXPERIMENTAL XML FORMAT-->
<molecule name="15">
	<atoms>
		<a id="1" s="C" t="C.3" l="C"/>
		<a id="2" s="N" t="N.pl3" l="N"/>
		<a id="3" s="C" t="C.ar" l="C"/>
		<a id="4" s="N" t="N.ar" l="N"/>
		<a id="5" s="C" t="C.ar" l="C"/>
		<a id="6" s="C" t="C.ar" l="C"/>
		<a id="7" s="C" t="C.ar" l="C"/>
		<a id="8" s="C" t="C.ar" l="C"/>
		<a id="9" s="H" t="H" l="H"/>
		<a id="10" s="H" t="H" l="H"/>
		<a id="11" s="H" t="H" l="H"/>
		<a id="12" s="H" t="H" l="H"/>
		<a id="13" s="H" t="H" l="H"/>
		<a id="14" s="H" t="H" l="H"/>
		<a id="15" s="H" t="H" l="H"/>
		<a id="16" s="H" t="H" l="H"/>
	</atoms>
	<bonds>
		<b id="1" c="1 2" t="1"/>
		<b id="2" c="2 3" t="1"/>
		<b id="3" c="3 4" t="ar"/>
		<b id="4" c="4 5" t="ar"/>
		<b id="5" c="5 6" t="ar"/>
		<b id="6" c="6 7" t="ar"/>
		<b id="7" c="7 8" t="ar"/>
		<b id="8" c="3 8" t="ar"/>
		<b id="9" c="1 9" t="1"/>
		<b id="10" c="1 10" t="1"/>
		<b id="11" c="1 11" t="1"/>
		<b id="12" c="2 12" t="1"/>
		<b id="13" c="5 13" t="1"/>
		<b id="14" c="6 14" t="1"/>
		<b id="15" c="7 15" t="1"/>
		<b id="16" c="8 16" t="1"/>
	</bonds>
	<geometry>
		<g u="A" t="cart/3d">#16,3:1.4467,0.0441,0.6254;2.5333,-0.0470,-0.3218;3.1605,1.0952,-0.8263;2.6317,2.2977,-0.5504;3.2604,3.3442,-1.0486;4.4015,3.2827,-1.8169;4.9417,2.0521,-2.0983;4.3111,0.9448,-1.5950;0.9382,-0.9124,0.7493;0.7216,0.7759,0.2722;1.8199,0.3764,1.5936;3.0047,-0.9527,-0.3505;2.8303,4.3079,-0.8236;4.8612,4.1831,-2.1898;5.8335,1.9604,-2.6966;4.6914,-0.0427,-1.7895;</g>
	</geometry>
	<conformers>
		<g id="1" u="A" t="cart/3d">#16,3:-2.8067,0.3878,0.0540;-1.7645,-0.5969,-0.0686;-0.4432,-0.2855,-0.0132;-0.1108,1.0055,-0.0193;1.1727,1.3243,-0.0094;2.1987,0.3996,0.0113;1.8549,-0.9497,0.0206;0.5266,-1.3052,0.0085;-3.2468,0.3903,1.0565;-3.5933,0.1912,-0.6766;-2.3605,1.3602,-0.1397;-2.0181,-1.5621,0.0669;1.3769,2.3878,-0.0157;3.2300,0.7137,0.0217;2.6229,-1.7103,0.0388;0.2203,-2.3410,0.0148;</g>
		<g id="2" u="A" t="cart/3d">#16,3:-2.7269,-0.9055,-0.1119;-1.8397,0.2047,0.1123;-0.4826,0.1270,0.0344;0.1461,1.3056,0.0161;1.4665,1.3165,-0.0068;2.2461,0.1739,-0.0209;1.5933,-1.0533,-0.0113;0.2160,-1.0906,0.0156;-2.6139,-1.3337,-1.1155;-3.7531,-0.5664,0.0081;-2.5385,-1.6911,0.6229;-2.2011,1.1344,-0.0306;1.9157,2.3018,-0.0194;3.3223,0.2358,-0.0428;2.1596,-1.9742,-0.0275;-0.3112,-2.0306,0.0208;</g>
	</conformers>
	<properties/>
</molecule>
