<?xml version="1.0" ?>
<!--MOLLI PACKAGE EXPERIMENTAL XML FORMAT-->
<molecule name="15">
	<atoms>
		<a id="1" s="C" t="C.3" l="C"/>
		<a id="2" s="N" t="N.pl3" l="N"/>
		<a id="3" s="C" t="C.ar" l="C"/>
		<a id="4" s="N" t="N.ar" l="N"/>
		<a id="5" s="C" t="C.ar" l="C"/>
		<a id="6" s="C" t="C.ar" l="C"/>
		<a id="7" s="C" t="C.ar" l="C"/>
		<a id="8" s="C" t="C.ar" l="C"/>
		<a id="9" s="H" t="H" l="H"/>
		<a id="10" s="H" t="H" l="H"/>
		<a id="11" s="H" t="H" l="H"/>
		<a id="12" s="H" t="H" l="H"/>
		<a id="13" s="H" t="H" l="H"/>
		<a id="14" s="H" t="H" l="H"/>
		<a id="15" s="H" t="H" l="H"/>
		<a id="16" s="H" t="H" l="H"/>
	</atoms>
	<bonds>
		<b id="1" c="1 2" t="1"/>
		<b id="2" c="2 3" t="1"/>
		<b id="3" c="3 4" t="ar"/>
		<b id="4" c="4 5" t="ar"/>
		<b id="5" c="5 6" t="ar"/>
		<b id="6" c="6 7" t="ar"/>
		<b id="7" c="7 8" t="ar"/>
		<b id="8" c="3 8" t="ar"/>
		<b id="9" c="1 9" t="1"/>
		<b id="10" c="1 10" t="1"/>
		<b id="11" c="1 11" t="1"/>
		<b id="12" c="2 12" t="1"/>
		<b id="13" c="5 13" t="1"/>
		<b id="14" c="6 14" t="1"/>
		<b id="15" c="7 15" t="1"/>
		<b id="16" c="8 16" t="1"/>
	</bonds>
	<geometry>
		<g u="A" t="cart/3d">#16,3:1.1515,-0.6350,-0.1058;2.4614,-0.0797,0.1050;3.1224,-0.0999,1.2958;4.1979,0.6908,1.3503;4.9299,0.6873,2.4493;4.6456,-0.0847,3.5614;3.5200,-0.8988,3.5112;2.7418,-0.9144,2.3739;0.8890,-0.5265,-1.1556;0.3834,-0.1400,0.5013;1.1527,-1.6989,0.1376;2.7611,0.6622,-0.5081;5.7873,1.3484,2.4302;5.2737,-0.0503,4.4369;3.2526,-1.5153,4.3582;1.8628,-1.5352,2.3155;</g>
	</geometry>
	<conformers>
		<g id="1" u="A" t="cart/3d">#16,3:-2.8477,0.3873,-0.0937;-1.7697,-0.5436,0.1092;-0.4506,-0.2147,0.0322;0.3850,-1.2560,-0.0100;1.6846,-1.0221,-0.0336;2.2394,0.2450,-0.0251;1.3710,1.3299,0.0094;0.0107,1.1113,0.0376;-2.8050,1.1804,0.6557;-3.7931,-0.1380,0.0205;-2.8199,0.8473,-1.0890;-1.9533,-1.5211,-0.0524;2.3082,-1.9069,-0.0661;3.3084,0.3836,-0.0489;1.7573,2.3397,0.0117;-0.6812,1.9373,0.0619;</g>
	</conformers>
	<properties/>
</molecule>
