<?xml version="1.0" ?>
<!--MOLLI PACKAGE EXPERIMENTAL XML FORMAT-->
<molecule name="16">
	<atoms>
		<a id="1" s="C" t="C.3" l="C"/>
		<a id="2" s="N" t="N.ar" l="N"/>
		<a id="3" s="N" t="N.ar" l="N"/>
		<a id="4" s="C" t="C.ar" l="C"/>
		<a id="5" s="N" t="N.pl3" l="N"/>
		<a id="6" s="C" t="C.ar" l="C"/>
		<a id="7" s="C" t="C.ar" l="C"/>
		<a id="8" s="H" t="H" l="H"/>
		<a id="9" s="H" t="H" l="H"/>
		<a id="10" s="H" t="H" l="H"/>
		<a id="11" s="H" t="H" l="H"/>
		<a id="12" s="H" t="H" l="H"/>
		<a id="13" s="H" t="H" l="H"/>
		<a id="14" s="H" t="H" l="H"/>
	</atoms>
	<bonds>
		<b id="1" c="1 2" t="1"/>
		<b id="2" c="2 3" t="ar"/>
		<b id="3" c="3 4" t="ar"/>
		<b id="4" c="4 5" t="1"/>
		<b id="5" c="4 6" t="ar"/>
		<b id="6" c="6 7" t="ar"/>
		<b id="7" c="2 7" t="ar"/>
		<b id="8" c="1 8" t="1"/>
		<b id="9" c="1 9" t="1"/>
		<b id="10" c="1 10" t="1"/>
		<b id="11" c="5 11" t="1"/>
		<b id="12" c="5 12" t="1"/>
		<b id="13" c="6 13" t="1"/>
		<b id="14" c="7 14" t="1"/>
	</bonds>
	<geometry>
		<g u="A" t="cart/3d">#14,3:1.0819,-0.0361,0.0621;2.5123,-0.1121,0.0437;3.2507,1.0069,0.0108;4.5143,0.6087,-0.0144;5.5587,1.5035,-0.1360;4.5938,-0.7995,0.0143;3.2842,-1.2146,0.0497;0.8086,1.0168,0.0483;0.6795,-0.5027,0.9644;0.6554,-0.5314,-0.8134;5.2906,2.4499,0.0895;6.4113,1.2102,0.3155;5.4787,-1.4016,0.0074;2.8589,-2.1982,0.0783;</g>
	</geometry>
	<conformers>
		<g id="1" u="A" t="cart/3d">#14,3:-2.3773,0.6193,0.0083;-1.0530,0.0730,-0.0053;0.0150,0.8835,-0.0197;1.0756,0.0890,-0.0109;2.3608,0.5880,0.0637;0.6827,-1.2659,-0.0016;-0.6909,-1.2231,0.0034;-2.9092,0.3273,0.9170;-2.9464,0.2792,-0.8600;-2.2859,1.7028,-0.0218;3.0557,0.0203,-0.3974;2.4156,1.5654,-0.1810;1.3173,-2.1279,0.0031;-1.4189,-2.0099,0.0118;</g>
	</conformers>
	<properties/>
</molecule>
