<?xml version="1.0" ?>
<!--MOLLI PACKAGE EXPERIMENTAL XML FORMAT-->
<molecule name="16">
	<atoms>
		<a id="1" s="C" t="C.3" l="C"/>
		<a id="2" s="N" t="N.ar" l="N"/>
		<a id="3" s="N" t="N.ar" l="N"/>
		<a id="4" s="C" t="C.ar" l="C"/>
		<a id="5" s="N" t="N.pl3" l="N"/>
		<a id="6" s="C" t="C.ar" l="C"/>
		<a id="7" s="C" t="C.ar" l="C"/>
		<a id="8" s="H" t="H" l="H"/>
		<a id="9" s="H" t="H" l="H"/>
		<a id="10" s="H" t="H" l="H"/>
		<a id="11" s="H" t="H" l="H"/>
		<a id="12" s="H" t="H" l="H"/>
		<a id="13" s="H" t="H" l="H"/>
		<a id="14" s="H" t="H" l="H"/>
	</atoms>
	<bonds>
		<b id="1" c="1 2" t="1"/>
		<b id="2" c="2 3" t="ar"/>
		<b id="3" c="3 4" t="ar"/>
		<b id="4" c="4 5" t="1"/>
		<b id="5" c="4 6" t="ar"/>
		<b id="6" c="6 7" t="ar"/>
		<b id="7" c="2 7" t="ar"/>
		<b id="8" c="1 8" t="1"/>
		<b id="9" c="1 9" t="1"/>
		<b id="10" c="1 10" t="1"/>
		<b id="11" c="5 11" t="1"/>
		<b id="12" c="5 12" t="1"/>
		<b id="13" c="6 13" t="1"/>
		<b id="14" c="7 14" t="1"/>
	</bonds>
	<geometry>
		<g u="A" t="cart/3d">#14,3:1.0537,0.0790,-0.0613;2.5127,0.0576,-0.1066;3.2469,1.1761,-0.1648;4.5023,0.7613,-0.1951;5.6293,1.6116,-0.2478;4.5650,-0.6513,-0.1497;3.2795,-1.0884,-0.0942;0.7052,1.1087,-0.0828;0.7018,-0.3946,0.8523;0.6466,-0.4503,-0.9196;5.4511,2.5889,-0.0792;6.4430,1.3377,0.2830;5.4601,-1.2506,-0.1669;2.9176,-2.1020,-0.0516;</g>
	</geometry>
	<conformers>
		<g id="1" u="A" t="cart/3d">#14,3:-2.3773,0.6193,-0.0082;-1.0530,0.0730,0.0053;0.0150,0.8835,0.0196;1.0756,0.0889,0.0110;2.3608,0.5880,-0.0637;0.6827,-1.2659,0.0017;-0.6909,-1.2231,-0.0035;-2.2858,1.7029,0.0157;-2.9445,0.2842,0.8633;-2.9112,0.3222,-0.9140;2.4155,1.5655,0.1807;3.0557,0.0205,0.3976;1.3172,-2.1279,-0.0029;-1.4189,-2.0098,-0.0119;</g>
	</conformers>
	<properties/>
</molecule>
