<?xml version="1.0" ?>
<!--MOLLI PACKAGE EXPERIMENTAL XML FORMAT-->
<molecule name="17">
	<atoms>
		<a id="1" s="N" t="N.ar" l="N"/>
		<a id="2" s="C" t="C.ar" l="C"/>
		<a id="3" s="C" t="C.ar" l="C"/>
		<a id="4" s="C" t="C.ar" l="C"/>
		<a id="5" s="C" t="C.ar" l="C"/>
		<a id="6" s="H" t="H" l="H"/>
		<a id="7" s="H" t="H" l="H"/>
		<a id="8" s="H" t="H" l="H"/>
		<a id="9" s="H" t="H" l="H"/>
		<a id="10" s="H" t="H" l="H"/>
	</atoms>
	<bonds>
		<b id="1" c="1 2" t="ar"/>
		<b id="2" c="2 3" t="ar"/>
		<b id="3" c="3 4" t="ar"/>
		<b id="4" c="4 5" t="ar"/>
		<b id="5" c="1 5" t="ar"/>
		<b id="6" c="1 6" t="1"/>
		<b id="7" c="2 7" t="1"/>
		<b id="8" c="3 8" t="1"/>
		<b id="9" c="4 9" t="1"/>
		<b id="10" c="5 10" t="1"/>
	</bonds>
	<geometry>
		<g u="A" t="cart/3d">#10,3:-1.1033,0.0098,0.0011;-0.3097,1.1122,0.0013;0.9936,0.6989,0.0007;0.9831,-0.7105,0.0002;-0.3263,-1.1044,0.0005;-2.1094,0.0173,0.0011;-0.7255,2.1007,0.0017;1.8611,1.3286,0.0006;1.8411,-1.3532,-0.0005;-0.7567,-2.0866,0.0002;</g>
	</geometry>
	<conformers>
		<g id="1" u="A" t="cart/3d">#10,3:-1.1147,0.0000,0.0001;-0.3292,1.1083,0.0000;0.9770,0.7046,-0.0000;0.9770,-0.7046,0.0001;-0.3292,-1.1083,-0.0001;-2.1207,0.0000,0.0001;-0.7525,2.0935,-0.0002;1.8396,1.3411,-0.0003;1.8396,-1.3411,0.0001;-0.7525,-2.0935,-0.0005;</g>
	</conformers>
	<properties/>
</molecule>
