<?xml version="1.0" ?>
<!--MOLLI PACKAGE EXPERIMENTAL XML FORMAT-->
<molecule name="2011">
	<atoms>
		<a id="1" s="Cl" t="Cl" l="Cl"/>
		<a id="2" s="C" t="C.ar" l="C"/>
		<a id="3" s="C" t="C.ar" l="C"/>
		<a id="4" s="C" t="C.ar" l="C"/>
		<a id="5" s="C" t="C.3" l="C"/>
		<a id="6" s="C" t="C.3" l="C"/>
		<a id="7" s="C" t="C.ar" l="C"/>
		<a id="8" s="C" t="C.ar" l="C"/>
		<a id="9" s="C" t="C.ar" l="C"/>
		<a id="10" s="C" t="C.ar" l="C"/>
		<a id="11" s="N" t="N.ar" l="N"/>
		<a id="12" s="C" t="C.ar" l="C"/>
		<a id="13" s="C" t="C.2" l="C"/>
		<a id="14" s="C" t="C.2" l="C"/>
		<a id="15" s="C" t="C.3" l="C"/>
		<a id="16" s="C" t="C.3" l="C"/>
		<a id="17" s="N" t="N.am" l="N"/>
		<a id="18" s="C" t="C.2" l="C"/>
		<a id="19" s="O" t="O.3" l="O"/>
		<a id="20" s="C" t="C.3" l="C"/>
		<a id="21" s="C" t="C.3" l="C"/>
		<a id="22" s="O" t="O.2" l="O"/>
		<a id="23" s="C" t="C.3" l="C"/>
		<a id="24" s="C" t="C.3" l="C"/>
		<a id="25" s="C" t="C.ar" l="C"/>
		<a id="26" s="C" t="C.ar" l="C"/>
		<a id="27" s="C" t="C.ar" l="C"/>
		<a id="28" s="Br" t="Br" l="Br"/>
		<a id="29" s="H" t="H" l="H"/>
		<a id="30" s="H" t="H" l="H"/>
		<a id="31" s="H" t="H" l="H"/>
		<a id="32" s="H" t="H" l="H"/>
		<a id="33" s="H" t="H" l="H"/>
		<a id="34" s="H" t="H" l="H"/>
		<a id="35" s="H" t="H" l="H"/>
		<a id="36" s="H" t="H" l="H"/>
		<a id="37" s="H" t="H" l="H"/>
		<a id="38" s="H" t="H" l="H"/>
		<a id="39" s="H" t="H" l="H"/>
		<a id="40" s="H" t="H" l="H"/>
		<a id="41" s="H" t="H" l="H"/>
		<a id="42" s="H" t="H" l="H"/>
		<a id="43" s="H" t="H" l="H"/>
		<a id="44" s="H" t="H" l="H"/>
		<a id="45" s="H" t="H" l="H"/>
		<a id="46" s="H" t="H" l="H"/>
		<a id="47" s="H" t="H" l="H"/>
		<a id="48" s="H" t="H" l="H"/>
		<a id="49" s="H" t="H" l="H"/>
		<a id="50" s="H" t="H" l="H"/>
	</atoms>
	<bonds>
		<b id="1" c="1 2" t="1"/>
		<b id="2" c="2 3" t="ar"/>
		<b id="3" c="3 4" t="ar"/>
		<b id="4" c="4 5" t="1"/>
		<b id="5" c="5 6" t="1"/>
		<b id="6" c="6 7" t="1"/>
		<b id="7" c="7 8" t="ar"/>
		<b id="8" c="8 9" t="ar"/>
		<b id="9" c="9 10" t="ar"/>
		<b id="10" c="10 11" t="ar"/>
		<b id="11" c="11 12" t="ar"/>
		<b id="12" c="7 12" t="ar"/>
		<b id="13" c="12 13" t="1"/>
		<b id="14" c="13 14" t="2"/>
		<b id="15" c="14 15" t="1"/>
		<b id="16" c="15 16" t="1"/>
		<b id="17" c="16 17" t="1"/>
		<b id="18" c="17 18" t="am"/>
		<b id="19" c="18 19" t="1"/>
		<b id="20" c="19 20" t="1"/>
		<b id="21" c="20 21" t="1"/>
		<b id="22" c="18 22" t="2"/>
		<b id="23" c="17 23" t="1"/>
		<b id="24" c="23 24" t="1"/>
		<b id="25" c="14 24" t="1"/>
		<b id="26" c="4 25" t="ar"/>
		<b id="27" c="13 25" t="1"/>
		<b id="28" c="25 26" t="ar"/>
		<b id="29" c="26 27" t="ar"/>
		<b id="30" c="2 27" t="ar"/>
		<b id="31" c="9 28" t="1"/>
		<b id="32" c="3 29" t="1"/>
		<b id="33" c="5 30" t="1"/>
		<b id="34" c="5 31" t="1"/>
		<b id="35" c="6 32" t="1"/>
		<b id="36" c="6 33" t="1"/>
		<b id="37" c="8 34" t="1"/>
		<b id="38" c="10 35" t="1"/>
		<b id="39" c="15 36" t="1"/>
		<b id="40" c="15 37" t="1"/>
		<b id="41" c="16 38" t="1"/>
		<b id="42" c="16 39" t="1"/>
		<b id="43" c="20 40" t="1"/>
		<b id="44" c="20 41" t="1"/>
		<b id="45" c="21 42" t="1"/>
		<b id="46" c="21 43" t="1"/>
		<b id="47" c="21 44" t="1"/>
		<b id="48" c="23 45" t="1"/>
		<b id="49" c="23 46" t="1"/>
		<b id="50" c="24 47" t="1"/>
		<b id="51" c="24 48" t="1"/>
		<b id="52" c="26 49" t="1"/>
		<b id="53" c="27 50" t="1"/>
	</bonds>
	<geometry>
		<g u="A" t="cart/3d">#50,3:-5.3579,-3.4097,1.2419;-3.8119,-2.6873,1.0189;-3.0500,-3.0226,-0.0899;-1.8101,-2.4471,-0.2845;-0.9309,-2.8056,-1.4370;0.2754,-3.6360,-0.9826;1.3470,-2.9396,-0.1771;2.5469,-3.6107,-0.0399;3.5520,-3.0665,0.7164;3.3317,-1.8610,1.3298;2.2022,-1.1753,1.2287;1.2177,-1.7006,0.4842;-0.0167,-0.8820,0.3917;0.0338,0.4192,0.0192;1.3335,1.1107,-0.3296;1.2715,2.6117,0.0002;0.1050,3.2525,-0.6559;0.0247,4.6398,-0.7633;1.0657,5.3602,-0.2527;0.8163,6.7339,-0.4329;1.8098,7.6048,0.3040;-0.9531,5.1480,-1.2863;-1.0312,2.4155,-1.1004;-1.2363,1.2326,-0.1427;-1.3231,-1.5280,0.6504;-2.0947,-1.2135,1.7684;-3.3296,-1.7849,1.9520;5.2020,-3.9634,0.9138;-3.4295,-3.7396,-0.7946;-0.5904,-1.8936,-1.9382;-1.5232,-3.3535,-2.1796;0.7552,-4.0907,-1.8585;-0.0939,-4.4780,-0.3850;2.6936,-4.5672,-0.5149;4.1161,-1.4289,1.9288;1.5205,0.9787,-1.4001;2.1700,0.6327,0.1889;2.1777,3.1385,-0.3154;1.1715,2.7647,1.0790;-0.2105,6.9227,-0.0898;0.8298,6.9237,-1.5149;1.7864,7.3958,1.3739;1.6045,8.6669,0.1611;2.8241,7.4095,-0.0411;-0.8199,2.0671,-2.1157;-1.9197,3.0548,-1.1626;-2.0488,0.5882,-0.4968;-1.5446,1.6057,0.8391;-1.7011,-0.5149,2.4881;-3.9276,-1.5563,2.8166;</g>
	</geometry>
	<conformers>
		<g id="1" u="A" t="cart/3d">#50,3:1.6993,-6.2229,0.7080;1.1797,-4.5967,0.4286;1.5378,-3.9606,-0.7490;1.1226,-2.6596,-0.9801;1.5200,-1.9047,-2.2115;2.6282,-0.9077,-1.8697;2.2633,0.2046,-0.9217;3.2353,1.1804,-0.7163;2.9741,2.2572,0.1097;1.7276,2.3496,0.7098;0.8100,1.4299,0.5252;1.0402,0.3721,-0.2535;-0.0688,-0.6021,-0.2908;-1.3463,-0.2609,-0.4985;-1.8327,1.1342,-0.7491;-2.8094,1.5083,0.3782;-3.8821,0.5447,0.4440;-5.1475,0.7829,0.0244;-5.3482,2.0869,-0.2817;-6.6860,2.4423,-0.6227;-7.5473,2.6483,0.6149;-6.0065,-0.0655,-0.0469;-3.4521,-0.8181,0.6508;-2.4784,-1.2444,-0.4611;0.3476,-1.9996,-0.0285;0.0032,-2.6485,1.1498;0.4159,-3.9478,1.3847;4.2967,3.5935,0.4070;2.1348,-4.4810,-1.4823;0.6572,-1.3705,-2.6153;1.8912,-2.5912,-2.9737;2.9903,-0.4496,-2.7953;3.4692,-1.4578,-1.4339;4.1933,1.0943,-1.2092;1.4635,3.1766,1.3544;-2.3681,1.1706,-1.7018;-1.0158,1.8512,-0.7690;-3.2284,2.4990,0.2125;-2.2681,1.4986,1.3298;-7.1148,1.6554,-1.2518;-6.5914,3.3674,-1.1957;-7.6366,1.7115,1.1589;-8.5382,2.9803,0.3187;-7.0999,3.3956,1.2661;-4.3383,-1.4541,0.6535;-2.9521,-0.8851,1.6225;-3.0154,-1.2234,-1.4129;-2.1318,-2.2607,-0.2802;-0.5845,-2.1288,1.8911;0.1495,-4.4527,2.2996;</g>
		<g id="2" u="A" t="cart/3d">#50,3:1.6883,-6.2315,0.5488;1.1632,-4.5971,0.3360;1.4647,-3.9334,-0.8423;1.0444,-2.6257,-1.0205;1.3836,-1.8420,-2.2514;2.5124,-0.8580,-1.9408;2.1997,0.2324,-0.9497;3.1850,1.1998,-0.7692;2.9699,2.2567,0.0949;1.7551,2.3384,0.7583;0.8253,1.4267,0.5968;1.0119,0.3875,-0.2179;-0.1018,-0.5819,-0.2225;-1.3868,-0.2313,-0.3558;-1.8790,1.1708,-0.5482;-2.7876,1.5239,0.6412;-3.8591,0.5627,0.7468;-5.1502,0.8200,0.4308;-5.3663,2.1361,0.1948;-6.7106,2.4952,-0.1151;-7.0421,2.2331,-1.5776;-6.0195,-0.0205,0.4032;-3.4267,-0.8067,0.8962;-2.5207,-1.2104,-0.2796;0.3209,-1.9867,-0.0154;0.0334,-2.6631,1.1627;0.4514,-3.9691,1.3448;4.3116,3.5810,0.3587;2.0217,-4.4375,-1.6172;0.5044,-1.2948,-2.5985;1.7130,-2.5109,-3.0477;2.8311,-0.3791,-2.8717;3.3708,-1.4217,-1.5599;4.1171,1.1226,-1.3109;1.5269,3.1501,1.4352;-2.4677,1.2300,-1.4678;-1.0610,1.8850,-0.5992;-3.2109,2.5194,0.5216;-2.1921,1.4922,1.5595;-6.7758,3.5601,0.1192;-7.3891,1.9286,0.5306;-6.9874,1.1664,-1.7801;-6.3401,2.7555,-2.2237;-8.0487,2.5809,-1.7911;-4.3155,-1.4379,0.9348;-2.8722,-0.9005,1.8356;-3.1102,-1.1631,-1.1988;-2.1708,-2.2325,-0.1434;-0.5136,-2.1598,1.9452;0.2292,-4.4954,2.2594;</g>
		<g id="3" u="A" t="cart/3d">#50,3:1.2463,-6.2191,-0.5447;0.8673,-4.5485,-0.3025;1.3837,-3.8862,0.7995;1.0813,-2.5497,1.0011;1.6495,-1.7694,2.1467;2.7827,-0.8713,1.6484;2.4009,0.2182,0.6806;3.4109,1.1101,0.3288;3.1414,2.1611,-0.5271;1.8504,2.3135,-1.0099;0.8964,1.4727,-0.6867;1.1315,0.4415,0.1251;-0.0321,-0.4459,0.3240;-1.2540,-0.0012,0.6408;-1.6128,1.4348,0.8721;-2.6822,1.8360,-0.1557;-3.8176,0.9458,-0.0688;-4.9724,1.3936,0.4786;-5.8799,0.4002,0.6418;-7.1647,0.8082,1.1058;-8.0277,1.3466,-0.0262;-5.1810,2.5490,0.7672;-3.5006,-0.4476,-0.2631;-2.4494,-0.8999,0.7663;0.2598,-1.8803,0.0958;-0.2436,-2.5564,-1.0076;0.0561,-3.8912,-1.2127;4.5147,3.3815,-1.0241;2.0158,-4.4136,1.4975;2.0478,-2.4452,2.9049;0.8692,-1.1563,2.6028;3.5386,-1.4997,1.1652;3.2631,-0.3970,2.5096;4.4053,0.9791,0.7314;1.5794,3.1245,-1.6715;-0.7519,2.0902,0.7679;-2.0341,1.5507,1.8745;-2.2544,1.7744,-1.1607;-3.0362,2.8505,0.0302;-7.0380,1.5740,1.8780;-7.6026,-0.0923,1.5423;-8.1173,0.6061,-0.8177;-7.5773,2.2484,-0.4333;-9.0174,1.5860,0.3520;-3.0929,-0.5703,-1.2726;-4.4096,-1.0394,-0.1702;-2.1935,-1.9455,0.6006;-2.8809,-0.8001,1.7657;-0.8661,-2.0302,-1.7153;-0.3332,-4.4172,-2.0698;</g>
		<g id="4" u="A" t="cart/3d">#50,3:1.2948,-6.2029,0.5615;0.8858,-4.5365,0.3407;1.2448,-3.8975,-0.8351;0.9175,-2.5643,-1.0196;1.3228,-1.8090,-2.2481;2.5145,-0.9053,-1.9283;2.2682,0.2075,-0.9434;3.3149,1.1069,-0.7569;3.1647,2.1781,0.1033;1.9535,2.3422,0.7583;0.9661,1.4946,0.5909;1.0879,0.4447,-0.2220;-0.0913,-0.4443,-0.2367;-1.3458,-0.0018,-0.3857;-1.7339,1.4305,-0.5902;-2.6323,1.8550,0.5817;-3.7692,0.9687,0.6847;-5.0002,1.4229,0.3523;-5.9329,0.4396,0.3810;-7.2647,0.8440,0.0726;-7.4924,0.9392,-1.4295;-5.2495,2.5785,0.0993;-3.4330,-0.4238,0.8496;-2.5484,-0.8967,-0.3183;0.2293,-1.8747,-0.0230;-0.1165,-2.5275,1.1528;0.2085,-3.8589,1.3411;4.5901,3.4099,0.3738;1.7744,-4.4403,-1.6031;0.4877,-1.2021,-2.6047;1.6124,-2.5011,-3.0401;2.8753,-0.4530,-2.8572;3.3276,-1.5261,-1.5370;4.2438,0.9659,-1.2912;1.7752,3.1684,1.4324;-2.3033,1.5277,-1.5184;-0.8670,2.0848,-0.6321;-3.0091,2.8677,0.4350;-2.0546,1.8093,1.5098;-7.4611,1.8124,0.5437;-7.9000,0.0764,0.5200;-7.2530,-0.0073,-1.9090;-6.8616,1.7200,-1.8468;-8.5323,1.1844,-1.6254;-4.3486,-1.0106,0.9012;-2.8803,-0.5375,1.7889;-3.1235,-0.8096,-1.2438;-2.2737,-1.9409,-0.1759;-0.6347,-1.9857,1.9293;-0.0584,-4.3666,2.2543;</g>
		<g id="5" u="A" t="cart/3d">#50,3:1.6987,-6.2362,0.3401;1.1817,-4.5854,0.3493;1.2091,-3.8574,-0.8292;0.7952,-2.5356,-0.8284;0.8493,-1.6836,-2.0594;2.0489,-0.7386,-1.9784;2.0209,0.2907,-0.8784;3.0532,1.2255,-0.8873;3.0885,2.2297,0.0613;2.0706,2.2943,1.0009;1.0988,1.4132,1.0175;1.0502,0.4220,0.1274;-0.0631,-0.5261,0.3341;-1.3292,-0.1485,0.5505;-1.8165,1.2677,0.4873;-2.8693,1.3962,-0.6258;-3.9290,0.4381,-0.4280;-5.1780,0.7524,-0.0084;-5.3812,2.0903,0.0311;-6.7046,2.5047,0.3628;-7.6307,2.4513,-0.8436;-6.0202,-0.0672,0.2753;-3.4878,-0.9356,-0.3817;-2.4498,-1.1307,0.7348;0.3540,-1.9476,0.3553;0.3363,-2.6892,1.5292;0.7496,-4.0092,1.5328;4.4992,3.5075,0.0672;1.5490,-4.3223,-1.7420;-0.0704,-1.1012,-2.1502;0.9546,-2.3068,-2.9486;2.1455,-0.2056,-2.9294;2.9565,-1.3387,-1.8537;3.8246,1.1642,-1.6419;2.0381,3.0668,1.7566;-1.0005,1.9639,0.3085;-2.2823,1.5268,1.4405;-2.3989,1.1945,-1.5959;-3.2916,2.3994,-0.6392;-6.5927,3.5274,0.7298;-7.0899,1.8615,1.1607;-8.6096,2.8336,-0.5689;-7.7350,1.4230,-1.1806;-7.2280,3.0521,-1.6559;-3.0415,-1.1963,-1.3479;-4.3625,-1.5639,-0.2086;-2.0915,-2.1591,0.7177;-2.9381,-0.9459,1.6945;0.0027,-2.2246,2.4445;0.7386,-4.5864,2.4436;</g>
		<g id="6" u="A" t="cart/3d">#50,3:1.6876,-6.2184,0.5344;1.1638,-4.5714,0.4610;1.2660,-3.8776,-0.7339;0.8465,-2.5591,-0.7994;0.9787,-1.7429,-2.0486;2.1653,-0.7876,-1.9146;2.0554,0.2758,-0.8529;3.0782,1.2205,-0.8237;3.0418,2.2549,0.0919;1.9631,2.3387,0.9593;0.9999,1.4483,0.9402;1.0186,0.4287,0.0814;-0.0986,-0.5231,0.2444;-1.3788,-0.1506,0.3687;-1.8710,1.2590,0.2355;-2.8586,1.3485,-0.9395;-3.9211,0.3871,-0.7759;-5.1938,0.7020,-0.4359;-5.4131,2.0376,-0.4651;-6.7367,2.4539,-0.1363;-6.9519,2.5089,1.3695;-6.0455,-0.1166,-0.1790;-3.4736,-0.9809,-0.6679;-2.5015,-1.1373,0.5122;0.3249,-1.9400,0.3346;0.2331,-2.6474,1.5261;0.6515,-3.9640,1.5959;4.4382,3.5471,0.1499;1.6680,-4.3664,-1.6082;0.0644,-1.1699,-2.2181;1.1469,-2.3910,-2.9099;2.3259,-0.2844,-2.8732;3.0648,-1.3772,-1.7076;3.8986,1.1432,-1.5230;1.8738,3.1346,1.6856;-1.0505,1.9564,0.0842;-2.3925,1.5413,1.1527;-2.3318,1.1250,-1.8752;-3.2864,2.3473,-1.0051;-7.4517,1.7622,-0.5931;-6.8372,3.4443,-0.5857;-6.2116,3.1568,1.8335;-6.8643,1.5099,1.7892;-7.9450,2.8942,1.5818;-2.9696,-1.2627,-1.5992;-4.3523,-1.6122,-0.5299;-2.1356,-2.1626,0.5439;-3.0470,-0.9317,1.4364;-0.1627,-2.1588,2.4033;0.5827,-4.5147,2.5204;</g>
		<g id="7" u="A" t="cart/3d">#50,3:1.2444,-6.2056,-0.2880;0.8471,-4.5218,-0.2732;1.0910,-3.7753,0.8682;0.7722,-2.4275,0.8873;1.0586,-1.5582,2.0733;2.2953,-0.7021,1.7965;2.1774,0.3083,0.6851;3.2591,1.1704,0.5226;3.2239,2.1528,-0.4485;2.0885,2.2701,-1.2365;1.0693,1.4572,-1.0916;1.0837,0.4881,-0.1763;-0.1070,-0.3852,-0.1994;-1.3634,0.0749,-0.2481;-1.7450,1.5209,-0.1530;-2.6323,1.7378,1.0826;-3.7661,0.8440,1.0541;-5.0007,1.3390,0.7987;-5.9252,0.3583,0.6653;-7.2580,0.7970,0.4107;-7.4732,1.1160,-1.0620;-5.2558,2.5190,0.7404;-3.4189,-0.5537,0.9894;-2.5597,-0.8334,-0.2551;0.2086,-1.8322,-0.2395;-0.0246,-2.5926,-1.3778;0.2930,-3.9387,-1.4011;4.7004,3.3289,-0.6901;1.5245,-4.2458,1.7375;1.2476,-2.1704,2.9563;0.2031,-0.9101,2.2761;3.1326,-1.3670,1.5586;2.5645,-0.1620,2.7094;4.1247,1.0698,1.1620;1.9990,3.0291,-2.0011;-2.3142,1.7989,-1.0427;-0.8695,2.1633,-0.0977;-3.0113,2.7601,1.1100;-2.0536,1.5429,1.9926;-7.4646,1.6819,1.0210;-7.8912,-0.0332,0.7314;-6.8436,1.9537,-1.3514;-8.5127,1.3828,-1.2290;-7.2236,0.2535,-1.6759;-4.3300,-1.1491,0.9681;-2.8469,-0.8115,1.8888;-3.1616,-0.6293,-1.1439;-2.2684,-1.8830,-0.2635;-0.4506,-2.1223,-2.2510;0.1146,-4.5308,-2.2846;</g>
		<g id="8" u="A" t="cart/3d">#50,3:1.8434,-6.2362,0.5861;1.2774,-4.6182,0.3538;1.5874,-3.9508,-0.8202;1.1347,-2.6562,-1.0138;1.4795,-1.8684,-2.2405;2.5732,-0.8518,-1.9097;2.2081,0.2334,-0.9309;3.1614,1.2291,-0.7335;2.8974,2.2833,0.1204;1.6664,2.3333,0.7565;0.7665,1.3949,0.5790;1.0003,0.3580,-0.2263;-0.0857,-0.6421,-0.2517;-1.3763,-0.3276,-0.4173;-1.9013,1.0597,-0.6302;-2.8521,1.3934,0.5314;-3.8993,0.4036,0.6136;-5.1829,0.6212,0.2400;-5.4292,1.9245,-0.0237;-6.7839,2.2283,-0.3520;-6.8873,3.7207,-0.6048;-6.0282,-0.2419,0.1800;-3.4336,-0.9526,0.7828;-2.4842,-1.3375,-0.3647;0.3708,-2.0338,-0.0284;0.0749,-2.7137,1.1456;0.5249,-4.0068,1.3430;4.1946,3.6467,0.4064;2.1760,-4.4420,-1.5798;0.5934,-1.3474,-2.6098;1.8453,-2.5310,-3.0261;2.8990,-0.3679,-2.8355;3.4384,-1.3896,-1.5072;4.1070,1.1761,-1.2542;1.4005,3.1411,1.4241;-2.4656,1.0984,-1.5660;-1.1019,1.7958,-0.6626;-3.2994,2.3761,0.3939;-2.2820,1.3828,1.4661;-7.4295,1.9187,0.4774;-7.0741,1.6526,-1.2383;-7.9122,3.9770,-0.8565;-6.2364,4.0082,-1.4262;-6.5901,4.2721,0.2832;-4.3056,-1.6077,0.8000;-2.9036,-1.0254,1.7380;-3.0497,-1.3127,-1.2997;-2.1098,-2.3485,-0.2122;-0.5042,-2.2230,1.9130;0.2962,-4.5357,2.2545;</g>
		<g id="9" u="A" t="cart/3d">#50,3:1.0928,-6.2069,-0.3910;0.7541,-4.5206,-0.2043;1.2582,-3.8426,0.8938;0.9877,-2.4933,1.0512;1.5455,-1.6976,2.1913;2.7158,-0.8436,1.7011;2.3900,0.2301,0.6959;3.4326,1.0864,0.3510;3.2151,2.1215,-0.5385;1.9427,2.2943,-1.0619;0.9581,1.4870,-0.7453;1.1430,0.4715,0.0988;-0.0489,-0.3798,0.2876;-1.2669,0.1046,0.5584;-1.5945,1.5550,0.7408;-2.6262,1.9545,-0.3257;-3.7851,1.0946,-0.2468;-4.9407,1.5827,0.2642;-5.8806,0.6217,0.4210;-7.1464,1.0860,0.8871;-8.0823,-0.1044,0.9820;-5.1322,2.7487,0.5205;-3.4989,-0.3110,-0.3949;-2.4878,-0.7603,0.6753;0.2103,-1.8270,0.1056;-0.2810,-2.5191,-0.9934;-0.0130,-3.8667,-1.1543;4.6336,3.2930,-1.0261;1.8559,-4.3676,1.6233;1.9046,-2.3628,2.9778;0.7701,-1.0518,2.6091;3.4666,-1.5045,1.2549;3.1861,-0.3600,2.5628;4.4116,0.9404,0.7852;1.7118,3.0945,-1.7514;-0.7145,2.1854,0.6419;-2.0386,1.7095,1.7280;-2.1739,1.8562,-1.3169;-2.9603,2.9816,-0.1757;-7.5287,1.8393,0.1894;-7.0128,1.5668,1.8629;-9.0555,0.2249,1.3338;-7.6838,-0.8409,1.6749;-8.1951,-0.5704,0.0068;-3.0674,-0.4718,-1.3890;-4.4252,-0.8771,-0.3115;-2.2544,-1.8162,0.5458;-2.9433,-0.6212,1.6592;-0.8689,-1.9958,-1.7320;-0.3930,-4.4052,-2.0079;</g>
		<g id="10" u="A" t="cart/3d">#50,3:1.8144,-6.2511,-0.1587;1.2535,-4.6150,-0.1936;1.3823,-3.8275,0.9390;0.9333,-2.5173,0.9179;1.0912,-1.6027,2.0938;2.2483,-0.6356,1.8401;2.0734,0.3381,0.7037;3.0715,1.2987,0.5608;2.9762,2.2566,-0.4307;1.8639,2.2494,-1.2589;0.9237,1.3433,-1.1325;0.9991,0.3950,-0.1985;-0.0996,-0.5907,-0.2438;-1.3924,-0.2576,-0.3477;-1.9148,1.1468,-0.3053;-2.8606,1.3058,0.8966;-3.9030,0.3102,0.8512;-5.1938,0.5688,0.5310;-5.4477,1.8939,0.4501;-6.8071,2.2329,0.1784;-6.9077,3.7433,0.0759;-6.0356,-0.2839,0.3686;-3.4253,-1.0517,0.8307;-2.4944,-1.2773,-0.3713;0.3555,-2.0007,-0.2399;0.2376,-2.8013,-1.3685;0.6854,-4.1099,-1.3518;4.3384,3.5689,-0.6441;1.8279,-4.2373,1.8325;1.3069,-2.1773,2.9957;0.1699,-1.0380,2.2534;3.1538,-1.2202,1.6451;2.4317,-0.0550,2.7496;3.9191,1.2939,1.2313;1.7285,2.9835,-2.0409;-2.4767,1.3446,-1.2207;-1.1072,1.8721,-0.2402;-3.3120,2.2964,0.9001;-2.2938,1.1694,1.8256;-7.4387,1.8452,0.9856;-7.1157,1.7480,-0.7544;-7.9356,4.0261,-0.1308;-6.2700,4.1082,-0.7248;-6.5924,4.2038,1.0084;-4.2926,-1.7109,0.7755;-2.8800,-1.2491,1.7604;-3.0792,-1.1561,-1.2862;-2.1042,-2.2935,-0.3388;-0.2018,-2.3917,-2.2652;0.5964,-4.7329,-2.2275;</g>
		<g id="11" u="A" t="cart/3d">#50,3:1.1378,-6.1710,0.5016;0.7823,-4.4786,0.4476;0.9226,-3.7918,-0.7474;0.6371,-2.4373,-0.7975;0.8179,-1.6310,-2.0472;2.0979,-0.8007,-1.9434;2.1268,0.2589,-0.8725;3.2430,1.0916,-0.8635;3.3377,2.1153,0.0598;2.2958,2.3029,0.9557;1.2451,1.5176,0.9557;1.1360,0.5104,0.0895;-0.0692,-0.3226,0.2763;-1.3007,0.1793,0.4313;-1.6505,1.6312,0.3083;-2.6500,1.8228,-0.8430;-3.7984,0.9657,-0.6648;-4.9902,1.5085,-0.3187;-5.9226,0.5684,-0.0444;-7.2194,1.0768,0.2659;-8.1420,-0.1007,0.5187;-5.2115,2.6967,-0.2896;-3.4847,-0.4380,-0.5668;-2.5146,-0.6891,0.6000;0.2105,-1.7754,0.3521;0.0797,-2.4768,1.5435;0.3646,-3.8293,1.5979;4.8633,3.2526,0.0912;1.2503,-4.3135,-1.6336;-0.0379,-0.9673,-2.1896;0.8964,-2.2876,-2.9149;2.2793,-0.3076,-2.9034;2.9395,-1.4792,-1.7674;4.0333,0.9357,-1.5842;2.3082,3.0968,1.6894;-0.7677,2.2427,0.1378;-2.1205,1.9648,1.2358;-2.1692,1.5728,-1.7956;-3.0038,2.8538,-0.8785;-7.5725,1.6878,-0.5721;-7.1470,1.7231,1.1480;-7.7695,-0.6981,1.3467;-8.1978,-0.7296,-0.3658;-9.1366,0.2618,0.7609;-3.0113,-0.7543,-1.5041;-4.4054,-1.0021,-0.4281;-2.2527,-1.7460,0.6303;-3.0195,-0.4257,1.5325;-0.2402,-1.9554,2.4328;0.2660,-4.3755,2.5224;</g>
		<g id="12" u="A" t="cart/3d">#50,3:1.6601,-6.1735,0.8992;1.1598,-4.5533,0.5624;1.7606,-3.8512,-0.4629;1.3839,-2.5444,-0.7669;2.1391,-1.9102,-1.9105;1.7420,-0.4883,-2.3113;1.9260,0.4558,-1.1668;2.9792,1.3492,-1.0744;3.0428,2.1778,0.0367;2.0552,2.1000,1.0061;1.0541,1.2462,0.9176;0.9890,0.4360,-0.1280;-0.1044,-0.5582,-0.2055;-1.3786,-0.2108,-0.4078;-1.8394,1.2152,-0.4856;-2.9041,1.4381,0.6013;-3.9816,0.4909,0.4450;-5.2058,0.8018,-0.0437;-5.3736,2.1377,-0.1892;-6.6771,2.5572,-0.5863;-7.6330,2.6187,0.5963;-6.0585,-0.0167,-0.2993;-3.5744,-0.8936,0.5055;-2.5122,-1.1807,-0.5675;0.3653,-1.9490,-0.0187;-0.2115,-2.6709,1.0295;0.1669,-3.9623,1.3274;4.4699,3.4247,0.2207;2.5405,-4.3229,-1.0419;2.0289,-2.5570,-2.7857;3.2014,-1.9114,-1.6445;0.6951,-0.4765,-2.6233;2.3602,-0.1791,-3.1564;3.7297,1.4070,-1.8495;2.0663,2.7399,1.8774;-2.2907,1.4087,-1.4626;-1.0168,1.9112,-0.3324;-3.3050,2.4485,0.5459;-2.4447,1.2860,1.5839;-7.0595,1.8643,-1.3429;-6.5299,3.5459,-1.0267;-7.7733,1.6217,1.0065;-8.5942,3.0041,0.2686;-7.2331,3.2684,1.3714;-4.4594,-1.5118,0.3489;-3.1631,-1.0938,1.5004;-2.9732,-1.0313,-1.5481;-2.1781,-2.2145,-0.4974;-0.9628,-2.1882,1.6349;-0.2923,-4.5010,2.1405;</g>
		<g id="13" u="A" t="cart/3d">#50,3:1.6981,-6.1796,-0.3786;1.1348,-4.5945,0.0266;0.6592,-3.7638,-0.9742;0.2032,-2.4937,-0.6584;-0.2561,-1.5360,-1.7128;0.8188,-0.4677,-1.9234;1.0397,0.5103,-0.7992;1.7958,1.6374,-1.1102;2.0381,2.6006,-0.1490;1.5029,2.4265,1.1174;0.7866,1.3685,1.4168;0.5491,0.4161,0.5146;-0.2635,-0.7078,1.0115;-1.3490,-0.5322,1.7784;-1.9070,0.8002,2.1935;-3.4409,0.7644,2.0629;-3.7808,-0.1064,0.9553;-3.5927,0.3235,-0.3207;-3.5952,1.6725,-0.3980;-3.4275,2.2302,-1.6977;-1.9530,2.3718,-2.0501;-3.4909,-0.4061,-1.2808;-3.5343,-1.5069,1.2462;-2.2749,-1.6624,2.1280;0.2245,-2.0625,0.6656;0.7125,-2.9049,1.6574;1.1711,-4.1717,1.3453;3.0713,4.1450,-0.5644;0.6409,-4.1085,-1.9968;-1.2039,-1.0762,-1.4260;-0.4109,-2.0621,-2.6558;0.5780,0.1074,-2.8224;1.7728,-0.9726,-2.1158;2.1885,1.7591,-2.1097;1.6503,3.1515,1.9059;-1.4974,1.5959,1.5734;-1.6171,1.0103,3.2251;-3.8420,1.7600,1.8812;-3.9137,0.3542,2.9576;-3.9163,3.2059,-1.6545;-3.9315,1.5917,-2.4301;-1.4381,2.9612,-1.2941;-1.8516,2.8633,-3.0134;-1.4936,1.3885,-2.1031;-3.3984,-2.0182,0.2914;-4.4113,-1.9254,1.7497;-1.8249,-2.6359,1.9474;-2.5474,-1.5956,3.1829;0.7379,-2.5594,2.6801;1.5526,-4.8245,2.1142;</g>
		<g id="14" u="A" t="cart/3d">#50,3:1.6847,-6.1885,0.7459;1.1686,-4.5619,0.4695;1.7263,-3.8333,-0.5618;1.3354,-2.5205,-0.8184;2.0432,-1.8571,-1.9757;1.6256,-0.4282,-2.3275;1.8539,0.4902,-1.1701;2.9078,1.3851,-1.1009;3.0146,2.1893,0.0246;2.0675,2.0868,1.0315;1.0663,1.2312,0.9653;0.9606,0.4436,-0.0945;-0.1327,-0.5522,-0.1478;-1.4155,-0.2036,-0.2824;-1.8830,1.2221,-0.3002;-2.8854,1.4134,0.8503;-3.9677,0.4668,0.7288;-5.2293,0.7894,0.3589;-5.4170,2.1293,0.2997;-6.7316,2.5540,-0.0526;-6.9496,2.5231,-1.5588;-6.0991,-0.0231,0.1454;-3.5583,-0.9181,0.7249;-2.5549,-1.1711,-0.4114;0.3471,-1.9459,-0.0153;-0.1850,-2.6947,1.0378;0.2069,-3.9921,1.2884;4.4451,3.4364,0.1781;2.4830,-4.2887,-1.1831;1.9012,-2.4841,-2.8606;3.1151,-1.8596,-1.7514;0.5667,-0.4136,-2.5957;2.2075,-0.0974,-3.1900;3.6256,1.4627,-1.9047;2.1125,2.7072,1.9157;-2.3886,1.4373,-1.2455;-1.0552,1.9177,-0.1758;-3.2912,2.4234,0.8438;-2.3702,1.2388,1.8011;-6.8097,3.5717,0.3364;-7.4606,1.9068,0.4454;-7.9354,2.9148,-1.7924;-6.8830,1.4991,-1.9178;-6.1978,3.1272,-2.0619;-4.4510,-1.5320,0.5974;-3.0944,-1.1497,1.6896;-3.0668,-0.9939,-1.3615;-2.2169,-2.2059,-0.3893;-0.9111,-2.2287,1.6855;-0.2181,-4.5514,2.1062;</g>
		<g id="15" u="A" t="cart/3d">#50,3:1.2573,-6.1472,0.8420;0.8773,-4.4910,0.5225;1.5262,-3.8248,-0.4976;1.2457,-2.4909,-0.7880;2.0443,-1.9022,-1.9265;1.7513,-0.4515,-2.3141;2.0043,0.4660,-1.1611;3.1203,1.2788,-1.0612;3.2457,2.0884,0.0586;2.2564,2.0721,1.0295;1.1957,1.2947,0.9339;1.0697,0.5039,-0.1209;-0.0933,-0.4073,-0.2062;-1.3385,0.0338,-0.4058;-1.6955,1.4891,-0.4778;-2.7479,1.7868,0.6015;-3.8873,0.9112,0.4492;-5.0551,1.4118,-0.0186;-5.9721,0.4404,-0.2466;-7.2691,0.8930,-0.6283;-8.0952,1.3153,0.5781;-5.2645,2.5897,-0.1924;-3.5730,-0.4952,0.5124;-2.5394,-0.8515,-0.5692;0.2745,-1.8300,-0.0317;-0.3510,-2.5176,1.0115;-0.0676,-3.8362,1.2962;4.7614,3.2235,0.2539;2.2685,-4.3467,-1.0828;1.8881,-2.5314,-2.8075;3.1037,-1.9823,-1.6610;0.7079,-0.3604,-2.6248;2.3899,-0.1806,-3.1570;3.8722,1.2897,-1.8370;2.3156,2.6995,1.9079;-2.1255,1.7193,-1.4564;-0.8261,2.1237,-0.3169;-3.1020,2.8152,0.5224;-2.3059,1.6274,1.5901;-7.7231,0.0407,-1.1390;-7.1634,1.7321,-1.3236;-8.1635,0.4990,1.2935;-9.0950,1.5923,0.2564;-7.6293,2.1713,1.0598;-4.4856,-1.0735,0.3783;-3.1553,-0.7096,1.5027;-2.9910,-0.6619,-1.5471;-2.2794,-1.9072,-0.5071;-1.0627,-1.9867,1.6242;-0.5626,-4.3475,2.1060;</g>
		<g id="16" u="A" t="cart/3d">#50,3:1.2883,-6.1673,0.6635;0.8892,-4.5028,0.4190;1.4817,-3.8016,-0.6117;1.1838,-2.4600,-0.8433;1.9194,-1.8320,-2.0030;1.6039,-0.3705,-2.3270;1.9165,0.5103,-1.1601;3.0339,1.3248,-1.0945;3.2172,2.0991,0.0421;2.2819,2.0474,1.0639;1.2198,1.2685,1.0007;1.0393,0.5110,-0.0705;-0.1253,-0.4008,-0.1226;-1.3799,0.0433,-0.2392;-1.7414,1.4993,-0.2424;-2.7342,1.7569,0.9018;-3.8798,0.8848,0.7794;-5.0723,1.4000,0.3981;-6.0068,0.4371,0.2085;-7.3027,0.8998,-0.1644;-7.3884,1.1984,-1.6547;-5.2914,2.5830,0.2802;-3.5632,-0.5224,0.7777;-2.5872,-0.8391,-0.3680;0.2531,-1.8274,-0.0152;-0.3149,-2.5508,1.0366;-0.0146,-3.8769,1.2626;4.7375,3.2351,0.1911;2.1928,-4.3016,-1.2522;1.7171,-2.4329,-2.8943;2.9917,-1.9174,-1.7974;0.5454,-0.2729,-2.5787;2.1963,-0.0704,-3.1935;3.7428,1.3639,-1.9090;2.3865,2.6469,1.9574;-2.2238,1.7615,-1.1879;-0.8652,2.1303,-0.1070;-3.0924,2.7867,0.8786;-2.2396,1.5638,1.8590;-7.5398,1.7993,0.4126;-7.9792,0.0890,0.1148;-7.1076,0.3208,-2.2329;-6.7194,2.0184,-1.9030;-8.4047,1.4832,-1.9111;-4.4818,-1.0970,0.6714;-3.0950,-0.7711,1.7368;-3.0896,-0.6180,-1.3142;-2.3234,-1.8955,-0.3553;-0.9939,-2.0425,1.7034;-0.4651,-4.4160,2.0803;</g>
		<g id="17" u="A" t="cart/3d">#50,3:1.8316,-6.2454,0.5589;1.2764,-4.6100,0.4816;1.6143,-3.8237,-0.6013;1.1855,-2.5014,-0.7003;1.6386,-1.7719,-1.9425;1.1507,-0.3335,-2.1250;1.6226,0.5295,-0.9989;2.6676,1.4300,-1.1142;3.0188,2.1758,0.0016;2.3143,2.0109,1.1841;1.3208,1.1511,1.2922;0.9841,0.4190,0.2413;-0.0992,-0.5808,0.3682;-1.3783,-0.2385,0.5514;-1.8368,1.1869,0.6547;-2.8174,1.4987,-0.4866;-3.9008,0.5463,-0.4828;-5.1603,0.8232,-0.0663;-5.3423,2.1444,0.1643;-6.6710,2.5355,0.5037;-7.5462,2.6876,-0.7320;-6.0265,-0.0104,0.0607;-3.4828,-0.8297,-0.6094;-2.5197,-1.2130,0.5266;0.3873,-1.9772,0.3193;0.0733,-2.7863,1.4148;0.5025,-4.0926,1.5084;4.4498,3.4281,-0.0957;2.2248,-4.2403,-1.3885;1.3202,-2.3563,-2.8106;2.7337,-1.7692,-1.9440;0.0588,-0.3215,-2.1572;1.5310,0.0466,-3.0752;3.1933,1.5555,-2.0498;2.5526,2.5841,2.0692;-0.9970,1.8787,0.6232;-2.3574,1.3237,1.6056;-2.2949,1.4231,-1.4480;-3.2227,2.5036,-0.3825;-6.5564,3.4878,1.0262;-7.1007,1.7883,1.1787;-7.6557,1.7248,-1.2247;-7.0982,3.3936,-1.4275;-8.5283,3.0487,-0.4406;-2.9810,-0.9568,-1.5752;-4.3756,-1.4556,-0.5829;-2.1742,-2.2343,0.3723;-3.0659,-1.1656,1.4716;-0.5091,-2.3604,2.2172;0.2491,-4.6992,2.3628;</g>
		<g id="18" u="A" t="cart/3d">#50,3:-0.1794,-5.7597,1.0601;-0.2022,-4.1346,0.4658;-0.3462,-3.0857,1.3593;-0.3725,-1.7802,0.8935;-0.4872,-0.6141,1.8265;0.8689,0.0777,1.9626;1.4068,0.7476,0.7269;2.5519,1.5220,0.8982;3.1007,2.1978,-0.1744;2.4793,2.1017,-1.4102;1.4032,1.3706,-1.5787;0.8613,0.6938,-0.5650;-0.2981,-0.1341,-0.9519;-1.2932,0.3115,-1.7289;-1.4885,1.7474,-2.1147;-2.6546,2.3045,-1.2693;-3.5904,1.2456,-0.9366;-3.6726,0.8500,0.3604;-4.3481,-0.3115,0.4855;-4.5317,-0.8214,1.8045;-4.0807,-2.2729,1.8549;-3.2312,1.4818,1.2942;-3.7570,0.2835,-2.0059;-2.4651,-0.5477,-2.1277;-0.2536,-1.5345,-0.4741;-0.1046,-2.5963,-1.3563;-0.0760,-3.8996,-0.8933;4.6726,3.2485,0.0421;-0.4417,-3.2885,2.4155;-0.8025,-0.9533,2.8148;-1.2237,0.1036,1.4608;1.6086,-0.6593,2.2951;0.7961,0.8375,2.7461;3.0070,1.5940,1.8759;2.8561,2.6188,-2.2818;-1.7376,1.7982,-3.1761;-0.5903,2.3352,-1.9500;-3.1854,3.0910,-1.8148;-2.2863,2.7164,-0.3280;-5.5970,-0.7386,2.0451;-3.9590,-0.2018,2.5021;-4.2263,-2.6640,2.8576;-3.0291,-2.3534,1.5899;-4.6603,-2.8696,1.1553;-3.9569,0.8465,-2.9201;-4.6133,-0.3541,-1.7929;-2.3415,-0.8885,-3.1586;-2.5275,-1.4279,-1.4870;-0.0028,-2.3970,-2.4121;0.0415,-4.7247,-1.5776;</g>
		<g id="19" u="A" t="cart/3d">#50,3:1.7665,-6.2143,0.7702;1.2200,-4.5825,0.6052;1.6308,-3.8299,-0.4765;1.2114,-2.5116,-0.6450;1.7483,-1.8203,-1.8756;1.2733,-0.3898,-2.1361;1.6690,0.5095,-1.0091;2.7196,1.4078,-1.0831;2.9961,2.1891,0.0295;2.2145,2.0604,1.1672;1.2157,1.2027,1.2361;0.9495,0.4370,0.1889;-0.1403,-0.5600,0.2751;-1.4285,-0.2140,0.3639;-1.8914,1.2133,0.3964;-2.8011,1.4910,-0.8106;-3.8835,0.5380,-0.8430;-5.1631,0.8242,-0.5009;-5.3608,2.1528,-0.3348;-6.6887,2.5414,0.0110;-6.9552,2.3693,1.4998;-6.0356,-0.0063,-0.4002;-3.4591,-0.8403,-0.9070;-2.5663,-1.1908,0.2952;0.3472,-1.9567,0.3018;-0.0405,-2.7316,1.3985;0.3798,-4.0340,1.5613;4.4309,3.4401,-0.0118;2.2923,-4.2702,-1.2076;1.4906,-2.4326,-2.7446;2.8410,-1.8147,-1.8020;0.1859,-0.3813,-2.2413;1.7160,-0.0391,-3.0704;3.3064,1.5047,-1.9851;2.3936,2.6617,2.0475;-1.0507,1.9048,0.3959;-2.4685,1.3773,1.3097;-2.2224,1.3879,-1.7364;-3.2111,2.4982,-0.7609;-7.3980,1.9431,-0.5696;-6.7576,3.5909,-0.2835;-6.2207,2.9220,2.0814;-6.8991,1.3161,1.7631;-7.9484,2.7392,1.7373;-2.9006,-0.9932,-1.8371;-4.3521,-1.4665,-0.9170;-2.2116,-2.2151,0.1898;-3.1690,-1.1194,1.2037;-0.6747,-2.2815,2.1466;0.0690,-4.6140,2.4153;</g>
		<g id="20" u="A" t="cart/3d">#50,3:1.4282,-6.2311,0.4765;0.9935,-4.5582,0.4330;1.3664,-3.7828,-0.6463;1.0339,-2.4314,-0.7186;1.5151,-1.7177,-1.9595;1.1310,-0.2448,-2.1130;1.6857,0.5645,-0.9848;2.7916,1.3879,-1.1078;3.2181,2.0872,0.0119;2.5266,1.9544,1.2061;1.4749,1.1679,1.3214;1.0648,0.4811,0.2663;-0.0867,-0.4388,0.3992;-1.3344,-0.0060,0.6039;-1.6889,1.4470,0.7221;-2.6481,1.8379,-0.4118;-3.7956,0.9608,-0.4190;-5.0004,1.4353,-0.0203;-5.9293,0.4546,0.0718;-7.2530,0.8848,0.3825;-7.9862,1.3872,-0.8528;-5.2249,2.6013,0.2047;-3.4754,-0.4384,-0.5551;-2.5442,-0.8949,0.5818;0.2964,-1.8658,0.3244;-0.0539,-2.6657,1.4155;0.2806,-4.0010,1.4828;4.7356,3.2317,-0.0955;1.9291,-4.2311,-1.4515;1.1389,-2.2644,-2.8291;2.6073,-1.7948,-1.9826;0.0425,-0.1517,-2.1240;1.5208,0.1204,-3.0652;3.3072,1.4900,-2.0518;2.8236,2.4934,2.0949;-0.8024,2.0777,0.6930;-2.1959,1.6134,1.6755;-2.1350,1.7558,-1.3769;-3.0067,2.8596,-0.2812;-7.2022,1.6764,1.1371;-7.7422,0.0021,0.8004;-7.4884,2.2726,-1.2401;-9.0086,1.6436,-0.5905;-7.9972,0.6201,-1.6237;-2.9679,-0.5843,-1.5164;-4.3967,-1.0183,-0.5505;-2.2745,-1.9385,0.4252;-3.0832,-0.8081,1.5281;-0.5870,-2.2098,2.2357;0.0017,-4.6002,2.3346;</g>
		<g id="21" u="A" t="cart/3d">#50,3:1.3652,-6.1969,0.7002;0.9387,-4.5270,0.5623;1.3877,-3.7936,-0.5173;1.0640,-2.4460,-0.6646;1.6330,-1.7807,-1.8953;1.2639,-0.3152,-2.1328;1.7390,0.5377,-1.0004;2.8527,1.3563,-1.0763;3.1999,2.0991,0.0429;2.4248,2.0124,1.1891;1.3660,1.2303,1.2597;1.0305,0.5026,0.2056;-0.1288,-0.4127,0.2939;-1.3869,0.0263,0.3973;-1.7457,1.4827,0.4355;-2.6410,1.8277,-0.7636;-3.7873,0.9498,-0.7980;-5.0085,1.4350,-0.4675;-5.9438,0.4583,-0.4021;-7.2640,0.8885,-0.0768;-7.4400,1.0790,1.4231;-5.2438,2.6077,-0.2942;-3.4604,-0.4527,-0.8663;-2.5934,-0.8654,0.3362;0.2566,-1.8411,0.3017;-0.1699,-2.5983,1.3961;0.1560,-3.9300,1.5380;4.7243,3.2385,-0.0001;2.0044,-4.2722,-1.2633;1.3180,-2.3611,-2.7674;2.7239,-1.8580,-1.8380;0.1791,-0.2232,-2.2246;1.7210,0.0128,-3.0684;3.4344,1.4219,-1.9844;2.6591,2.5858,2.0751;-0.8578,2.1122,0.4297;-2.3035,1.6875,1.3524;-2.0769,1.7080,-1.6956;-3.0048,2.8534,-0.6931;-7.9160,0.0972,-0.4534;-7.4729,1.8261,-0.6018;-6.7937,1.8817,1.7692;-7.1864,0.1634,1.9527;-8.4720,1.3403,1.6386;-2.9012,-0.6319,-1.7925;-4.3804,-1.0339,-0.8918;-2.3146,-1.9133,0.2326;-3.1849,-0.7466,1.2472;-0.7572,-2.1114,2.1593;-0.1826,-4.4958,2.3908;</g>
		<g id="22" u="A" t="cart/3d">#50,3:0.0438,-5.8171,1.0956;-0.0205,-4.1993,0.4843;-0.2333,-3.1485,1.3619;-0.2880,-1.8506,0.8803;-0.4657,-0.6743,1.7903;0.8656,0.0587,1.9589;1.4241,0.7279,0.7317;2.5430,1.5345,0.9248;3.1007,2.2139,-0.1413;2.5138,2.0895,-1.3914;1.4628,1.3271,-1.5805;0.9156,0.6452,-0.5736;-0.2130,-0.2182,-0.9722;-1.2204,0.1955,-1.7496;-1.4475,1.6208,-2.1535;-2.6464,2.1590,-1.3480;-3.6019,1.0990,-1.0840;-3.9256,0.8158,0.2016;-4.6546,-0.3194,0.2990;-5.1572,-0.6342,1.5952;-4.0977,-1.2691,2.4846;-3.6428,1.5201,1.1442;-3.6728,0.1027,-2.1295;-2.3627,-0.7052,-2.1415;-0.1334,-1.6140,-0.4850;0.0817,-2.6769,-1.3514;0.1430,-3.9733,-0.8724;4.6371,3.3099,0.1043;-0.3590,-3.3439,2.4161;-0.8025,-1.0081,2.7729;-1.2109,0.0125,1.3829;1.6138,-0.6534,2.3247;0.7480,0.8259,2.7299;2.9700,1.6297,1.9131;2.8981,2.6097,-2.2579;-1.6691,1.6552,-3.2217;-0.5698,2.2349,-1.9722;-3.1440,2.9656,-1.8975;-2.3205,2.5483,-0.3809;-5.9802,-1.3276,1.4084;-5.5394,0.2793,2.0622;-3.3352,-0.5337,2.7248;-3.6338,-2.1122,1.9771;-4.5578,-1.6152,3.4057;-3.8205,0.6299,-3.0754;-4.5288,-0.5466,-1.9543;-2.1914,-1.1109,-3.1417;-2.4362,-1.5441,-1.4482;0.2099,-2.4843,-2.4055;0.3141,-4.8005,-1.5428;</g>
		<g id="23" u="A" t="cart/3d">#50,3:0.1020,-5.9259,-0.4833;0.0283,-4.2553,-0.0376;-0.2220,-3.3020,-1.0111;-0.2844,-1.9621,-0.6633;-0.5006,-0.8895,-1.6858;0.8154,-0.1613,-1.9607;1.3928,0.6376,-0.8228;2.4920,1.4361,-1.1298;3.0695,2.2274,-0.1556;2.5223,2.2216,1.1182;1.4897,1.4684,1.4148;0.9234,0.6814,0.4992;-0.1802,-0.1501,1.0179;-1.1617,0.3255,1.7935;-1.3908,1.7797,2.0787;-2.6027,2.2401,1.2410;-3.5119,1.1314,1.0145;-3.6588,0.6717,-0.2541;-4.2783,-0.5289,-0.2895;-4.6003,-1.0260,-1.5861;-5.8843,-0.4099,-2.1227;-3.3051,1.2763,-1.2415;-3.6132,0.2371,2.1477;-2.2894,-0.5383,2.2953;-0.0980,-1.5859,0.6661;0.1544,-2.5528,1.6298;0.2224,-3.8906,1.2843;4.5797,3.3134,-0.5576;-0.3707,-3.6057,-2.0362;-1.2449,-0.1705,-1.3389;-0.8552,-1.3273,-2.6204;0.6672,0.5218,-2.8021;1.5662,-0.8971,-2.2703;2.8887,1.4362,-2.1352;2.9238,2.8308,1.9162;-0.5172,2.3790,1.8388;-1.6039,1.9005,3.1424;-2.2818,2.5981,0.2609;-3.1407,3.0456,1.7510;-4.7037,-2.1050,-1.4526;-3.7688,-0.8133,-2.2658;-6.1305,-0.8566,-3.0817;-5.7497,0.6607,-2.2556;-6.7037,-0.5806,-1.4286;-4.4492,-0.4445,1.9990;-3.8132,0.8522,3.0281;-2.3367,-1.4677,1.7270;-2.1264,-0.7922,3.3455;0.3061,-2.2518,2.6552;0.4223,-4.6428,2.0307;</g>
		<g id="24" u="A" t="cart/3d">#50,3:1.5813,-6.1023,0.9060;1.0611,-4.5481,0.3509;0.5793,-3.6249,1.2641;0.1589,-2.3785,0.8281;-0.3267,-1.3301,1.7799;0.7445,-0.2536,1.9617;1.0978,0.5775,0.7562;1.9405,1.6625,0.9859;2.2959,2.4990,-0.0552;1.7837,2.2467,-1.3184;0.9907,1.2254,-1.5423;0.6486,0.3907,-0.5609;-0.2135,-0.7270,-0.9863;-1.2772,-0.5564,-1.7810;-1.7782,0.7781,-2.2579;-3.3136,0.8059,-2.1381;-3.7075,-0.0317,-1.0240;-3.5635,0.4075,0.2530;-3.4534,1.7527,0.3175;-3.4312,2.3130,1.6277;-4.8320,2.4548,2.2048;-3.5643,-0.3136,1.2253;-3.5139,-1.4464,-1.2833;-2.2284,-1.6712,-2.1103;0.2234,-2.0651,-0.5279;0.7146,-2.9994,-1.4310;1.1360,-4.2437,-0.9983;3.4547,3.9795,0.2447;0.5282,-3.8798,2.3116;-0.5344,-1.7759,2.7537;-1.2528,-0.8850,1.4119;1.6643,-0.7359,2.3121;0.4228,0.4314,2.7522;2.3121,1.8500,1.9835;2.0155,2.8764,-2.1662;-1.4758,0.9340,-3.2954;-1.3421,1.5818,-1.6666;-3.7930,0.4014,-3.0323;-3.6744,1.8203,-1.9758;-2.9533,3.2877,1.5063;-2.8201,1.6767,2.2769;-5.2798,1.4718,2.3268;-5.4550,3.0484,1.5400;-4.7799,2.9423,3.1742;-4.3882,-1.8343,-1.8154;-3.4402,-1.9459,-0.3156;-2.4616,-1.6402,-3.1764;-1.8113,-2.6480,-1.8750;0.7729,-2.7442,-2.4786;1.5195,-4.9693,-1.6978;</g>
		<g id="25" u="A" t="cart/3d">#50,3:1.8121,-6.1931,0.7873;1.2640,-4.5800,0.4933;1.8248,-3.8429,-0.5302;1.4084,-2.5408,-0.8005;2.1232,-1.8654,-1.9465;1.6771,-0.4492,-2.3146;1.8601,0.4808,-1.1585;2.8894,1.4027,-1.0749;2.9550,2.2148,0.0482;1.9926,2.0928,1.0382;1.0145,1.2121,0.9580;0.9482,0.4171,-0.0994;-0.1192,-0.6054,-0.1696;-1.4067,-0.2891,-0.3356;-1.9075,1.1250,-0.3749;-2.9523,1.2981,0.7402;-4.0068,0.3244,0.5901;-5.2502,0.6125,0.1370;-5.4649,1.9434,0.0333;-6.7834,2.3129,-0.3677;-6.8510,3.8270,-0.4370;-6.0900,-0.2203,-0.1163;-3.5624,-1.0496,0.6125;-2.5174,-1.2862,-0.4894;0.3910,-1.9864,-0.0198;-0.1445,-2.7430,1.0258;0.2729,-4.0297,1.2902;4.3494,3.4997,0.2204;2.6040,-4.2831,-1.1344;2.0154,-2.5002,-2.8307;3.1900,-1.8397,-1.7002;0.6236,-0.4626,-2.6033;2.2672,-0.1087,-3.1677;3.6196,1.4946,-1.8658;2.0055,2.7186,1.9197;-2.3862,1.3244,-1.3375;-1.1005,1.8403,-0.2267;-3.3822,2.2977,0.7133;-2.4660,1.1410,1.7090;-7.5011,1.9147,0.3582;-7.0008,1.8588,-1.3411;-6.6261,4.2565,0.5356;-7.8481,4.1332,-0.7393;-6.1293,4.2024,-1.1577;-4.4346,-1.6872,0.4621;-3.1240,-1.2596,1.5937;-3.0044,-1.1301,-1.4562;-2.1542,-2.3118,-0.4479;-0.8948,-2.2918,1.6562;-0.1552,-4.5956,2.1018;</g>
		<g id="26" u="A" t="cart/3d">#50,3:1.0709,-6.1920,-0.2751;0.7480,-4.5001,-0.1245;1.4784,-3.7410,0.7675;1.2460,-2.3754,0.9201;2.1315,-1.6840,1.9292;1.8938,-0.1916,2.1674;2.0863,0.5839,0.9037;3.2080,1.3513,0.6410;3.2734,2.0271,-0.5690;2.2216,1.9277,-1.4665;1.1553,1.1936,-1.2154;1.0852,0.5295,-0.0718;-0.0870,-0.3345,0.1920;-1.3065,0.1599,0.4226;-1.6287,1.6236,0.3540;-2.7529,1.8294,-0.6733;-3.8939,1.0068,-0.3427;-5.0083,1.5862,0.1640;-5.9269,0.6750,0.5597;-7.1554,1.2233,1.0350;-8.0838,0.0749,1.3826;-5.1846,2.7807,0.2276;-3.6123,-0.4060,-0.2713;-2.5092,-0.6692,0.7675;0.2396,-1.7774,0.1575;-0.4694,-2.5609,-0.7567;-0.2334,-3.9108,-0.9054;4.7930,3.0943,-0.9881;2.2479,-4.2139,1.3593;3.1687,-1.8221,1.6058;2.0236,-2.2058,2.8845;2.5931,0.1547,2.9309;0.8758,-0.0381,2.5329;4.0099,1.4296,1.3608;2.2336,2.4509,-2.4123;-0.7612,2.2114,0.0602;-1.9798,1.9738,1.3285;-2.3895,1.5508,-1.6673;-3.0811,2.8694,-0.6835;-7.5853,1.8626,0.2560;-6.9511,1.8497,1.9109;-7.6367,-0.5501,2.1511;-8.2697,-0.5356,0.5030;-9.0276,0.4681,1.7485;-3.2728,-0.7389,-1.2586;-4.5237,-0.9409,-0.0096;-2.2745,-1.7319,0.8058;-2.8843,-0.3609,1.7476;-1.2101,-2.0829,-1.3787;-0.7926,-4.4965,-1.6170;</g>
		<g id="27" u="A" t="cart/3d">#50,3:1.9504,-6.2365,0.6209;1.3563,-4.6164,0.5148;1.7071,-3.8289,-0.5630;1.2478,-2.5187,-0.6848;1.7203,-1.7858,-1.9178;1.2002,-0.3624,-2.1266;1.6142,0.5209,-0.9936;2.6378,1.4484,-1.0841;2.9348,2.2112,0.0360;2.1992,2.0356,1.1979;1.2261,1.1502,1.2824;0.9413,0.4020,0.2275;-0.1188,-0.6253,0.3288;-1.4115,-0.3156,0.4689;-1.9101,1.0980,0.5450;-2.8575,1.3755,-0.6328;-3.9151,0.3950,-0.6585;-5.1968,0.6455,-0.2967;-5.4278,1.9628,-0.1026;-6.7771,2.2987,0.2188;-6.8644,3.8043,0.3838;-6.0497,-0.2051,-0.1924;-3.4597,-0.9714,-0.7557;-2.5260,-1.3195,0.4157;0.4053,-2.0087,0.3058;0.0785,-2.8184,1.3971;0.5380,-4.1125,1.5135;4.3339,3.5010,-0.0275;2.3520,-4.2347,-1.3281;1.4453,-2.3846,-2.7909;2.8145,-1.7536,-1.8849;0.1098,-0.3799,-2.1922;1.5993,0.0210,-3.0677;3.1883,1.5815,-2.0043;2.3952,2.6210,2.0853;-1.0880,1.8114,0.5375;-2.4674,1.2275,1.4759;-2.2992,1.3070,-1.5744;-3.2927,2.3700,-0.5515;-7.0635,1.7793,1.1403;-7.4329,1.9465,-0.5852;-6.5733,4.2998,-0.5385;-6.2011,4.1334,1.1794;-7.8838,4.0845,0.6318;-2.9231,-1.0966,-1.7029;-4.3380,-1.6182,-0.7518;-2.1495,-2.3328,0.2827;-3.1047,-1.2782,1.3415;-0.5391,-2.4024,2.1781;0.2741,-4.7199,2.3642;</g>
		<g id="28" u="A" t="cart/3d">#50,3:1.2470,-6.1973,0.6232;0.8621,-4.5146,0.5235;1.2897,-3.7786,-0.5631;0.9978,-2.4210,-0.6806;1.5382,-1.7539,-1.9231;1.2012,-0.2756,-2.1273;1.7417,0.5480,-1.0024;2.8739,1.3372,-1.1094;3.2832,2.0538,0.0058;2.5501,1.9709,1.1795;1.4733,1.2169,1.2795;1.0782,0.5147,0.2289;-0.1020,-0.3699,0.3481;-1.3433,0.1011,0.5015;-1.6611,1.5659,0.5691;-2.5863,1.9493,-0.5953;-3.7560,1.1022,-0.6026;-4.9534,1.6156,-0.2302;-5.9123,0.6671,-0.1373;-7.2139,1.1541,0.1877;-8.1611,-0.0294,0.2496;-5.1558,2.7913,-0.0354;-3.4703,-0.3078,-0.6953;-2.5749,-0.7572,0.4728;0.2443,-1.8081,0.3235;-0.1612,-2.5686,1.4236;0.1335,-3.9103,1.5359;4.8360,3.1519,-0.0795;1.8641,-4.2634,-1.3384;1.1747,-2.3131,-2.7902;2.6279,-1.8617,-1.9084;0.1168,-0.1526,-2.1770;1.6321,0.0531,-3.0750;3.4226,1.4004,-2.0380;2.8335,2.5241,2.0640;-0.7573,2.1716,0.5404;-2.1824,1.7742,1.5065;-2.0565,1.8270,-1.5469;-2.9209,2.9830,-0.5003;-7.5254,1.8749,-0.5764;-7.1682,1.6792,1.1485;-7.8321,-0.7341,1.0087;-8.1867,-0.5391,-0.7099;-9.1605,0.3171,0.4951;-2.9479,-0.4925,-1.6418;-4.4067,-0.8632,-0.6947;-2.3283,-1.8109,0.3488;-3.1316,-0.6328,1.4046;-0.7055,-2.0765,2.2149;-0.1879,-4.4786,2.3938;</g>
		<g id="29" u="A" t="cart/3d">#50,3:0.2725,-5.9128,1.1531;0.1310,-4.3031,0.5369;0.2048,-3.2304,1.4024;0.0942,-1.9178,0.9466;0.2204,-0.8598,2.0162;-0.0395,0.5932,1.6150;0.9601,1.0428,0.6003;2.0087,1.8981,0.8958;2.8836,2.2455,-0.1225;2.6821,1.7429,-1.3984;1.6834,0.9292,-1.6785;0.8477,0.5753,-0.7127;-0.2495,-0.3634,-1.0352;-1.2525,-0.0248,-1.8515;-1.4104,1.3568,-2.4166;-2.5482,2.0561,-1.6445;-3.5277,1.0812,-1.2004;-3.7233,0.9174,0.1318;-4.4678,-0.1779,0.4009;-4.8029,-0.3880,1.7702;-3.6477,-0.9979,2.5520;-3.3225,1.6852,0.9775;-3.7142,-0.0138,-2.1273;-2.4497,-0.8954,-2.1276;-0.1148,-1.6996,-0.4182;-0.1668,-2.8001,-1.2775;-0.0471,-4.0954,-0.8214;4.3457,3.4143,0.2260;0.3545,-3.4106,2.4566;1.2361,-0.9275,2.4227;-0.4633,-1.1218,2.8284;0.0302,1.2173,2.5080;-1.0465,0.6990,1.2070;2.1379,2.2924,1.8933;3.3374,2.0005,-2.2187;-1.6696,1.2806,-3.4743;-0.4928,1.9342,-2.3345;-3.0427,2.8001,-2.2778;-2.1633,2.5570,-0.7539;-5.6598,-1.0645,1.7428;-5.0963,0.5668,2.2183;-2.8412,-0.2745,2.6332;-3.2797,-1.8898,2.0488;-3.9849,-1.2643,3.5498;-3.8926,0.4214,-3.1135;-4.5905,-0.5904,-1.8362;-2.3499,-1.3837,-3.1000;-2.5348,-1.6719,-1.3664;-0.2819,-2.6213,-2.3350;-0.0872,-4.9295,-1.5032;</g>
		<g id="30" u="A" t="cart/3d">#50,3:-0.0056,-5.8669,1.0987;-0.0732,-4.2432,0.5077;0.0912,-3.1894,1.3834;0.0367,-1.8649,0.9507;0.2671,-0.8369,2.0331;0.0541,0.6362,1.6829;1.0139,1.0694,0.6243;2.1051,1.8830,0.8833;2.9423,2.2217,-0.1688;2.6632,1.7517,-1.4424;1.6244,0.9785,-1.6879;0.8224,0.6335,-0.6900;-0.3150,-0.2632,-0.9931;-1.3199,0.1207,-1.7886;-1.4564,1.5246,-2.3038;-2.5700,2.2163,-1.4868;-3.5452,1.2376,-1.0393;-3.5886,0.9405,0.2859;-4.3138,-0.1723,0.5237;-4.3992,-0.6167,1.8754;-3.6526,-1.9336,2.0374;-3.0793,1.6159,1.1524;-3.7852,0.1962,-2.0170;-2.5405,-0.7109,-2.0853;-0.2111,-1.6140,-0.4030;-0.3457,-2.6981,-1.2746;-0.2813,-4.0049,-0.8411;4.4590,3.3334,0.1306;0.2677,-3.3938,2.4290;1.2991,-0.9620,2.3811;-0.3824,-1.0837,2.8778;0.2071,1.2293,2.5864;-0.9704,0.8022,1.3456;2.2955,2.2520,1.8807;3.2873,2.0026,-2.2887;-1.7331,1.4916,-3.3593;-0.5267,2.0810,-2.2154;-3.0780,2.9751,-2.0898;-2.1572,2.6930,-0.5960;-5.4623,-0.7431,2.0991;-3.9782,0.1563,2.5263;-2.6064,-1.8114,1.7667;-4.0870,-2.6946,1.3938;-3.7166,-2.2657,3.0695;-3.9753,0.6867,-2.9738;-4.6689,-0.3734,-1.7344;-2.4649,-1.1504,-3.0829;-2.6324,-1.5227,-1.3630;-0.4807,-2.4979,-2.3259;-0.3873,-4.8246,-1.5332;</g>
		<g id="31" u="A" t="cart/3d">#50,3:1.4538,-6.2841,-0.6079;1.0341,-4.6192,-0.3968;1.4839,-3.9403,0.7237;1.1465,-2.6083,0.9006;1.6627,-1.8036,2.0536;2.7935,-0.8930,1.5710;2.4098,0.2039,0.6119;3.3983,1.1411,0.3227;3.1211,2.2066,-0.5128;1.8410,2.3312,-1.0317;0.9074,1.4483,-0.7675;1.1544,0.3969,0.0129;0.0178,-0.5333,0.1550;-1.2306,-0.1165,0.4021;-1.6097,1.3241,0.5900;-2.8629,1.4493,1.4495;-3.9727,0.7609,0.8230;-5.2013,1.3184,0.8530;-6.1020,0.5741,0.1656;-7.4354,1.0783,0.1503;-7.6205,2.1530,-0.9115;-5.4691,2.3436,1.4365;-3.6812,-0.4518,0.0866;-2.3788,-1.0688,0.5874;0.3556,-1.9612,-0.0458;-0.0741,-2.6515,-1.1721;0.2611,-3.9810,-1.3533;4.4663,3.4877,-0.9259;2.0934,-4.4501,1.4541;2.0513,-2.4613,2.8322;0.8595,-1.1978,2.4784;3.5567,-1.5125,1.0877;3.2650,-0.4230,2.4393;4.3815,1.0350,0.7590;1.5628,3.1555,-1.6735;-1.7987,1.7665,-0.3911;-0.7935,1.8884,1.0411;-3.1544,2.4947,1.5724;-2.6773,1.0318,2.4478;-7.6745,1.4834,1.1389;-8.0617,0.2076,-0.0570;-6.9994,3.0129,-0.6738;-8.6606,2.4651,-0.9369;-7.3386,1.7697,-1.8895;-3.5978,-0.2318,-0.9858;-4.5097,-1.1517,0.2211;-2.1973,-2.0109,0.0722;-2.4835,-1.2946,1.6534;-0.6647,-2.1389,-1.9167;-0.0699,-4.5177,-2.2281;</g>
		<g id="32" u="A" t="cart/3d">#50,3:1.6616,-6.2249,0.7178;1.1732,-4.5790,0.5071;1.4296,-3.9421,-0.6964;1.0395,-2.6247,-0.8719;1.3308,-1.8696,-2.1327;2.4989,-0.9099,-1.9016;2.2699,0.2059,-0.9157;3.2900,1.1488,-0.8105;3.1561,2.2236,0.0470;1.9857,2.3480,0.7806;1.0233,1.4617,0.6873;1.1314,0.4062,-0.1196;-0.0036,-0.5369,-0.0470;-1.2890,-0.1719,-0.1177;-1.7544,1.2327,-0.3767;-3.1050,1.4910,0.2826;-4.1007,0.5670,-0.2243;-5.4228,0.7437,-0.0167;-5.6715,1.9059,0.6344;-7.0477,2.2225,0.8285;-7.6624,2.8515,-0.4139;-6.2777,-0.0367,-0.3688;-3.6299,-0.6794,-0.7908;-2.4078,-1.1735,-0.0230;0.3918,-1.9499,0.1612;0.1449,-2.6008,1.3619;0.5347,-3.9157,1.5422;4.5442,3.5156,0.2070;1.9283,-4.4741,-1.4921;0.4482,-1.3055,-2.4419;1.5997,-2.5595,-2.9338;2.7783,-0.4559,-2.8573;3.3622,-1.4895,-1.5576;4.1858,1.0367,-1.4047;1.8214,3.1739,1.4589;-1.8513,1.3849,-1.4564;-1.0268,1.9466,0.0035;-3.4382,2.5112,0.0758;-3.0096,1.3854,1.3709;-7.0584,2.9188,1.6700;-7.5895,1.3085,1.0929;-7.1000,3.7348,-0.7078;-8.6905,3.1357,-0.2086;-7.6507,2.1345,-1.2311;-3.3759,-0.5396,-1.8491;-4.4518,-1.3963,-0.7323;-2.0941,-2.1458,-0.4057;-2.6853,-1.3072,1.0263;-0.3452,-2.0697,2.1632;0.3468,-4.4225,2.4753;</g>
		<g id="33" u="A" t="cart/3d">#50,3:1.7009,-6.3043,0.0028;1.2050,-4.6476,-0.0336;1.4374,-3.8430,1.0697;1.0381,-2.5166,1.0478;1.3313,-1.5794,2.1789;2.5043,-0.6748,1.7959;2.2617,0.3016,0.6743;3.2628,1.2432,0.4511;3.1040,2.2064,-0.5273;1.9253,2.2265,-1.2576;0.9811,1.3381,-1.0564;1.1191,0.3816,-0.1386;-0.0016,-0.5763,-0.0872;-1.2854,-0.1957,-0.0938;-1.7330,1.2366,-0.1208;-3.0450,1.4296,0.6338;-4.0855,0.5968,0.0657;-5.3930,0.7816,0.3462;-5.5830,1.8684,1.1340;-6.9417,2.1986,1.4122;-7.5772,2.9794,0.2705;-6.2828,0.0667,-0.0542;-3.6727,-0.5898,-0.6547;-2.4206,-1.1789,-0.0137;0.4032,-2.0014,-0.0796;0.1934,-2.8163,-1.1846;0.5910,-4.1409,-1.1676;4.4691,3.4927,-0.8504;1.9272,-4.2509,1.9407;1.5994,-2.1387,3.0763;0.4530,-0.9687,2.3987;3.3535,-1.3070,1.5152;2.8102,-0.0993,2.6748;4.1620,1.2216,1.0504;1.7384,2.9699,-2.0200;-1.8678,1.5382,-1.1623;-0.9724,1.8917,0.3031;-3.3629,2.4736,0.5753;-2.9043,1.1847,1.6956;-6.9027,2.7963,2.3256;-7.5025,1.2759,1.5932;-8.5884,3.2671,0.5436;-7.6153,2.3583,-0.6210;-6.9974,3.8742,0.0559;-3.4712,-0.3415,-1.7039;-4.5052,-1.2964,-0.6259;-2.1626,-2.1210,-0.4945;-2.6320,-1.3977,1.0383;-0.2721,-2.4058,-2.0681;0.4306,-4.7745,-2.0253;</g>
		<g id="34" u="A" t="cart/3d">#50,3:1.5011,-6.2515,-0.5853;1.0581,-4.5893,-0.4043;1.4450,-3.9025,0.7352;1.0924,-2.5717,0.8867;1.5192,-1.7659,2.0755;2.6709,-0.8385,1.6857;2.3595,0.2351,0.6758;3.3760,1.1541,0.4255;3.1716,2.1894,-0.4661;1.9363,2.2988,-1.0872;0.9764,1.4353,-0.8562;1.1502,0.4181,-0.0123;-0.0004,-0.5053,0.0746;-1.2650,-0.1093,0.2591;-1.6725,1.3158,0.5056;-3.1036,1.5664,0.0426;-4.0218,0.6919,0.7445;-5.3468,0.9348,0.8252;-5.6754,2.1109,0.2371;-7.0571,2.4585,0.2820;-7.8485,1.7683,-0.8198;-6.1394,0.2019,1.3716;-3.4985,-0.5590,1.2534;-2.4070,-1.0857,0.3272;0.3512,-1.9334,-0.1061;-0.0273,-2.6347,-1.2425;0.3246,-3.9633,-1.3988;4.5527,3.4488,-0.8235;2.0155,-4.4063,1.5004;1.8576,-2.4239,2.8771;0.6795,-1.1729,2.4446;3.4882,-1.4481,1.2856;3.0499,-0.3466,2.5868;4.3247,1.0546,0.9336;1.7168,3.0936,-1.7866;-1.0007,1.9943,-0.0162;-1.6050,1.5268,1.5777;-3.1750,1.3999,-1.0400;-3.3890,2.6021,0.2406;-7.0769,3.5440,0.1605;-7.4620,2.1848,1.2618;-8.8804,2.1068,-0.7944;-7.8259,0.6922,-0.6674;-7.4207,1.9993,-1.7927;-4.3329,-1.2606,1.3237;-3.0930,-0.4152,2.2633;-2.8293,-1.2183,-0.6728;-2.0655,-2.0624,0.6724;-0.5915,-2.1325,-2.0131;0.0345,-4.5094,-2.2822;</g>
		<g id="35" u="A" t="cart/3d">#50,3:0.4415,-5.8731,-1.5626;0.2793,-4.3439,-0.7689;1.3553,-3.8256,-0.0676;1.2326,-2.6023,0.5708;2.3799,-1.9758,1.3034;2.9887,-0.8643,0.4484;2.1080,0.3278,0.1826;2.7068,1.4009,-0.4726;1.9867,2.5543,-0.7190;0.6726,2.6235,-0.2818;0.1014,1.6123,0.3277;0.7635,0.4780,0.5582;-0.0635,-0.5809,1.1714;-0.8778,-0.3551,2.2082;-1.0699,0.9687,2.8860;-2.4268,1.5305,2.4011;-3.2760,0.4462,1.9520;-3.5916,0.2751,0.6425;-3.4721,1.4196,-0.0621;-3.7119,1.3244,-1.4626;-2.4562,0.8949,-2.2093;-3.9991,-0.7655,0.1767;-3.2336,-0.7278,2.7987;-1.8268,-1.3770,2.7634;0.0306,-1.9007,0.5033;-1.0410,-2.4346,-0.2031;-0.9206,-3.6560,-0.8418;2.7884,4.0245,-1.6250;2.2823,-4.3762,-0.0173;3.1498,-2.7209,1.5087;2.0356,-1.5617,2.2539;3.2830,-1.2885,-0.5175;3.9017,-0.5021,0.9312;3.7397,1.3291,-0.7830;0.0674,3.5080,-0.4282;-0.2770,1.6747,2.6525;-1.0952,0.8117,3.9669;-2.2660,2.2032,1.5615;-2.9315,2.0715,3.2084;-4.0230,2.3269,-1.7647;-4.5247,0.6127,-1.6408;-1.6269,1.5481,-1.9484;-2.6309,0.9444,-3.2804;-2.1911,-0.1249,-1.9416;-3.9877,-1.4284,2.4409;-3.4936,-0.4093,3.8111;-1.8334,-2.2794,2.1564;-1.5249,-1.6520,3.7774;-1.9786,-1.9014,-0.2517;-1.7523,-4.0692,-1.3896;</g>
		<g id="36" u="A" t="cart/3d">#50,3:0.4863,-6.0371,-0.3948;0.2890,-4.3681,0.0126;0.3017,-3.4146,-0.9852;0.1467,-2.0591,-0.6988;0.1935,-1.1450,-1.8995;-0.0411,0.3493,-1.6727;0.9788,0.9177,-0.7409;2.0201,1.7285,-1.1611;2.9082,2.2084,-0.2103;2.7253,1.8804,1.1237;1.7346,1.1075,1.5228;0.8882,0.6260,0.6240;-0.1934,-0.2744,1.0793;-1.1879,0.1440,1.8677;-1.3547,1.5774,2.2812;-2.5122,2.1788,1.4569;-3.4674,1.1441,1.1042;-3.6197,0.8281,-0.2060;-4.3068,-0.3230,-0.3752;-4.6289,-0.6623,-1.7218;-5.8627,0.0821,-2.2109;-3.2126,1.5094,-1.1206;-3.6484,0.1510,2.1408;-2.3703,-0.7048,2.2532;-0.0394,-1.6747,0.6317;-0.0332,-2.6560,1.6262;0.1272,-3.9940,1.3369;4.3622,3.3219,-0.7311;0.4370,-3.7237,-2.0110;-0.5491,-1.5011,-2.6196;1.1762,-1.2727,-2.3672;-1.0396,0.5159,-1.2650;0.0143,0.8567,-2.6377;2.1336,1.9887,-2.2036;3.3896,2.2473,1.8937;-0.4439,2.1500,2.1234;-1.5978,1.6119,3.3450;-2.1425,2.6085,0.5239;-3.0252,2.9617,2.0248;-4.7985,-1.7412,-1.7043;-3.7716,-0.4301,-2.3624;-5.6632,1.1507,-2.2296;-6.7052,-0.1097,-1.5506;-6.1142,-0.2479,-3.2147;-4.5114,-0.4685,1.9024;-3.8472,0.6875,3.0715;-2.4412,-1.5722,1.5960;-2.2644,-1.0642,3.2795;-0.1359,-2.3459,2.6544;0.1322,-4.7345,2.1205;</g>
		<g id="37" u="A" t="cart/3d">#50,3:2.1092,-6.1623,-0.1996;1.4225,-4.6100,0.1302;1.2446,-3.7079,-0.8990;0.6937,-2.4478,-0.6729;0.5690,-1.5712,-1.8942;-0.1278,-0.2208,-1.7209;0.6221,0.6495,-0.7641;1.3789,1.7377,-1.1648;2.0378,2.4767,-0.1930;1.9147,2.1189,1.1403;1.1887,1.0863,1.5219;0.5665,0.3620,0.6050;-0.2501,-0.7981,1.0210;-1.3789,-0.6450,1.7200;-1.8670,0.6963,2.2005;-3.4005,0.7467,2.1133;-3.8176,-0.0025,0.9475;-3.7995,0.5518,-0.2906;-3.7906,1.9030,-0.2345;-3.8871,2.5868,-1.4811;-2.5341,2.7097,-2.1675;-3.8404,-0.0812,-1.3211;-3.6162,-1.4338,1.0736;-2.3773,-1.7437,1.9405;0.3060,-2.1088,0.6252;0.5137,-3.0314,1.6548;1.0618,-4.2750,1.4257;3.0911,3.9847,-0.6874;1.5388,-3.9819,-1.9011;0.0284,-2.1362,-2.6586;1.5791,-1.3952,-2.2805;-1.1460,-0.3812,-1.3587;-0.1809,0.2635,-2.6982;1.4484,2.0116,-2.2078;2.4068,2.6774,1.9242;-1.4343,1.4947,1.5969;-1.5425,0.8528,3.2320;-3.7553,1.7727,2.0332;-3.8646,0.2824,2.9865;-4.2891,3.5704,-1.2278;-4.5893,2.0526,-2.1291;-2.1860,1.7256,-2.4676;-1.8066,3.1546,-1.4918;-2.6295,3.3360,-3.0499;-3.4886,-1.8325,0.0649;-4.5113,-1.8848,1.5157;-1.9815,-2.7171,1.6588;-2.6590,-1.7756,2.9949;0.2518,-2.7452,2.6622;1.2145,-4.9713,2.2346;</g>
		<g id="38" u="A" t="cart/3d">#50,3:2.0845,-6.1175,0.7291;1.4050,-4.5971,0.2639;1.2259,-3.6094,1.2109;0.6805,-2.3716,0.8748;0.5533,-1.3931,2.0161;-0.1312,-0.0569,1.7234;0.6295,0.7205,0.6978;1.3976,1.8311,1.0046;2.0660,2.4756,-0.0262;1.9406,2.0049,-1.3237;1.2042,0.9509,-1.6161;0.5729,0.3158,-0.6412;-0.2514,-0.8704,-0.9563;-1.3809,-0.7711,-1.6634;-1.8663,0.5303,-2.2456;-3.3999,0.5896,-2.1643;-3.8220,-0.0704,-0.9478;-3.8220,0.5738,0.2457;-3.8060,1.9173,0.0912;-3.9263,2.6894,1.2831;-2.5957,2.8288,2.0091;-3.8820,0.0182,1.3191;-3.6223,-1.5073,-0.9647;-2.3800,-1.8826,-1.7998;0.2997,-2.1446,-0.4494;0.5086,-3.1525,-1.3951;1.0513,-4.3736,-1.0574;3.1363,4.0085,0.3379;1.5147,-3.7973,2.2342;1.5618,-1.1924,2.3944;0.0023,-1.8870,2.8212;-0.1844,0.5111,2.6545;-1.1490,-0.2399,1.3711;1.4691,2.1933,2.0202;2.4400,2.4880,-2.1519;-1.5407,0.6079,-3.2857;-1.4329,1.3715,-1.7036;-3.8630,0.0631,-3.0021;-3.7526,1.6194,-2.1609;-4.6643,2.2195,1.9411;-4.2935,3.6615,0.9467;-1.8321,3.2023,1.3300;-2.2876,1.8614,2.3951;-2.7049,3.5223,2.8380;-4.5158,-1.9899,-1.3755;-3.5001,-1.8289,0.0719;-2.6577,-1.9960,-2.8497;-1.9854,-2.8314,-1.4424;0.2520,-2.9530,-2.4245;1.2050,-5.1374,-1.8026;</g>
		<g id="39" u="A" t="cart/3d">#50,3:1.3244,-6.2290,0.8463;0.9401,-4.5676,0.5553;1.3410,-3.9734,-0.6300;1.0312,-2.6447,-0.8711;1.4977,-1.9304,-2.1021;2.6802,-1.0268,-1.7479;2.3857,0.1405,-0.8420;3.4143,1.0645,-0.6766;3.2189,2.1886,0.1032;1.9786,2.3833,0.6924;1.0076,1.5139,0.5443;1.1762,0.4087,-0.1807;0.0075,-0.4926,-0.1914;-1.2425,-0.0504,-0.3801;-1.5902,1.3907,-0.6224;-2.9359,1.5181,-1.3284;-3.9794,0.9078,-0.5316;-5.1526,1.5535,-0.3612;-5.9694,0.8848,0.4859;-7.2491,1.4799,0.6942;-8.1258,0.4818,1.4275;-5.4486,2.5922,-0.9063;-3.6541,-0.3058,0.1898;-2.4286,-0.9717,-0.4286;0.3173,-1.9157,0.0770;-0.0641,-2.5219,1.2673;0.2434,-3.8479,1.5124;4.6198,3.4534,0.3462;1.8910,-4.5463,-1.3609;0.6865,-1.3280,-2.5165;1.8197,-2.6477,-2.8582;3.1107,-0.6282,-2.6715;3.4543,-1.6376,-1.2708;4.3645,0.9016,-1.1653;1.7635,3.2539,1.2962;-0.8157,1.8873,-1.2075;-1.6390,1.9037,0.3410;-2.8912,1.0417,-2.3162;-3.2083,2.5659,-1.4713;-7.6779,1.7531,-0.2762;-7.1222,2.3986,1.2788;-8.2457,-0.4203,0.8334;-9.1027,0.9199,1.6098;-7.6721,0.2137,2.3779;-4.5140,-0.9803,0.1508;-3.4570,-0.0759,1.2451;-2.6480,-1.2127,-1.4735;-2.2223,-1.9091,0.0856;-0.5952,-1.9462,2.0106;-0.0505,-4.3192,2.4367;</g>
		<g id="40" u="A" t="cart/3d">#50,3:0.7774,-5.7950,1.6892;0.4672,-4.2764,0.9221;1.4617,-3.6734,0.1783;1.2497,-2.4518,-0.4574;2.4298,-1.9104,-1.2283;2.2199,-0.6023,-1.9939;1.8617,0.5080,-1.0586;2.7550,1.4939,-0.6763;2.3165,2.4763,0.1993;1.0085,2.4501,0.6551;0.1594,1.5084,0.2911;0.5650,0.5545,-0.5328;-0.3592,-0.5332,-0.9243;-1.4068,-0.3355,-1.7282;-1.8543,1.0322,-2.1679;-3.3979,1.0630,-2.1843;-3.9230,0.0645,-1.2789;-3.9342,0.2697,0.0687;-3.7970,1.5703,0.3820;-3.7857,1.8770,1.7751;-2.4918,1.4312,2.4425;-4.1088,-0.6131,0.8773;-3.7060,-1.2896,-1.7441;-2.2645,-1.4395,-2.2796;-0.0031,-1.8461,-0.3427;-0.9887,-2.4620,0.4343;-0.7703,-3.6689,1.0638;3.4990,3.8589,0.7600;2.4236,-4.1558,0.0879;2.7491,-2.6776,-1.9395;3.2527,-1.7696,-0.5195;1.4184,-0.7332,-2.7248;3.1406,-0.3590,-2.5277;3.7670,1.5039,-1.0547;0.6309,3.2058,1.3302;-1.4696,1.2626,-3.1656;-1.4750,1.7804,-1.4736;-3.7835,0.8245,-3.1791;-3.7678,2.0443,-1.8914;-4.6471,1.4007,2.2552;-3.8960,2.9630,1.8122;-1.6381,1.7479,1.8477;-2.4718,0.3478,2.5240;-2.4265,1.8619,3.4376;-4.4361,-1.5176,-2.5267;-3.8817,-1.9545,-0.8977;-2.2702,-1.3433,-3.3691;-1.8649,-2.4198,-2.0260;-1.9383,-1.9651,0.5621;-1.5432,-4.1274,1.6591;</g>
		<g id="41" u="A" t="cart/3d">#50,3:1.6975,-6.2092,0.8318;1.1972,-4.5742,0.5703;1.4961,-3.9556,-0.6329;1.0967,-2.6471,-0.8490;1.4322,-1.9102,-2.1096;2.5766,-0.9306,-1.8458;2.2910,0.1989,-0.8907;3.2936,1.1569,-0.7582;3.1088,2.2447,0.0731;1.9058,2.3666,0.7524;0.9596,1.4660,0.6335;1.1164,0.3978,-0.1485;-0.0081,-0.5596,-0.1079;-1.2941,-0.2147,-0.2414;-1.7671,1.1782,-0.5455;-3.1445,1.4310,0.0583;-4.1081,0.4827,-0.4653;-5.4391,0.6444,-0.3066;-5.7308,1.8163,0.3034;-7.1227,2.0795,0.4718;-7.2730,3.4425,1.1211;-6.2737,-0.1511,-0.6736;-3.6009,-0.7649,-0.9961;-2.4016,-1.2313,-0.1768;0.3968,-1.9629,0.1431;0.1080,-2.5954,1.3443;0.5070,-3.9013,1.5652;4.4726,3.5573,0.2706;2.0350,-4.4948,-1.3968;0.5564,-1.3638,-2.4666;1.7443,-2.6101,-2.8859;2.8910,-0.4894,-2.7965;3.4317,-1.4923,-1.4547;4.2160,1.0463,-1.3106;1.7015,3.2022,1.4075;-1.8259,1.3079,-1.6309;-1.0633,1.9091,-0.1530;-3.4832,2.4421,-0.1817;-3.0876,1.3485,1.1512;-7.5614,1.2916,1.0947;-7.6136,2.0472,-0.5074;-6.7691,3.4554,2.0838;-8.3265,3.6625,1.2669;-6.8331,4.2093,0.4891;-3.3102,-0.6370,-2.0465;-4.4155,-1.4914,-0.9570;-2.0596,-2.2034,-0.5352;-2.7166,-1.3569,0.8629;-0.4222,-2.0567,2.1143;0.2866,-4.3937,2.4989;</g>
		<g id="42" u="A" t="cart/3d">#50,3:0.7367,-5.8345,1.6342;0.4542,-4.3205,0.8452;1.3611,-3.8678,-0.0988;1.1396,-2.6580,-0.7364;2.1115,-2.0941,-1.7277;2.9287,-0.9818,-1.0696;2.1681,0.2481,-0.6483;2.9331,1.3125,-0.1780;2.3229,2.4957,0.1927;0.9464,2.6036,0.0651;0.2207,1.6022,-0.3717;0.7788,0.4408,-0.7141;-0.1932,-0.6021,-1.0986;-1.2110,-0.3759,-1.9359;-1.5287,0.9440,-2.5717;-2.7250,1.5319,-1.7917;-3.5224,0.4593,-1.2307;-3.6816,0.2905,0.1054;-3.3948,1.4127,0.7999;-3.5971,1.3419,2.2083;-5.0558,1.5655,2.5808;-4.0767,-0.7345,0.6144;-3.6441,-0.7041,-2.0838;-2.2690,-1.3919,-2.2573;0.0092,-1.9061,-0.4245;-0.8890,-2.3706,0.5291;-0.6707,-3.5788,1.1664;3.3552,3.9547,0.8481;2.2327,-4.4584,-0.3366;1.5751,-1.6944,-2.5912;2.7944,-2.8716,-2.0731;3.7173,-0.6643,-1.7589;3.4238,-1.3914,-0.1826;4.0068,1.2104,-0.1084;0.4177,3.5112,0.3222;-1.8047,0.7807,-3.6159;-0.6933,1.6383,-2.5324;-3.3517,2.1427,-2.4510;-2.3568,2.1462,-0.9723;-2.9592,2.1264,2.6214;-3.2632,0.3636,2.5698;-5.6657,0.7644,2.1709;-5.4043,2.5157,2.1832;-5.1599,1.5711,3.6621;-4.0396,-0.3664,-3.0450;-4.3588,-1.3865,-1.6243;-2.1573,-1.7309,-3.2907;-2.1886,-2.2603,-1.6071;-1.7650,-1.7893,0.7744;-1.3682,-3.9407,1.9047;</g>
		<g id="43" u="A" t="cart/3d">#50,3:1.3124,-6.2364,0.1972;0.9264,-4.5509,0.2475;0.9833,-3.8049,-0.9187;0.6733,-2.4553,-0.8857;0.7561,-1.5898,-2.1058;2.0197,-0.7306,-2.0472;2.0930,0.2839,-0.9358;3.1866,1.1464,-0.9654;3.3248,2.1251,-0.0004;2.3493,2.2359,0.9796;1.3187,1.4257,1.0122;1.1665,0.4637,0.1026;-0.0046,-0.4093,0.3314;-1.2353,0.0530,0.5815;-1.5995,1.5123,0.5614;-2.9519,1.7437,1.2252;-3.9813,0.9822,0.5491;-5.1443,1.5790,0.2125;-5.9418,0.7457,-0.4967;-7.2134,1.2813,-0.8591;-8.0908,0.1429,-1.3462;-5.4482,2.7102,0.5146;-3.6476,-0.3548,0.1020;-2.4019,-0.8628,0.8236;0.3064,-1.8575,0.3187;0.2556,-2.6183,1.4789;0.5659,-3.9661,1.4505;4.8176,3.3047,-0.0226;1.2646,-4.2775,-1.8474;-0.1232,-0.9445,-2.1645;0.7947,-2.2060,-3.0052;2.1268,-0.1936,-2.9946;2.8869,-1.3931,-1.9543;3.9259,1.0469,-1.7476;2.4012,2.9879,1.7548;-1.6473,1.8582,-0.4762;-0.8338,2.0945,1.0711;-3.2419,2.7951,1.1733;-2.9042,1.4547,2.2818;-7.0708,2.0331,-1.6442;-7.6513,1.7806,0.0120;-7.6291,-0.3462,-2.1998;-9.0615,0.5314,-1.6399;-8.2256,-0.5915,-0.5565;-3.4729,-0.3554,-0.9825;-4.4959,-1.0167,0.2991;-2.1793,-1.8758,0.4871;-2.6075,-0.9060,1.8964;-0.0203,-2.1476,2.4099;0.5298,-4.5583,2.3509;</g>
		<g id="44" u="A" t="cart/3d">#50,3:0.7568,-5.9494,-1.3231;0.5057,-4.3791,-0.6432;1.5758,-3.6896,-0.1089;1.4135,-2.4243,0.4515;2.6740,-1.7867,0.9860;2.5373,-0.4129,1.6465;1.9909,0.5895,0.6807;2.7688,1.5524,0.0615;2.1531,2.4269,-0.8222;0.7912,2.3204,-1.0532;0.0521,1.4005,-0.4634;0.6256,0.5508,0.3741;-0.1781,-0.5182,1.0067;-1.0897,-0.2798,1.9518;-1.5032,1.1083,2.3625;-3.0154,1.1034,2.6707;-3.6621,0.0591,1.9054;-3.9142,0.2204,0.5759;-3.9830,1.5215,0.2390;-4.1981,1.8195,-1.1393;-2.9265,2.3840,-1.7551;-4.1188,-0.6973,-0.1851;-3.3260,-1.2718,2.3692;-1.8210,-1.3564,2.7018;0.1345,-1.8651,0.4801;-0.9306,-2.5675,-0.0907;-0.7612,-3.8173,-0.6475;3.1710,3.7726,-1.7042;2.5583,-4.1373,-0.1270;3.3799,-1.7019,0.1529;3.1186,-2.4738,1.7118;3.5212,-0.0963,1.9982;1.8681,-0.4881,2.5069;3.8276,1.6267,0.2639;0.2777,2.9890,-1.7300;-1.2914,1.8052,1.5524;-0.9466,1.4314,3.2470;-3.4644,2.0639,2.4240;-3.2007,0.8895,3.7264;-5.0118,2.5498,-1.1753;-4.5051,0.9025,-1.6517;-2.1085,1.6788,-1.6265;-2.6575,3.3180,-1.2675;-3.0833,2.5678,-2.8142;-3.5909,-1.9688,1.5734;-3.9305,-1.5014,3.2525;-1.4346,-2.3452,2.4614;-1.6738,-1.1809,3.7712;-1.9051,-2.1040,-0.1178;-1.5946,-4.3439,-1.0837;</g>
		<g id="45" u="A" t="cart/3d">#50,3:1.4937,-6.2886,0.4602;1.0634,-4.6154,0.3976;1.4858,-3.8397,-0.6632;1.1585,-2.4880,-0.7512;1.6978,-1.7785,-1.9703;1.2798,-0.3213,-2.1750;1.7717,0.5273,-1.0468;2.8586,1.3790,-1.1507;3.2308,2.1089,-0.0316;2.5067,1.9764,1.1434;1.4737,1.1634,1.2401;1.1153,0.4474,0.1849;-0.0181,-0.4964,0.3090;-1.2726,-0.0678,0.4818;-1.6103,1.3972,0.5639;-3.0040,1.5981,1.1468;-3.9928,0.9254,0.3294;-5.1451,1.5573,0.0211;-5.9023,0.8185,-0.8272;-7.1846,1.3587,-1.1381;-8.2011,1.0604,-0.0450;-5.4619,2.6444,0.4457;-3.6315,-0.3509,-0.2527;-2.4695,-0.9744,0.5176;0.3743,-1.9208,0.2574;-0.0270,-2.7221,1.3295;0.3033,-4.0575,1.4131;4.7196,3.2923,-0.1114;2.0840,-4.2887,-1.4420;1.3952,-2.3505,-2.8520;2.7912,-1.8216,-1.9219;0.1906,-0.2588,-2.2291;1.6960,0.0321,-3.1203;3.4011,1.4780,-2.0798;2.7630,2.5367,2.0317;-1.5742,1.8384,-0.4378;-0.8760,1.9160,1.1800;-3.2719,2.6563,1.1756;-3.0380,1.2109,2.1724;-7.4671,0.8839,-2.0803;-7.0910,2.4405,-1.2780;-7.9028,1.5537,0.8768;-8.2648,-0.0112,0.1298;-9.1775,1.4312,-0.3434;-3.3505,-0.2186,-1.3063;-4.5029,-1.0108,-0.2237;-2.2319,-1.9490,0.0899;-2.7825,-1.1304,1.5533;-0.5947,-2.2677,2.1260;-0.0159,-4.6564,2.2508;</g>
		<g id="46" u="A" t="cart/3d">#50,3:1.7393,-6.2546,0.8132;1.2378,-4.6156,0.5895;1.7423,-3.8840,-0.4668;1.3626,-2.5606,-0.6815;2.0041,-1.8981,-1.8773;1.5456,-0.4799,-2.2209;1.8643,0.4587,-1.1019;2.9152,1.3595,-1.1387;3.1205,2.1756,-0.0362;2.2715,2.0766,1.0553;1.2729,1.2168,1.0888;1.0733,0.4186,0.0505;-0.0219,-0.5751,0.1052;-1.3084,-0.2121,0.0971;-1.7319,1.2308,0.0329;-3.1402,1.4213,0.5855;-4.0879,0.6097,-0.1524;-5.4211,0.8171,-0.0926;-5.7226,1.9055,0.6556;-7.1043,2.2522,0.7126;-7.5394,3.0418,-0.5138;-6.2420,0.1175,-0.6402;-3.5862,-0.5893,-0.7918;-2.4524,-1.1845,0.0390;0.4405,-1.9772,0.1920;-0.0446,-2.7328,1.2621;0.3379,-4.0400,1.4723;4.5510,3.4317,-0.0267;2.4477,-4.3459,-1.1414;1.8291,-2.5367,-2.7478;3.0858,-1.8810,-1.7065;0.4680,-0.4791,-2.4004;2.0509,-0.1608,-3.1344;3.5563,1.4310,-2.0055;2.3963,2.7034,1.9273;-1.7087,1.5700,-1.0080;-1.0375,1.8506,0.5995;-3.4407,2.4683,0.5024;-3.1585,1.1528,1.6499;-7.2051,2.8485,1.6222;-7.6979,1.3363,0.7987;-7.4407,2.4226,-1.4019;-6.9230,3.9304,-0.6295;-8.5781,3.3405,-0.4057;-3.2270,-0.3549,-1.8020;-4.4217,-1.2869,-0.8838;-2.1330,-2.1366,-0.3862;-2.8298,-1.3787,1.0467;-0.7234,-2.2637,1.9566;-0.0479,-4.6035,2.3064;</g>
		<g id="47" u="A" t="cart/3d">#50,3:1.6119,-6.2335,0.9497;1.1448,-4.5910,0.6814;1.6855,-3.8906,-0.3781;1.3354,-2.5651,-0.6274;2.0126,-1.9399,-1.8236;1.5878,-0.5211,-2.2061;1.9032,0.4350,-1.1011;2.9710,1.3157,-1.1365;3.1718,2.1496,-0.0465;2.3020,2.0875,1.0313;1.2868,1.2472,1.0632;1.0908,0.4328,0.0370;-0.0250,-0.5380,0.0904;-1.3027,-0.1476,0.0487;-1.6906,1.3031,-0.0559;-3.1199,1.5327,0.4232;-4.0470,0.7302,-0.3491;-5.3649,1.0101,-0.4336;-5.6764,2.1558,0.2195;-7.0500,2.5356,0.1784;-7.8718,1.7926,1.2221;-6.1645,0.3302,-1.0353;-3.5512,-0.5079,-0.9152;-2.4673,-1.0943,-0.0148;0.4068,-1.9468,0.2147;-0.1160,-2.6716,1.2884;0.2370,-3.9813,1.5325;4.6238,3.3806,-0.0364;2.3964,-4.3789,-1.0278;1.8425,-2.5934,-2.6839;3.0909,-1.9391,-1.6318;0.5141,-0.5041,-2.4066;2.1165,-0.2312,-3.1161;3.6286,1.3584,-1.9928;2.4231,2.7290,1.8931;-1.6089,1.6261,-1.0990;-1.0104,1.9161,0.5349;-3.3923,2.5840,0.3093;-3.1968,1.2803,1.4890;-7.4457,2.3351,-0.8226;-7.0486,3.6110,0.3702;-8.8952,2.1563,1.2070;-7.4521,1.9484,2.2133;-7.8718,0.7288,0.9987;-3.1453,-0.3274,-1.9191;-4.3996,-1.1892,-1.0137;-2.1560,-2.0701,-0.3892;-2.8875,-1.2378,0.9843;-0.8011,-2.1762,1.9580;-0.1773,-4.5208,2.3689;</g>
		<g id="48" u="A" t="cart/3d">#50,3:1.8444,-6.2850,0.6935;1.3120,-4.6479,0.5375;1.7474,-3.8859,-0.5281;1.3411,-2.5629,-0.6896;1.9035,-1.8655,-1.9052;1.4032,-0.4492,-2.1940;1.7750,0.4741,-1.0787;2.8056,1.3950,-1.1627;3.0665,2.1919,-0.0578;2.2912,2.0541,1.0832;1.3110,1.1761,1.1609;1.0592,0.3966,0.1199;-0.0174,-0.6140,0.2197;-1.3052,-0.2634,0.2931;-1.7386,1.1785,0.2769;-3.1589,1.3395,0.8081;-4.0830,0.5484,0.0219;-5.3983,0.8334,-0.0816;-5.7242,1.9617,0.5949;-7.0787,2.3875,0.4662;-7.3078,3.1525,-0.8298;-6.1885,0.1592,-0.7017;-3.5833,-0.6774,-0.5690;-2.4445,-1.2415,0.2759;0.4643,-2.0113,0.2490;0.0479,-2.7978,1.3260;0.4564,-4.1048,1.4826;4.4714,3.4755,-0.1124;2.4181,-4.3233,-1.2526;1.6903,-2.4900,-2.7774;2.9927,-1.8326,-1.7949;0.3169,-0.4632,-2.3083;1.8472,-0.1056,-3.1302;3.3890,1.4962,-2.0665;2.4610,2.6646,1.9592;-1.6974,1.5578,-0.7495;-1.0577,1.7799,0.8790;-3.4670,2.3854,0.7542;-3.1971,1.0327,1.8616;-7.2554,3.0231,1.3366;-7.7329,1.5105,0.5047;-8.3314,3.5146,-0.8639;-7.1378,2.4944,-1.6783;-6.6279,3.9990,-0.8944;-3.2280,-0.4842,-1.5898;-4.4175,-1.3804,-0.6332;-2.1258,-2.2042,-0.1247;-2.8124,-1.4060,1.2921;-0.5972,-2.3535,2.0674;0.1242,-4.6928,2.3228;</g>
		<g id="49" u="A" t="cart/3d">#50,3:1.1606,-6.1082,-0.5303;0.7732,-4.4876,-0.0700;0.6548,-3.5115,-1.0389;0.3471,-2.1935,-0.7075;0.2454,-1.2442,-1.8772;-0.1714,0.1967,-1.5769;0.8210,0.8572,-0.6751;1.7464,1.7894,-1.1123;2.6205,2.3346,-0.1830;2.5369,1.9464,1.1450;1.6553,1.0577,1.5595;0.8258,0.5147,0.6816;-0.1437,-0.5075,1.1311;-1.1766,-0.2122,1.9246;-1.4737,1.1818,2.3936;-2.6525,1.7220,1.5646;-3.5711,0.6442,1.2576;-4.1821,0.4960,0.0622;-3.9629,1.5590,-0.7521;-4.5983,1.4993,-2.0275;-3.7803,0.6993,-3.0314;-4.8687,-0.4528,-0.2380;-3.6243,-0.4287,2.2256;-2.2788,-1.1786,2.2587;0.1474,-1.8703,0.6370;0.2797,-2.8727,1.6006;0.5881,-4.1740,1.2671;3.9164,3.6196,-0.7263;0.8037,-3.7735,-2.0759;-0.4704,-1.6662,-2.5886;1.2201,-1.2272,-2.3768;-1.1549,0.1997,-1.1015;-0.2386,0.7420,-2.5206;1.7843,2.0919,-2.1489;3.1936,2.3596,1.8977;-0.6118,1.8364,2.2841;-1.7444,1.1500,3.4504;-2.2901,2.1431,0.6253;-3.1763,2.5136,2.1148;-4.6972,2.5409,-2.3408;-5.5889,1.0491,-1.9090;-2.7899,1.1339,-3.1448;-4.2824,0.7041,-3.9946;-3.6840,-0.3285,-2.6899;-4.4330,-1.0997,1.9356;-3.8562,0.0042,3.2030;-2.2857,-2.0004,1.5418;-2.1308,-1.6021,3.2548;0.1547,-2.6070,2.6387;0.6885,-4.9324,2.0266;</g>
		<g id="50" u="A" t="cart/3d">#50,3:1.7015,-6.2659,0.8513;1.2104,-4.6223,0.6386;1.6953,-3.8967,-0.4310;1.3236,-2.5697,-0.6373;1.9383,-1.9153,-1.8515;1.4796,-0.4957,-2.1894;1.8383,0.4463,-1.0855;2.8916,1.3421,-1.1595;3.1369,2.1598,-0.0664;2.3245,2.0670,1.0532;1.3227,1.2129,1.1215;1.0849,0.4140,0.0920;-0.0173,-0.5696,0.1823;-1.2980,-0.1875,0.2078;-1.6954,1.2634,0.1459;-3.1332,1.4674,0.6115;-4.0405,0.6820,-0.1993;-5.3280,1.0221,-0.4187;-5.6494,2.1969,0.1757;-6.9922,2.6368,-0.0142;-7.9499,1.9634,0.9583;-6.0963,0.3617,-1.0801;-3.5511,-0.5759,-0.7289;-2.4596,-1.1386,0.1770;0.4309,-1.9761,0.2598;-0.0362,-2.7264,1.3418;0.3381,-4.0376,1.5428;4.5715,3.4105,-0.1082;2.3781,-4.3663,-1.1232;1.7370,-2.5561,-2.7146;3.0241,-1.9040,-1.7088;0.3972,-0.4883,-2.3370;1.9597,-0.1851,-3.1193;3.5041,1.4083,-2.0471;2.4816,2.6948,1.9192;-1.6010,1.6217,-0.8846;-1.0264,1.8605,0.7656;-3.4137,2.5184,0.5246;-3.2241,1.1808,1.6674;-7.2942,2.4245,-1.0450;-6.9587,3.7163,0.1496;-8.9481,2.3714,0.8280;-7.6265,2.1308,1.9830;-7.9772,0.8942,0.7637;-3.1534,-0.4278,-1.7416;-4.3998,-1.2605,-0.8019;-2.1498,-2.1206,-0.1817;-2.8691,-1.2625,1.1830;-0.6939,-2.2500,2.0515;-0.0329,-4.5973,2.3861;</g>
		<g id="51" u="A" t="cart/3d">#50,3:1.1991,-6.1229,-0.5324;0.8042,-4.5049,-0.0696;0.6768,-3.5289,-1.0373;0.3630,-2.2127,-0.7041;0.2503,-1.2641,-1.8731;-0.1803,0.1722,-1.5707;0.8098,0.8426,-0.6739;1.7220,1.7852,-1.1168;2.5965,2.3398,-0.1937;2.5266,1.9508,1.1346;1.6576,1.0524,1.5549;0.8282,0.4999,0.6827;-0.1277,-0.5314,1.1403;-1.1514,-0.2460,1.9497;-1.4498,1.1435,2.4322;-2.6330,1.6899,1.6085;-3.5055,0.6005,1.2180;-3.8937,0.3683,-0.0566;-3.5732,1.3964,-0.8827;-4.0362,1.2765,-2.2261;-5.4932,1.6937,-2.3595;-4.4765,-0.6269,-0.4185;-3.6015,-0.4731,2.1838;-2.2521,-1.2144,2.2824;0.1670,-1.8913,0.6414;0.3082,-2.8940,1.6038;0.6221,-4.1934,1.2684;3.8746,3.6390,-0.7457;0.8227,-3.7894,-2.0750;-0.4636,-1.6932,-2.5821;1.2236,-1.2375,-2.3752;-1.1609,0.1649,-1.0903;-0.2617,0.7178,-2.5131;1.7490,2.0882,-2.1536;3.1838,2.3711,1.8830;-0.5881,1.7993,2.3305;-1.7205,1.0984,3.4886;-2.2705,2.1810,0.7054;-3.2025,2.4206,2.1953;-3.9108,0.2394,-2.5550;-3.3832,1.9337,-2.8050;-5.7901,1.6530,-3.4036;-5.6307,2.7063,-1.9879;-6.1219,1.0167,-1.7866;-4.3895,-1.1516,1.8575;-3.8829,-0.0344,3.1444;-2.2340,-2.0558,1.5893;-2.1292,-1.6058,3.2949;0.1854,-2.6297,2.6426;0.7289,-4.9518,2.0271;</g>
		<g id="52" u="A" t="cart/3d">#50,3:0.2597,-5.7971,1.4232;0.1262,-4.2213,0.7209;1.0211,-3.8384,-0.2646;0.9153,-2.5803,-0.8351;1.8937,-2.0814,-1.8537;2.8663,-1.1059,-1.1882;2.2801,0.1832,-0.6731;3.1904,1.1267,-0.2032;2.7468,2.3556,0.2473;1.3890,2.6341,0.1965;0.5277,1.7466,-0.2393;0.9231,0.5432,-0.6525;-0.1808,-0.3641,-1.0236;-1.2103,0.0059,-1.7928;-1.4209,1.3821,-2.3461;-2.5620,2.0193,-1.5290;-3.5039,0.9995,-1.1033;-3.7324,0.8487,0.2248;-4.3638,-0.3196,0.5021;-4.7614,-0.4987,1.8591;-6.0636,0.2260,2.1670;-3.4426,1.6694,1.0621;-3.6662,-0.0861,-2.0434;-2.3596,-0.9035,-2.1322;-0.0902,-1.7124,-0.4169;-0.9695,-2.1042,0.5849;-0.8670,-3.3592,1.1570;3.9806,3.6472,0.9037;1.7948,-4.5195,-0.5848;1.3649,-1.5766,-2.6653;2.4633,-2.9119,-2.2731;3.6545,-0.8488,-1.9027;3.3493,-1.6157,-0.3477;4.2462,0.8951,-0.1964;0.9862,3.5852,0.5156;-1.7080,1.3082,-3.3978;-0.5321,2.0019,-2.2654;-3.0856,2.7753,-2.1241;-2.1596,2.4858,-0.6283;-3.9652,-0.1316,2.5155;-4.8735,-1.5792,1.9766;-6.8479,-0.1016,1.4886;-5.9210,1.2978,2.0538;-6.3653,0.0159,3.1891;-3.9141,0.3583,-3.0113;-4.4961,-0.7154,-1.7270;-2.2386,-1.2892,-3.1486;-2.3940,-1.7548,-1.4548;-1.7310,-1.4177,0.9229;-1.5474,-3.6663,1.9354;</g>
		<g id="53" u="A" t="cart/3d">#50,3:0.6431,-5.8836,-1.5289;0.4084,-4.3489,-0.7645;1.4187,-3.8202,0.0230;1.2369,-2.5933,0.6395;2.3041,-1.9521,1.4735;2.9810,-0.8293,0.6860;2.1119,0.3350,0.2870;2.7554,1.3917,-0.3536;2.0401,2.5090,-0.7397;0.6801,2.5569,-0.4708;0.0716,1.5634,0.1311;0.7343,0.4726,0.5119;-0.1215,-0.5768,1.1058;-1.0011,-0.3619,2.0886;-1.2455,0.9615,2.7582;-2.7656,1.1298,2.9730;-3.4754,0.3633,1.9690;-3.6145,0.9432,0.7459;-3.9008,0.0432,-0.2265;-3.9937,0.5839,-1.5427;-2.6155,0.7522,-2.1685;-3.5562,2.1340,0.5607;-3.3554,-1.0671,2.1570;-1.9212,-1.4302,2.6054;0.0400,-1.9017,0.4634;-0.9623,-2.4426,-0.3307;-0.7837,-3.6676,-0.9482;2.9082,3.9558,-1.6195;2.3400,-4.3667,0.1559;3.0608,-2.6875,1.7508;1.8647,-1.5450,2.3870;3.4089,-1.2544,-0.2283;3.8142,-0.4362,1.2768;3.8174,1.3338,-0.5462;0.0679,3.4047,-0.7452;-0.8718,1.7681,2.1319;-0.7296,0.9956,3.7219;-3.0530,2.1759,2.8731;-3.0773,0.7637,3.9537;-4.5035,1.5511,-1.4921;-4.6031,-0.1293,-2.1024;-2.1208,-0.2107,-2.2766;-2.0039,1.3887,-1.5330;-2.7126,1.2119,-3.1479;-3.6011,-1.5612,1.2193;-4.0809,-1.3811,2.9161;-1.6508,-2.4185,2.2379;-1.8692,-1.4418,3.6966;-1.8825,-1.8957,-0.4683;-1.5594,-4.0908,-1.5665;</g>
		<g id="54" u="A" t="cart/3d">#50,3:0.6266,-5.9343,-1.3468;0.4274,-4.3651,-0.6471;1.5263,-3.7031,-0.1370;1.4065,-2.4398,0.4386;2.6973,-1.8334,0.9367;2.6189,-0.4543,1.5958;2.0546,0.5582,0.6508;2.8229,1.5057,-0.0034;2.1847,2.3915,-0.8596;0.8113,2.3126,-1.0281;0.0816,1.4080,-0.4056;0.6771,0.5468,0.4046;-0.1232,-0.5086,1.0636;-0.9901,-0.2544,2.0450;-1.3319,1.1404,2.4961;-2.8571,1.2151,2.7274;-3.5161,0.1944,1.9401;-3.6195,0.3398,0.5860;-3.5060,1.6251,0.2094;-3.6334,1.8788,-1.1874;-5.0897,1.9195,-1.6276;-3.8373,-0.5768,-0.1728;-3.2658,-1.1418,2.4429;-1.7660,-1.3089,2.7818;0.1401,-1.8556,0.5099;-0.9542,-2.5284,-0.0399;-0.8262,-3.7759,-0.6135;3.1888,3.7166,-1.7876;2.4984,-4.1707,-0.1873;3.3810,-1.7704,0.0835;3.1439,-2.5301,1.6522;3.6235,-0.1594,1.9055;1.9843,-0.5110,2.4834;3.8909,1.5599,0.1513;0.2813,2.9927,-1.6804;-1.0363,1.8572,1.7317;-0.8030,1.3847,3.4217;-3.2446,2.1934,2.4478;-3.1073,1.0230,3.7737;-3.0910,1.1034,-1.7376;-3.1476,2.8452,-1.3368;-5.1452,2.1779,-2.6813;-5.6387,2.6595,-1.0497;-5.5457,0.9441,-1.4786;-3.5718,-1.8434,1.6665;-3.8859,-1.3048,3.3292;-1.4263,-2.3103,2.5238;-1.6145,-1.1586,3.8541;-1.9180,-2.0427,-0.0425;-1.6818,-4.2791,-1.0340;</g>
		<g id="55" u="A" t="cart/3d">#50,3:1.3222,-6.1599,1.0791;0.9368,-4.5273,0.6601;1.6622,-3.8839,-0.3222;1.3794,-2.5699,-0.6904;2.2700,-1.9998,-1.7686;1.9682,-0.5805,-2.2540;2.0871,0.4024,-1.1330;3.1581,1.2672,-0.9847;3.1567,2.1343,0.0982;2.0916,2.1203,0.9857;1.0737,1.2947,0.8433;1.0681,0.4507,-0.1761;-0.0540,-0.5041,-0.3199;-1.2819,-0.0880,-0.6409;-1.6066,1.3767,-0.7826;-3.0186,1.5816,-1.3230;-3.9772,0.8562,-0.5188;-5.0496,1.4995,-0.0092;-5.7745,0.6805,0.7908;-6.9694,1.2417,1.3292;-8.1190,1.1792,0.3334;-5.3295,2.6536,-0.2376;-3.6741,-0.5158,-0.1596;-2.4408,-0.9994,-0.9183;0.3264,-1.9078,-0.0548;-0.3759,-2.5695,0.9562;-0.0892,-3.8680,1.3187;4.6035,3.3441,0.3563;2.4680,-4.4077,-0.8145;2.2285,-2.6729,-2.6297;3.2985,-2.0253,-1.3931;0.9551,-0.5431,-2.6614;2.6719,-0.3283,-3.0497;3.9718,1.2729,-1.6955;2.0542,2.7893,1.8340;-0.8881,1.8726,-1.4397;-1.5210,1.8470,0.2000;-3.0797,1.2489,-2.3666;-3.3018,2.6352,-1.2854;-6.7775,2.2809,1.6154;-7.1841,0.6439,2.2177;-8.2848,0.1536,0.0117;-7.8851,1.7905,-0.5347;-9.0251,1.5579,0.7976;-4.5379,-1.1480,-0.3917;-3.4953,-0.5821,0.9208;-2.6547,-0.9837,-1.9910;-2.2166,-2.0280,-0.6412;-1.1514,-2.0327,1.4810;-0.6430,-4.3604,2.1017;</g>
		<g id="56" u="A" t="cart/3d">#50,3:0.0116,-5.7079,1.4546;-0.0650,-4.1319,0.7439;0.8368,-3.7897,-0.2502;0.7765,-2.5312,-0.8265;1.7681,-2.0738,-1.8517;2.7805,-1.1339,-1.1941;2.2468,0.1771,-0.6766;3.1950,1.0841,-0.2099;2.8014,2.3295,0.2419;1.4555,2.6614,0.1950;0.5585,1.8083,-0.2375;0.9051,0.5903,-0.6512;-0.2337,-0.2745,-1.0183;-1.2499,0.1316,-1.7870;-1.4126,1.5145,-2.3395;-2.5354,2.1890,-1.5260;-3.5125,1.2009,-1.1050;-3.7310,1.0391,0.2244;-4.3951,-0.1101,0.4938;-4.7351,-0.3181,1.8630;-5.0842,-1.7834,2.0505;-3.4122,1.8392,1.0712;-3.7065,0.1233,-2.0488;-2.4289,-0.7390,-2.1271;-0.1920,-1.6231,-0.4070;-1.0782,-1.9743,0.6037;-1.0198,-3.2289,1.1830;4.0871,3.5713,0.8946;1.5812,-4.5020,-0.5717;1.2551,-1.5518,-2.6625;2.3037,-2.9267,-2.2709;3.5728,-0.9072,-1.9143;3.2501,-1.6602,-0.3561;4.2408,0.8112,-0.2063;1.0914,3.6278,0.5150;-1.6979,1.4516,-3.3924;-0.5039,2.1040,-2.2543;-3.0311,2.9622,-2.1225;-2.1217,2.6412,-0.6231;-5.5842,0.3257,2.1203;-3.8857,-0.0239,2.4898;-5.3363,-1.9674,3.0907;-4.2411,-2.4099,1.7709;-5.9335,-2.0487,1.4265;-3.9305,0.5781,-3.0175;-4.5610,-0.4766,-1.7404;-2.3163,-1.1349,-3.1406;-2.4960,-1.5847,-1.4449;-1.8074,-1.2543,0.9428;-1.7019,-3.5057,1.9714;</g>
		<g id="57" u="A" t="cart/3d">#50,3:1.7901,-6.2481,0.8993;1.2727,-4.6188,0.6436;1.7943,-3.8926,-0.4080;1.4029,-2.5769,-0.6478;2.0645,-1.9202,-1.8358;1.5960,-0.5124,-2.2078;1.8760,0.4437,-1.0934;2.9152,1.3584,-1.1168;3.0843,2.1896,-0.0195;2.2120,2.0912,1.0537;1.2242,1.2186,1.0743;1.0591,0.4062,0.0410;-0.0248,-0.6005,0.0814;-1.3146,-0.2521,0.0379;-1.7501,1.1859,-0.0553;-3.1845,1.3653,0.4299;-4.0873,0.5378,-0.3448;-5.4189,0.7581,-0.3918;-5.7697,1.8729,0.2895;-7.1597,2.1924,0.2493;-7.3689,3.4977,0.9938;-6.2055,0.0521,-0.9806;-3.5513,-0.6745,-0.9293;-2.4466,-1.2368,-0.0385;0.4518,-1.9957,0.1957;-0.0512,-2.7458,1.2614;0.3426,-4.0456,1.4961;4.4964,3.4660,0.0074;2.5226,-4.3526,-1.0593;1.9186,-2.5714,-2.7023;3.1414,-1.8867,-1.6396;0.5231,-0.5281,-2.4128;2.1187,-0.1978,-3.1130;3.5750,1.4288,-1.9696;2.3084,2.7297,1.9208;-1.6823,1.5187,-1.0963;-1.0885,1.8165,0.5381;-3.4921,2.4080,0.3240;-3.2494,1.1043,1.4945;-7.7260,1.3759,0.7115;-7.4774,2.2733,-0.7963;-6.8012,4.2946,0.5207;-7.0356,3.3984,2.0233;-8.4232,3.7576,0.9839;-3.1534,-0.4656,-1.9307;-4.3770,-1.3819,-1.0359;-2.1027,-2.1960,-0.4268;-2.8609,-1.4088,0.9586;-0.7540,-2.2781,1.9325;-0.0575,-4.6050,2.3262;</g>
		<g id="58" u="A" t="cart/3d">#50,3:0.3223,-5.8312,-1.5017;0.1930,-4.2786,-0.7505;1.3244,-3.6656,-0.2506;1.2618,-2.4160,0.3633;2.5842,-1.8742,0.8533;2.5725,-0.5222,1.5711;2.0390,0.5462,0.6712;2.8344,1.4868,0.0395;2.2216,2.4148,-0.7901;0.8467,2.3774,-0.9642;0.0927,1.4790,-0.3625;0.6620,0.5868,0.4325;-0.1806,-0.4491,1.0705;-1.0304,-0.1768,2.0627;-1.2687,1.2157,2.5829;-2.7688,1.3742,2.9062;-3.5285,0.4874,2.0467;-3.7026,0.9101,0.7621;-4.0019,-0.1029,-0.0842;-4.1269,0.2702,-1.4562;-2.7664,0.3314,-2.1379;-3.6573,2.0699,0.4333;-3.3643,-0.9072,2.3995;-1.8865,-1.2014,2.7490;0.0179,-1.7908,0.4802;-1.1106,-2.4192,-0.0517;-1.0406,-3.6535,-0.6619;3.2650,3.7322,-1.6840;2.2788,-4.1630,-0.3380;3.2496,-1.7991,-0.0132;3.0216,-2.6164,1.5274;3.5924,-0.2821,1.8776;1.9474,-0.5887,2.4646;3.9043,1.5028,0.1902;0.3352,3.0852,-1.6011;-0.9788,1.9450,1.8278;-0.6718,1.3947,3.4819;-3.0947,2.3974,2.7231;-2.9905,1.1060,3.9412;-4.6205,1.2453,-1.5115;-4.7647,-0.4957,-1.9034;-2.2960,-0.6493,-2.1483;-2.1167,1.0222,-1.6043;-2.8891,0.6754,-3.1609;-3.6962,-1.5173,1.5619;-4.0075,-1.1227,3.2599;-1.6205,-2.2159,2.4575;-1.7411,-1.1046,3.8279;-2.0578,-1.9058,-0.0003;-1.9229,-4.1224,-1.0673;</g>
		<g id="59" u="A" t="cart/3d">#50,3:1.2256,-6.1243,1.1778;0.8661,-4.4951,0.7239;1.6144,-3.8778,-0.2579;1.3532,-2.5671,-0.6534;2.2670,-2.0270,-1.7276;1.9949,-0.6102,-2.2376;2.1095,0.3865,-1.1285;3.1904,1.2374,-0.9732;3.1831,2.1195,0.0975;2.1026,2.1336,0.9662;1.0750,1.3212,0.8173;1.0747,0.4633,-0.1904;-0.0583,-0.4776,-0.3405;-1.2738,-0.0497,-0.6915;-1.5737,1.4167,-0.8655;-2.9610,1.6314,-1.4626;-3.9598,0.9387,-0.6787;-5.0475,1.6064,-0.2372;-5.8213,0.8189,0.5448;-7.0139,1.4234,1.0429;-7.9831,0.3245,1.4391;-5.3094,2.7539,-0.5160;-3.6870,-0.4252,-0.2684;-2.4403,-0.9492,-0.9766;0.2987,-1.8816,-0.0458;-0.4274,-2.5171,0.9651;-0.1622,-3.8124,1.3544;4.6432,3.3112,0.3647;2.4214,-4.4196,-0.7282;2.2259,-2.7118,-2.5795;3.2899,-2.0636,-1.3381;0.9897,-0.5635,-2.6629;2.7158,-0.3798,-3.0245;4.0165,1.2213,-1.6696;2.0604,2.8148,1.8045;-0.8241,1.8945,-1.5007;-1.5203,1.8999,0.1132;-2.9883,1.2766,-2.5004;-3.2290,2.6896,-1.4589;-7.4354,2.0702,0.2660;-6.7569,2.0492,1.9058;-8.8903,0.7667,1.8402;-7.5340,-0.3149,2.1944;-8.2362,-0.2838,0.5747;-4.5530,-1.0522,-0.5055;-3.5393,-0.4603,0.8183;-2.6232,-0.9601,-2.0551;-2.2415,-1.9732,-0.6653;-1.2045,-1.9619,1.4680;-0.7340,-4.2844,2.1371;</g>
		<g id="60" u="A" t="cart/3d">#50,3:1.9377,-6.2587,0.5230;1.3714,-4.6325,0.3701;1.8108,-3.8512,-0.6792;1.3744,-2.5369,-0.8375;1.9603,-1.8039,-2.0207;1.5030,-0.3622,-2.2528;1.8231,0.4990,-1.0726;2.8637,1.4118,-1.0515;3.0567,2.1611,0.1002;2.2051,1.9889,1.1804;1.2157,1.1175,1.1591;1.0304,0.3818,0.0747;-0.0492,-0.6304,0.0575;-1.3390,-0.2856,0.0469;-1.7793,1.1499,0.1542;-3.1724,1.3649,-0.4281;-4.1344,0.5007,0.2239;-5.4595,0.7598,0.2383;-5.7506,1.9432,-0.3506;-7.1303,2.3064,-0.3309;-7.2515,3.7446,-0.7992;-6.2896,0.0280,0.7269;-3.6629,-0.7734,0.7310;-2.4773,-1.2542,-0.0991;0.4594,-2.0195,0.0816;0.0529,-2.8181,1.1539;0.4911,-4.1156,1.3079;4.4730,3.4304,0.1892;2.5104,-4.2639,-1.3906;1.7370,-2.3835,-2.9211;3.0489,-1.8063,-1.9017;0.4246,-0.3467,-2.4271;2.0040,0.0217,-3.1437;3.5058,1.5443,-1.9104;2.3193,2.5657,2.0875;-1.0722,1.8132,-0.3468;-1.7853,1.4280,1.2117;-3.1594,1.1683,-1.5094;-3.4851,2.4011,-0.2839;-7.5174,2.1822,0.6864;-7.6853,1.6277,-0.9890;-6.6988,4.4035,-0.1348;-8.2968,4.0391,-0.8033;-6.8484,3.8461,-1.8033;-4.4974,-1.4773,0.6849;-3.3632,-0.6712,1.7816;-2.7783,-1.2937,-1.1510;-2.1904,-2.2612,0.1965;-0.6073,-2.3913,1.8937;0.1655,-4.7153,2.1426;</g>
	</conformers>
	<properties/>
</molecule>
