<?xml version="1.0" ?>
<!--MOLLI PACKAGE EXPERIMENTAL XML FORMAT-->
<molecule name="2008">
	<atoms>
		<a id="1" s="N" t="N.ar" l="N"/>
		<a id="2" s="C" t="C.ar" l="C"/>
		<a id="3" s="C" t="C.ar" l="C"/>
		<a id="4" s="C" t="C.ar" l="C"/>
		<a id="5" s="C" t="C.ar" l="C"/>
		<a id="6" s="C" t="C.ar" l="C"/>
		<a id="7" s="C" t="C.ar" l="C"/>
		<a id="8" s="C" t="C.ar" l="C"/>
		<a id="9" s="N" t="N.ar" l="N"/>
		<a id="10" s="Br" t="Br" l="Br"/>
		<a id="11" s="C" t="C.3" l="C"/>
		<a id="12" s="C" t="C.ar" l="C"/>
		<a id="13" s="C" t="C.ar" l="C"/>
		<a id="14" s="C" t="C.ar" l="C"/>
		<a id="15" s="C" t="C.ar" l="C"/>
		<a id="16" s="C" t="C.ar" l="C"/>
		<a id="17" s="C" t="C.ar" l="C"/>
		<a id="18" s="H" t="H" l="H"/>
		<a id="19" s="H" t="H" l="H"/>
		<a id="20" s="H" t="H" l="H"/>
		<a id="21" s="H" t="H" l="H"/>
		<a id="22" s="H" t="H" l="H"/>
		<a id="23" s="H" t="H" l="H"/>
		<a id="24" s="H" t="H" l="H"/>
		<a id="25" s="H" t="H" l="H"/>
		<a id="26" s="H" t="H" l="H"/>
		<a id="27" s="H" t="H" l="H"/>
		<a id="28" s="H" t="H" l="H"/>
	</atoms>
	<bonds>
		<b id="1" c="1 2" t="ar"/>
		<b id="2" c="2 3" t="ar"/>
		<b id="3" c="3 4" t="ar"/>
		<b id="4" c="4 5" t="ar"/>
		<b id="5" c="5 6" t="ar"/>
		<b id="6" c="1 6" t="ar"/>
		<b id="7" c="5 7" t="ar"/>
		<b id="8" c="7 8" t="ar"/>
		<b id="9" c="8 9" t="ar"/>
		<b id="10" c="6 9" t="ar"/>
		<b id="11" c="4 10" t="1"/>
		<b id="12" c="9 11" t="1"/>
		<b id="13" c="11 12" t="1"/>
		<b id="14" c="12 13" t="ar"/>
		<b id="15" c="13 14" t="ar"/>
		<b id="16" c="14 15" t="ar"/>
		<b id="17" c="15 16" t="ar"/>
		<b id="18" c="16 17" t="ar"/>
		<b id="19" c="17 12" t="ar"/>
		<b id="20" c="2 18" t="1"/>
		<b id="21" c="3 19" t="1"/>
		<b id="22" c="7 20" t="1"/>
		<b id="23" c="8 21" t="1"/>
		<b id="24" c="11 22" t="1"/>
		<b id="25" c="11 23" t="1"/>
		<b id="26" c="13 24" t="1"/>
		<b id="27" c="14 25" t="1"/>
		<b id="28" c="15 26" t="1"/>
		<b id="29" c="16 27" t="1"/>
		<b id="30" c="17 28" t="1"/>
	</bonds>
	<geometry>
		<g u="A" t="cart/3d">#28,3:-1.1638,0.8207,-1.2432;-2.1243,1.6963,-1.0796;-2.0721,2.8312,-0.2559;-0.9526,3.1027,0.4673;0.1039,2.1959,0.3244;-0.0507,1.0930,-0.5370;1.3918,2.1067,0.9135;1.9912,0.9822,0.4241;1.1324,0.3637,-0.4630;-0.8221,4.6038,1.6033;1.3644,-0.9056,-1.1620;0.7712,-2.0686,-0.4350;1.5374,-3.1685,-0.0814;0.9688,-4.2306,0.5917;-0.3713,-4.2051,0.9188;-1.1429,-3.1157,0.5730;-0.5719,-2.0571,-0.0994;-3.0291,1.5094,-1.6378;-2.9173,3.4958,-0.1858;1.8044,2.7999,1.6263;2.9733,0.6176,0.6746;2.4406,-1.0391,-1.2958;0.9263,-0.8282,-2.1606;2.5831,-3.1867,-0.3360;1.5728,-5.0811,0.8621;-0.8143,-5.0349,1.4447;-2.1892,-3.0904,0.8299;-1.1617,-1.1981,-0.3642;</g>
	</geometry>
	<conformers>
		<g id="1" u="A" t="cart/3d">#28,3:0.1241,1.8887,0.7717;-0.9719,2.4828,0.3439;-2.1335,1.8143,-0.0523;-2.1648,0.4356,-0.0032;-1.0362,-0.2440,0.4385;0.0781,0.5647,0.8129;-0.6412,-1.5897,0.6379;0.6388,-1.5513,1.1056;1.0722,-0.2601,1.2257;-3.7267,-0.5244,-0.5316;2.3949,0.1655,1.6183;3.3573,0.0330,0.4632;4.3440,-0.9417,0.4569;5.1935,-1.0690,-0.6291;5.0559,-0.2279,-1.7192;4.0689,0.7443,-1.7205;3.2234,0.8751,-0.6342;-0.9325,3.5623,0.3095;-2.9892,2.3755,-0.3909;-1.2381,-2.4608,0.4553;1.2858,-2.3645,1.3733;2.7265,-0.4385,2.4676;2.3123,1.2122,1.9227;4.4544,-1.6013,1.3064;5.9616,-1.8282,-0.6241;5.7172,-0.3289,-2.5670;3.9595,1.4026,-2.5695;2.4519,1.6313,-0.6272;</g>
	</conformers>
	<properties/>
</molecule>
