<?xml version="1.0" ?>
<!--MOLLI PACKAGE EXPERIMENTAL XML FORMAT-->
<molecule name="1">
	<atoms>
		<a id="1" s="Br" t="Br" l="BR"/>
		<a id="2" s="C" t="C.ar" l="C"/>
		<a id="3" s="C" t="C.ar" l="C"/>
		<a id="4" s="C" t="C.3" l="C"/>
		<a id="5" s="C" t="C.3" l="C"/>
		<a id="6" s="C" t="C.3" l="C"/>
		<a id="7" s="C" t="C.ar" l="C"/>
		<a id="8" s="C" t="C.ar" l="C"/>
		<a id="9" s="C" t="C.3" l="C"/>
		<a id="10" s="C" t="C.3" l="C"/>
		<a id="11" s="C" t="C.3" l="C"/>
		<a id="12" s="C" t="C.ar" l="C"/>
		<a id="13" s="C" t="C.ar" l="C"/>
		<a id="14" s="C" t="C.3" l="C"/>
		<a id="15" s="C" t="C.3" l="C"/>
		<a id="16" s="C" t="C.3" l="C"/>
		<a id="17" s="H" t="H" l="H"/>
		<a id="18" s="H" t="H" l="H"/>
		<a id="19" s="H" t="H" l="H"/>
		<a id="20" s="H" t="H" l="H"/>
		<a id="21" s="H" t="H" l="H"/>
		<a id="22" s="H" t="H" l="H"/>
		<a id="23" s="H" t="H" l="H"/>
		<a id="24" s="H" t="H" l="H"/>
		<a id="25" s="H" t="H" l="H"/>
		<a id="26" s="H" t="H" l="H"/>
		<a id="27" s="H" t="H" l="H"/>
		<a id="28" s="H" t="H" l="H"/>
		<a id="29" s="H" t="H" l="H"/>
		<a id="30" s="H" t="H" l="H"/>
		<a id="31" s="H" t="H" l="H"/>
		<a id="32" s="H" t="H" l="H"/>
		<a id="33" s="H" t="H" l="H"/>
		<a id="34" s="H" t="H" l="H"/>
		<a id="35" s="H" t="H" l="H"/>
		<a id="36" s="H" t="H" l="H"/>
		<a id="37" s="H" t="H" l="H"/>
		<a id="38" s="H" t="H" l="H"/>
		<a id="39" s="H" t="H" l="H"/>
	</atoms>
	<bonds>
		<b id="1" c="1 2" t="1"/>
		<b id="2" c="2 3" t="ar"/>
		<b id="3" c="3 4" t="1"/>
		<b id="4" c="4 5" t="1"/>
		<b id="5" c="4 6" t="1"/>
		<b id="6" c="3 7" t="ar"/>
		<b id="7" c="7 8" t="ar"/>
		<b id="8" c="8 9" t="1"/>
		<b id="9" c="9 10" t="1"/>
		<b id="10" c="9 11" t="1"/>
		<b id="11" c="8 12" t="ar"/>
		<b id="12" c="12 13" t="ar"/>
		<b id="13" c="2 13" t="ar"/>
		<b id="14" c="13 14" t="1"/>
		<b id="15" c="14 15" t="1"/>
		<b id="16" c="14 16" t="1"/>
		<b id="17" c="4 17" t="1"/>
		<b id="18" c="5 18" t="1"/>
		<b id="19" c="5 19" t="1"/>
		<b id="20" c="5 20" t="1"/>
		<b id="21" c="6 21" t="1"/>
		<b id="22" c="6 22" t="1"/>
		<b id="23" c="6 23" t="1"/>
		<b id="24" c="7 24" t="1"/>
		<b id="25" c="9 25" t="1"/>
		<b id="26" c="10 26" t="1"/>
		<b id="27" c="10 27" t="1"/>
		<b id="28" c="10 28" t="1"/>
		<b id="29" c="11 29" t="1"/>
		<b id="30" c="11 30" t="1"/>
		<b id="31" c="11 31" t="1"/>
		<b id="32" c="12 32" t="1"/>
		<b id="33" c="14 33" t="1"/>
		<b id="34" c="15 34" t="1"/>
		<b id="35" c="15 35" t="1"/>
		<b id="36" c="15 36" t="1"/>
		<b id="37" c="16 37" t="1"/>
		<b id="38" c="16 38" t="1"/>
		<b id="39" c="16 39" t="1"/>
	</bonds>
	<geometry>
		<g u="A" t="cart/3d">#39,3:-1.6584,-0.0076,-0.0381;0.2629,-0.0206,-0.0047;0.9221,-1.2464,0.0392;0.1780,-2.5602,0.0251;-0.0265,-3.0013,-1.4279;0.8759,-3.6588,0.8262;2.3105,-1.2233,0.0472;3.0265,-0.0375,0.0454;4.5350,-0.0559,0.0819;5.1251,0.6681,-1.1296;5.0461,0.5598,1.3863;2.3261,1.1584,0.0191;0.9401,1.1969,-0.0244;0.2144,2.5212,-0.0383;-0.0154,2.9794,1.4054;0.9464,3.6011,-0.8350;-0.8071,-2.4077,0.4771;0.9348,-3.1404,-1.9193;-0.5911,-2.2540,-1.9808;-0.5745,-3.9399,-1.4619;1.7676,-4.0195,0.3189;0.2000,-4.5025,0.9481;1.1554,-3.2970,1.8134;2.8501,-2.1574,0.0593;4.8635,-1.1007,0.0472;4.8746,1.7257,-1.1117;4.7393,0.2397,-2.0522;6.2088,0.5740,-1.1311;4.7620,1.6069,1.4567;6.1308,0.4944,1.4336;4.6295,0.0332,2.2423;2.8700,2.0885,0.0293;-0.7626,2.3791,-0.5104;0.9364,3.1079,1.9177;-0.6041,2.2460,1.9519;-0.5491,3.9267,1.4186;1.8288,3.9585,-0.3092;0.2843,4.4509,-0.9857;1.2473,3.2228,-1.8097;</g>
	</geometry>
	<conformers>
		<g id="1" u="A" t="cart/3d">#39,3:-2.4917,0.4133,-0.0018;-0.6045,0.0456,-0.0012;-0.1782,-1.2802,0.0003;-1.1171,-2.4625,0.0004;-0.9195,-3.3093,-1.2590;-0.9253,-3.3041,1.2642;1.1916,-1.5131,0.0020;2.1164,-0.4831,0.0021;3.5957,-0.7795,0.0032;4.2595,-0.2298,-1.2610;4.2627,-0.2134,1.2585;1.6453,0.8198,0.0000;0.2891,1.1150,-0.0018;-0.1385,2.5633,-0.0028;0.3492,3.2701,1.2641;0.3671,3.2760,-1.2592;-2.1500,-2.1060,-0.0028;0.0770,-3.7432,-1.2898;-1.0569,-2.7009,-2.1505;-1.6461,-4.1183,-1.2789;0.0716,-3.7365,1.3020;-1.6510,-4.1139,1.2835;-1.0681,-2.6923,2.1526;1.5452,-2.5334,0.0035;3.7251,-1.8676,0.0102;4.1888,0.8545,-1.2957;3.7769,-0.6332,-2.1486;5.3116,-0.5051,-1.2831;4.1960,0.8715,1.2775;5.3139,-0.4919,1.2833;3.7801,-0.6023,2.1525;2.3493,1.6369,0.0000;-1.2296,2.6200,-0.0108;1.4354,3.2978,1.3069;-0.0160,2.7550,2.1502;-0.0203,4.2928,1.2834;1.4536,3.3097,-1.2840;-0.0072,4.2969,-1.2817;0.0193,2.7619,-2.1528;</g>
	</conformers>
	<properties/>
</molecule>
