<?xml version="1.0" ?>
<!--MOLLI PACKAGE EXPERIMENTAL XML FORMAT-->
<molecule name="18">
	<atoms>
		<a id="1" s="Br" t="Br" l="BR"/>
		<a id="2" s="C" t="C.ar" l="C"/>
		<a id="3" s="C" t="C.ar" l="C"/>
		<a id="4" s="N" t="N.ar" l="N"/>
		<a id="5" s="C" t="C.ar" l="C"/>
		<a id="6" s="C" t="C.3" l="C"/>
		<a id="7" s="C" t="C.ar" l="C"/>
		<a id="8" s="C" t="C.ar" l="C"/>
		<a id="9" s="H" t="H" l="H"/>
		<a id="10" s="H" t="H" l="H"/>
		<a id="11" s="H" t="H" l="H"/>
		<a id="12" s="H" t="H" l="H"/>
		<a id="13" s="H" t="H" l="H"/>
		<a id="14" s="H" t="H" l="H"/>
	</atoms>
	<bonds>
		<b id="1" c="1 2" t="1"/>
		<b id="2" c="2 3" t="ar"/>
		<b id="3" c="3 4" t="ar"/>
		<b id="4" c="4 5" t="ar"/>
		<b id="5" c="5 6" t="1"/>
		<b id="6" c="5 7" t="ar"/>
		<b id="7" c="7 8" t="ar"/>
		<b id="8" c="2 8" t="ar"/>
		<b id="9" c="3 9" t="1"/>
		<b id="10" c="6 10" t="1"/>
		<b id="11" c="6 11" t="1"/>
		<b id="12" c="6 12" t="1"/>
		<b id="13" c="7 13" t="1"/>
		<b id="14" c="8 14" t="1"/>
	</bonds>
	<geometry>
		<g u="A" t="cart/3d">#14,3:1.0659,0.1398,0.3828;2.9499,0.0927,0.1145;3.6720,1.2711,0.0051;4.9765,1.2782,-0.1811;5.6359,0.1309,-0.2687;7.1131,0.2150,-0.4792;4.9836,-1.0990,-0.1681;3.6157,-1.1215,0.0269;3.1885,2.2364,0.0693;7.4090,1.2564,-0.5597;7.3970,-0.3130,-1.3878;7.6393,-0.2441,0.3562;5.5417,-2.0201,-0.2426;3.0757,-2.0530,0.1090;</g>
	</geometry>
	<conformers>
		<g id="1" u="A" t="cart/3d">#14,3:-2.0077,0.0169,-0.0001;-0.1053,-0.0338,0.0006;0.6275,1.1428,0.0004;1.9450,1.1482,-0.0001;2.6075,-0.0005,-0.0002;4.0998,0.0798,-0.0002;1.9455,-1.2287,-0.0001;0.5638,-1.2492,0.0002;0.1425,2.1094,-0.0001;4.5046,-0.4146,-0.8816;4.5048,-0.4163,0.8803;4.4069,1.1209,0.0008;2.5066,-2.1509,0.0001;0.0167,-2.1800,0.0009;</g>
	</conformers>
	<properties/>
</molecule>
