<?xml version="1.0" ?>
<!--MOLLI PACKAGE EXPERIMENTAL XML FORMAT-->
<molecule name="19">
	<atoms>
		<a id="1" s="Br" t="Br" l="BR"/>
		<a id="2" s="C" t="C.ar" l="C"/>
		<a id="3" s="N" t="N.ar" l="N"/>
		<a id="4" s="C" t="C.ar" l="C"/>
		<a id="5" s="C" t="C.ar" l="C"/>
		<a id="6" s="S" t="S.2" l="S"/>
		<a id="7" s="H" t="H" l="H"/>
		<a id="8" s="H" t="H" l="H"/>
	</atoms>
	<bonds>
		<b id="1" c="1 2" t="1"/>
		<b id="2" c="2 3" t="ar"/>
		<b id="3" c="3 4" t="ar"/>
		<b id="4" c="4 5" t="ar"/>
		<b id="5" c="5 6" t="ar"/>
		<b id="6" c="2 6" t="ar"/>
		<b id="7" c="4 7" t="1"/>
		<b id="8" c="5 8" t="1"/>
	</bonds>
	<geometry>
		<g u="A" t="cart/3d">#8,3:0.9804,0.2420,0.0509;2.8610,0.0437,0.0421;3.6976,1.0281,0.0364;5.0024,0.5982,0.0322;5.1782,-0.7386,0.0348;3.6444,-1.5194,0.0429;5.8166,1.3119,0.0272;6.1193,-1.2546,0.0322;</g>
	</geometry>
	<conformers>
		<g id="1" u="A" t="cart/3d">#8,3:-1.5585,-0.0075,0.0001;0.2891,-0.2147,-0.0007;0.8742,-1.3540,-0.0001;2.2189,-1.2153,0.0003;2.6720,0.0656,-0.0000;1.3572,1.1744,0.0000;2.8264,-2.1010,0.0008;3.6825,0.4192,0.0002;</g>
	</conformers>
	<properties/>
</molecule>
