<?xml version="1.0" ?>
<!--MOLLI PACKAGE EXPERIMENTAL XML FORMAT-->
<molecule name="19">
	<atoms>
		<a id="1" s="Br" t="Br" l="BR"/>
		<a id="2" s="C" t="C.ar" l="C"/>
		<a id="3" s="N" t="N.ar" l="N"/>
		<a id="4" s="C" t="C.ar" l="C"/>
		<a id="5" s="C" t="C.ar" l="C"/>
		<a id="6" s="S" t="S.2" l="S"/>
		<a id="7" s="H" t="H" l="H"/>
		<a id="8" s="H" t="H" l="H"/>
	</atoms>
	<bonds>
		<b id="1" c="1 2" t="1"/>
		<b id="2" c="2 3" t="ar"/>
		<b id="3" c="3 4" t="ar"/>
		<b id="4" c="4 5" t="ar"/>
		<b id="5" c="5 6" t="ar"/>
		<b id="6" c="2 6" t="ar"/>
		<b id="7" c="4 7" t="1"/>
		<b id="8" c="5 8" t="1"/>
	</bonds>
	<geometry>
		<g u="A" t="cart/3d">#8,3:0.9474,0.2182,-0.0494;2.7968,0.0289,-0.0596;3.6105,1.0182,-0.0652;4.8954,0.5974,-0.0688;5.0667,-0.7505,-0.0660;3.5463,-1.5553,-0.0583;5.6768,1.3342,-0.0738;5.9788,-1.3110,-0.0683;</g>
	</geometry>
	<conformers>
		<g id="1" u="A" t="cart/3d">#8,3:-1.5587,0.0076,0.0000;0.2890,0.2147,-0.0002;0.8744,1.3541,0.0001;2.2192,1.2153,-0.0001;2.6721,-0.0657,-0.0000;1.3571,-1.1743,0.0000;2.8269,2.1009,0.0004;3.6825,-0.4193,0.0005;</g>
	</conformers>
	<properties/>
</molecule>
