<?xml version="1.0" ?>
<!--MOLLI PACKAGE EXPERIMENTAL XML FORMAT-->
<molecule name="20">
	<atoms>
		<a id="1" s="Br" t="Br" l="BR"/>
		<a id="2" s="C" t="C.ar" l="C"/>
		<a id="3" s="C" t="C.ar" l="C"/>
		<a id="4" s="S" t="S.2" l="S"/>
		<a id="5" s="C" t="C.ar" l="C"/>
		<a id="6" s="N" t="N.ar" l="N"/>
		<a id="7" s="H" t="H" l="H"/>
		<a id="8" s="H" t="H" l="H"/>
	</atoms>
	<bonds>
		<b id="1" c="1 2" t="1"/>
		<b id="2" c="2 3" t="ar"/>
		<b id="3" c="3 4" t="ar"/>
		<b id="4" c="4 5" t="ar"/>
		<b id="5" c="5 6" t="ar"/>
		<b id="6" c="2 6" t="ar"/>
		<b id="7" c="3 7" t="1"/>
		<b id="8" c="5 8" t="1"/>
	</bonds>
	<geometry>
		<g u="A" t="cart/3d">#8,3:-1.6875,0.0953,-0.0110;0.1840,-0.0400,-0.0110;1.0355,1.0234,-0.0237;2.6562,0.4576,-0.0182;2.0384,-1.1639,0.0018;0.7609,-1.2603,0.0034;0.7988,2.0671,-0.0357;2.6961,-2.0091,0.0117;</g>
	</geometry>
	<conformers>
		<g id="1" u="A" t="cart/3d">#8,3:-1.7108,0.0542,0.0001;0.1626,-0.0530,-0.0001;0.9979,1.0232,-0.0009;2.6270,0.4819,0.0005;2.0339,-1.1490,-0.0006;0.7580,-1.2645,0.0004;0.7451,2.0632,-0.0023;2.7048,-1.9841,-0.0029;</g>
	</conformers>
	<properties/>
</molecule>
