<?xml version="1.0" ?>
<!--MOLLI PACKAGE EXPERIMENTAL XML FORMAT-->
<molecule name="21">
	<atoms>
		<a id="1" s="Br" t="Br" l="BR"/>
		<a id="2" s="C" t="C.ar" l="C"/>
		<a id="3" s="C" t="C.ar" l="C"/>
		<a id="4" s="O" t="O.2" l="O"/>
		<a id="5" s="C" t="C.ar" l="C"/>
		<a id="6" s="C" t="C.ar" l="C"/>
		<a id="7" s="H" t="H" l="H"/>
		<a id="8" s="H" t="H" l="H"/>
		<a id="9" s="H" t="H" l="H"/>
	</atoms>
	<bonds>
		<b id="1" c="1 2" t="1"/>
		<b id="2" c="2 3" t="ar"/>
		<b id="3" c="3 4" t="ar"/>
		<b id="4" c="4 5" t="ar"/>
		<b id="5" c="5 6" t="ar"/>
		<b id="6" c="2 6" t="ar"/>
		<b id="7" c="3 7" t="1"/>
		<b id="8" c="5 8" t="1"/>
		<b id="9" c="6 9" t="1"/>
	</bonds>
	<geometry>
		<g u="A" t="cart/3d">#9,3:1.4055,-0.0229,0.0351;-0.4703,0.0353,0.0180;-1.3146,-1.0357,0.0185;-2.5846,-0.6080,0.0044;-2.5597,0.7340,-0.0051;-1.2816,1.1980,0.0015;-1.1299,-2.0909,0.0279;-3.5021,1.2440,-0.0167;-0.9458,2.2137,-0.0036;</g>
	</geometry>
	<conformers>
		<g id="1" u="A" t="cart/3d">#9,3:1.4212,-0.0037,0.0000;-0.4555,0.0203,-0.0000;-1.2799,-1.0661,-0.0000;-2.5575,-0.6622,0.0000;-2.5576,0.6800,0.0000;-1.2884,1.1678,-0.0001;-1.0751,-2.1176,-0.0000;-3.5093,1.1727,0.0005;-0.9719,2.1896,0.0004;</g>
	</conformers>
	<properties/>
</molecule>
