<?xml version="1.0" ?>
<!--MOLLI PACKAGE EXPERIMENTAL XML FORMAT-->
<molecule name="22">
	<atoms>
		<a id="1" s="Br" t="Br" l="BR"/>
		<a id="2" s="C" t="C.ar" l="C"/>
		<a id="3" s="C" t="C.ar" l="C"/>
		<a id="4" s="C" t="C.ar" l="C"/>
		<a id="5" s="C" t="C.ar" l="C"/>
		<a id="6" s="C" t="C.ar" l="C"/>
		<a id="7" s="C" t="C.ar" l="C"/>
		<a id="8" s="C" t="C.ar" l="C"/>
		<a id="9" s="C" t="C.ar" l="C"/>
		<a id="10" s="N" t="N.ar" l="N"/>
		<a id="11" s="C" t="C.ar" l="C"/>
		<a id="12" s="H" t="H" l="H"/>
		<a id="13" s="H" t="H" l="H"/>
		<a id="14" s="H" t="H" l="H"/>
		<a id="15" s="H" t="H" l="H"/>
		<a id="16" s="H" t="H" l="H"/>
		<a id="17" s="H" t="H" l="H"/>
	</atoms>
	<bonds>
		<b id="1" c="1 2" t="1"/>
		<b id="2" c="2 3" t="ar"/>
		<b id="3" c="3 4" t="ar"/>
		<b id="4" c="4 5" t="ar"/>
		<b id="5" c="5 6" t="ar"/>
		<b id="6" c="6 7" t="ar"/>
		<b id="7" c="7 8" t="ar"/>
		<b id="8" c="8 9" t="ar"/>
		<b id="9" c="4 9" t="ar"/>
		<b id="10" c="9 10" t="ar"/>
		<b id="11" c="10 11" t="ar"/>
		<b id="12" c="2 11" t="ar"/>
		<b id="13" c="3 12" t="1"/>
		<b id="14" c="5 13" t="1"/>
		<b id="15" c="6 14" t="1"/>
		<b id="16" c="7 15" t="1"/>
		<b id="17" c="8 16" t="1"/>
		<b id="18" c="11 17" t="1"/>
	</bonds>
	<geometry>
		<g u="A" t="cart/3d">#17,3:0.9632,-0.1430,0.2879;2.8617,-0.0729,0.1539;3.5178,1.1268,0.1173;4.9242,1.1195,0.0163;5.6990,2.2956,-0.0301;7.0602,2.2172,-0.1311;7.7026,0.9692,-0.1893;6.9799,-0.1907,-0.1454;5.5751,-0.1445,-0.0417;4.8876,-1.3041,-0.0011;3.5932,-1.2755,0.0922;2.9834,2.0650,0.1632;5.1983,3.2521,0.0151;7.6538,3.1186,-0.1669;8.7790,0.9353,-0.2692;7.4522,-1.1593,-0.1883;3.0824,-2.2288,0.1221;</g>
	</geometry>
	<conformers>
		<g id="1" u="A" t="cart/3d">#17,3:-2.6988,0.1848,-0.0000;-0.8226,-0.1408,0.0002;0.0687,0.8968,0.0000;1.4466,0.5976,-0.0000;2.4495,1.5874,0.0001;3.7686,1.2280,0.0001;4.1412,-0.1265,-0.0001;3.1927,-1.1113,-0.0002;1.8242,-0.7745,-0.0001;0.9102,-1.7663,0.0001;-0.3533,-1.4693,0.0003;-0.2617,1.9257,0.0003;2.1562,2.6274,-0.0000;4.5368,1.9870,0.0002;5.1900,-0.3834,0.0002;3.4563,-2.1570,0.0001;-1.0512,-2.2962,-0.0003;</g>
	</conformers>
	<properties/>
</molecule>
