<?xml version="1.0" ?>
<!--MOLLI PACKAGE EXPERIMENTAL XML FORMAT-->
<molecule name="24">
	<atoms>
		<a id="1" s="Br" t="Br" l="BR"/>
		<a id="2" s="C" t="C.ar" l="C"/>
		<a id="3" s="C" t="C.ar" l="C"/>
		<a id="4" s="N" t="N.ar" l="N"/>
		<a id="5" s="C" t="C.ar" l="C"/>
		<a id="6" s="N" t="N.ar" l="N"/>
		<a id="7" s="C" t="C.ar" l="C"/>
		<a id="8" s="H" t="H" l="H"/>
		<a id="9" s="H" t="H" l="H"/>
		<a id="10" s="H" t="H" l="H"/>
	</atoms>
	<bonds>
		<b id="1" c="1 2" t="1"/>
		<b id="2" c="2 3" t="ar"/>
		<b id="3" c="3 4" t="ar"/>
		<b id="4" c="4 5" t="ar"/>
		<b id="5" c="5 6" t="ar"/>
		<b id="6" c="6 7" t="ar"/>
		<b id="7" c="2 7" t="ar"/>
		<b id="8" c="3 8" t="1"/>
		<b id="9" c="5 9" t="1"/>
		<b id="10" c="7 10" t="1"/>
	</bonds>
	<geometry>
		<g u="A" t="cart/3d">#10,3:1.1405,0.0289,0.0624;3.0262,0.0585,0.0667;3.7192,1.2384,0.0703;5.0370,1.2798,0.0733;5.6203,0.0991,0.0725;5.0743,-1.0993,0.0691;3.7558,-1.0992,0.0662;3.1826,2.1762,0.0708;6.7021,0.1161,0.0749;3.2489,-2.0533,0.0633;</g>
	</geometry>
	<conformers>
		<g id="1" u="A" t="cart/3d">#10,3:1.6377,-0.0000,-0.0000;-0.2560,0.0000,0.0000;-0.9801,-1.1869,0.0000;-2.2997,-1.1777,0.0000;-2.8979,-0.0000,0.0000;-2.2997,1.1777,-0.0000;-0.9801,1.1869,-0.0000;-0.4958,-2.1545,0.0000;-3.9792,0.0000,0.0000;-0.4958,2.1545,-0.0000;</g>
	</conformers>
	<properties/>
</molecule>
