<?xml version="1.0" ?>
<!--MOLLI PACKAGE EXPERIMENTAL XML FORMAT-->
<molecule name="26">
	<atoms>
		<a id="1" s="Br" t="Br" l="BR"/>
		<a id="2" s="C" t="C.ar" l="C"/>
		<a id="3" s="C" t="C.ar" l="C"/>
		<a id="4" s="C" t="C.ar" l="C"/>
		<a id="5" s="C" t="C.ar" l="C"/>
		<a id="6" s="C" t="C.ar" l="C"/>
		<a id="7" s="C" t="C.ar" l="C"/>
		<a id="8" s="N" t="N.ar" l="N"/>
		<a id="9" s="C" t="C.ar" l="C"/>
		<a id="10" s="C" t="C.ar" l="C"/>
		<a id="11" s="C" t="C.ar" l="C"/>
		<a id="12" s="H" t="H" l="H"/>
		<a id="13" s="H" t="H" l="H"/>
		<a id="14" s="H" t="H" l="H"/>
		<a id="15" s="H" t="H" l="H"/>
		<a id="16" s="H" t="H" l="H"/>
		<a id="17" s="H" t="H" l="H"/>
	</atoms>
	<bonds>
		<b id="1" c="1 2" t="1"/>
		<b id="2" c="2 3" t="ar"/>
		<b id="3" c="3 4" t="ar"/>
		<b id="4" c="4 5" t="ar"/>
		<b id="5" c="5 6" t="ar"/>
		<b id="6" c="6 7" t="ar"/>
		<b id="7" c="7 8" t="ar"/>
		<b id="8" c="8 9" t="ar"/>
		<b id="9" c="4 9" t="ar"/>
		<b id="10" c="9 10" t="ar"/>
		<b id="11" c="10 11" t="ar"/>
		<b id="12" c="2 11" t="ar"/>
		<b id="13" c="3 12" t="1"/>
		<b id="14" c="5 13" t="1"/>
		<b id="15" c="6 14" t="1"/>
		<b id="16" c="7 15" t="1"/>
		<b id="17" c="10 16" t="1"/>
		<b id="18" c="11 17" t="1"/>
	</bonds>
	<geometry>
		<g u="A" t="cart/3d">#17,3:2.6441,0.1927,0.2169;0.7723,-0.1601,0.1281;-0.1110,0.8826,0.1093;-1.4922,0.6159,0.0426;-2.4718,1.6315,0.0177;-3.7917,1.2805,-0.0528;-4.1244,-0.0871,-0.0983;-3.2484,-1.0506,-0.0741;-1.9413,-0.7331,-0.0043;-0.9907,-1.7764,0.0211;0.3445,-1.4971,0.0861;0.2327,1.9061,0.1436;-2.1631,2.6671,0.0542;-4.5718,2.0255,-0.0737;-5.1613,-0.3935,-0.1552;-1.3514,-2.7920,-0.0137;1.0787,-2.2880,0.1056;</g>
	</geometry>
	<conformers>
		<g id="1" u="A" t="cart/3d">#17,3:2.7038,0.1908,0.0001;0.8323,-0.1733,-0.0005;-0.0571,0.8644,-0.0002;-1.4383,0.5899,-0.0000;-2.4236,1.6002,-0.0001;-3.7433,1.2411,0.0000;-4.0699,-0.1284,0.0003;-3.1886,-1.0873,0.0002;-1.8815,-0.7622,0.0001;-0.9244,-1.7998,-0.0001;0.4106,-1.5128,-0.0004;0.2823,1.8899,-0.0005;-2.1200,2.6378,-0.0002;-4.5276,1.9820,-0.0001;-5.1064,-0.4413,-0.0002;-1.2796,-2.8179,0.0003;1.1488,-2.3002,0.0001;</g>
	</conformers>
	<properties/>
</molecule>
