<?xml version="1.0" ?>
<!--MOLLI PACKAGE EXPERIMENTAL XML FORMAT-->
<molecule name="26">
	<atoms>
		<a id="1" s="Br" t="Br" l="BR"/>
		<a id="2" s="C" t="C.ar" l="C"/>
		<a id="3" s="C" t="C.ar" l="C"/>
		<a id="4" s="C" t="C.ar" l="C"/>
		<a id="5" s="C" t="C.ar" l="C"/>
		<a id="6" s="C" t="C.ar" l="C"/>
		<a id="7" s="C" t="C.ar" l="C"/>
		<a id="8" s="N" t="N.ar" l="N"/>
		<a id="9" s="C" t="C.ar" l="C"/>
		<a id="10" s="C" t="C.ar" l="C"/>
		<a id="11" s="C" t="C.ar" l="C"/>
		<a id="12" s="H" t="H" l="H"/>
		<a id="13" s="H" t="H" l="H"/>
		<a id="14" s="H" t="H" l="H"/>
		<a id="15" s="H" t="H" l="H"/>
		<a id="16" s="H" t="H" l="H"/>
		<a id="17" s="H" t="H" l="H"/>
	</atoms>
	<bonds>
		<b id="1" c="1 2" t="1"/>
		<b id="2" c="2 3" t="ar"/>
		<b id="3" c="3 4" t="ar"/>
		<b id="4" c="4 5" t="ar"/>
		<b id="5" c="5 6" t="ar"/>
		<b id="6" c="6 7" t="ar"/>
		<b id="7" c="7 8" t="ar"/>
		<b id="8" c="8 9" t="ar"/>
		<b id="9" c="4 9" t="ar"/>
		<b id="10" c="9 10" t="ar"/>
		<b id="11" c="10 11" t="ar"/>
		<b id="12" c="2 11" t="ar"/>
		<b id="13" c="3 12" t="1"/>
		<b id="14" c="5 13" t="1"/>
		<b id="15" c="6 14" t="1"/>
		<b id="16" c="7 15" t="1"/>
		<b id="17" c="10 16" t="1"/>
		<b id="18" c="11 17" t="1"/>
	</bonds>
	<geometry>
		<g u="A" t="cart/3d">#17,3:1.0777,0.0566,-0.0234;2.9619,0.0515,0.0827;3.6287,-1.1318,0.1408;5.0420,-1.1587,0.2208;5.7704,-2.3567,0.2806;7.1223,-2.2839,0.3536;7.7392,-1.0349,0.3668;7.1175,0.1101,0.3140;5.7589,0.0607,0.2401;5.0271,1.2648,0.1779;3.6633,1.2582,0.1011;3.0756,-2.0552,0.1255;5.2574,-3.3028,0.2676;7.7167,-3.1815,0.4007;8.8158,-0.9871,0.4249;5.5719,2.1924,0.1922;3.1098,2.1817,0.0535;</g>
	</geometry>
	<conformers>
		<g id="1" u="A" t="cart/3d">#17,3:-2.7038,0.1907,-0.0000;-0.8324,-0.1731,0.0001;0.0572,0.8645,0.0001;1.4384,0.5899,0.0000;2.4238,1.6001,-0.0000;3.7434,1.2410,-0.0000;4.0700,-0.1286,-0.0000;3.1885,-1.0874,-0.0000;1.8814,-0.7622,-0.0000;0.9243,-1.7998,-0.0000;-0.4107,-1.5126,0.0000;-0.2821,1.8900,0.0001;2.1202,2.6378,0.0000;4.5278,1.9818,0.0000;5.1064,-0.4415,0.0000;1.2794,-2.8179,-0.0000;-1.1489,-2.3000,0.0000;</g>
	</conformers>
	<properties/>
</molecule>
