<?xml version="1.0" ?>
<!--MOLLI PACKAGE EXPERIMENTAL XML FORMAT-->
<molecule name="28">
	<atoms>
		<a id="1" s="Br" t="Br" l="BR"/>
		<a id="2" s="C" t="C.ar" l="C"/>
		<a id="3" s="N" t="N.ar" l="N"/>
		<a id="4" s="C" t="C.ar" l="C"/>
		<a id="5" s="C" t="C.ar" l="C"/>
		<a id="6" s="C" t="C.ar" l="C"/>
		<a id="7" s="C" t="C.ar" l="C"/>
		<a id="8" s="C" t="C.ar" l="C"/>
		<a id="9" s="C" t="C.ar" l="C"/>
		<a id="10" s="C" t="C.ar" l="C"/>
		<a id="11" s="C" t="C.ar" l="C"/>
		<a id="12" s="S" t="S.2" l="S"/>
		<a id="13" s="H" t="H" l="H"/>
		<a id="14" s="H" t="H" l="H"/>
		<a id="15" s="H" t="H" l="H"/>
		<a id="16" s="H" t="H" l="H"/>
		<a id="17" s="H" t="H" l="H"/>
		<a id="18" s="H" t="H" l="H"/>
	</atoms>
	<bonds>
		<b id="1" c="1 2" t="1"/>
		<b id="2" c="2 3" t="ar"/>
		<b id="3" c="3 4" t="ar"/>
		<b id="4" c="4 5" t="ar"/>
		<b id="5" c="5 6" t="1"/>
		<b id="6" c="6 7" t="ar"/>
		<b id="7" c="7 8" t="ar"/>
		<b id="8" c="8 9" t="ar"/>
		<b id="9" c="9 10" t="ar"/>
		<b id="10" c="10 11" t="ar"/>
		<b id="11" c="6 11" t="ar"/>
		<b id="12" c="5 12" t="ar"/>
		<b id="13" c="2 12" t="ar"/>
		<b id="14" c="4 13" t="1"/>
		<b id="15" c="7 14" t="1"/>
		<b id="16" c="8 15" t="1"/>
		<b id="17" c="9 16" t="1"/>
		<b id="18" c="10 17" t="1"/>
		<b id="19" c="11 18" t="1"/>
	</bonds>
	<geometry>
		<g u="A" t="cart/3d">#18,3:1.1328,0.9508,-1.0963;2.8020,0.3870,-0.4980;3.4915,1.0203,0.3782;4.6585,0.3964,0.6307;4.8949,-0.7603,-0.0678;6.0426,-1.6421,-0.0207;7.0460,-1.4618,0.9347;8.1387,-2.3056,0.9668;8.2527,-3.3419,0.0540;7.2618,-3.5323,-0.8950;6.1671,-2.6916,-0.9326;3.5377,-1.0713,-1.1177;5.3201,0.8469,1.3462;6.9651,-0.6635,1.6554;8.9064,-2.1551,1.7110;9.1088,-3.9987,0.0839;7.3423,-4.3383,-1.6088;5.3963,-2.8414,-1.6758;</g>
	</geometry>
	<conformers>
		<g id="1" u="A" t="cart/3d">#18,3:-3.2982,0.1689,-0.0001;-1.5006,-0.3109,0.0004;-1.0919,-1.5263,0.0005;0.2537,-1.5929,0.0005;0.9238,-0.3957,0.0002;2.3492,-0.1407,0.0000;3.2671,-1.1941,-0.0005;4.6241,-0.9379,-0.0005;5.0927,0.3662,-0.0001;4.1918,1.4184,0.0004;2.8339,1.1686,0.0004;-0.2427,0.9011,-0.0003;0.7034,-2.5679,0.0006;2.9166,-2.2140,-0.0010;5.3217,-1.7621,-0.0011;6.1545,0.5607,-0.0002;4.5482,2.4375,0.0007;2.1341,1.9926,0.0009;</g>
	</conformers>
	<properties/>
</molecule>
