<?xml version="1.0" ?>
<!--MOLLI PACKAGE EXPERIMENTAL XML FORMAT-->
<molecule name="29">
	<atoms>
		<a id="1" s="Br" t="Br" l="BR"/>
		<a id="2" s="C" t="C.ar" l="C"/>
		<a id="3" s="C" t="C.ar" l="C"/>
		<a id="4" s="S" t="S.2" l="S"/>
		<a id="5" s="C" t="C.ar" l="C"/>
		<a id="6" s="C" t="C.ar" l="C"/>
		<a id="7" s="C" t="C.3" l="C"/>
		<a id="8" s="H" t="H" l="H"/>
		<a id="9" s="H" t="H" l="H"/>
		<a id="10" s="H" t="H" l="H"/>
		<a id="11" s="H" t="H" l="H"/>
		<a id="12" s="H" t="H" l="H"/>
	</atoms>
	<bonds>
		<b id="1" c="1 2" t="1"/>
		<b id="2" c="2 3" t="ar"/>
		<b id="3" c="3 4" t="ar"/>
		<b id="4" c="4 5" t="ar"/>
		<b id="5" c="5 6" t="ar"/>
		<b id="6" c="2 6" t="ar"/>
		<b id="7" c="6 7" t="1"/>
		<b id="8" c="3 8" t="1"/>
		<b id="9" c="5 9" t="1"/>
		<b id="10" c="7 10" t="1"/>
		<b id="11" c="7 11" t="1"/>
		<b id="12" c="7 12" t="1"/>
	</bonds>
	<geometry>
		<g u="A" t="cart/3d">#12,3:1.0744,0.0141,-0.0708;2.9651,0.0907,-0.0582;3.6581,1.2574,-0.0504;5.3506,0.9716,-0.0393;5.0959,-0.7320,-0.0456;3.7819,-1.0756,-0.0554;3.2374,-2.4616,-0.0625;3.2734,2.2572,-0.0504;5.9434,-1.3877,-0.0415;4.0439,-3.1893,-0.0591;2.6203,-2.6183,-0.9469;2.6090,-2.6228,0.8131;</g>
	</geometry>
	<conformers>
		<g id="1" u="A" t="cart/3d">#12,3:-1.7390,0.2532,0.0000;0.1497,0.1350,-0.0003;0.9590,1.2242,-0.0001;2.6131,0.7657,0.0000;2.1844,-0.9027,0.0001;0.8421,-1.1091,-0.0000;0.1579,-2.4319,-0.0001;0.6795,2.2583,0.0005;2.9603,-1.6418,0.0004;-0.4774,-2.5264,0.8801;0.8852,-3.2387,-0.0005;-0.4786,-2.5260,-0.8795;</g>
	</conformers>
	<properties/>
</molecule>
