<?xml version="1.0" ?>
<!--MOLLI PACKAGE EXPERIMENTAL XML FORMAT-->
<molecule name="3">
	<atoms>
		<a id="1" s="Br" t="Br" l="BR"/>
		<a id="2" s="C" t="C.ar" l="C"/>
		<a id="3" s="C" t="C.ar" l="C"/>
		<a id="4" s="C" t="C.ar" l="C"/>
		<a id="5" s="C" t="C.ar" l="C"/>
		<a id="6" s="S" t="S.2" l="S"/>
		<a id="7" s="H" t="H" l="H"/>
		<a id="8" s="H" t="H" l="H"/>
		<a id="9" s="H" t="H" l="H"/>
	</atoms>
	<bonds>
		<b id="1" c="1 2" t="1"/>
		<b id="2" c="2 3" t="ar"/>
		<b id="3" c="3 4" t="ar"/>
		<b id="4" c="4 5" t="ar"/>
		<b id="5" c="5 6" t="ar"/>
		<b id="6" c="2 6" t="ar"/>
		<b id="7" c="3 7" t="1"/>
		<b id="8" c="4 8" t="1"/>
		<b id="9" c="5 9" t="1"/>
	</bonds>
	<geometry>
		<g u="A" t="cart/3d">#9,3:1.5315,0.0060,-0.0300;-0.3326,0.2422,-0.0085;-1.0031,1.4245,-0.0107;-2.4026,1.2311,0.0067;-2.7557,-0.0789,0.0232;-1.3924,-1.1267,0.0164;-0.5196,2.3840,-0.0251;-3.1101,2.0401,0.0078;-3.7398,-0.5027,0.0391;</g>
	</geometry>
	<conformers>
		<g id="1" u="A" t="cart/3d">#9,3:1.5788,0.0180,0.0000;-0.2890,0.2243,-0.0004;-0.9784,1.3958,-0.0001;-2.3746,1.1799,0.0001;-2.7069,-0.1355,0.0001;-1.3270,-1.1612,-0.0000;-0.5104,2.3630,-0.0001;-3.0949,1.9775,0.0004;-3.6841,-0.5752,0.0004;</g>
	</conformers>
	<properties/>
</molecule>
