<?xml version="1.0" ?>
<!--MOLLI PACKAGE EXPERIMENTAL XML FORMAT-->
<molecule name="30">
	<atoms>
		<a id="1" s="Br" t="Br" l="BR"/>
		<a id="2" s="C" t="C.ar" l="C"/>
		<a id="3" s="C" t="C.ar" l="C"/>
		<a id="4" s="C" t="C.ar" l="C"/>
		<a id="5" s="C" t="C.ar" l="C"/>
		<a id="6" s="C" t="C.ar" l="C"/>
		<a id="7" s="C" t="C.ar" l="C"/>
		<a id="8" s="C" t="C.ar" l="C"/>
		<a id="9" s="N" t="N.ar" l="N"/>
		<a id="10" s="C" t="C.ar" l="C"/>
		<a id="11" s="C" t="C.ar" l="C"/>
		<a id="12" s="H" t="H" l="H"/>
		<a id="13" s="H" t="H" l="H"/>
		<a id="14" s="H" t="H" l="H"/>
		<a id="15" s="H" t="H" l="H"/>
		<a id="16" s="H" t="H" l="H"/>
		<a id="17" s="H" t="H" l="H"/>
	</atoms>
	<bonds>
		<b id="1" c="1 2" t="1"/>
		<b id="2" c="2 3" t="ar"/>
		<b id="3" c="3 4" t="ar"/>
		<b id="4" c="4 5" t="ar"/>
		<b id="5" c="5 6" t="ar"/>
		<b id="6" c="6 7" t="ar"/>
		<b id="7" c="7 8" t="ar"/>
		<b id="8" c="3 8" t="ar"/>
		<b id="9" c="4 9" t="ar"/>
		<b id="10" c="9 10" t="ar"/>
		<b id="11" c="10 11" t="ar"/>
		<b id="12" c="2 11" t="ar"/>
		<b id="13" c="5 12" t="1"/>
		<b id="14" c="6 13" t="1"/>
		<b id="15" c="7 14" t="1"/>
		<b id="16" c="8 15" t="1"/>
		<b id="17" c="10 16" t="1"/>
		<b id="18" c="11 17" t="1"/>
	</bonds>
	<geometry>
		<g u="A" t="cart/3d">#17,3:0.8956,0.0831,-0.1087;2.8063,0.0551,-0.0655;3.5007,-1.1737,-0.0661;4.9256,-1.0879,-0.0315;5.6791,-2.2793,-0.0293;5.0556,-3.4953,-0.0607;3.6552,-3.5768,-0.0956;2.8924,-2.4417,-0.0981;5.5818,0.0868,-0.0011;4.8940,1.1904,-0.0030;3.4885,1.2402,-0.0344;6.7533,-2.1892,-0.0023;5.6377,-4.4048,-0.0590;3.1796,-4.5456,-0.1205;1.8142,-2.5060,-0.1247;5.4636,2.1100,0.0219;2.9744,2.1879,-0.0335;</g>
	</geometry>
	<conformers>
		<g id="1" u="A" t="cart/3d">#17,3:-2.1814,-0.3771,-0.0000;-0.5098,0.5495,0.0000;0.7041,-0.1707,0.0000;1.8975,0.6132,-0.0000;3.1441,-0.0449,-0.0000;3.2084,-1.4103,-0.0000;2.0340,-2.1783,0.0000;0.8074,-1.5735,0.0000;1.8825,1.9591,-0.0000;0.7367,2.5739,-0.0000;-0.5074,1.9172,0.0000;4.0313,0.5681,-0.0000;4.1660,-1.9092,-0.0000;2.1034,-3.2556,-0.0000;-0.0957,-2.1665,0.0000;0.7731,3.6553,0.0000;-1.4248,2.4837,0.0000;</g>
	</conformers>
	<properties/>
</molecule>
