<?xml version="1.0" ?>
<!--MOLLI PACKAGE EXPERIMENTAL XML FORMAT-->
<molecule name="30">
	<atoms>
		<a id="1" s="Br" t="Br" l="BR"/>
		<a id="2" s="C" t="C.ar" l="C"/>
		<a id="3" s="C" t="C.ar" l="C"/>
		<a id="4" s="C" t="C.ar" l="C"/>
		<a id="5" s="C" t="C.ar" l="C"/>
		<a id="6" s="C" t="C.ar" l="C"/>
		<a id="7" s="C" t="C.ar" l="C"/>
		<a id="8" s="C" t="C.ar" l="C"/>
		<a id="9" s="N" t="N.ar" l="N"/>
		<a id="10" s="C" t="C.ar" l="C"/>
		<a id="11" s="C" t="C.ar" l="C"/>
		<a id="12" s="H" t="H" l="H"/>
		<a id="13" s="H" t="H" l="H"/>
		<a id="14" s="H" t="H" l="H"/>
		<a id="15" s="H" t="H" l="H"/>
		<a id="16" s="H" t="H" l="H"/>
		<a id="17" s="H" t="H" l="H"/>
	</atoms>
	<bonds>
		<b id="1" c="1 2" t="1"/>
		<b id="2" c="2 3" t="ar"/>
		<b id="3" c="3 4" t="ar"/>
		<b id="4" c="4 5" t="ar"/>
		<b id="5" c="5 6" t="ar"/>
		<b id="6" c="6 7" t="ar"/>
		<b id="7" c="7 8" t="ar"/>
		<b id="8" c="3 8" t="ar"/>
		<b id="9" c="4 9" t="ar"/>
		<b id="10" c="9 10" t="ar"/>
		<b id="11" c="10 11" t="ar"/>
		<b id="12" c="2 11" t="ar"/>
		<b id="13" c="5 12" t="1"/>
		<b id="14" c="6 13" t="1"/>
		<b id="15" c="7 14" t="1"/>
		<b id="16" c="8 15" t="1"/>
		<b id="17" c="10 16" t="1"/>
		<b id="18" c="11 17" t="1"/>
	</bonds>
	<geometry>
		<g u="A" t="cart/3d">#17,3:1.0558,0.1190,-0.1098;2.9426,0.1199,-0.0652;3.6707,-1.0812,-0.0641;5.0847,-1.0057,-0.0291;5.8131,-2.2124,-0.0284;5.1808,-3.4195,-0.0612;3.7851,-3.4884,-0.0961;3.0442,-2.3457,-0.0975;5.7560,0.1778,0.0023;5.0273,1.2593,-0.0009;3.6321,1.2857,-0.0334;6.8870,-2.1559,-0.0016;5.7585,-4.3290,-0.0602;3.2975,-4.4488,-0.1220;1.9701,-2.3893,-0.1245;5.5648,2.1945,0.0237;3.0968,2.2212,-0.0338;</g>
	</geometry>
	<conformers>
		<g id="1" u="A" t="cart/3d">#17,3:-2.1814,-0.3771,0.0000;-0.5098,0.5495,-0.0000;0.7041,-0.1707,-0.0000;1.8976,0.6132,0.0000;3.1441,-0.0449,0.0000;3.2084,-1.4103,0.0000;2.0340,-2.1783,-0.0000;0.8074,-1.5736,-0.0000;1.8825,1.9592,0.0000;0.7367,2.5739,-0.0000;-0.5074,1.9172,-0.0000;4.0313,0.5681,0.0000;4.1660,-1.9092,0.0000;2.1034,-3.2556,-0.0000;-0.0956,-2.1666,-0.0000;0.7731,3.6553,-0.0000;-1.4248,2.4837,-0.0000;</g>
	</conformers>
	<properties/>
</molecule>
