<?xml version="1.0" ?>
<!--MOLLI PACKAGE EXPERIMENTAL XML FORMAT-->
<molecule name="33">
	<atoms>
		<a id="1" s="Br" t="Br" l="BR"/>
		<a id="2" s="C" t="C.ar" l="C"/>
		<a id="3" s="C" t="C.ar" l="C"/>
		<a id="4" s="C" t="C.ar" l="C"/>
		<a id="5" s="C" t="C.ar" l="C"/>
		<a id="6" s="C" t="C.ar" l="C"/>
		<a id="7" s="C" t="C.ar" l="C"/>
		<a id="8" s="C" t="C.ar" l="C"/>
		<a id="9" s="C" t="C.ar" l="C"/>
		<a id="10" s="C" t="C.ar" l="C"/>
		<a id="11" s="C" t="C.ar" l="C"/>
		<a id="12" s="C" t="C.ar" l="C"/>
		<a id="13" s="N" t="N.ar" l="N"/>
		<a id="14" s="C" t="C.3" l="C"/>
		<a id="15" s="C" t="C.3" l="C"/>
		<a id="16" s="C" t="C.ar" l="C"/>
		<a id="17" s="H" t="H" l="H"/>
		<a id="18" s="H" t="H" l="H"/>
		<a id="19" s="H" t="H" l="H"/>
		<a id="20" s="H" t="H" l="H"/>
		<a id="21" s="H" t="H" l="H"/>
		<a id="22" s="H" t="H" l="H"/>
		<a id="23" s="H" t="H" l="H"/>
		<a id="24" s="H" t="H" l="H"/>
		<a id="25" s="H" t="H" l="H"/>
		<a id="26" s="H" t="H" l="H"/>
		<a id="27" s="H" t="H" l="H"/>
		<a id="28" s="H" t="H" l="H"/>
	</atoms>
	<bonds>
		<b id="1" c="1 2" t="1"/>
		<b id="2" c="2 3" t="ar"/>
		<b id="3" c="3 4" t="ar"/>
		<b id="4" c="4 5" t="ar"/>
		<b id="5" c="5 6" t="ar"/>
		<b id="6" c="6 7" t="ar"/>
		<b id="7" c="7 8" t="ar"/>
		<b id="8" c="8 9" t="ar"/>
		<b id="9" c="9 10" t="ar"/>
		<b id="10" c="10 11" t="ar"/>
		<b id="11" c="11 12" t="ar"/>
		<b id="12" c="7 12" t="ar"/>
		<b id="13" c="12 13" t="ar"/>
		<b id="14" c="5 13" t="ar"/>
		<b id="15" c="13 14" t="1"/>
		<b id="16" c="14 15" t="1"/>
		<b id="17" c="6 16" t="ar"/>
		<b id="18" c="2 16" t="ar"/>
		<b id="19" c="3 17" t="1"/>
		<b id="20" c="4 18" t="1"/>
		<b id="21" c="8 19" t="1"/>
		<b id="22" c="9 20" t="1"/>
		<b id="23" c="10 21" t="1"/>
		<b id="24" c="11 22" t="1"/>
		<b id="25" c="14 23" t="1"/>
		<b id="26" c="14 24" t="1"/>
		<b id="27" c="15 25" t="1"/>
		<b id="28" c="15 26" t="1"/>
		<b id="29" c="15 27" t="1"/>
		<b id="30" c="16 28" t="1"/>
	</bonds>
	<geometry>
		<g u="A" t="cart/3d">#28,3:0.9844,-0.2257,0.0890;2.8948,-0.1808,0.0475;3.5286,1.0588,0.0132;4.9063,1.1391,-0.0201;5.6346,-0.0443,-0.0208;4.9792,-1.3010,0.0218;6.0116,-2.2964,0.0244;6.0020,-3.6849,0.0633;7.2096,-4.3525,0.0627;8.4148,-3.6536,0.0252;8.4494,-2.2734,-0.0148;7.2390,-1.5933,-0.0183;6.9909,-0.2408,-0.0642;7.9919,0.7925,-0.0709;8.4166,1.1788,1.3453;3.5936,-1.3702,0.0543;2.9342,1.9593,0.0149;5.3895,2.1037,-0.0413;5.0680,-4.2250,0.0946;7.2269,-5.4315,0.0935;9.3437,-4.2046,0.0296;9.3927,-1.7489,-0.0393;7.5865,1.6636,-0.5923;8.8558,0.4323,-0.6365;7.5603,1.5397,1.9103;9.1691,1.9620,1.3106;8.8310,0.3166,1.8623;3.0821,-2.3193,0.0840;</g>
	</geometry>
	<conformers>
		<g id="1" u="A" t="cart/3d">#28,3:-3.7370,-0.3317,-0.0701;-1.8992,0.1802,0.0470;-1.5957,1.5305,0.2010;-0.2823,1.9462,0.2892;0.7180,0.9842,0.2223;0.3981,-0.3877,0.0612;1.6464,-1.0923,0.0187;1.9846,-2.4319,-0.1251;3.3204,-2.7773,-0.1333;4.3122,-1.8071,-0.0017;4.0004,-0.4694,0.1428;2.6587,-0.1128,0.1557;2.0798,1.1275,0.2959;2.7875,2.3759,0.3974;3.0750,2.9751,-0.9788;-0.9258,-0.7944,-0.0262;-2.3960,2.2527,0.2494;-0.0554,2.9948,0.4036;1.2158,-3.1822,-0.2296;3.6069,-3.8122,-0.2446;5.3493,-2.1086,-0.0144;4.7825,0.2686,0.2393;3.7240,2.1990,0.9331;2.1847,3.0689,0.9905;3.6803,2.2901,-1.5681;3.6101,3.9150,-0.8742;2.1450,3.1583,-1.5123;-1.1839,-1.8346,-0.1478;</g>
	</conformers>
	<properties/>
</molecule>
