<?xml version="1.0" ?>
<!--MOLLI PACKAGE EXPERIMENTAL XML FORMAT-->
<molecule name="34">
	<atoms>
		<a id="1" s="Br" t="Br" l="BR"/>
		<a id="2" s="C" t="C.ar" l="C"/>
		<a id="3" s="C" t="C.ar" l="C"/>
		<a id="4" s="N" t="N.ar" l="N"/>
		<a id="5" s="C" t="C.ar" l="C"/>
		<a id="6" s="N" t="N.ar" l="N"/>
		<a id="7" s="C" t="C.3" l="C"/>
		<a id="8" s="H" t="H" l="H"/>
		<a id="9" s="H" t="H" l="H"/>
		<a id="10" s="H" t="H" l="H"/>
		<a id="11" s="H" t="H" l="H"/>
		<a id="12" s="H" t="H" l="H"/>
	</atoms>
	<bonds>
		<b id="1" c="1 2" t="1"/>
		<b id="2" c="2 3" t="ar"/>
		<b id="3" c="3 4" t="ar"/>
		<b id="4" c="4 5" t="ar"/>
		<b id="5" c="5 6" t="ar"/>
		<b id="6" c="2 6" t="ar"/>
		<b id="7" c="4 7" t="1"/>
		<b id="8" c="3 8" t="1"/>
		<b id="9" c="5 9" t="1"/>
		<b id="10" c="7 10" t="1"/>
		<b id="11" c="7 11" t="1"/>
		<b id="12" c="7 12" t="1"/>
	</bonds>
	<geometry>
		<g u="A" t="cart/3d">#12,3:1.1486,-0.0355,-0.0844;3.0198,0.0150,-0.0731;3.8172,1.1279,-0.0701;5.0973,0.6523,-0.0616;5.0047,-0.6974,-0.0601;3.7671,-1.1112,-0.0670;6.3024,1.4329,-0.0553;3.5747,2.1698,-0.0732;5.8575,-1.3459,-0.0539;6.0477,2.4909,-0.0587;6.9046,1.2094,-0.9383;6.8935,1.2124,0.8359;</g>
	</geometry>
	<conformers>
		<g id="1" u="A" t="cart/3d">#12,3:-1.7313,0.1198,-0.0000;0.1245,-0.1255,0.0001;1.0870,0.8473,0.0003;2.2763,0.1743,0.0003;1.9716,-1.1426,0.0001;0.6842,-1.3559,-0.0001;3.5823,0.7698,-0.0004;1.0158,1.9145,0.0004;2.7110,-1.9178,0.0001;4.3340,-0.0174,0.0076;3.7140,1.3983,0.8826;3.7194,1.3854,-0.8917;</g>
	</conformers>
	<properties/>
</molecule>
