<?xml version="1.0" ?>
<!--MOLLI PACKAGE EXPERIMENTAL XML FORMAT-->
<molecule name="34">
	<atoms>
		<a id="1" s="Br" t="Br" l="BR"/>
		<a id="2" s="C" t="C.ar" l="C"/>
		<a id="3" s="C" t="C.ar" l="C"/>
		<a id="4" s="N" t="N.ar" l="N"/>
		<a id="5" s="C" t="C.ar" l="C"/>
		<a id="6" s="N" t="N.ar" l="N"/>
		<a id="7" s="C" t="C.3" l="C"/>
		<a id="8" s="H" t="H" l="H"/>
		<a id="9" s="H" t="H" l="H"/>
		<a id="10" s="H" t="H" l="H"/>
		<a id="11" s="H" t="H" l="H"/>
		<a id="12" s="H" t="H" l="H"/>
	</atoms>
	<bonds>
		<b id="1" c="1 2" t="1"/>
		<b id="2" c="2 3" t="ar"/>
		<b id="3" c="3 4" t="ar"/>
		<b id="4" c="4 5" t="ar"/>
		<b id="5" c="5 6" t="ar"/>
		<b id="6" c="2 6" t="ar"/>
		<b id="7" c="4 7" t="1"/>
		<b id="8" c="3 8" t="1"/>
		<b id="9" c="5 9" t="1"/>
		<b id="10" c="7 10" t="1"/>
		<b id="11" c="7 11" t="1"/>
		<b id="12" c="7 12" t="1"/>
	</bonds>
	<geometry>
		<g u="A" t="cart/3d">#12,3:1.1141,0.0630,-0.0809;3.0101,0.0012,-0.0693;3.8116,1.1173,-0.0662;5.1065,0.6658,-0.0577;5.0259,-0.7108,-0.0560;3.7761,-1.1126,-0.0629;6.3265,1.4685,-0.0513;3.4939,2.1477,-0.0698;5.8768,-1.3762,-0.0497;6.0796,2.5278,-0.0546;6.9227,1.2436,-0.9329;6.9115,1.2465,0.8384;</g>
	</geometry>
	<conformers>
		<g id="1" u="A" t="cart/3d">#12,3:1.7314,0.1198,-0.0001;-0.1245,-0.1255,0.0002;-1.0871,0.8473,0.0008;-2.2763,0.1743,0.0010;-1.9717,-1.1426,0.0001;-0.6842,-1.3559,-0.0001;-3.5824,0.7698,-0.0010;-1.0158,1.9145,0.0013;-2.7110,-1.9178,0.0000;-3.7099,1.4088,0.8750;-4.3340,-0.0173,0.0198;-3.7237,1.3748,-0.8990;</g>
	</conformers>
	<properties/>
</molecule>
