<?xml version="1.0" ?>
<!--MOLLI PACKAGE EXPERIMENTAL XML FORMAT-->
<molecule name="35">
	<atoms>
		<a id="1" s="Br" t="Br" l="BR"/>
		<a id="2" s="C" t="C.ar" l="C"/>
		<a id="3" s="C" t="C.ar" l="C"/>
		<a id="4" s="N" t="N.ar" l="N"/>
		<a id="5" s="C" t="C.ar" l="C"/>
		<a id="6" s="N" t="N.ar" l="N"/>
		<a id="7" s="C" t="C.ar" l="C"/>
		<a id="8" s="C" t="C.ar" l="C"/>
		<a id="9" s="C" t="C.ar" l="C"/>
		<a id="10" s="C" t="C.ar" l="C"/>
		<a id="11" s="H" t="H" l="H"/>
		<a id="12" s="H" t="H" l="H"/>
		<a id="13" s="H" t="H" l="H"/>
		<a id="14" s="H" t="H" l="H"/>
		<a id="15" s="H" t="H" l="H"/>
	</atoms>
	<bonds>
		<b id="1" c="1 2" t="1"/>
		<b id="2" c="2 3" t="ar"/>
		<b id="3" c="3 4" t="ar"/>
		<b id="4" c="4 5" t="ar"/>
		<b id="5" c="5 6" t="ar"/>
		<b id="6" c="2 6" t="ar"/>
		<b id="7" c="6 7" t="ar"/>
		<b id="8" c="7 8" t="ar"/>
		<b id="9" c="8 9" t="ar"/>
		<b id="10" c="9 10" t="ar"/>
		<b id="11" c="5 10" t="ar"/>
		<b id="12" c="3 11" t="1"/>
		<b id="13" c="7 12" t="1"/>
		<b id="14" c="8 13" t="1"/>
		<b id="15" c="9 14" t="1"/>
		<b id="16" c="10 15" t="1"/>
	</bonds>
	<geometry>
		<g u="A" t="cart/3d">#15,3:1.1036,0.1518,0.0887;2.9726,-0.0019,0.0881;3.7894,-1.1106,0.0878;5.0787,-0.7420,0.0874;5.0891,0.5810,0.0873;3.7883,1.0899,0.0877;3.5300,2.4195,0.0877;4.5710,3.2939,0.0873;5.9022,2.8231,0.0869;6.1628,1.4822,0.0869;3.4985,-2.1419,0.0880;2.4931,2.7207,0.0881;4.3740,4.3532,0.0873;6.7111,3.5362,0.0866;7.1623,1.0819,0.0866;</g>
	</geometry>
	<conformers>
		<g id="1" u="A" t="cart/3d">#15,3:-2.1055,0.2914,0.0000;-0.4481,-0.5864,-0.0000;-0.1342,-1.9271,-0.0000;1.1961,-2.0962,-0.0000;1.7268,-0.8844,-0.0000;0.7316,0.0959,-0.0000;1.0181,1.4197,0.0000;2.3194,1.8134,0.0000;3.3575,0.8562,0.0000;3.0686,-0.4789,0.0000;-0.8081,-2.7602,0.0001;0.1838,2.1051,-0.0001;2.5556,2.8646,-0.0001;4.3819,1.1929,-0.0001;3.8298,-1.2405,0.0001;</g>
	</conformers>
	<properties/>
</molecule>
