<?xml version="1.0" ?>
<!--MOLLI PACKAGE EXPERIMENTAL XML FORMAT-->
<molecule name="11">
	<atoms>
		<a id="1" s="Br" t="Br" l="BR"/>
		<a id="2" s="C" t="C.ar" l="C"/>
		<a id="3" s="C" t="C.ar" l="C"/>
		<a id="4" s="C" t="C.ar" l="C"/>
		<a id="5" s="S" t="S.3" l="S"/>
		<a id="6" s="C" t="C.3" l="C"/>
		<a id="7" s="C" t="C.ar" l="C"/>
		<a id="8" s="C" t="C.ar" l="C"/>
		<a id="9" s="C" t="C.ar" l="C"/>
		<a id="10" s="H" t="H" l="H"/>
		<a id="11" s="H" t="H" l="H"/>
		<a id="12" s="H" t="H" l="H"/>
		<a id="13" s="H" t="H" l="H"/>
		<a id="14" s="H" t="H" l="H"/>
		<a id="15" s="H" t="H" l="H"/>
		<a id="16" s="H" t="H" l="H"/>
	</atoms>
	<bonds>
		<b id="1" c="1 2" t="1"/>
		<b id="2" c="2 3" t="ar"/>
		<b id="3" c="3 4" t="ar"/>
		<b id="4" c="4 5" t="1"/>
		<b id="5" c="5 6" t="1"/>
		<b id="6" c="4 7" t="ar"/>
		<b id="7" c="7 8" t="ar"/>
		<b id="8" c="8 9" t="ar"/>
		<b id="9" c="2 9" t="ar"/>
		<b id="10" c="3 10" t="1"/>
		<b id="11" c="6 11" t="1"/>
		<b id="12" c="6 12" t="1"/>
		<b id="13" c="6 13" t="1"/>
		<b id="14" c="7 14" t="1"/>
		<b id="15" c="8 15" t="1"/>
		<b id="16" c="9 16" t="1"/>
	</bonds>
	<geometry>
		<g u="A" t="cart/3d">#16,3:-1.5768,-0.0003,-0.0186;0.3319,-0.0129,-0.0082;0.9828,-1.2344,-0.0070;2.3706,-1.2516,0.0003;3.3299,-2.7298,0.0022;2.0949,-4.0597,-0.0176;3.0785,-0.0499,0.0069;2.4047,1.1538,0.0057;1.0182,1.1868,-0.0022;0.4027,-2.1423,-0.0116;2.6650,-4.9834,-0.0215;1.4927,-3.9961,-0.9192;1.4801,-4.0116,0.8764;4.1569,-0.0790,0.0128;2.9589,2.0798,0.0106;0.4841,2.1236,-0.0035;</g>
	</geometry>
	<conformers>
		<g id="1" u="A" t="cart/3d">#16,3:-2.3385,0.5074,0.0001;-0.6825,-0.4420,-0.0002;0.4945,0.2864,0.0001;1.7028,-0.3965,0.0001;3.2758,0.3977,0.0005;2.8776,2.1686,-0.0009;1.7096,-1.7914,-0.0001;0.5220,-2.4930,-0.0003;-0.6929,-1.8240,-0.0002;0.4497,1.3629,0.0003;2.3236,2.4256,-0.8989;3.8349,2.6804,-0.0013;2.3238,2.4271,0.8968;2.6565,-2.3087,-0.0003;0.5353,-3.5720,-0.0008;-1.6257,-2.3652,-0.0011;</g>
		<g id="2" u="A" t="cart/3d">#16,3:-2.5408,0.1005,-0.0004;-0.7111,-0.4320,0.0004;0.2686,0.5382,-0.0036;1.6088,0.1549,-0.0028;2.7838,1.4691,-0.0077;4.3901,0.6244,0.0120;1.9394,-1.1943,0.0016;0.9359,-2.1483,0.0055;-0.3976,-1.7821,0.0050;0.0134,1.5865,-0.0067;5.1331,1.4159,0.0158;4.5037,0.0180,-0.8818;4.4853,0.0264,0.9135;2.9682,-1.5148,0.0016;1.2002,-3.1950,0.0088;-1.1784,-2.5257,0.0083;</g>
	</conformers>
	<properties/>
</molecule>
