<?xml version="1.0" ?>
<!--MOLLI PACKAGE EXPERIMENTAL XML FORMAT-->
<molecule name="36">
	<atoms>
		<a id="1" s="Br" t="Br" l="BR"/>
		<a id="2" s="C" t="C.ar" l="C"/>
		<a id="3" s="C" t="C.ar" l="C"/>
		<a id="4" s="N" t="N.ar" l="N"/>
		<a id="5" s="C" t="C.ar" l="C"/>
		<a id="6" s="N" t="N.ar" l="N"/>
		<a id="7" s="N" t="N.ar" l="N"/>
		<a id="8" s="C" t="C.ar" l="C"/>
		<a id="9" s="C" t="C.ar" l="C"/>
		<a id="10" s="C" t="C.ar" l="C"/>
		<a id="11" s="H" t="H" l="H"/>
		<a id="12" s="H" t="H" l="H"/>
		<a id="13" s="H" t="H" l="H"/>
		<a id="14" s="H" t="H" l="H"/>
	</atoms>
	<bonds>
		<b id="1" c="1 2" t="1"/>
		<b id="2" c="2 3" t="ar"/>
		<b id="3" c="3 4" t="ar"/>
		<b id="4" c="4 5" t="ar"/>
		<b id="5" c="5 6" t="ar"/>
		<b id="6" c="2 6" t="ar"/>
		<b id="7" c="6 7" t="ar"/>
		<b id="8" c="7 8" t="ar"/>
		<b id="9" c="8 9" t="ar"/>
		<b id="10" c="9 10" t="ar"/>
		<b id="11" c="5 10" t="ar"/>
		<b id="12" c="3 11" t="1"/>
		<b id="13" c="8 12" t="1"/>
		<b id="14" c="9 13" t="1"/>
		<b id="15" c="10 14" t="1"/>
	</bonds>
	<geometry>
		<g u="A" t="cart/3d">#14,3:1.1828,0.2899,-0.0448;3.0358,0.0797,-0.0449;3.8323,-1.0489,-0.0443;5.1294,-0.7136,-0.0447;5.1706,0.6083,-0.0454;3.8786,1.1406,-0.0455;3.5778,2.4257,-0.0461;4.5816,3.2512,-0.0467;5.9357,2.8506,-0.0465;6.2371,1.5144,-0.0459;3.5174,-2.0732,-0.0438;4.3066,4.2947,-0.0470;6.7113,3.5986,-0.0470;7.2459,1.1358,-0.0458;</g>
	</geometry>
	<conformers>
		<g id="1" u="A" t="cart/3d">#14,3:-2.0846,0.2804,0.0000;-0.4378,-0.5953,-0.0000;-0.1115,-1.9375,-0.0000;1.2180,-2.1017,0.0001;1.7418,-0.8877,-0.0000;0.7356,0.0820,-0.0000;0.9273,1.3879,-0.0000;2.1636,1.7877,0.0000;3.2762,0.9180,-0.0000;3.0664,-0.4356,-0.0001;-0.7803,-2.7746,0.0000;2.2915,2.8592,0.0003;4.2720,1.3295,0.0003;3.8669,-1.1569,0.0003;</g>
	</conformers>
	<properties/>
</molecule>
