<?xml version="1.0" ?>
<!--MOLLI PACKAGE EXPERIMENTAL XML FORMAT-->
<molecule name="36">
	<atoms>
		<a id="1" s="Br" t="Br" l="BR"/>
		<a id="2" s="C" t="C.ar" l="C"/>
		<a id="3" s="C" t="C.ar" l="C"/>
		<a id="4" s="N" t="N.ar" l="N"/>
		<a id="5" s="C" t="C.ar" l="C"/>
		<a id="6" s="N" t="N.ar" l="N"/>
		<a id="7" s="N" t="N.ar" l="N"/>
		<a id="8" s="C" t="C.ar" l="C"/>
		<a id="9" s="C" t="C.ar" l="C"/>
		<a id="10" s="C" t="C.ar" l="C"/>
		<a id="11" s="H" t="H" l="H"/>
		<a id="12" s="H" t="H" l="H"/>
		<a id="13" s="H" t="H" l="H"/>
		<a id="14" s="H" t="H" l="H"/>
	</atoms>
	<bonds>
		<b id="1" c="1 2" t="1"/>
		<b id="2" c="2 3" t="ar"/>
		<b id="3" c="3 4" t="ar"/>
		<b id="4" c="4 5" t="ar"/>
		<b id="5" c="5 6" t="ar"/>
		<b id="6" c="2 6" t="ar"/>
		<b id="7" c="6 7" t="ar"/>
		<b id="8" c="7 8" t="ar"/>
		<b id="9" c="8 9" t="ar"/>
		<b id="10" c="9 10" t="ar"/>
		<b id="11" c="5 10" t="ar"/>
		<b id="12" c="3 11" t="1"/>
		<b id="13" c="8 12" t="1"/>
		<b id="14" c="9 13" t="1"/>
		<b id="15" c="10 14" t="1"/>
	</bonds>
	<geometry>
		<g u="A" t="cart/3d">#14,3:1.1320,0.2189,-0.0179;3.0116,0.1151,-0.0179;3.8242,-0.9940,-0.0175;5.1224,-0.6572,-0.0176;5.1553,0.6747,-0.0181;3.8568,1.1966,-0.0183;3.5497,2.5113,-0.0187;4.5806,3.2992,-0.0191;5.9244,2.8849,-0.0192;6.2357,1.5674,-0.0187;3.4754,-2.0176,-0.0171;4.3661,4.3563,-0.0195;6.7095,3.6230,-0.0196;7.2475,1.2040,-0.0187;</g>
	</geometry>
	<conformers>
		<g id="1" u="A" t="cart/3d">#14,3:-2.0847,0.2804,-0.0000;-0.4379,-0.5952,-0.0000;-0.1115,-1.9374,0.0000;1.2180,-2.1017,-0.0000;1.7418,-0.8877,-0.0000;0.7356,0.0820,-0.0000;0.9274,1.3880,0.0000;2.1638,1.7877,0.0000;3.2763,0.9179,-0.0000;3.0664,-0.4357,0.0000;-0.7804,-2.7745,0.0000;2.2916,2.8592,-0.0000;4.2721,1.3294,-0.0000;3.8667,-1.1571,-0.0000;</g>
	</conformers>
	<properties/>
</molecule>
