<?xml version="1.0" ?>
<!--MOLLI PACKAGE EXPERIMENTAL XML FORMAT-->
<molecule name="37">
	<atoms>
		<a id="1" s="Br" t="Br" l="BR"/>
		<a id="2" s="C" t="C.ar" l="C"/>
		<a id="3" s="C" t="C.ar" l="C"/>
		<a id="4" s="N" t="N.ar" l="N"/>
		<a id="5" s="C" t="C.ar" l="C"/>
		<a id="6" s="N" t="N.ar" l="N"/>
		<a id="7" s="C" t="C.ar" l="C"/>
		<a id="8" s="C" t="C.ar" l="C"/>
		<a id="9" s="N" t="N.ar" l="N"/>
		<a id="10" s="C" t="C.ar" l="C"/>
		<a id="11" s="H" t="H" l="H"/>
		<a id="12" s="H" t="H" l="H"/>
		<a id="13" s="H" t="H" l="H"/>
		<a id="14" s="H" t="H" l="H"/>
	</atoms>
	<bonds>
		<b id="1" c="1 2" t="1"/>
		<b id="2" c="2 3" t="ar"/>
		<b id="3" c="3 4" t="ar"/>
		<b id="4" c="4 5" t="ar"/>
		<b id="5" c="5 6" t="ar"/>
		<b id="6" c="2 6" t="ar"/>
		<b id="7" c="6 7" t="ar"/>
		<b id="8" c="7 8" t="ar"/>
		<b id="9" c="8 9" t="ar"/>
		<b id="10" c="9 10" t="ar"/>
		<b id="11" c="5 10" t="ar"/>
		<b id="12" c="3 11" t="1"/>
		<b id="13" c="7 12" t="1"/>
		<b id="14" c="8 13" t="1"/>
		<b id="15" c="10 14" t="1"/>
	</bonds>
	<geometry>
		<g u="A" t="cart/3d">#14,3:1.1506,-0.1458,0.0373;3.0186,-0.0076,0.0357;3.8507,1.0970,0.0359;5.1330,0.7197,0.0343;5.1311,-0.6041,0.0333;3.8228,-1.0994,0.0340;3.5885,-2.4355,0.0330;4.6701,-3.2642,0.0313;5.9463,-2.8293,0.0306;6.1715,-1.5468,0.0315;3.5670,2.1303,0.0371;2.5629,-2.7709,0.0337;4.5450,-4.3360,0.0305;7.1976,-1.2109,0.0307;</g>
	</geometry>
	<conformers>
		<g id="1" u="A" t="cart/3d">#14,3:-2.1219,-0.2954,-0.0000;-0.4665,0.5816,-0.0000;-0.1482,1.9272,0.0000;1.1778,2.0966,-0.0000;1.7075,0.8836,-0.0000;0.7084,-0.0955,-0.0000;1.0304,-1.4133,-0.0000;2.3537,-1.7379,-0.0000;3.3478,-0.8270,0.0000;3.0389,0.4378,0.0000;-0.8229,2.7597,0.0000;0.2258,-2.1323,-0.0000;2.6695,-2.7697,0.0000;3.8438,1.1573,-0.0000;</g>
	</conformers>
	<properties/>
</molecule>
