<?xml version="1.0" ?>
<!--MOLLI PACKAGE EXPERIMENTAL XML FORMAT-->
<molecule name="39">
	<atoms>
		<a id="1" s="Br" t="Br" l="BR"/>
		<a id="2" s="C" t="C.ar" l="C"/>
		<a id="3" s="C" t="C.ar" l="C"/>
		<a id="4" s="C" t="C.ar" l="C"/>
		<a id="5" s="C" t="C.ar" l="C"/>
		<a id="6" s="C" t="C.ar" l="C"/>
		<a id="7" s="C" t="C.ar" l="C"/>
		<a id="8" s="N" t="N.ar" l="N"/>
		<a id="9" s="N" t="N.ar" l="N"/>
		<a id="10" s="C" t="C.ar" l="C"/>
		<a id="11" s="C" t="C.ar" l="C"/>
		<a id="12" s="C" t="C.ar" l="C"/>
		<a id="13" s="H" t="H" l="H"/>
		<a id="14" s="H" t="H" l="H"/>
		<a id="15" s="H" t="H" l="H"/>
		<a id="16" s="H" t="H" l="H"/>
		<a id="17" s="H" t="H" l="H"/>
		<a id="18" s="H" t="H" l="H"/>
		<a id="19" s="H" t="H" l="H"/>
	</atoms>
	<bonds>
		<b id="1" c="1 2" t="1"/>
		<b id="2" c="2 3" t="ar"/>
		<b id="3" c="3 4" t="ar"/>
		<b id="4" c="4 5" t="ar"/>
		<b id="5" c="5 6" t="ar"/>
		<b id="6" c="6 7" t="ar"/>
		<b id="7" c="2 7" t="ar"/>
		<b id="8" c="7 8" t="1"/>
		<b id="9" c="8 9" t="ar"/>
		<b id="10" c="9 10" t="ar"/>
		<b id="11" c="10 11" t="ar"/>
		<b id="12" c="11 12" t="ar"/>
		<b id="13" c="8 12" t="ar"/>
		<b id="14" c="3 13" t="1"/>
		<b id="15" c="4 14" t="1"/>
		<b id="16" c="5 15" t="1"/>
		<b id="17" c="6 16" t="1"/>
		<b id="18" c="10 17" t="1"/>
		<b id="19" c="11 18" t="1"/>
		<b id="20" c="12 19" t="1"/>
	</bonds>
	<geometry>
		<g u="A" t="cart/3d">#19,3:1.1939,0.1276,0.5515;3.0309,0.1268,0.1382;3.7326,1.3106,0.1427;5.0911,1.3148,-0.1217;5.7441,0.1279,-0.3879;5.0428,-1.0579,-0.3967;3.6773,-1.0687,-0.1423;2.9575,-2.3220,-0.1408;3.3084,-3.3525,0.6395;2.4450,-4.3022,0.3765;1.5130,-3.8893,-0.5933;1.8501,-2.6168,-0.9220;3.2112,2.2282,0.3620;5.6379,2.2431,-0.1145;6.8030,0.1282,-0.5873;5.5397,-1.9914,-0.5953;2.4624,-5.2678,0.8620;0.6936,-4.4658,-0.9928;1.3763,-1.9587,-1.6315;</g>
	</geometry>
	<conformers>
		<g id="1" u="A" t="cart/3d">#19,3:1.0381,1.6473,-0.1023;1.0239,-0.2560,0.0422;2.2498,-0.9019,0.0647;2.3078,-2.2828,0.0921;1.1354,-3.0216,0.0832;-0.0851,-2.3774,0.0761;-0.1637,-0.9849,0.0731;-1.4370,-0.4080,0.0643;-2.4133,-0.9962,-0.6363;-3.4956,-0.2836,-0.4231;-3.2335,0.7821,0.4540;-1.8997,0.6688,0.7484;3.1556,-0.3156,0.0448;3.2671,-2.7760,0.1067;1.1721,-4.0997,0.0868;-1.0115,-2.9297,0.0645;-4.4195,-0.5498,-0.8965;-3.9210,1.5184,0.8152;-1.2826,1.2429,1.4074;</g>
		<g id="2" u="A" t="cart/3d">#19,3:0.9436,1.6178,-0.1176;1.0139,-0.2745,0.0177;2.2609,-0.8786,0.0536;2.3667,-2.2563,0.1005;1.2216,-3.0358,0.1125;-0.0224,-2.4358,0.0892;-0.1467,-1.0486,0.0408;-1.4203,-0.4753,0.0233;-1.6931,0.6436,0.6956;-2.9671,0.8893,0.4995;-3.5473,-0.0912,-0.3242;-2.5230,-0.9575,-0.6047;3.1450,-0.2605,0.0348;3.3415,-2.7175,0.1259;1.2955,-4.1116,0.1501;-0.9170,-3.0388,0.1248;-3.4265,1.7471,0.9477;-4.5624,-0.1469,-0.6591;-2.4887,-1.8364,-1.2157;</g>
	</conformers>
	<properties/>
</molecule>
