<?xml version="1.0" ?>
<!--MOLLI PACKAGE EXPERIMENTAL XML FORMAT-->
<molecule name="39">
	<atoms>
		<a id="1" s="Br" t="Br" l="BR"/>
		<a id="2" s="C" t="C.ar" l="C"/>
		<a id="3" s="C" t="C.ar" l="C"/>
		<a id="4" s="C" t="C.ar" l="C"/>
		<a id="5" s="C" t="C.ar" l="C"/>
		<a id="6" s="C" t="C.ar" l="C"/>
		<a id="7" s="C" t="C.ar" l="C"/>
		<a id="8" s="N" t="N.ar" l="N"/>
		<a id="9" s="N" t="N.ar" l="N"/>
		<a id="10" s="C" t="C.ar" l="C"/>
		<a id="11" s="C" t="C.ar" l="C"/>
		<a id="12" s="C" t="C.ar" l="C"/>
		<a id="13" s="H" t="H" l="H"/>
		<a id="14" s="H" t="H" l="H"/>
		<a id="15" s="H" t="H" l="H"/>
		<a id="16" s="H" t="H" l="H"/>
		<a id="17" s="H" t="H" l="H"/>
		<a id="18" s="H" t="H" l="H"/>
		<a id="19" s="H" t="H" l="H"/>
	</atoms>
	<bonds>
		<b id="1" c="1 2" t="1"/>
		<b id="2" c="2 3" t="ar"/>
		<b id="3" c="3 4" t="ar"/>
		<b id="4" c="4 5" t="ar"/>
		<b id="5" c="5 6" t="ar"/>
		<b id="6" c="6 7" t="ar"/>
		<b id="7" c="2 7" t="ar"/>
		<b id="8" c="7 8" t="1"/>
		<b id="9" c="8 9" t="ar"/>
		<b id="10" c="9 10" t="ar"/>
		<b id="11" c="10 11" t="ar"/>
		<b id="12" c="11 12" t="ar"/>
		<b id="13" c="8 12" t="ar"/>
		<b id="14" c="3 13" t="1"/>
		<b id="15" c="4 14" t="1"/>
		<b id="16" c="5 15" t="1"/>
		<b id="17" c="6 16" t="1"/>
		<b id="18" c="10 17" t="1"/>
		<b id="19" c="11 18" t="1"/>
		<b id="20" c="12 19" t="1"/>
	</bonds>
	<geometry>
		<g u="A" t="cart/3d">#19,3:-1.6075,-0.1119,-0.0406;0.2876,-0.0129,0.0119;1.0009,-1.2005,0.0539;2.3835,-1.1838,0.0421;3.0581,0.0249,-0.0110;2.3496,1.2105,-0.0406;0.9559,1.2114,-0.0305;0.2713,2.4283,-0.0576;-0.8371,2.6236,0.6572;-1.2060,3.8629,0.4323;-0.3194,4.4989,-0.4539;0.6233,3.5463,-0.7418;0.4636,-2.1355,0.0856;2.9301,-2.1134,0.0721;4.1368,0.0469,-0.0196;2.8720,2.1551,-0.0555;-2.0819,4.2593,0.9048;-0.3705,5.5022,-0.8228;1.4745,3.5684,-1.3914;</g>
	</geometry>
	<conformers>
		<g id="1" u="A" t="cart/3d">#19,3:0.6286,-1.7655,-0.1005;1.0470,0.0824,0.0187;2.3841,0.4457,0.0532;2.7429,1.7804,0.0887;1.7618,2.7584,0.0908;0.4283,2.3986,0.0689;0.0495,1.0580,0.0317;-1.3081,0.7303,0.0149;-1.7842,-0.3144,0.6934;-3.0814,-0.3215,0.4953;-3.4691,0.7439,-0.3359;-2.3018,1.4039,-0.6190;3.1387,-0.3254,0.0423;3.7862,2.0536,0.1128;2.0334,3.8022,0.1192;-0.3393,3.1571,0.0968;-3.6922,-1.0767,0.9474;-4.4558,0.9843,-0.6739;-2.1046,2.2573,-1.2355;</g>
	</conformers>
	<properties/>
</molecule>
