<?xml version="1.0" ?>
<!--MOLLI PACKAGE EXPERIMENTAL XML FORMAT-->
<molecule name="4">
	<atoms>
		<a id="1" s="Br" t="Br" l="BR"/>
		<a id="2" s="C" t="C.ar" l="C"/>
		<a id="3" s="C" t="C.ar" l="C"/>
		<a id="4" s="C" t="C.ar" l="C"/>
		<a id="5" s="C" t="C.ar" l="C"/>
		<a id="6" s="C" t="C.3" l="C"/>
		<a id="7" s="F" t="F" l="F"/>
		<a id="8" s="F" t="F" l="F"/>
		<a id="9" s="F" t="F" l="F"/>
		<a id="10" s="C" t="C.ar" l="C"/>
		<a id="11" s="C" t="C.ar" l="C"/>
		<a id="12" s="H" t="H" l="H"/>
		<a id="13" s="H" t="H" l="H"/>
		<a id="14" s="H" t="H" l="H"/>
		<a id="15" s="H" t="H" l="H"/>
	</atoms>
	<bonds>
		<b id="1" c="1 2" t="1"/>
		<b id="2" c="2 3" t="ar"/>
		<b id="3" c="3 4" t="ar"/>
		<b id="4" c="4 5" t="ar"/>
		<b id="5" c="5 6" t="1"/>
		<b id="6" c="6 7" t="1"/>
		<b id="7" c="6 8" t="1"/>
		<b id="8" c="6 9" t="1"/>
		<b id="9" c="5 10" t="ar"/>
		<b id="10" c="10 11" t="ar"/>
		<b id="11" c="2 11" t="ar"/>
		<b id="12" c="3 12" t="1"/>
		<b id="13" c="4 13" t="1"/>
		<b id="14" c="10 14" t="1"/>
		<b id="15" c="11 15" t="1"/>
	</bonds>
	<geometry>
		<g u="A" t="cart/3d">#15,3:-1.5663,0.0352,-0.0405;0.3313,0.0068,-0.0132;0.9912,-1.2116,-0.0018;2.3740,-1.2326,0.0187;3.0779,-0.0364,0.0276;4.5810,-0.0220,0.0499;5.1234,-1.2452,0.0699;5.0939,0.6070,-1.0232;5.0617,0.6279,1.1254;2.4087,1.1823,0.0157;1.0274,1.2059,-0.0048;0.4315,-2.1336,-0.0087;2.9014,-2.1737,0.0279;2.9690,2.1046,0.0226;0.4958,2.1444,-0.0141;</g>
	</geometry>
	<conformers>
		<g id="1" u="A" t="cart/3d">#15,3:-3.1209,-0.0002,0.0046;-1.2229,0.0002,-0.0067;-0.5448,1.2091,-0.0108;0.8375,1.2081,-0.0193;1.5246,0.0007,-0.0276;3.0277,0.0001,-0.0034;3.5077,-0.0101,1.2559;3.5554,-1.0710,-0.6132;3.5566,1.0799,-0.5965;0.8379,-1.2069,-0.0192;-0.5444,-1.2085,-0.0109;-1.0907,2.1394,-0.0072;1.3807,2.1403,-0.0248;1.3816,-2.1389,-0.0250;-1.0899,-2.1390,-0.0070;</g>
	</conformers>
	<properties/>
</molecule>
