<?xml version="1.0" ?>
<!--MOLLI PACKAGE EXPERIMENTAL XML FORMAT-->
<molecule name="4">
	<atoms>
		<a id="1" s="Br" t="Br" l="BR"/>
		<a id="2" s="C" t="C.ar" l="C"/>
		<a id="3" s="C" t="C.ar" l="C"/>
		<a id="4" s="C" t="C.ar" l="C"/>
		<a id="5" s="C" t="C.ar" l="C"/>
		<a id="6" s="C" t="C.3" l="C"/>
		<a id="7" s="F" t="F" l="F"/>
		<a id="8" s="F" t="F" l="F"/>
		<a id="9" s="F" t="F" l="F"/>
		<a id="10" s="C" t="C.ar" l="C"/>
		<a id="11" s="C" t="C.ar" l="C"/>
		<a id="12" s="H" t="H" l="H"/>
		<a id="13" s="H" t="H" l="H"/>
		<a id="14" s="H" t="H" l="H"/>
		<a id="15" s="H" t="H" l="H"/>
	</atoms>
	<bonds>
		<b id="1" c="1 2" t="1"/>
		<b id="2" c="2 3" t="ar"/>
		<b id="3" c="3 4" t="ar"/>
		<b id="4" c="4 5" t="ar"/>
		<b id="5" c="5 6" t="1"/>
		<b id="6" c="6 7" t="1"/>
		<b id="7" c="6 8" t="1"/>
		<b id="8" c="6 9" t="1"/>
		<b id="9" c="5 10" t="ar"/>
		<b id="10" c="10 11" t="ar"/>
		<b id="11" c="2 11" t="ar"/>
		<b id="12" c="3 12" t="1"/>
		<b id="13" c="4 13" t="1"/>
		<b id="14" c="10 14" t="1"/>
		<b id="15" c="11 15" t="1"/>
	</bonds>
	<geometry>
		<g u="A" t="cart/3d">#15,3:1.1836,0.0189,0.4135;3.0421,0.0473,0.1415;3.6998,1.2519,0.0430;5.0664,1.2719,-0.1572;5.7690,0.0881,-0.2584;7.2689,0.0957,-0.4792;7.6990,1.3689,-0.5621;7.8565,-0.5275,0.5598;7.5354,-0.5615,-1.6237;5.1027,-1.1159,-0.1583;3.7361,-1.1366,0.0420;3.1403,2.1704,0.1234;5.6022,2.2035,-0.2380;5.6659,-2.0313,-0.2395;3.2046,-2.0716,0.1215;</g>
	</geometry>
	<conformers>
		<g id="1" u="A" t="cart/3d">#15,3:-3.1209,0.0002,0.0043;-1.2230,-0.0002,-0.0058;-0.5444,1.2084,-0.0102;0.8379,1.2068,-0.0188;1.5246,-0.0009,-0.0272;3.0277,-0.0002,-0.0035;3.5565,-1.0809,-0.5949;3.5550,1.0700,-0.6156;3.5083,0.0124,1.2555;0.8374,-1.2082,-0.0187;-0.5449,-1.2092,-0.0101;-1.0898,2.1390,-0.0064;1.3817,2.1387,-0.0245;1.3806,-2.1405,-0.0245;-1.0908,-2.1395,-0.0064;</g>
	</conformers>
	<properties/>
</molecule>
