<?xml version="1.0" ?>
<!--MOLLI PACKAGE EXPERIMENTAL XML FORMAT-->
<molecule name="40">
	<atoms>
		<a id="1" s="Br" t="Br" l="BR"/>
		<a id="2" s="C" t="C.ar" l="C"/>
		<a id="3" s="C" t="C.ar" l="C"/>
		<a id="4" s="N" t="N.ar" l="N"/>
		<a id="5" s="C" t="C.ar" l="C"/>
		<a id="6" s="C" t="C.ar" l="C"/>
		<a id="7" s="C" t="C.ar" l="C"/>
		<a id="8" s="C" t="C.ar" l="C"/>
		<a id="9" s="C" t="C.ar" l="C"/>
		<a id="10" s="C" t="C.ar" l="C"/>
		<a id="11" s="N" t="N.ar" l="N"/>
		<a id="12" s="C" t="C.ar" l="C"/>
		<a id="13" s="H" t="H" l="H"/>
		<a id="14" s="H" t="H" l="H"/>
		<a id="15" s="H" t="H" l="H"/>
		<a id="16" s="H" t="H" l="H"/>
		<a id="17" s="H" t="H" l="H"/>
		<a id="18" s="H" t="H" l="H"/>
		<a id="19" s="H" t="H" l="H"/>
	</atoms>
	<bonds>
		<b id="1" c="1 2" t="1"/>
		<b id="2" c="2 3" t="ar"/>
		<b id="3" c="3 4" t="ar"/>
		<b id="4" c="4 5" t="1"/>
		<b id="5" c="5 6" t="ar"/>
		<b id="6" c="6 7" t="ar"/>
		<b id="7" c="7 8" t="ar"/>
		<b id="8" c="8 9" t="ar"/>
		<b id="9" c="9 10" t="ar"/>
		<b id="10" c="5 10" t="ar"/>
		<b id="11" c="4 11" t="ar"/>
		<b id="12" c="11 12" t="ar"/>
		<b id="13" c="2 12" t="ar"/>
		<b id="14" c="3 13" t="1"/>
		<b id="15" c="6 14" t="1"/>
		<b id="16" c="7 15" t="1"/>
		<b id="17" c="8 16" t="1"/>
		<b id="18" c="9 17" t="1"/>
		<b id="19" c="10 18" t="1"/>
		<b id="20" c="12 19" t="1"/>
	</bonds>
	<geometry>
		<g u="A" t="cart/3d">#19,3:1.3609,-0.4963,1.0192;3.1009,-0.1807,0.3767;3.9821,0.7774,0.8242;5.1036,0.6376,0.0795;6.2964,1.3705,0.1464;6.4937,2.3556,1.1080;7.6889,3.0514,1.1385;8.6883,2.7737,0.2216;8.4894,1.7911,-0.7350;7.3001,1.0902,-0.7768;4.9747,-0.3514,-0.8084;3.7764,-0.8615,-0.6492;3.8584,1.5106,1.5925;5.7298,2.5836,1.8340;7.8384,3.8148,1.8872;9.6183,3.3204,0.2535;9.2645,1.5694,-1.4528;7.1247,0.3216,-1.5118;3.4333,-1.6778,-1.2512;</g>
	</geometry>
	<conformers>
		<g id="1" u="A" t="cart/3d">#19,3:-3.1948,0.3121,0.0337;-1.4081,-0.2748,-0.0230;-0.2811,0.5133,0.0368;0.7744,-0.3307,-0.0359;2.1415,-0.0231,-0.0112;2.5932,1.2878,-0.1174;3.9517,1.5470,-0.0854;4.8620,0.5122,0.0464;4.4092,-0.7938,0.1441;3.0552,-1.0655,0.1169;0.3740,-1.6003,-0.1363;-0.9382,-1.5937,-0.1332;-0.1938,1.5743,0.1373;1.8991,2.1050,-0.2332;4.2988,2.5660,-0.1677;5.9202,0.7231,0.0696;5.1140,-1.6052,0.2437;2.6812,-2.0738,0.1900;-1.5006,-2.5018,-0.2076;</g>
	</conformers>
	<properties/>
</molecule>
