<?xml version="1.0" ?>
<!--MOLLI PACKAGE EXPERIMENTAL XML FORMAT-->
<molecule name="41">
	<atoms>
		<a id="1" s="Br" t="Br" l="BR"/>
		<a id="2" s="C" t="C.ar" l="C"/>
		<a id="3" s="N" t="N.ar" l="N"/>
		<a id="4" s="C" t="C.ar" l="C"/>
		<a id="5" s="O" t="O.3" l="O"/>
		<a id="6" s="C" t="C.3" l="C"/>
		<a id="7" s="C" t="C.ar" l="C"/>
		<a id="8" s="C" t="C.ar" l="C"/>
		<a id="9" s="C" t="C.ar" l="C"/>
		<a id="10" s="H" t="H" l="H"/>
		<a id="11" s="H" t="H" l="H"/>
		<a id="12" s="H" t="H" l="H"/>
		<a id="13" s="H" t="H" l="H"/>
		<a id="14" s="H" t="H" l="H"/>
		<a id="15" s="H" t="H" l="H"/>
	</atoms>
	<bonds>
		<b id="1" c="1 2" t="1"/>
		<b id="2" c="2 3" t="ar"/>
		<b id="3" c="3 4" t="ar"/>
		<b id="4" c="4 5" t="1"/>
		<b id="5" c="5 6" t="1"/>
		<b id="6" c="4 7" t="ar"/>
		<b id="7" c="7 8" t="ar"/>
		<b id="8" c="8 9" t="ar"/>
		<b id="9" c="2 9" t="ar"/>
		<b id="10" c="6 10" t="1"/>
		<b id="11" c="6 11" t="1"/>
		<b id="12" c="6 12" t="1"/>
		<b id="13" c="7 13" t="1"/>
		<b id="14" c="8 14" t="1"/>
		<b id="15" c="9 15" t="1"/>
	</bonds>
	<geometry>
		<g u="A" t="cart/3d">#15,3:1.5313,-0.0272,-0.0279;-0.3682,0.0337,-0.0082;-0.9619,-1.1402,0.0057;-2.2855,-1.1761,0.0193;-2.9027,-2.3590,0.0335;-2.0694,-3.5055,0.0326;-3.0640,-0.0093,0.0196;-2.4141,1.2054,0.0047;-1.0226,1.2477,-0.0098;-2.7402,-4.3613,0.0424;-1.4264,-3.5148,0.9151;-1.4405,-3.5238,-0.8598;-4.1375,-0.0918,0.0312;-2.9783,2.1258,0.0044;-0.4773,2.1765,-0.0217;</g>
	</geometry>
	<conformers>
		<g id="1" u="A" t="cart/3d">#15,3:2.0067,-0.3506,-0.0000;0.2771,0.4374,0.0000;-0.7229,-0.4173,0.0000;-1.9583,0.0594,0.0000;-2.9833,-0.7950,-0.0000;-2.6548,-2.1738,0.0000;-2.2275,1.4358,0.0000;-1.1598,2.3066,-0.0000;0.1408,1.8096,0.0000;-3.6032,-2.7060,-0.0002;-2.0732,-2.4310,0.8876;-2.0729,-2.4309,-0.8874;-3.2499,1.7734,0.0000;-1.3260,3.3732,-0.0000;1.0017,2.4570,0.0000;</g>
	</conformers>
	<properties/>
</molecule>
