<?xml version="1.0" ?>
<!--MOLLI PACKAGE EXPERIMENTAL XML FORMAT-->
<molecule name="42">
	<atoms>
		<a id="1" s="Br" t="Br" l="BR"/>
		<a id="2" s="C" t="C.ar" l="C"/>
		<a id="3" s="C" t="C.ar" l="C"/>
		<a id="4" s="C" t="C.ar" l="C"/>
		<a id="5" s="N" t="N.ar" l="N"/>
		<a id="6" s="C" t="C.ar" l="C"/>
		<a id="7" s="C" t="C.ar" l="C"/>
		<a id="8" s="C" t="C.ar" l="C"/>
		<a id="9" s="C" t="C.ar" l="C"/>
		<a id="10" s="N" t="N.ar" l="N"/>
		<a id="11" s="S" t="S.O2" l="S"/>
		<a id="12" s="O" t="O.2" l="O"/>
		<a id="13" s="O" t="O.2" l="O"/>
		<a id="14" s="C" t="C.ar" l="C"/>
		<a id="15" s="C" t="C.ar" l="C"/>
		<a id="16" s="C" t="C.ar" l="C"/>
		<a id="17" s="C" t="C.ar" l="C"/>
		<a id="18" s="C" t="C.3" l="C"/>
		<a id="19" s="C" t="C.ar" l="C"/>
		<a id="20" s="C" t="C.ar" l="C"/>
		<a id="21" s="H" t="H" l="H"/>
		<a id="22" s="H" t="H" l="H"/>
		<a id="23" s="H" t="H" l="H"/>
		<a id="24" s="H" t="H" l="H"/>
		<a id="25" s="H" t="H" l="H"/>
		<a id="26" s="H" t="H" l="H"/>
		<a id="27" s="H" t="H" l="H"/>
		<a id="28" s="H" t="H" l="H"/>
		<a id="29" s="H" t="H" l="H"/>
		<a id="30" s="H" t="H" l="H"/>
		<a id="31" s="H" t="H" l="H"/>
	</atoms>
	<bonds>
		<b id="1" c="1 2" t="1"/>
		<b id="2" c="2 3" t="ar"/>
		<b id="3" c="3 4" t="ar"/>
		<b id="4" c="4 5" t="ar"/>
		<b id="5" c="5 6" t="ar"/>
		<b id="6" c="6 7" t="ar"/>
		<b id="7" c="2 7" t="ar"/>
		<b id="8" c="7 8" t="ar"/>
		<b id="9" c="8 9" t="ar"/>
		<b id="10" c="9 10" t="ar"/>
		<b id="11" c="6 10" t="ar"/>
		<b id="12" c="10 11" t="1"/>
		<b id="13" c="11 12" t="2"/>
		<b id="14" c="11 13" t="2"/>
		<b id="15" c="11 14" t="1"/>
		<b id="16" c="14 15" t="ar"/>
		<b id="17" c="15 16" t="ar"/>
		<b id="18" c="16 17" t="ar"/>
		<b id="19" c="17 18" t="1"/>
		<b id="20" c="17 19" t="ar"/>
		<b id="21" c="19 20" t="ar"/>
		<b id="22" c="14 20" t="ar"/>
		<b id="23" c="3 21" t="1"/>
		<b id="24" c="4 22" t="1"/>
		<b id="25" c="8 23" t="1"/>
		<b id="26" c="9 24" t="1"/>
		<b id="27" c="15 25" t="1"/>
		<b id="28" c="16 26" t="1"/>
		<b id="29" c="18 27" t="1"/>
		<b id="30" c="18 28" t="1"/>
		<b id="31" c="18 29" t="1"/>
		<b id="32" c="19 30" t="1"/>
		<b id="33" c="20 31" t="1"/>
	</bonds>
	<geometry>
		<g u="A" t="cart/3d">#31,3:1.2297,-0.1202,-0.9125;3.0454,-0.5593,-1.2646;3.7097,-0.0125,-2.3459;5.0470,-0.3478,-2.5593;5.7457,-1.1696,-1.7967;5.0912,-1.6960,-0.7786;3.7334,-1.4336,-0.4336;3.4608,-2.1893,0.7403;4.6057,-2.8522,1.0497;5.5991,-2.5640,0.1421;7.1857,-3.2375,0.1185;7.3226,-3.8691,1.3938;7.3066,-4.0279,-1.0619;8.1710,-1.7646,0.0202;8.4039,-1.0476,1.1757;9.1506,0.1159,1.1038;9.6577,0.5574,-0.1139;10.4650,1.8147,-0.2013;9.4032,-0.1875,-1.2637;8.6583,-1.3503,-1.2033;3.2077,0.6669,-3.0155;5.5849,0.0758,-3.3950;2.5289,-2.2255,1.2689;4.8295,-3.5278,1.8510;8.0120,-1.4140,2.1114;9.3421,0.6853,2.0013;10.6629,2.2238,0.7854;9.9313,2.5626,-0.7863;11.4138,1.6221,-0.6985;9.7961,0.1505,-2.2110;8.4443,-1.9431,-2.0766;</g>
	</geometry>
	<conformers>
		<g id="1" u="A" t="cart/3d">#31,3:-4.3371,0.5583,0.3210;-2.5383,0.5342,-0.2930;-2.0656,1.5187,-1.1396;-0.7348,1.4724,-1.5555;0.1301,0.5390,-1.2013;-0.3414,-0.4014,-0.4040;-1.6698,-0.4728,0.1076;-1.7223,-1.6267,0.9375;-0.4851,-2.1875,0.9014;0.3600,-1.4578,0.0969;1.9925,-1.8539,-0.2928;2.3620,-2.8351,0.6789;2.0386,-2.1970,-1.6762;2.7911,-0.3002,0.0190;3.0752,0.0478,1.3245;3.6582,1.2762,1.5778;3.9522,2.1504,0.5343;4.6029,3.4687,0.8141;3.6556,1.7698,-0.7715;3.0719,0.5440,-1.0357;-2.7106,2.3151,-1.4739;-0.3447,2.2375,-2.2110;-2.5772,-1.9796,1.4794;-0.0990,-3.0641,1.3821;2.8468,-0.6475,2.1169;3.8871,1.5628,2.5935;5.6855,3.3440,0.8476;4.2826,3.8647,1.7746;4.3714,4.1908,0.0356;3.8815,2.4420,-1.5856;2.8250,0.2283,-2.0353;</g>
	</conformers>
	<properties/>
</molecule>
