<?xml version="1.0" ?>
<!--MOLLI PACKAGE EXPERIMENTAL XML FORMAT-->
<molecule name="43">
	<atoms>
		<a id="1" s="Br" t="Br" l="BR"/>
		<a id="2" s="C" t="C.ar" l="C"/>
		<a id="3" s="C" t="C.ar" l="C"/>
		<a id="4" s="C" t="C.ar" l="C"/>
		<a id="5" s="N" t="N.ar" l="N"/>
		<a id="6" s="C" t="C.ar" l="C"/>
		<a id="7" s="C" t="C.ar" l="C"/>
		<a id="8" s="C" t="C.ar" l="C"/>
		<a id="9" s="C" t="C.ar" l="C"/>
		<a id="10" s="N" t="N.ar" l="N"/>
		<a id="11" s="H" t="H" l="H"/>
		<a id="12" s="H" t="H" l="H"/>
		<a id="13" s="H" t="H" l="H"/>
		<a id="14" s="H" t="H" l="H"/>
		<a id="15" s="H" t="H" l="H"/>
	</atoms>
	<bonds>
		<b id="1" c="1 2" t="1"/>
		<b id="2" c="2 3" t="ar"/>
		<b id="3" c="3 4" t="ar"/>
		<b id="4" c="4 5" t="ar"/>
		<b id="5" c="5 6" t="ar"/>
		<b id="6" c="6 7" t="ar"/>
		<b id="7" c="2 7" t="ar"/>
		<b id="8" c="7 8" t="ar"/>
		<b id="9" c="8 9" t="ar"/>
		<b id="10" c="9 10" t="ar"/>
		<b id="11" c="6 10" t="ar"/>
		<b id="12" c="3 11" t="1"/>
		<b id="13" c="4 12" t="1"/>
		<b id="14" c="8 13" t="1"/>
		<b id="15" c="9 14" t="1"/>
		<b id="16" c="10 15" t="1"/>
	</bonds>
	<geometry>
		<g u="A" t="cart/3d">#15,3:1.0233,-0.1664,-0.0213;2.9283,-0.0898,-0.0531;3.6821,-1.2448,-0.0998;5.0762,-1.1470,-0.1226;5.7476,-0.0124,-0.1028;5.0100,1.0855,-0.0582;3.5852,1.1350,-0.0305;3.2260,2.5065,0.0148;4.3893,3.2145,0.0140;5.4612,2.3646,-0.0301;3.2093,-2.2134,-0.1187;5.6787,-2.0431,-0.1591;2.2292,2.8989,0.0440;4.5352,4.2770,0.0416;6.4318,2.6285,-0.0402;</g>
	</geometry>
	<conformers>
		<g id="1" u="A" t="cart/3d">#15,3:-2.0861,0.2241,-0.0000;-0.3088,-0.4664,0.0000;-0.0783,-1.8270,-0.0000;1.2390,-2.2941,0.0000;2.3074,-1.5216,0.0000;2.0690,-0.2198,0.0000;0.7823,0.3948,0.0000;1.0001,1.7964,0.0000;2.3492,1.9812,-0.0000;2.9931,0.7732,-0.0000;-0.8982,-2.5268,0.0000;1.4342,-3.3568,-0.0000;0.2428,2.5545,0.0000;2.9072,2.8975,-0.0000;3.9886,0.6292,-0.0000;</g>
	</conformers>
	<properties/>
</molecule>
