<?xml version="1.0" ?>
<!--MOLLI PACKAGE EXPERIMENTAL XML FORMAT-->
<molecule name="44">
	<atoms>
		<a id="1" s="Br" t="Br" l="BR"/>
		<a id="2" s="C" t="C.ar" l="C"/>
		<a id="3" s="C" t="C.ar" l="C"/>
		<a id="4" s="N" t="N.ar" l="N"/>
		<a id="5" s="C" t="C.ar" l="C"/>
		<a id="6" s="C" t="C.ar" l="C"/>
		<a id="7" s="C" t="C.ar" l="C"/>
		<a id="8" s="C" t="C.ar" l="C"/>
		<a id="9" s="C" t="C.ar" l="C"/>
		<a id="10" s="C" t="C.ar" l="C"/>
		<a id="11" s="C" t="C.ar" l="C"/>
		<a id="12" s="O" t="O.2" l="O"/>
		<a id="13" s="H" t="H" l="H"/>
		<a id="14" s="H" t="H" l="H"/>
		<a id="15" s="H" t="H" l="H"/>
		<a id="16" s="H" t="H" l="H"/>
		<a id="17" s="H" t="H" l="H"/>
		<a id="18" s="H" t="H" l="H"/>
	</atoms>
	<bonds>
		<b id="1" c="1 2" t="1"/>
		<b id="2" c="2 3" t="ar"/>
		<b id="3" c="3 4" t="ar"/>
		<b id="4" c="4 5" t="ar"/>
		<b id="5" c="5 6" t="1"/>
		<b id="6" c="6 7" t="ar"/>
		<b id="7" c="7 8" t="ar"/>
		<b id="8" c="8 9" t="ar"/>
		<b id="9" c="9 10" t="ar"/>
		<b id="10" c="10 11" t="ar"/>
		<b id="11" c="6 11" t="ar"/>
		<b id="12" c="5 12" t="ar"/>
		<b id="13" c="2 12" t="ar"/>
		<b id="14" c="3 13" t="1"/>
		<b id="15" c="7 14" t="1"/>
		<b id="16" c="8 15" t="1"/>
		<b id="17" c="9 16" t="1"/>
		<b id="18" c="10 17" t="1"/>
		<b id="19" c="11 18" t="1"/>
	</bonds>
	<geometry>
		<g u="A" t="cart/3d">#18,3:3.1799,2.2769,1.9966;3.7200,0.9198,0.8465;3.1807,0.3975,-0.2910;4.0044,-0.5877,-0.7252;4.9909,-0.6380,0.1276;6.1225,-1.5355,0.0787;6.2161,-2.4584,-0.9637;7.2941,-3.3187,-1.0232;8.2817,-3.2679,-0.0507;8.1901,-2.3530,0.9862;7.1161,-1.4868,1.0559;4.8704,0.2709,1.1223;2.2807,0.6621,-0.8041;5.4363,-2.4784,-1.7079;7.3680,-4.0326,-1.8297;9.1238,-3.9420,-0.1012;8.9595,-2.3152,1.7428;7.0391,-0.7720,1.8612;</g>
	</geometry>
	<conformers>
		<g id="1" u="A" t="cart/3d">#18,3:-3.0551,0.4063,-0.0001;-1.4028,-0.4459,0.0002;-1.0348,-1.7583,0.0003;0.3200,-1.8081,0.0003;0.7287,-0.5687,0.0002;2.1015,-0.1174,0.0001;3.1296,-1.0609,-0.0003;4.4449,-0.6416,-0.0005;4.7457,0.7123,-0.0002;3.7262,1.6512,0.0002;2.4061,1.2434,0.0003;-0.2920,0.3195,-0.0000;-1.6429,-2.6379,0.0003;2.8708,-2.1075,-0.0005;5.2412,-1.3707,-0.0005;5.7758,1.0363,0.0002;3.9619,2.7049,0.0010;1.6075,1.9697,0.0012;</g>
	</conformers>
	<properties/>
</molecule>
