<?xml version="1.0" ?>
<!--MOLLI PACKAGE EXPERIMENTAL XML FORMAT-->
<molecule name="12">
	<atoms>
		<a id="1" s="Br" t="Br" l="BR"/>
		<a id="2" s="C" t="C.ar" l="C"/>
		<a id="3" s="C" t="C.ar" l="C"/>
		<a id="4" s="C" t="C.ar" l="C"/>
		<a id="5" s="N" t="N.ar" l="N"/>
		<a id="6" s="C" t="C.3" l="C"/>
		<a id="7" s="N" t="N.ar" l="N"/>
		<a id="8" s="C" t="C.ar" l="C"/>
		<a id="9" s="C" t="C.ar" l="C"/>
		<a id="10" s="C" t="C.ar" l="C"/>
		<a id="11" s="C" t="C.ar" l="C"/>
		<a id="12" s="H" t="H" l="H"/>
		<a id="13" s="H" t="H" l="H"/>
		<a id="14" s="H" t="H" l="H"/>
		<a id="15" s="H" t="H" l="H"/>
		<a id="16" s="H" t="H" l="H"/>
		<a id="17" s="H" t="H" l="H"/>
		<a id="18" s="H" t="H" l="H"/>
	</atoms>
	<bonds>
		<b id="1" c="1 2" t="1"/>
		<b id="2" c="2 3" t="ar"/>
		<b id="3" c="3 4" t="ar"/>
		<b id="4" c="4 5" t="ar"/>
		<b id="5" c="5 6" t="1"/>
		<b id="6" c="5 7" t="ar"/>
		<b id="7" c="7 8" t="ar"/>
		<b id="8" c="3 8" t="ar"/>
		<b id="9" c="4 9" t="ar"/>
		<b id="10" c="9 10" t="ar"/>
		<b id="11" c="10 11" t="ar"/>
		<b id="12" c="2 11" t="ar"/>
		<b id="13" c="6 12" t="1"/>
		<b id="14" c="6 13" t="1"/>
		<b id="15" c="6 14" t="1"/>
		<b id="16" c="8 15" t="1"/>
		<b id="17" c="9 16" t="1"/>
		<b id="18" c="10 17" t="1"/>
		<b id="19" c="11 18" t="1"/>
	</bonds>
	<geometry>
		<g u="A" t="cart/3d">#18,3:1.0021,-0.0560,-0.0564;2.9052,-0.0562,-0.0639;3.5974,-1.2684,-0.0665;5.0183,-1.2518,-0.0720;5.4058,-2.5522,-0.0734;6.7342,-3.0924,-0.0781;4.3509,-3.3744,-0.0691;3.2657,-2.6437,-0.0650;5.7330,-0.0535,-0.0750;5.0093,1.1150,-0.0723;3.6075,1.1236,-0.0668;7.4560,-2.2795,-0.0816;6.8809,-3.7131,-0.9639;6.8879,-3.7117,0.8074;2.2952,-3.0976,-0.0612;6.8118,-0.0387,-0.0793;5.5263,2.0624,-0.0745;3.0816,2.0655,-0.0648;</g>
	</geometry>
	<conformers>
		<g id="1" u="A" t="cart/3d">#18,3:-2.3503,0.3434,-0.0000;-0.6479,-0.5076,0.0003;0.5140,0.2660,0.0001;1.7732,-0.3903,-0.0000;2.7075,0.5929,-0.0002;4.1334,0.4517,0.0001;2.1404,1.8032,-0.0000;0.8413,1.6429,0.0001;1.8796,-1.7807,-0.0001;0.7084,-2.5004,-0.0001;-0.5477,-1.8774,0.0002;4.5623,1.4513,-0.0041;4.4672,-0.0906,-0.8872;4.4677,-0.0832,0.8918;0.1814,2.4869,0.0001;2.8413,-2.2689,-0.0001;0.7438,-3.5791,-0.0002;-1.4404,-2.4831,0.0001;</g>
	</conformers>
	<properties/>
</molecule>
