<?xml version="1.0" ?>
<!--MOLLI PACKAGE EXPERIMENTAL XML FORMAT-->
<molecule name="45">
	<atoms>
		<a id="1" s="Br" t="Br" l="BR"/>
		<a id="2" s="C" t="C.ar" l="C"/>
		<a id="3" s="N" t="N.ar" l="N"/>
		<a id="4" s="C" t="C.ar" l="C"/>
		<a id="5" s="C" t="C.ar" l="C"/>
		<a id="6" s="C" t="C.ar" l="C"/>
		<a id="7" s="C" t="C.ar" l="C"/>
		<a id="8" s="H" t="H" l="H"/>
		<a id="9" s="H" t="H" l="H"/>
		<a id="10" s="H" t="H" l="H"/>
		<a id="11" s="H" t="H" l="H"/>
	</atoms>
	<bonds>
		<b id="1" c="1 2" t="1"/>
		<b id="2" c="2 3" t="ar"/>
		<b id="3" c="3 4" t="ar"/>
		<b id="4" c="4 5" t="ar"/>
		<b id="5" c="5 6" t="ar"/>
		<b id="6" c="6 7" t="ar"/>
		<b id="7" c="2 7" t="ar"/>
		<b id="8" c="4 8" t="1"/>
		<b id="9" c="5 9" t="1"/>
		<b id="10" c="6 10" t="1"/>
		<b id="11" c="7 11" t="1"/>
	</bonds>
	<geometry>
		<g u="A" t="cart/3d">#11,3:1.5369,-0.0368,-0.0235;-0.3637,0.0177,-0.0065;-0.9653,-1.1478,0.0045;-2.2868,-1.1668,0.0151;-3.0541,-0.0123,0.0151;-2.4010,1.2126,0.0031;-1.0168,1.2416,-0.0081;-2.7354,-2.1505,0.0245;-4.1307,-0.0687,0.0244;-2.9611,2.1361,0.0028;-0.4623,2.1663,-0.0178;</g>
	</geometry>
	<conformers>
		<g id="1" u="A" t="cart/3d">#11,3:1.6045,0.0034,-0.0000;-0.2968,0.0206,0.0000;-0.8752,-1.1565,0.0000;-2.1962,-1.2010,0.0000;-2.9859,-0.0620,-0.0000;-2.3570,1.1757,-0.0000;-0.9736,1.2315,0.0000;-2.6252,-2.1935,0.0000;-4.0613,-0.1395,0.0001;-2.9352,2.0879,0.0001;-0.4372,2.1668,0.0001;</g>
	</conformers>
	<properties/>
</molecule>
