<?xml version="1.0" ?>
<!--MOLLI PACKAGE EXPERIMENTAL XML FORMAT-->
<molecule name="46">
	<atoms>
		<a id="1" s="Br" t="Br" l="BR"/>
		<a id="2" s="C" t="C.ar" l="C"/>
		<a id="3" s="C" t="C.ar" l="C"/>
		<a id="4" s="C" t="C.ar" l="C"/>
		<a id="5" s="N" t="N.ar" l="N"/>
		<a id="6" s="C" t="C.ar" l="C"/>
		<a id="7" s="C" t="C.ar" l="C"/>
		<a id="8" s="H" t="H" l="H"/>
		<a id="9" s="H" t="H" l="H"/>
		<a id="10" s="H" t="H" l="H"/>
		<a id="11" s="H" t="H" l="H"/>
	</atoms>
	<bonds>
		<b id="1" c="1 2" t="1"/>
		<b id="2" c="2 3" t="ar"/>
		<b id="3" c="3 4" t="ar"/>
		<b id="4" c="4 5" t="ar"/>
		<b id="5" c="5 6" t="ar"/>
		<b id="6" c="6 7" t="ar"/>
		<b id="7" c="2 7" t="ar"/>
		<b id="8" c="3 8" t="1"/>
		<b id="9" c="4 9" t="1"/>
		<b id="10" c="6 10" t="1"/>
		<b id="11" c="7 11" t="1"/>
	</bonds>
	<geometry>
		<g u="A" t="cart/3d">#11,3:1.1525,-0.0277,0.0903;3.0356,-0.0112,-0.0320;3.7335,1.1683,-0.0754;5.1086,1.1261,-0.1648;5.8203,0.0134,-0.2129;5.1280,-1.1118,-0.1698;3.7538,-1.1782,-0.0807;3.2034,2.1060,-0.0393;5.6652,2.0506,-0.1993;5.7005,-2.0263,-0.2086;3.2400,-2.1251,-0.0489;</g>
	</geometry>
	<conformers>
		<g id="1" u="A" t="cart/3d">#11,3:-1.6453,-0.0000,-0.0000;0.2626,0.0000,0.0000;0.9556,-1.1989,0.0000;2.3419,-1.1331,-0.0000;3.0195,-0.0000,-0.0000;2.3419,1.1331,0.0000;0.9556,1.1989,0.0000;0.4398,-2.1456,0.0000;2.9354,-2.0371,-0.0000;2.9354,2.0371,-0.0000;0.4398,2.1456,-0.0000;</g>
	</conformers>
	<properties/>
</molecule>
