<?xml version="1.0" ?>
<!--MOLLI PACKAGE EXPERIMENTAL XML FORMAT-->
<molecule name="48">
	<atoms>
		<a id="1" s="Br" t="Br" l="BR"/>
		<a id="2" s="C" t="C.ar" l="C"/>
		<a id="3" s="C" t="C.ar" l="C"/>
		<a id="4" s="C" t="C.3" l="C"/>
		<a id="5" s="F" t="F" l="F"/>
		<a id="6" s="F" t="F" l="F"/>
		<a id="7" s="F" t="F" l="F"/>
		<a id="8" s="C" t="C.ar" l="C"/>
		<a id="9" s="C" t="C.ar" l="C"/>
		<a id="10" s="C" t="C.ar" l="C"/>
		<a id="11" s="C" t="C.ar" l="C"/>
		<a id="12" s="H" t="H" l="H"/>
		<a id="13" s="H" t="H" l="H"/>
		<a id="14" s="H" t="H" l="H"/>
		<a id="15" s="H" t="H" l="H"/>
	</atoms>
	<bonds>
		<b id="1" c="1 2" t="1"/>
		<b id="2" c="2 3" t="ar"/>
		<b id="3" c="3 4" t="1"/>
		<b id="4" c="4 5" t="1"/>
		<b id="5" c="4 6" t="1"/>
		<b id="6" c="4 7" t="1"/>
		<b id="7" c="3 8" t="ar"/>
		<b id="8" c="8 9" t="ar"/>
		<b id="9" c="9 10" t="ar"/>
		<b id="10" c="10 11" t="ar"/>
		<b id="11" c="2 11" t="ar"/>
		<b id="12" c="8 12" t="1"/>
		<b id="13" c="9 13" t="1"/>
		<b id="14" c="10 14" t="1"/>
		<b id="15" c="11 15" t="1"/>
	</bonds>
	<geometry>
		<g u="A" t="cart/3d">#15,3:-1.6129,0.2806,-0.0217;0.2759,0.0801,-0.0100;0.9195,-1.1526,-0.0189;0.2594,-2.5072,-0.0395;-1.0699,-2.5264,-0.0098;0.6227,-3.1952,-1.1410;0.6697,-3.2506,1.0081;2.3135,-1.1916,-0.0139;3.0560,-0.0280,0.0016;2.4079,1.1970,0.0123;1.0280,1.2494,0.0063;2.8034,-2.1536,-0.0220;4.1330,-0.0783,0.0053;2.9754,2.1145,0.0247;0.5153,2.1984,0.0137;</g>
	</geometry>
	<conformers>
		<g id="1" u="A" t="cart/3d">#15,3:-1.8689,0.0731,0.0000;-0.1537,0.8855,-0.0000;1.0119,0.1227,-0.0000;0.9499,-1.3822,0.0000;0.3164,-1.8711,-1.0777;2.1687,-1.9416,0.0000;0.3163,-1.8711,1.0777;2.2460,0.7616,-0.0000;2.3167,2.1430,-0.0000;1.1537,2.8955,0.0000;-0.0797,2.2705,0.0000;3.1474,0.1688,-0.0000;3.2798,2.6280,-0.0000;1.2033,3.9733,-0.0001;-0.9910,2.8476,-0.0002;</g>
	</conformers>
	<properties/>
</molecule>
