<?xml version="1.0" ?>
<!--MOLLI PACKAGE EXPERIMENTAL XML FORMAT-->
<molecule name="49">
	<atoms>
		<a id="1" s="Br" t="Br" l="BR"/>
		<a id="2" s="C" t="C.ar" l="C"/>
		<a id="3" s="C" t="C.ar" l="C"/>
		<a id="4" s="C" t="C.ar" l="C"/>
		<a id="5" s="C" t="C.ar" l="C"/>
		<a id="6" s="C" t="C.ar" l="C"/>
		<a id="7" s="C" t="C.ar" l="C"/>
		<a id="8" s="C" t="C.ar" l="C"/>
		<a id="9" s="C" t="C.ar" l="C"/>
		<a id="10" s="C" t="C.ar" l="C"/>
		<a id="11" s="C" t="C.ar" l="C"/>
		<a id="12" s="H" t="H" l="H"/>
		<a id="13" s="H" t="H" l="H"/>
		<a id="14" s="H" t="H" l="H"/>
		<a id="15" s="H" t="H" l="H"/>
		<a id="16" s="H" t="H" l="H"/>
		<a id="17" s="H" t="H" l="H"/>
		<a id="18" s="H" t="H" l="H"/>
	</atoms>
	<bonds>
		<b id="1" c="1 2" t="1"/>
		<b id="2" c="2 3" t="ar"/>
		<b id="3" c="3 4" t="ar"/>
		<b id="4" c="4 5" t="ar"/>
		<b id="5" c="5 6" t="ar"/>
		<b id="6" c="6 7" t="ar"/>
		<b id="7" c="7 8" t="ar"/>
		<b id="8" c="8 9" t="ar"/>
		<b id="9" c="9 10" t="ar"/>
		<b id="10" c="5 10" t="ar"/>
		<b id="11" c="6 11" t="ar"/>
		<b id="12" c="2 11" t="ar"/>
		<b id="13" c="3 12" t="1"/>
		<b id="14" c="4 13" t="1"/>
		<b id="15" c="7 14" t="1"/>
		<b id="16" c="8 15" t="1"/>
		<b id="17" c="9 16" t="1"/>
		<b id="18" c="10 17" t="1"/>
		<b id="19" c="11 18" t="1"/>
	</bonds>
	<geometry>
		<g u="A" t="cart/3d">#18,3:-2.6174,-0.2305,0.0195;-0.7508,0.1703,0.0119;-0.3557,1.5167,0.0089;0.9755,1.8215,0.0037;1.9556,0.8061,0.0015;1.5389,-0.5516,0.0055;2.5165,-1.5684,0.0037;3.8464,-1.2538,-0.0022;4.2594,0.0880,-0.0067;3.3356,1.0955,-0.0047;0.1600,-0.8473,0.0107;-1.1062,2.2922,0.0105;1.2943,2.8537,0.0008;2.1934,-2.5993,0.0069;4.5905,-2.0365,-0.0036;5.3148,0.3167,-0.0114;3.6481,2.1298,-0.0079;-0.1607,-1.8784,0.0135;</g>
	</geometry>
	<conformers>
		<g id="1" u="A" t="cart/3d">#18,3:-2.6996,-0.2024,0.0001;-0.8304,0.1855,-0.0003;-0.4261,1.5292,-0.0000;0.9072,1.8250,0.0000;1.8803,0.8029,-0.0000;1.4544,-0.5519,-0.0001;2.4251,-1.5754,0.0001;3.7571,-1.2697,0.0001;4.1792,0.0692,0.0000;3.2623,1.0829,0.0000;0.0735,-0.8382,-0.0003;-1.1712,2.3098,0.0003;1.2329,2.8549,0.0002;2.0951,-2.6041,0.0000;4.4959,-2.0574,0.0002;5.2362,0.2907,0.0003;3.5820,2.1151,0.0004;-0.2543,-1.8671,0.0008;</g>
	</conformers>
	<properties/>
</molecule>
