<?xml version="1.0" ?>
<!--MOLLI PACKAGE EXPERIMENTAL XML FORMAT-->
<molecule name="49">
	<atoms>
		<a id="1" s="Br" t="Br" l="BR"/>
		<a id="2" s="C" t="C.ar" l="C"/>
		<a id="3" s="C" t="C.ar" l="C"/>
		<a id="4" s="C" t="C.ar" l="C"/>
		<a id="5" s="C" t="C.ar" l="C"/>
		<a id="6" s="C" t="C.ar" l="C"/>
		<a id="7" s="C" t="C.ar" l="C"/>
		<a id="8" s="C" t="C.ar" l="C"/>
		<a id="9" s="C" t="C.ar" l="C"/>
		<a id="10" s="C" t="C.ar" l="C"/>
		<a id="11" s="C" t="C.ar" l="C"/>
		<a id="12" s="H" t="H" l="H"/>
		<a id="13" s="H" t="H" l="H"/>
		<a id="14" s="H" t="H" l="H"/>
		<a id="15" s="H" t="H" l="H"/>
		<a id="16" s="H" t="H" l="H"/>
		<a id="17" s="H" t="H" l="H"/>
		<a id="18" s="H" t="H" l="H"/>
	</atoms>
	<bonds>
		<b id="1" c="1 2" t="1"/>
		<b id="2" c="2 3" t="ar"/>
		<b id="3" c="3 4" t="ar"/>
		<b id="4" c="4 5" t="ar"/>
		<b id="5" c="5 6" t="ar"/>
		<b id="6" c="6 7" t="ar"/>
		<b id="7" c="7 8" t="ar"/>
		<b id="8" c="8 9" t="ar"/>
		<b id="9" c="9 10" t="ar"/>
		<b id="10" c="5 10" t="ar"/>
		<b id="11" c="6 11" t="ar"/>
		<b id="12" c="2 11" t="ar"/>
		<b id="13" c="3 12" t="1"/>
		<b id="14" c="4 13" t="1"/>
		<b id="15" c="7 14" t="1"/>
		<b id="16" c="8 15" t="1"/>
		<b id="17" c="9 16" t="1"/>
		<b id="18" c="10 17" t="1"/>
		<b id="19" c="11 18" t="1"/>
	</bonds>
	<geometry>
		<g u="A" t="cart/3d">#18,3:1.0433,-0.0316,0.1886;2.9278,-0.0775,0.0580;3.5935,-1.3068,0.0104;4.9542,-1.3546,-0.0841;5.7133,-0.1625,-0.1355;5.0396,1.0809,-0.0869;5.7966,2.2731,-0.1390;7.1540,2.2275,-0.2351;7.8220,0.9969,-0.2839;7.1233,-0.1710,-0.2357;3.6258,1.0885,0.0110;3.0120,-2.2133,0.0499;5.4649,-2.3011,-0.1210;5.2833,3.2184,-0.1017;7.7221,3.1426,-0.2744;8.8968,0.9784,-0.3604;7.6373,-1.1159,-0.2737;3.0971,2.0255,0.0483;</g>
	</geometry>
	<conformers>
		<g id="1" u="A" t="cart/3d">#18,3:-2.6996,-0.2024,0.0000;-0.8304,0.1855,-0.0002;-0.4261,1.5291,-0.0001;0.9072,1.8250,0.0000;1.8803,0.8029,0.0000;1.4544,-0.5519,0.0000;2.4251,-1.5754,0.0000;3.7571,-1.2697,0.0000;4.1792,0.0692,0.0000;3.2623,1.0830,0.0000;0.0736,-0.8382,-0.0001;-1.1712,2.3098,-0.0001;1.2329,2.8549,0.0000;2.0951,-2.6041,-0.0000;4.4959,-2.0574,0.0000;5.2362,0.2907,0.0000;3.5819,2.1151,0.0001;-0.2543,-1.8671,-0.0001;</g>
	</conformers>
	<properties/>
</molecule>
