<?xml version="1.0" ?>
<!--MOLLI PACKAGE EXPERIMENTAL XML FORMAT-->
<molecule name="5">
	<atoms>
		<a id="1" s="Br" t="Br" l="BR"/>
		<a id="2" s="C" t="C.ar" l="C"/>
		<a id="3" s="C" t="C.ar" l="C"/>
		<a id="4" s="C" t="C.ar" l="C"/>
		<a id="5" s="N" t="N.ar" l="N"/>
		<a id="6" s="C" t="C.ar" l="C"/>
		<a id="7" s="C" t="C.ar" l="C"/>
		<a id="8" s="N" t="N.ar" l="N"/>
		<a id="9" s="C" t="C.ar" l="C"/>
		<a id="10" s="C" t="C.ar" l="C"/>
		<a id="11" s="C" t="C.ar" l="C"/>
		<a id="12" s="H" t="H" l="H"/>
		<a id="13" s="H" t="H" l="H"/>
		<a id="14" s="H" t="H" l="H"/>
		<a id="15" s="H" t="H" l="H"/>
		<a id="16" s="H" t="H" l="H"/>
	</atoms>
	<bonds>
		<b id="1" c="1 2" t="1"/>
		<b id="2" c="2 3" t="ar"/>
		<b id="3" c="3 4" t="ar"/>
		<b id="4" c="4 5" t="ar"/>
		<b id="5" c="5 6" t="ar"/>
		<b id="6" c="6 7" t="ar"/>
		<b id="7" c="7 8" t="ar"/>
		<b id="8" c="8 9" t="ar"/>
		<b id="9" c="4 9" t="ar"/>
		<b id="10" c="9 10" t="ar"/>
		<b id="11" c="10 11" t="ar"/>
		<b id="12" c="2 11" t="ar"/>
		<b id="13" c="3 12" t="1"/>
		<b id="14" c="6 13" t="1"/>
		<b id="15" c="7 14" t="1"/>
		<b id="16" c="10 15" t="1"/>
		<b id="17" c="11 16" t="1"/>
	</bonds>
	<geometry>
		<g u="A" t="cart/3d">#16,3:1.0565,0.0521,0.0008;2.9560,0.0397,0.1051;3.6215,-1.1525,0.1687;5.0279,-1.1404,0.2455;5.7018,-2.3086,0.3080;7.0030,-2.2428,0.3771;7.6933,-1.0111,0.3874;7.0698,0.1339,0.3283;5.7232,0.1016,0.2559;4.9923,1.3059,0.1890;3.6292,1.2747,0.1147;3.1090,-2.1014,0.1619;7.5340,-3.1838,0.4270;8.7727,-0.9737,0.4454;5.5368,2.2368,0.1981;3.0555,2.1876,0.0629;</g>
	</geometry>
	<conformers>
		<g id="1" u="A" t="cart/3d">#16,3:-2.6939,-0.1900,-0.0000;-0.8271,0.1759,0.0000;0.0647,-0.8599,-0.0000;1.4427,-0.5684,-0.0000;2.3377,-1.5793,0.0000;3.6014,-1.2555,0.0000;4.0326,0.0890,0.0000;3.1921,1.0873,-0.0000;1.8767,0.7873,-0.0000;0.9184,1.8220,-0.0000;-0.4133,1.5202,0.0001;-0.2488,-1.8918,0.0001;4.3111,-2.0718,-0.0001;5.0847,0.3402,-0.0002;1.2665,2.8427,-0.0002;-1.1586,2.3010,-0.0000;</g>
	</conformers>
	<properties/>
</molecule>
