<?xml version="1.0" ?>
<!--MOLLI PACKAGE EXPERIMENTAL XML FORMAT-->
<molecule name="50">
	<atoms>
		<a id="1" s="C" t="C.3" l="C"/>
		<a id="2" s="N" t="N.ar" l="N"/>
		<a id="3" s="C" t="C.ar" l="C"/>
		<a id="4" s="C" t="C.ar" l="C"/>
		<a id="5" s="Br" t="Br" l="BR"/>
		<a id="6" s="C" t="C.ar" l="C"/>
		<a id="7" s="C" t="C.ar" l="C"/>
		<a id="8" s="C" t="C.ar" l="C"/>
		<a id="9" s="O" t="O.2" l="O"/>
		<a id="10" s="H" t="H" l="H"/>
		<a id="11" s="H" t="H" l="H"/>
		<a id="12" s="H" t="H" l="H"/>
		<a id="13" s="H" t="H" l="H"/>
		<a id="14" s="H" t="H" l="H"/>
		<a id="15" s="H" t="H" l="H"/>
	</atoms>
	<bonds>
		<b id="1" c="1 2" t="1"/>
		<b id="2" c="2 3" t="ar"/>
		<b id="3" c="3 4" t="ar"/>
		<b id="4" c="4 5" t="1"/>
		<b id="5" c="4 6" t="ar"/>
		<b id="6" c="6 7" t="ar"/>
		<b id="7" c="7 8" t="ar"/>
		<b id="8" c="2 8" t="ar"/>
		<b id="9" c="8 9" t="2"/>
		<b id="10" c="1 10" t="1"/>
		<b id="11" c="1 11" t="1"/>
		<b id="12" c="1 12" t="1"/>
		<b id="13" c="3 13" t="1"/>
		<b id="14" c="6 14" t="1"/>
		<b id="15" c="7 15" t="1"/>
	</bonds>
	<geometry>
		<g u="A" t="cart/3d">#15,3:1.0827,-0.0386,0.0947;2.5307,-0.0147,0.0009;3.2074,1.1689,-0.1643;4.5607,1.1823,-0.2551;5.4712,2.8164,-0.4834;5.2798,-0.0174,-0.1802;4.6319,-1.1977,-0.0166;3.2073,-1.2349,0.0839;2.5951,-2.2907,0.2399;0.7453,0.6379,0.8771;0.7553,-1.0494,0.3341;0.6441,0.2586,-0.8554;2.6499,2.0875,-0.2230;6.3543,0.0154,-0.2552;5.1678,-2.1275,0.0434;</g>
	</geometry>
	<conformers>
		<g id="1" u="A" t="cart/3d">#15,3:-2.6717,1.9155,-0.0001;-1.8257,0.7421,0.0001;-0.4871,0.8970,0.0002;0.3505,-0.1748,0.0002;2.2312,0.0955,-0.0000;-0.1868,-1.4801,0.0001;-1.5319,-1.6352,-0.0000;-2.4468,-0.5196,0.0001;-3.6604,-0.6033,-0.0001;-3.7051,1.5692,0.0016;-2.4899,2.5170,-0.8911;-2.4875,2.5189,0.8892;-0.1149,1.9117,0.0001;0.4786,-2.3302,0.0001;-1.9855,-2.6134,-0.0002;</g>
	</conformers>
	<properties/>
</molecule>
