<?xml version="1.0" ?>
<!--MOLLI PACKAGE EXPERIMENTAL XML FORMAT-->
<molecule name="50">
	<atoms>
		<a id="1" s="C" t="C.3" l="C"/>
		<a id="2" s="N" t="N.ar" l="N"/>
		<a id="3" s="C" t="C.ar" l="C"/>
		<a id="4" s="C" t="C.ar" l="C"/>
		<a id="5" s="Br" t="Br" l="BR"/>
		<a id="6" s="C" t="C.ar" l="C"/>
		<a id="7" s="C" t="C.ar" l="C"/>
		<a id="8" s="C" t="C.ar" l="C"/>
		<a id="9" s="O" t="O.2" l="O"/>
		<a id="10" s="H" t="H" l="H"/>
		<a id="11" s="H" t="H" l="H"/>
		<a id="12" s="H" t="H" l="H"/>
		<a id="13" s="H" t="H" l="H"/>
		<a id="14" s="H" t="H" l="H"/>
		<a id="15" s="H" t="H" l="H"/>
	</atoms>
	<bonds>
		<b id="1" c="1 2" t="1"/>
		<b id="2" c="2 3" t="ar"/>
		<b id="3" c="3 4" t="ar"/>
		<b id="4" c="4 5" t="1"/>
		<b id="5" c="4 6" t="ar"/>
		<b id="6" c="6 7" t="ar"/>
		<b id="7" c="7 8" t="ar"/>
		<b id="8" c="2 8" t="ar"/>
		<b id="9" c="8 9" t="2"/>
		<b id="10" c="1 10" t="1"/>
		<b id="11" c="1 11" t="1"/>
		<b id="12" c="1 12" t="1"/>
		<b id="13" c="3 13" t="1"/>
		<b id="14" c="6 14" t="1"/>
		<b id="15" c="7 15" t="1"/>
	</bonds>
	<geometry>
		<g u="A" t="cart/3d">#15,3:1.0768,0.0003,-0.0292;2.5180,0.0299,-0.1307;3.1861,1.1956,-0.2043;4.5437,1.2227,-0.3037;5.4472,2.8917,-0.4038;5.2696,0.0131,-0.3296;4.5957,-1.1598,-0.2551;3.1591,-1.2228,-0.1538;2.4907,-2.2363,-0.0833;0.6859,1.0069,0.0925;0.7924,-0.6206,0.8215;0.6562,-0.4585,-0.9260;2.6016,2.1042,-0.1810;6.3456,0.0401,-0.4106;5.1104,-2.1070,-0.2727;</g>
	</geometry>
	<conformers>
		<g id="1" u="A" t="cart/3d">#15,3:-2.6717,-1.9155,-0.0001;-1.8256,-0.7421,0.0000;-0.4871,-0.8970,0.0001;0.3505,0.1748,0.0000;2.2312,-0.0955,-0.0000;-0.1868,1.4801,-0.0001;-1.5319,1.6352,-0.0000;-2.4468,0.5197,0.0000;-3.6604,0.6032,0.0000;-2.4876,-2.5188,0.8893;-2.4898,-2.5171,-0.8910;-3.7051,-1.5692,0.0014;-0.1149,-1.9117,-0.0000;0.4786,2.3302,0.0001;-1.9854,2.6135,0.0000;</g>
	</conformers>
	<properties/>
</molecule>
