<?xml version="1.0" ?>
<!--MOLLI PACKAGE EXPERIMENTAL XML FORMAT-->
<molecule name="6">
	<atoms>
		<a id="1" s="Br" t="Br" l="BR"/>
		<a id="2" s="C" t="C.ar" l="C"/>
		<a id="3" s="C" t="C.ar" l="C"/>
		<a id="4" s="C" t="C.ar" l="C"/>
		<a id="5" s="C" t="C.ar" l="C"/>
		<a id="6" s="O" t="O.3" l="O"/>
		<a id="7" s="C" t="C.ar" l="C"/>
		<a id="8" s="C" t="C.ar" l="C"/>
		<a id="9" s="C" t="C.ar" l="C"/>
		<a id="10" s="C" t="C.ar" l="C"/>
		<a id="11" s="C" t="C.ar" l="C"/>
		<a id="12" s="C" t="C.ar" l="C"/>
		<a id="13" s="C" t="C.ar" l="C"/>
		<a id="14" s="C" t="C.ar" l="C"/>
		<a id="15" s="H" t="H" l="H"/>
		<a id="16" s="H" t="H" l="H"/>
		<a id="17" s="H" t="H" l="H"/>
		<a id="18" s="H" t="H" l="H"/>
		<a id="19" s="H" t="H" l="H"/>
		<a id="20" s="H" t="H" l="H"/>
		<a id="21" s="H" t="H" l="H"/>
		<a id="22" s="H" t="H" l="H"/>
		<a id="23" s="H" t="H" l="H"/>
	</atoms>
	<bonds>
		<b id="1" c="1 2" t="1"/>
		<b id="2" c="2 3" t="ar"/>
		<b id="3" c="3 4" t="ar"/>
		<b id="4" c="4 5" t="ar"/>
		<b id="5" c="5 6" t="1"/>
		<b id="6" c="6 7" t="1"/>
		<b id="7" c="7 8" t="ar"/>
		<b id="8" c="8 9" t="ar"/>
		<b id="9" c="9 10" t="ar"/>
		<b id="10" c="10 11" t="ar"/>
		<b id="11" c="11 12" t="ar"/>
		<b id="12" c="7 12" t="ar"/>
		<b id="13" c="5 13" t="ar"/>
		<b id="14" c="13 14" t="ar"/>
		<b id="15" c="2 14" t="ar"/>
		<b id="16" c="3 15" t="1"/>
		<b id="17" c="4 16" t="1"/>
		<b id="18" c="8 17" t="1"/>
		<b id="19" c="9 18" t="1"/>
		<b id="20" c="10 19" t="1"/>
		<b id="21" c="11 20" t="1"/>
		<b id="22" c="12 21" t="1"/>
		<b id="23" c="13 22" t="1"/>
		<b id="24" c="14 23" t="1"/>
	</bonds>
	<geometry>
		<g u="A" t="cart/3d">#23,3:1.2461,0.1146,0.5884;3.1096,0.0890,0.2862;3.9358,0.9326,0.9985;5.2972,0.9137,0.7811;5.8568,0.0410,-0.1519;7.2480,0.0556,-0.3539;7.8959,-1.1355,-0.7285;9.0075,-1.0714,-1.5674;9.6682,-2.2162,-1.9485;9.2389,-3.4477,-1.4941;8.1475,-3.5285,-0.6516;7.4838,-2.3860,-0.2688;5.0044,-0.7961,-0.8719;3.6439,-0.7718,-0.6494;3.5032,1.6033,1.7226;5.9524,1.5675,1.3284;9.3319,-0.1058,-1.9125;10.5228,-2.1515,-2.6018;9.7574,-4.3437,-1.7926;7.8170,-4.4886,-0.2905;6.6462,-2.4413,0.4035;5.4227,-1.4496,-1.6162;2.9840,-1.4185,-1.2042;</g>
	</geometry>
	<conformers>
		<g id="1" u="A" t="cart/3d">#23,3:3.8103,-0.3797,0.0459;1.9758,0.1341,0.0268;1.6135,1.3483,-0.5324;0.2825,1.7123,-0.5523;-0.6873,0.8673,-0.0145;-1.9703,1.3254,-0.0180;-3.0288,0.4471,-0.0264;-4.1657,0.8171,0.6833;-5.2864,0.0086,0.6558;-5.2810,-1.1687,-0.0736;-4.1517,-1.5283,-0.7893;-3.0259,-0.7252,-0.7739;-0.3047,-0.3425,0.5600;1.0272,-0.7101,0.5769;2.3640,2.0006,-0.9513;-0.0259,2.6533,-0.9794;-4.1529,1.7385,1.2442;-6.1663,0.2986,1.2100;-6.1554,-1.8011,-0.0894;-4.1452,-2.4382,-1.3707;-2.1508,-0.9973,-1.3463;-1.0466,-0.9900,1.0030;1.3250,-1.6470,1.0219;</g>
	</conformers>
	<properties/>
</molecule>
