<?xml version="1.0" ?>
<!--MOLLI PACKAGE EXPERIMENTAL XML FORMAT-->
<molecule name="6">
	<atoms>
		<a id="1" s="Br" t="Br" l="BR"/>
		<a id="2" s="C" t="C.ar" l="C"/>
		<a id="3" s="C" t="C.ar" l="C"/>
		<a id="4" s="C" t="C.ar" l="C"/>
		<a id="5" s="C" t="C.ar" l="C"/>
		<a id="6" s="O" t="O.3" l="O"/>
		<a id="7" s="C" t="C.ar" l="C"/>
		<a id="8" s="C" t="C.ar" l="C"/>
		<a id="9" s="C" t="C.ar" l="C"/>
		<a id="10" s="C" t="C.ar" l="C"/>
		<a id="11" s="C" t="C.ar" l="C"/>
		<a id="12" s="C" t="C.ar" l="C"/>
		<a id="13" s="C" t="C.ar" l="C"/>
		<a id="14" s="C" t="C.ar" l="C"/>
		<a id="15" s="H" t="H" l="H"/>
		<a id="16" s="H" t="H" l="H"/>
		<a id="17" s="H" t="H" l="H"/>
		<a id="18" s="H" t="H" l="H"/>
		<a id="19" s="H" t="H" l="H"/>
		<a id="20" s="H" t="H" l="H"/>
		<a id="21" s="H" t="H" l="H"/>
		<a id="22" s="H" t="H" l="H"/>
		<a id="23" s="H" t="H" l="H"/>
	</atoms>
	<bonds>
		<b id="1" c="1 2" t="1"/>
		<b id="2" c="2 3" t="ar"/>
		<b id="3" c="3 4" t="ar"/>
		<b id="4" c="4 5" t="ar"/>
		<b id="5" c="5 6" t="1"/>
		<b id="6" c="6 7" t="1"/>
		<b id="7" c="7 8" t="ar"/>
		<b id="8" c="8 9" t="ar"/>
		<b id="9" c="9 10" t="ar"/>
		<b id="10" c="10 11" t="ar"/>
		<b id="11" c="11 12" t="ar"/>
		<b id="12" c="7 12" t="ar"/>
		<b id="13" c="5 13" t="ar"/>
		<b id="14" c="13 14" t="ar"/>
		<b id="15" c="2 14" t="ar"/>
		<b id="16" c="3 15" t="1"/>
		<b id="17" c="4 16" t="1"/>
		<b id="18" c="8 17" t="1"/>
		<b id="19" c="9 18" t="1"/>
		<b id="20" c="10 19" t="1"/>
		<b id="21" c="11 20" t="1"/>
		<b id="22" c="12 21" t="1"/>
		<b id="23" c="13 22" t="1"/>
		<b id="24" c="14 23" t="1"/>
	</bonds>
	<geometry>
		<g u="A" t="cart/3d">#23,3:-1.5946,0.1398,-0.0334;0.3079,0.0407,-0.0048;0.9229,-1.0736,0.5390;2.3025,-1.1501,0.5570;3.0656,-0.1131,0.0254;4.4274,-0.0886,0.0633;5.1511,-1.2570,0.0169;4.7882,-2.3341,-0.7837;5.6035,-3.4500,-0.8380;6.7784,-3.4981,-0.1074;7.1438,-2.4175,0.6780;6.3356,-1.2982,0.7439;2.4304,1.0076,-0.5076;1.0527,1.0867,-0.5238;0.3301,-1.8749,0.9525;2.7882,-2.0098,0.9941;3.8799,-2.2901,-1.3673;5.3188,-4.2837,-1.4624;7.4096,-4.3722,-0.1550;8.0618,-2.4459,1.2455;6.6058,-0.4462,1.3479;3.0340,1.8093,-0.9024;0.5603,1.9521,-0.9394;</g>
	</geometry>
	<conformers>
		<g id="1" u="A" t="cart/3d">#23,3:-3.8105,0.3797,-0.0468;-1.9759,-0.1336,-0.0261;-1.0269,0.7113,-0.5745;0.3051,0.3438,-0.5569;0.6873,-0.8668,0.0162;1.9701,-1.3253,0.0193;3.0288,-0.4472,0.0266;3.0284,0.7227,0.7778;4.1547,1.5252,0.7926;5.2817,1.1676,0.0723;5.2844,-0.0072,-0.6612;4.1633,-0.8153,-0.6878;-0.2829,-1.7122,0.5527;-1.6139,-1.3483,0.5324;-1.3243,1.6487,-1.0187;1.0473,0.9919,-0.9985;2.1550,0.9932,1.3535;4.1503,2.4332,1.3770;6.1565,1.7994,0.0877;6.1624,-0.2956,-1.2193;4.1484,-1.7347,-1.2519;0.0253,-2.6536,0.9790;-2.3647,-2.0009,0.9501;</g>
	</conformers>
	<properties/>
</molecule>
