<?xml version="1.0" ?>
<!--MOLLI PACKAGE EXPERIMENTAL XML FORMAT-->
<molecule name="7">
	<atoms>
		<a id="1" s="Br" t="Br" l="BR"/>
		<a id="2" s="C" t="C.ar" l="C"/>
		<a id="3" s="C" t="C.ar" l="C"/>
		<a id="4" s="O" t="O.3" l="O"/>
		<a id="5" s="C" t="C.3" l="C"/>
		<a id="6" s="C" t="C.ar" l="C"/>
		<a id="7" s="C" t="C.ar" l="C"/>
		<a id="8" s="C" t="C.ar" l="C"/>
		<a id="9" s="C" t="C.ar" l="C"/>
		<a id="10" s="H" t="H" l="H"/>
		<a id="11" s="H" t="H" l="H"/>
		<a id="12" s="H" t="H" l="H"/>
		<a id="13" s="H" t="H" l="H"/>
		<a id="14" s="H" t="H" l="H"/>
		<a id="15" s="H" t="H" l="H"/>
		<a id="16" s="H" t="H" l="H"/>
	</atoms>
	<bonds>
		<b id="1" c="1 2" t="1"/>
		<b id="2" c="2 3" t="ar"/>
		<b id="3" c="3 4" t="1"/>
		<b id="4" c="4 5" t="1"/>
		<b id="5" c="3 6" t="ar"/>
		<b id="6" c="6 7" t="ar"/>
		<b id="7" c="7 8" t="ar"/>
		<b id="8" c="8 9" t="ar"/>
		<b id="9" c="2 9" t="ar"/>
		<b id="10" c="5 10" t="1"/>
		<b id="11" c="5 11" t="1"/>
		<b id="12" c="5 12" t="1"/>
		<b id="13" c="6 13" t="1"/>
		<b id="14" c="7 14" t="1"/>
		<b id="15" c="8 15" t="1"/>
		<b id="16" c="9 16" t="1"/>
	</bonds>
	<geometry>
		<g u="A" t="cart/3d">#16,3:-1.5970,0.5035,0.0028;0.2936,0.1414,0.0069;0.8736,-1.1269,0.0087;0.3143,-2.3604,0.0064;-1.0768,-2.5919,-0.0014;2.2769,-1.1815,0.0137;3.0611,-0.0520,0.0160;2.4637,1.1993,0.0131;1.0881,1.2829,0.0088;-1.1751,-3.6773,-0.0057;-1.5558,-2.1895,-0.8969;-1.5645,-2.1955,0.8921;2.7158,-2.1671,0.0156;4.1360,-0.1459,0.0199;3.0585,2.0987,0.0144;0.6045,2.2481,0.0069;</g>
	</geometry>
	<conformers>
		<g id="1" u="A" t="cart/3d">#16,3:-1.7568,0.1312,0.0000;0.0997,0.5283,-0.0001;0.9957,-0.5452,-0.0000;0.4444,-1.7818,0.0000;1.2899,-2.9047,-0.0001;2.3567,-0.2611,0.0001;2.7956,1.0534,0.0001;1.8945,2.1016,-0.0000;0.5341,1.8368,-0.0001;1.9207,-2.9313,0.8941;1.9208,-2.9310,-0.8943;0.6277,-3.7687,-0.0002;3.0794,-1.0616,0.0003;3.8565,1.2524,0.0002;2.2417,3.1226,-0.0000;-0.1871,2.6392,-0.0002;</g>
		<g id="2" u="A" t="cart/3d">#16,3:-1.6909,-0.0098,0.0008;0.1851,0.4207,-0.0009;1.2266,-0.5066,0.0039;1.2112,-1.8611,0.0085;0.0308,-2.6325,-0.0127;2.5332,0.0083,0.0058;2.7962,1.3577,0.0021;1.7455,2.2626,-0.0045;0.4528,1.7854,-0.0057;0.3778,-3.6657,-0.0192;-0.5622,-2.4522,-0.9121;-0.5825,-2.4704,0.8765;3.3318,-0.7169,0.0106;3.8178,1.7047,0.0037;1.9281,3.3253,-0.0084;-0.3784,2.4743,-0.0097;</g>
	</conformers>
	<properties/>
</molecule>
