<?xml version="1.0" ?>
<!--MOLLI PACKAGE EXPERIMENTAL XML FORMAT-->
<molecule name="8">
	<atoms>
		<a id="1" s="Br" t="Br" l="BR"/>
		<a id="2" s="C" t="C.ar" l="C"/>
		<a id="3" s="C" t="C.ar" l="C"/>
		<a id="4" s="C" t="C.ar" l="C"/>
		<a id="5" s="C" t="C.ar" l="C"/>
		<a id="6" s="C" t="C.ar" l="C"/>
		<a id="7" s="C" t="C.ar" l="C"/>
		<a id="8" s="C" t="C.ar" l="C"/>
		<a id="9" s="C" t="C.ar" l="C"/>
		<a id="10" s="C" t="C.ar" l="C"/>
		<a id="11" s="C" t="C.ar" l="C"/>
		<a id="12" s="H" t="H" l="H"/>
		<a id="13" s="H" t="H" l="H"/>
		<a id="14" s="H" t="H" l="H"/>
		<a id="15" s="H" t="H" l="H"/>
		<a id="16" s="H" t="H" l="H"/>
		<a id="17" s="H" t="H" l="H"/>
		<a id="18" s="H" t="H" l="H"/>
	</atoms>
	<bonds>
		<b id="1" c="1 2" t="1"/>
		<b id="2" c="2 3" t="ar"/>
		<b id="3" c="3 4" t="ar"/>
		<b id="4" c="4 5" t="ar"/>
		<b id="5" c="5 6" t="ar"/>
		<b id="6" c="6 7" t="ar"/>
		<b id="7" c="7 8" t="ar"/>
		<b id="8" c="3 8" t="ar"/>
		<b id="9" c="4 9" t="ar"/>
		<b id="10" c="9 10" t="ar"/>
		<b id="11" c="10 11" t="ar"/>
		<b id="12" c="2 11" t="ar"/>
		<b id="13" c="5 12" t="1"/>
		<b id="14" c="6 13" t="1"/>
		<b id="15" c="7 14" t="1"/>
		<b id="16" c="8 15" t="1"/>
		<b id="17" c="9 16" t="1"/>
		<b id="18" c="10 17" t="1"/>
		<b id="19" c="11 18" t="1"/>
	</bonds>
	<geometry>
		<g u="A" t="cart/3d">#18,3:2.0021,-0.5958,-0.0406;0.4114,0.4619,-0.0169;-0.8537,-0.1681,-0.0056;-2.0010,0.6739,0.0126;-3.2789,0.0774,0.0252;-3.4217,-1.2816,0.0197;-2.2893,-2.1085,0.0011;-1.0349,-1.5652,-0.0112;-1.8393,2.0751,0.0176;-0.5939,2.6362,0.0057;0.5475,1.8226,-0.0115;-4.1457,0.7224,0.0394;-4.4053,-1.7272,0.0296;-2.4133,-3.1810,-0.0035;-0.1673,-2.2080,-0.0254;-2.7224,2.6969,0.0311;-0.4712,3.7086,0.0095;1.5288,2.2719,-0.0205;</g>
	</geometry>
	<conformers>
		<g id="1" u="A" t="cart/3d">#18,3:2.1522,-0.4021,0.0000;0.5015,0.5593,-0.0000;-0.7241,-0.1448,-0.0000;-1.9194,0.6275,0.0000;-3.1598,-0.0437,0.0000;-3.2215,-1.4087,0.0000;-2.0417,-2.1669,-0.0001;-0.8218,-1.5501,-0.0001;-1.8415,2.0359,0.0000;-0.6315,2.6700,-0.0000;0.5562,1.9256,-0.0001;-4.0635,0.5486,0.0001;-4.1769,-1.9121,0.0002;-2.1018,-3.2449,0.0001;0.0825,-2.1404,0.0003;-2.7601,2.6041,0.0002;-0.5729,3.7478,0.0001;1.5091,2.4325,0.0002;</g>
	</conformers>
	<properties/>
</molecule>
