<?xml version="1.0" ?>
<!--MOLLI PACKAGE EXPERIMENTAL XML FORMAT-->
<molecule name="13">
	<atoms>
		<a id="1" s="Br" t="Br" l="BR"/>
		<a id="2" s="C" t="C.ar" l="C"/>
		<a id="3" s="C" t="C.ar" l="C"/>
		<a id="4" s="C" t="C.ar" l="C"/>
		<a id="5" s="N" t="N.pl3" l="N"/>
		<a id="6" s="O" t="O.2" l="O"/>
		<a id="7" s="O" t="O.co2" l="O"/>
		<a id="8" s="C" t="C.ar" l="C"/>
		<a id="9" s="C" t="C.ar" l="C"/>
		<a id="10" s="C" t="C.ar" l="C"/>
		<a id="11" s="H" t="H" l="H"/>
		<a id="12" s="H" t="H" l="H"/>
		<a id="13" s="H" t="H" l="H"/>
		<a id="14" s="H" t="H" l="H"/>
	</atoms>
	<bonds>
		<b id="1" c="1 2" t="1"/>
		<b id="2" c="2 3" t="ar"/>
		<b id="3" c="3 4" t="ar"/>
		<b id="4" c="4 5" t="1"/>
		<b id="5" c="5 6" t="2"/>
		<b id="6" c="5 7" t="1"/>
		<b id="7" c="4 8" t="ar"/>
		<b id="8" c="8 9" t="ar"/>
		<b id="9" c="9 10" t="ar"/>
		<b id="10" c="2 10" t="ar"/>
		<b id="11" c="3 11" t="1"/>
		<b id="12" c="8 12" t="1"/>
		<b id="13" c="9 13" t="1"/>
		<b id="14" c="10 14" t="1"/>
	</bonds>
	<geometry>
		<g u="A" t="cart/3d">#14,3:-1.5746,0.0049,-0.0190;0.3243,-0.0162,-0.0077;0.9897,-1.2288,-0.0068;2.3776,-1.2172,0.0005;3.0884,-2.4789,0.0017;2.4281,-3.4924,-0.0051;4.2977,-2.4357,0.0109;3.0958,-0.0288,0.0067;2.4073,1.1713,0.0047;1.0220,1.1842,-0.0025;0.4584,-2.1687,-0.0115;4.1742,-0.0614,0.0131;2.9492,2.1037,0.0093;0.4828,2.1188,-0.0042;</g>
	</geometry>
	<conformers>
		<g id="1" u="A" t="cart/3d">#14,3:-2.4007,-0.3947,-0.0000;-0.6656,0.3780,0.0001;0.4447,-0.4468,0.0002;1.7013,0.1430,0.0001;2.8740,-0.7073,-0.0000;2.6962,-1.9040,-0.0000;3.9550,-0.1632,-0.0000;1.8585,1.5230,0.0001;0.7321,2.3264,-0.0000;-0.5321,1.7600,-0.0000;0.3554,-1.5228,0.0000;2.8530,1.9412,-0.0004;0.8355,3.4000,-0.0007;-1.4125,2.3839,-0.0001;</g>
	</conformers>
	<properties/>
</molecule>
