<?xml version="1.0" ?>
<!--MOLLI PACKAGE EXPERIMENTAL XML FORMAT-->
<molecule name="13">
	<atoms>
		<a id="1" s="Br" t="Br" l="BR"/>
		<a id="2" s="C" t="C.ar" l="C"/>
		<a id="3" s="C" t="C.ar" l="C"/>
		<a id="4" s="C" t="C.ar" l="C"/>
		<a id="5" s="N" t="N.pl3" l="N"/>
		<a id="6" s="O" t="O.co2" l="O"/>
		<a id="7" s="O" t="O.2" l="O"/>
		<a id="8" s="C" t="C.ar" l="C"/>
		<a id="9" s="C" t="C.ar" l="C"/>
		<a id="10" s="C" t="C.ar" l="C"/>
		<a id="11" s="H" t="H" l="H"/>
		<a id="12" s="H" t="H" l="H"/>
		<a id="13" s="H" t="H" l="H"/>
		<a id="14" s="H" t="H" l="H"/>
	</atoms>
	<bonds>
		<b id="1" c="1 2" t="1"/>
		<b id="2" c="2 3" t="ar"/>
		<b id="3" c="3 4" t="ar"/>
		<b id="4" c="4 5" t="1"/>
		<b id="5" c="5 6" t="1"/>
		<b id="6" c="5 7" t="2"/>
		<b id="7" c="4 8" t="ar"/>
		<b id="8" c="8 9" t="ar"/>
		<b id="9" c="9 10" t="ar"/>
		<b id="10" c="2 10" t="ar"/>
		<b id="11" c="3 11" t="1"/>
		<b id="12" c="8 12" t="1"/>
		<b id="13" c="9 13" t="1"/>
		<b id="14" c="10 14" t="1"/>
	</bonds>
	<geometry>
		<g u="A" t="cart/3d">#14,3:1.1761,0.0031,0.1667;3.0445,-0.0136,-0.0316;3.7244,1.1761,-0.1374;5.1004,1.1760,-0.2838;5.8223,2.4411,-0.3966;5.1733,3.4924,-0.3609;7.0513,2.4085,-0.5229;5.7848,-0.0230,-0.3228;5.1017,-1.2148,-0.2165;3.7262,-1.2095,-0.0704;3.1935,2.1138,-0.1076;6.8559,-0.0029,-0.4373;5.6379,-2.1491,-0.2472;3.1764,-2.1329,0.0141;</g>
	</geometry>
	<conformers>
		<g id="1" u="A" t="cart/3d">#14,3:-2.4007,-0.3947,-0.0002;-0.6655,0.3780,0.0000;0.4447,-0.4468,-0.0001;1.7013,0.1430,0.0001;2.8740,-0.7073,-0.0001;2.6962,-1.9040,0.0015;3.9550,-0.1632,-0.0017;1.8585,1.5230,0.0004;0.7321,2.3264,0.0005;-0.5321,1.7600,0.0003;0.3554,-1.5228,-0.0003;2.8530,1.9412,0.0005;0.8355,3.4000,0.0008;-1.4125,2.3839,0.0005;</g>
	</conformers>
	<properties/>
</molecule>
