<?xml version="1.0" ?>
<!--MOLLI PACKAGE EXPERIMENTAL XML FORMAT-->
<molecule name="9">
	<atoms>
		<a id="1" s="Br" t="Br" l="BR"/>
		<a id="2" s="C" t="C.ar" l="C"/>
		<a id="3" s="C" t="C.ar" l="C"/>
		<a id="4" s="C" t="C.3" l="C"/>
		<a id="5" s="N" t="N.ar" l="N"/>
		<a id="6" s="C" t="C.3" l="C"/>
		<a id="7" s="N" t="N.ar" l="N"/>
		<a id="8" s="C" t="C.ar" l="C"/>
		<a id="9" s="C" t="C.3" l="C"/>
		<a id="10" s="H" t="H" l="H"/>
		<a id="11" s="H" t="H" l="H"/>
		<a id="12" s="H" t="H" l="H"/>
		<a id="13" s="H" t="H" l="H"/>
		<a id="14" s="H" t="H" l="H"/>
		<a id="15" s="H" t="H" l="H"/>
		<a id="16" s="H" t="H" l="H"/>
		<a id="17" s="H" t="H" l="H"/>
		<a id="18" s="H" t="H" l="H"/>
	</atoms>
	<bonds>
		<b id="1" c="1 2" t="1"/>
		<b id="2" c="2 3" t="ar"/>
		<b id="3" c="3 4" t="1"/>
		<b id="4" c="3 5" t="ar"/>
		<b id="5" c="5 6" t="1"/>
		<b id="6" c="5 7" t="ar"/>
		<b id="7" c="7 8" t="ar"/>
		<b id="8" c="2 8" t="ar"/>
		<b id="9" c="8 9" t="1"/>
		<b id="10" c="4 10" t="1"/>
		<b id="11" c="4 11" t="1"/>
		<b id="12" c="4 12" t="1"/>
		<b id="13" c="6 13" t="1"/>
		<b id="14" c="6 14" t="1"/>
		<b id="15" c="6 15" t="1"/>
		<b id="16" c="9 16" t="1"/>
		<b id="17" c="9 17" t="1"/>
		<b id="18" c="9 18" t="1"/>
	</bonds>
	<geometry>
		<g u="A" t="cart/3d">#18,3:1.4125,0.3868,0.0007;3.2943,0.1940,-0.0046;4.2232,1.1952,-0.0097;3.9799,2.6528,-0.0120;5.4485,0.5402,-0.0120;6.7571,1.1913,-0.0187;5.3236,-0.7824,-0.0087;4.0230,-1.0169,-0.0040;3.4106,-2.3655,0.0009;2.9111,2.8688,-0.0095;4.4137,3.1175,-0.8978;4.4186,3.1211,0.8695;6.6528,2.2735,-0.0156;7.3083,0.8916,-0.9067;7.3193,0.8876,0.8611;4.1818,-3.1357,0.0029;2.7870,-2.5103,-0.8813;2.7881,-2.5044,0.8849;</g>
	</geometry>
	<conformers>
		<g id="1" u="A" t="cart/3d">#18,3:-1.8306,0.2714,0.0000;0.0178,-0.1105,-0.0000;1.0481,0.8123,-0.0001;1.0317,2.2940,-0.0001;2.1820,0.0772,-0.0002;3.5317,0.5582,0.0003;1.9324,-1.2343,-0.0001;0.6206,-1.3821,0.0000;-0.0493,-2.7059,0.0000;0.0042,2.6487,-0.0024;1.5398,2.6852,-0.8817;1.5357,2.6851,0.8841;3.7253,1.1659,-0.8859;4.1864,-0.3102,-0.0046;3.7278,1.1576,0.8917;-0.6789,-2.8099,-0.8833;-0.6841,-2.8073,0.8799;0.7005,-3.4910,0.0033;</g>
	</conformers>
	<properties/>
</molecule>
