<?xml version="1.0" ?>
<!--MOLLI PACKAGE EXPERIMENTAL XML FORMAT-->
<molecule name="9">
	<atoms>
		<a id="1" s="Br" t="Br" l="BR"/>
		<a id="2" s="C" t="C.ar" l="C"/>
		<a id="3" s="C" t="C.ar" l="C"/>
		<a id="4" s="C" t="C.3" l="C"/>
		<a id="5" s="N" t="N.ar" l="N"/>
		<a id="6" s="C" t="C.3" l="C"/>
		<a id="7" s="N" t="N.ar" l="N"/>
		<a id="8" s="C" t="C.ar" l="C"/>
		<a id="9" s="C" t="C.3" l="C"/>
		<a id="10" s="H" t="H" l="H"/>
		<a id="11" s="H" t="H" l="H"/>
		<a id="12" s="H" t="H" l="H"/>
		<a id="13" s="H" t="H" l="H"/>
		<a id="14" s="H" t="H" l="H"/>
		<a id="15" s="H" t="H" l="H"/>
		<a id="16" s="H" t="H" l="H"/>
		<a id="17" s="H" t="H" l="H"/>
		<a id="18" s="H" t="H" l="H"/>
	</atoms>
	<bonds>
		<b id="1" c="1 2" t="1"/>
		<b id="2" c="2 3" t="ar"/>
		<b id="3" c="3 4" t="1"/>
		<b id="4" c="3 5" t="ar"/>
		<b id="5" c="5 6" t="1"/>
		<b id="6" c="5 7" t="ar"/>
		<b id="7" c="7 8" t="ar"/>
		<b id="8" c="2 8" t="ar"/>
		<b id="9" c="8 9" t="1"/>
		<b id="10" c="4 10" t="1"/>
		<b id="11" c="4 11" t="1"/>
		<b id="12" c="4 12" t="1"/>
		<b id="13" c="6 13" t="1"/>
		<b id="14" c="6 14" t="1"/>
		<b id="15" c="6 15" t="1"/>
		<b id="16" c="9 16" t="1"/>
		<b id="17" c="9 17" t="1"/>
		<b id="18" c="9 18" t="1"/>
	</bonds>
	<geometry>
		<g u="A" t="cart/3d">#18,3:1.1229,0.3195,-0.0051;2.9939,0.0710,-0.0181;3.6626,-1.1406,-0.0210;3.1323,-2.5262,-0.0145;4.9755,-0.8200,-0.0310;6.1099,-1.6991,-0.0379;5.1696,0.5017,-0.0345;3.9806,1.0735,-0.0267;3.7854,2.5442,-0.0276;2.0456,-2.4945,-0.0072;3.4685,-3.0680,0.8697;3.4565,-3.0719,-0.9007;5.7746,-2.7328,-0.0380;6.7246,-1.5132,0.8443;6.7157,-1.5100,-0.9255;4.7526,3.0373,-0.0322;3.2263,2.8509,0.8559;3.2191,2.8490,-0.9072;</g>
	</geometry>
	<conformers>
		<g id="1" u="A" t="cart/3d">#18,3:-1.8306,0.2715,0.0000;0.0178,-0.1105,-0.0000;1.0481,0.8123,-0.0001;1.0316,2.2940,-0.0001;2.1819,0.0773,-0.0001;3.5317,0.5583,0.0002;1.9324,-1.2342,-0.0001;0.6206,-1.3822,-0.0001;-0.0492,-2.7060,0.0000;1.5402,2.6853,0.8812;0.0041,2.6486,0.0027;1.5351,2.6851,-0.8845;3.7272,1.1594,0.8906;3.7257,1.1643,-0.8871;4.1863,-0.3102,-0.0026;-0.6821,-2.8087,-0.8810;-0.6806,-2.8093,0.8820;0.7006,-3.4911,-0.0009;</g>
	</conformers>
	<properties/>
</molecule>
