<?xml version="1.0" ?>
<!--MOLLI PACKAGE EXPERIMENTAL XML FORMAT-->
<molecule name="2003">
	<atoms>
		<a id="1" s="C" t="C.ar" l="C"/>
		<a id="2" s="C" t="C.ar" l="C"/>
		<a id="3" s="C" t="C.ar" l="C"/>
		<a id="4" s="C" t="C.ar" l="C"/>
		<a id="5" s="C" t="C.ar" l="C"/>
		<a id="6" s="C" t="C.ar" l="C"/>
		<a id="7" s="Br" t="Br" l="BR"/>
		<a id="8" s="S" t="S.2" l="S"/>
		<a id="9" s="C" t="C.ar" l="C"/>
		<a id="10" s="N" t="N.ar" l="N"/>
		<a id="11" s="C" t="C.3" l="C"/>
		<a id="12" s="H" t="H" l="H"/>
		<a id="13" s="H" t="H" l="H"/>
		<a id="14" s="H" t="H" l="H"/>
		<a id="15" s="H" t="H" l="H"/>
		<a id="16" s="H" t="H" l="H"/>
		<a id="17" s="H" t="H" l="H"/>
	</atoms>
	<bonds>
		<b id="1" c="1 2" t="ar"/>
		<b id="2" c="2 3" t="ar"/>
		<b id="3" c="3 4" t="ar"/>
		<b id="4" c="4 5" t="ar"/>
		<b id="5" c="5 6" t="ar"/>
		<b id="6" c="1 6" t="ar"/>
		<b id="7" c="4 7" t="1"/>
		<b id="8" c="2 8" t="ar"/>
		<b id="9" c="8 9" t="ar"/>
		<b id="10" c="9 10" t="ar"/>
		<b id="11" c="1 10" t="ar"/>
		<b id="12" c="9 11" t="1"/>
		<b id="13" c="3 12" t="1"/>
		<b id="14" c="5 13" t="1"/>
		<b id="15" c="6 14" t="1"/>
		<b id="16" c="11 15" t="1"/>
		<b id="17" c="11 16" t="1"/>
		<b id="18" c="11 17" t="1"/>
	</bonds>
	<geometry>
		<g u="A" t="cart/3d">#17,3:0.2814,0.5465,0.0023;0.1563,-0.8632,0.0027;-1.0823,-1.4798,0.0033;-2.1951,-0.6612,0.0034;-2.1001,0.7288,0.0030;-0.8640,1.3372,0.0024;-3.9219,-1.4635,0.0043;1.7322,-1.5868,0.0025;2.4223,0.0507,0.0018;1.5674,0.9965,0.0018;3.8901,0.2334,0.0014;-1.1750,-2.5541,0.0037;-3.0006,1.3230,0.0031;-0.7675,2.4104,0.0020;4.3972,-0.7275,0.0008;4.1903,0.8013,0.8810;4.1897,0.8022,-0.8778;</g>
	</geometry>
	<conformers>
		<g id="1" u="A" t="cart/3d">#17,3:-1.4561,-0.9675,-0.0002;-1.0748,0.3951,-0.0002;0.2559,0.7741,-0.0001;1.1996,-0.2348,0.0000;0.8513,-1.5837,0.0000;-0.4758,-1.9549,-0.0001;3.0444,0.2366,0.0001;-2.4906,1.3978,-0.0002;-3.4698,-0.0873,-0.0002;-2.8041,-1.1733,-0.0003;-4.9444,0.0074,0.0007;0.5437,1.8134,-0.0001;1.6275,-2.3330,0.0004;-0.7674,-2.9924,0.0000;-5.2872,0.5600,-0.8730;-5.2869,0.5381,0.8882;-5.3696,-0.9924,-0.0110;</g>
	</conformers>
	<properties/>
</molecule>
