<?xml version="1.0" ?>
<!--MOLLI PACKAGE EXPERIMENTAL XML FORMAT-->
<molecule name="2003">
	<atoms>
		<a id="1" s="C" t="C.ar" l="C"/>
		<a id="2" s="C" t="C.ar" l="C"/>
		<a id="3" s="C" t="C.ar" l="C"/>
		<a id="4" s="C" t="C.ar" l="C"/>
		<a id="5" s="C" t="C.ar" l="C"/>
		<a id="6" s="C" t="C.ar" l="C"/>
		<a id="7" s="N" t="N.ar" l="N"/>
		<a id="8" s="C" t="C.ar" l="C"/>
		<a id="9" s="S" t="S.2" l="S"/>
		<a id="10" s="C" t="C.3" l="C"/>
		<a id="11" s="Br" t="Br" l="Br"/>
		<a id="12" s="H" t="H" l="H"/>
		<a id="13" s="H" t="H" l="H"/>
		<a id="14" s="H" t="H" l="H"/>
		<a id="15" s="H" t="H" l="H"/>
		<a id="16" s="H" t="H" l="H"/>
		<a id="17" s="H" t="H" l="H"/>
	</atoms>
	<bonds>
		<b id="1" c="1 2" t="ar"/>
		<b id="2" c="2 3" t="ar"/>
		<b id="3" c="3 4" t="ar"/>
		<b id="4" c="4 5" t="ar"/>
		<b id="5" c="5 6" t="ar"/>
		<b id="6" c="6 1" t="ar"/>
		<b id="7" c="1 7" t="ar"/>
		<b id="8" c="7 8" t="ar"/>
		<b id="9" c="8 9" t="ar"/>
		<b id="10" c="9 2" t="ar"/>
		<b id="11" c="8 10" t="1"/>
		<b id="12" c="4 11" t="1"/>
		<b id="13" c="3 12" t="1"/>
		<b id="14" c="5 13" t="1"/>
		<b id="15" c="6 14" t="1"/>
		<b id="16" c="10 15" t="1"/>
		<b id="17" c="10 16" t="1"/>
		<b id="18" c="10 17" t="1"/>
	</bonds>
	<geometry>
		<g u="A" t="cart/3d">#17,3:-0.2994,-0.6536,-0.0012;-0.1501,0.7368,-0.0015;1.1144,1.3179,-0.0016;2.2210,0.5084,-0.0013;2.0878,-0.8769,-0.0010;0.8440,-1.4636,-0.0009;-1.6119,-1.1065,-0.0013;-2.4579,-0.1326,-0.0016;-1.7230,1.4700,-0.0018;-3.9181,-0.3245,-0.0018;3.9409,1.2842,-0.0014;1.2211,2.3888,-0.0018;2.9783,-1.4835,-0.0008;0.7293,-2.5327,-0.0007;-4.1636,-1.3866,-0.0014;-4.3678,0.1283,-0.8857;-4.3681,0.1291,0.8816;</g>
	</geometry>
	<conformers>
		<g id="1" u="A" t="cart/3d">#17,3:-1.4561,-0.9675,0.0000;-1.0747,0.3951,0.0000;0.2559,0.7740,-0.0000;1.1996,-0.2349,-0.0000;0.8512,-1.5839,-0.0000;-0.4759,-1.9550,0.0000;-2.8041,-1.1731,0.0000;-3.4699,-0.0871,0.0000;-2.4905,1.3979,0.0000;-4.9445,0.0076,-0.0000;3.0443,0.2366,-0.0000;0.5438,1.8132,-0.0000;1.6273,-2.3331,-0.0000;-0.7676,-2.9924,0.0000;-5.3697,-0.9922,0.0002;-5.2871,0.5491,-0.8808;-5.2871,0.5495,0.8806;</g>
	</conformers>
	<properties/>
</molecule>
