<?xml version="1.0" ?>
<!--MOLLI PACKAGE EXPERIMENTAL XML FORMAT-->
<molecule name="2005">
	<atoms>
		<a id="1" s="C" t="C.ar" l="C"/>
		<a id="2" s="C" t="C.ar" l="C"/>
		<a id="3" s="C" t="C.ar" l="C"/>
		<a id="4" s="C" t="C.ar" l="C"/>
		<a id="5" s="C" t="C.ar" l="C"/>
		<a id="6" s="C" t="C.ar" l="C"/>
		<a id="7" s="N" t="N.ar" l="N"/>
		<a id="8" s="C" t="C.3" l="C"/>
		<a id="9" s="N" t="N.ar" l="N"/>
		<a id="10" s="C" t="C.ar" l="C"/>
		<a id="11" s="Br" t="Br" l="Br"/>
		<a id="12" s="H" t="H" l="H"/>
		<a id="13" s="H" t="H" l="H"/>
		<a id="14" s="H" t="H" l="H"/>
		<a id="15" s="H" t="H" l="H"/>
		<a id="16" s="H" t="H" l="H"/>
		<a id="17" s="H" t="H" l="H"/>
		<a id="18" s="H" t="H" l="H"/>
	</atoms>
	<bonds>
		<b id="1" c="1 2" t="ar"/>
		<b id="2" c="2 3" t="ar"/>
		<b id="3" c="3 4" t="ar"/>
		<b id="4" c="4 5" t="ar"/>
		<b id="5" c="5 6" t="ar"/>
		<b id="6" c="1 6" t="ar"/>
		<b id="7" c="5 7" t="ar"/>
		<b id="8" c="7 8" t="1"/>
		<b id="9" c="7 9" t="ar"/>
		<b id="10" c="9 10" t="ar"/>
		<b id="11" c="6 10" t="ar"/>
		<b id="12" c="1 11" t="1"/>
		<b id="13" c="2 12" t="1"/>
		<b id="14" c="3 13" t="1"/>
		<b id="15" c="4 14" t="1"/>
		<b id="16" c="8 15" t="1"/>
		<b id="17" c="8 16" t="1"/>
		<b id="18" c="8 17" t="1"/>
		<b id="19" c="10 18" t="1"/>
	</bonds>
	<geometry>
		<g u="A" t="cart/3d">#18,3:-1.0656,1.3261,0.0000;-2.2402,0.6263,-0.0002;-2.2518,-0.7807,-0.0005;-1.0837,-1.4979,-0.0006;0.1247,-0.7947,-0.0004;0.1402,0.6038,-0.0000;1.4790,-1.1513,-0.0008;1.9882,-2.5177,-0.0009;2.2869,-0.0833,-0.0004;1.5137,0.9739,-0.0000;-1.0601,3.2121,0.0004;-3.1686,1.1733,-0.0001;-3.1957,-1.3000,-0.0007;-1.0845,-2.5730,-0.0009;1.1713,-3.2347,-0.0009;2.6001,-2.6781,0.8832;2.6000,-2.6780,-0.8851;1.8832,1.9870,0.0001;</g>
	</geometry>
	<conformers>
		<g id="1" u="A" t="cart/3d">#18,3:-0.6479,-0.5076,-0.0000;-0.5477,-1.8773,-0.0000;0.7083,-2.5004,-0.0001;1.8795,-1.7807,-0.0002;1.7732,-0.3903,-0.0001;0.5141,0.2660,-0.0002;2.7076,0.5929,-0.0002;4.1335,0.4517,0.0008;2.1405,1.8032,-0.0003;0.8414,1.6429,-0.0004;-2.3503,0.3435,0.0001;-1.4406,-2.4830,0.0001;0.7436,-3.5791,-0.0003;2.8412,-2.2690,-0.0003;4.4667,-0.0883,0.8898;4.5625,1.4513,0.0026;4.4683,-0.0857,-0.8892;0.1816,2.4870,-0.0005;</g>
	</conformers>
	<properties/>
</molecule>
