<?xml version="1.0" ?>
<!--MOLLI PACKAGE EXPERIMENTAL XML FORMAT-->
<molecule name="2005">
	<atoms>
		<a id="1" s="C" t="C.ar" l="C"/>
		<a id="2" s="C" t="C.ar" l="C"/>
		<a id="3" s="C" t="C.ar" l="C"/>
		<a id="4" s="C" t="C.ar" l="C"/>
		<a id="5" s="C" t="C.ar" l="C"/>
		<a id="6" s="C" t="C.ar" l="C"/>
		<a id="7" s="C" t="C.ar" l="C"/>
		<a id="8" s="N" t="N.ar" l="N"/>
		<a id="9" s="N" t="N.ar" l="N"/>
		<a id="10" s="C" t="C.3" l="C"/>
		<a id="11" s="Br" t="Br" l="BR"/>
		<a id="12" s="H" t="H" l="H"/>
		<a id="13" s="H" t="H" l="H"/>
		<a id="14" s="H" t="H" l="H"/>
		<a id="15" s="H" t="H" l="H"/>
		<a id="16" s="H" t="H" l="H"/>
		<a id="17" s="H" t="H" l="H"/>
		<a id="18" s="H" t="H" l="H"/>
	</atoms>
	<bonds>
		<b id="1" c="1 2" t="ar"/>
		<b id="2" c="2 3" t="ar"/>
		<b id="3" c="3 4" t="ar"/>
		<b id="4" c="4 5" t="ar"/>
		<b id="5" c="5 6" t="ar"/>
		<b id="6" c="1 6" t="ar"/>
		<b id="7" c="6 7" t="ar"/>
		<b id="8" c="7 8" t="ar"/>
		<b id="9" c="8 9" t="ar"/>
		<b id="10" c="5 9" t="ar"/>
		<b id="11" c="9 10" t="1"/>
		<b id="12" c="1 11" t="1"/>
		<b id="13" c="2 12" t="1"/>
		<b id="14" c="3 13" t="1"/>
		<b id="15" c="4 14" t="1"/>
		<b id="16" c="7 15" t="1"/>
		<b id="17" c="10 16" t="1"/>
		<b id="18" c="10 17" t="1"/>
		<b id="19" c="10 18" t="1"/>
	</bonds>
	<geometry>
		<g u="A" t="cart/3d">#18,3:0.9364,1.4044,-0.0004;2.1126,0.6953,0.0001;2.0998,-0.7068,0.0006;0.9279,-1.4254,0.0007;-0.2639,-0.7014,0.0002;-0.2794,0.7185,-0.0004;-1.6556,1.0494,-0.0008;-2.3862,-0.0366,-0.0005;-1.5635,-1.0898,0.0001;-2.0817,-2.4255,0.0010;0.9482,3.3078,-0.0010;3.0568,1.2172,0.0002;3.0459,-1.2264,0.0010;0.9279,-2.5040,0.0010;-2.1099,2.0197,-0.0013;-3.1674,-2.3572,0.0015;-1.7515,-2.9664,0.8906;-1.7524,-2.9674,-0.8883;</g>
	</geometry>
	<conformers>
		<g id="1" u="A" t="cart/3d">#18,3:-0.6479,0.5077,0.0002;-0.5477,1.8775,0.0001;0.7083,2.5005,-0.0001;1.8795,1.7807,-0.0000;1.7732,0.3903,-0.0001;0.5141,-0.2659,0.0001;0.8412,-1.6429,0.0000;2.1403,-1.8032,-0.0001;2.7075,-0.5930,-0.0001;4.1335,-0.4518,0.0001;-2.3503,-0.3435,-0.0000;-1.4405,2.4831,-0.0002;0.7437,3.5792,-0.0003;2.8413,2.2689,0.0000;0.1813,-2.4868,0.0002;4.4677,0.0841,0.8912;4.4673,0.0895,-0.8877;4.5624,-1.4514,-0.0030;</g>
	</conformers>
	<properties/>
</molecule>
