<?xml version="1.0" ?>
<!--MOLLI PACKAGE EXPERIMENTAL XML FORMAT-->
<molecule name="2008">
	<atoms>
		<a id="1" s="N" t="N.ar" l="N"/>
		<a id="2" s="C" t="C.ar" l="C"/>
		<a id="3" s="C" t="C.ar" l="C"/>
		<a id="4" s="C" t="C.ar" l="C"/>
		<a id="5" s="C" t="C.ar" l="C"/>
		<a id="6" s="C" t="C.ar" l="C"/>
		<a id="7" s="N" t="N.ar" l="N"/>
		<a id="8" s="C" t="C.ar" l="C"/>
		<a id="9" s="C" t="C.ar" l="C"/>
		<a id="10" s="C" t="C.3" l="C"/>
		<a id="11" s="C" t="C.ar" l="C"/>
		<a id="12" s="C" t="C.ar" l="C"/>
		<a id="13" s="C" t="C.ar" l="C"/>
		<a id="14" s="C" t="C.ar" l="C"/>
		<a id="15" s="C" t="C.ar" l="C"/>
		<a id="16" s="C" t="C.ar" l="C"/>
		<a id="17" s="Br" t="Br" l="BR"/>
		<a id="18" s="H" t="H" l="H"/>
		<a id="19" s="H" t="H" l="H"/>
		<a id="20" s="H" t="H" l="H"/>
		<a id="21" s="H" t="H" l="H"/>
		<a id="22" s="H" t="H" l="H"/>
		<a id="23" s="H" t="H" l="H"/>
		<a id="24" s="H" t="H" l="H"/>
		<a id="25" s="H" t="H" l="H"/>
		<a id="26" s="H" t="H" l="H"/>
		<a id="27" s="H" t="H" l="H"/>
		<a id="28" s="H" t="H" l="H"/>
	</atoms>
	<bonds>
		<b id="1" c="1 2" t="ar"/>
		<b id="2" c="2 3" t="ar"/>
		<b id="3" c="3 4" t="ar"/>
		<b id="4" c="4 5" t="ar"/>
		<b id="5" c="5 6" t="ar"/>
		<b id="6" c="1 6" t="ar"/>
		<b id="7" c="6 7" t="ar"/>
		<b id="8" c="7 8" t="ar"/>
		<b id="9" c="8 9" t="ar"/>
		<b id="10" c="5 9" t="ar"/>
		<b id="11" c="7 10" t="1"/>
		<b id="12" c="10 11" t="1"/>
		<b id="13" c="11 12" t="ar"/>
		<b id="14" c="12 13" t="ar"/>
		<b id="15" c="13 14" t="ar"/>
		<b id="16" c="14 15" t="ar"/>
		<b id="17" c="15 16" t="ar"/>
		<b id="18" c="11 16" t="ar"/>
		<b id="19" c="4 17" t="1"/>
		<b id="20" c="2 18" t="1"/>
		<b id="21" c="3 19" t="1"/>
		<b id="22" c="8 20" t="1"/>
		<b id="23" c="9 21" t="1"/>
		<b id="24" c="10 22" t="1"/>
		<b id="25" c="10 23" t="1"/>
		<b id="26" c="12 24" t="1"/>
		<b id="27" c="13 25" t="1"/>
		<b id="28" c="14 26" t="1"/>
		<b id="29" c="15 27" t="1"/>
		<b id="30" c="16 28" t="1"/>
	</bonds>
	<geometry>
		<g u="A" t="cart/3d">#28,3:0.7193,-1.4471,0.0388;1.8789,-0.8253,-0.0350;2.0319,0.5605,-0.1286;0.9075,1.3600,-0.1451;-0.3428,0.7580,-0.0729;-0.3512,-0.6658,0.0172;-1.6437,-1.0713,0.0897;-2.4457,0.0337,0.0265;-1.6978,1.1699,-0.0641;-2.0776,-2.4491,0.1125;-2.2434,-2.9702,-1.2946;-1.1206,-3.3435,-2.0223;-1.2503,-3.7796,-3.3283;-2.5017,-3.8448,-3.9181;-3.6227,-3.4702,-3.1987;-3.4938,-3.0315,-1.8921;1.0613,3.2579,-0.2647;2.7509,-1.4638,-0.0201;3.0183,0.9911,-0.1860;-3.5132,-0.0705,0.0608;-2.0562,2.1785,-0.1168;-3.0204,-2.5098,0.6622;-1.3080,-3.0219,0.6360;-0.1480,-3.2822,-1.5574;-0.3734,-4.0700,-3.8876;-2.6026,-4.1862,-4.9376;-4.5999,-3.5176,-3.6557;-4.3720,-2.7400,-1.3339;</g>
	</geometry>
	<conformers>
		<g id="1" u="A" t="cart/3d">#28,3:-0.1279,1.8785,-0.7863;0.9667,2.4781,-0.3629;2.1296,1.8150,0.0388;2.1636,0.4360,0.0005;1.0364,-0.2492,-0.4361;-0.0794,0.5544,-0.8171;-1.0716,-0.2757,-1.2240;-0.6356,-1.5649,-1.0939;0.6443,-1.5972,-0.6253;-2.3947,0.1446,-1.6213;-3.3567,0.0262,-0.4644;-4.3389,-0.9530,-0.4428;-5.1884,-1.0666,0.6447;-5.0555,-0.2072,1.7211;-4.0729,0.7694,1.7071;-3.2274,0.8865,0.6193;3.7274,-0.5166,0.5361;0.9253,3.5577,-0.3370;2.9842,2.3806,0.3727;-1.2806,-2.3816,-1.3557;1.2428,-2.4657,-0.4357;-2.7261,-0.4702,-2.4629;-2.3127,1.1876,-1.9387;-4.4458,-1.6267,-1.2815;-5.9530,-1.8293,0.6516;-5.7168,-0.2976,2.5700;-3.9671,1.4418,2.5454;-2.4594,1.6460,0.6005;</g>
	</conformers>
	<properties/>
</molecule>
