<?xml version="1.0" ?>
<!--MOLLI PACKAGE EXPERIMENTAL XML FORMAT-->
<molecule name="14">
	<atoms>
		<a id="1" s="O" t="O.2" l="O"/>
		<a id="2" s="C" t="C.ar" l="C"/>
		<a id="3" s="N" t="N.ar" l="N"/>
		<a id="4" s="C" t="C.3" l="C"/>
		<a id="5" s="C" t="C.ar" l="C"/>
		<a id="6" s="N" t="N.ar" l="N"/>
		<a id="7" s="C" t="C.ar" l="C"/>
		<a id="8" s="C" t="C.ar" l="C"/>
		<a id="9" s="C" t="C.ar" l="C"/>
		<a id="10" s="C" t="C.ar" l="C"/>
		<a id="11" s="Br" t="Br" l="BR"/>
		<a id="12" s="C" t="C.ar" l="C"/>
		<a id="13" s="C" t="C.ar" l="C"/>
		<a id="14" s="H" t="H" l="H"/>
		<a id="15" s="H" t="H" l="H"/>
		<a id="16" s="H" t="H" l="H"/>
		<a id="17" s="H" t="H" l="H"/>
		<a id="18" s="H" t="H" l="H"/>
		<a id="19" s="H" t="H" l="H"/>
		<a id="20" s="H" t="H" l="H"/>
	</atoms>
	<bonds>
		<b id="1" c="1 2" t="2"/>
		<b id="2" c="2 3" t="ar"/>
		<b id="3" c="3 4" t="1"/>
		<b id="4" c="3 5" t="ar"/>
		<b id="5" c="5 6" t="ar"/>
		<b id="6" c="6 7" t="ar"/>
		<b id="7" c="7 8" t="ar"/>
		<b id="8" c="2 8" t="ar"/>
		<b id="9" c="8 9" t="ar"/>
		<b id="10" c="9 10" t="ar"/>
		<b id="11" c="10 11" t="1"/>
		<b id="12" c="10 12" t="ar"/>
		<b id="13" c="12 13" t="ar"/>
		<b id="14" c="7 13" t="ar"/>
		<b id="15" c="4 14" t="1"/>
		<b id="16" c="4 15" t="1"/>
		<b id="17" c="4 16" t="1"/>
		<b id="18" c="5 17" t="1"/>
		<b id="19" c="9 18" t="1"/>
		<b id="20" c="12 19" t="1"/>
		<b id="21" c="13 20" t="1"/>
	</bonds>
	<geometry>
		<g u="A" t="cart/3d">#20,3:1.0351,-0.0159,0.1141;2.2570,-0.0016,0.0738;3.0138,-1.1633,0.0300;2.3153,-2.4347,0.0331;4.3888,-1.1071,-0.0095;5.1084,-0.0383,-0.0125;4.4227,1.1553,0.0263;3.0197,1.2282,0.0689;2.3817,2.4664,0.1060;3.1153,3.6218,0.1006;2.2305,5.2823,0.1496;4.4981,3.5687,0.0589;5.1432,2.3555,0.0225;1.2413,-2.2534,0.0518;2.5923,-3.0108,0.9135;2.5632,-2.9996,-0.8631;4.9142,-2.0461,-0.0398;1.3055,2.5039,0.1388;5.0576,4.4897,0.0553;6.2174,2.3066,-0.0102;</g>
	</geometry>
	<conformers>
		<g id="1" u="A" t="cart/3d">#20,3:-2.0690,2.2108,-0.0006;-2.1450,1.0008,-0.0003;-3.3843,0.3527,0.0002;-4.5863,1.1589,0.0008;-3.4748,-1.0017,0.0001;-2.4978,-1.8255,-0.0002;-1.2293,-1.3071,-0.0002;-1.0077,0.0821,-0.0003;0.2932,0.5870,-0.0001;1.3501,-0.2938,0.0002;3.1303,0.3757,0.0001;1.1482,-1.6745,0.0001;-0.1311,-2.1763,-0.0002;-4.2803,2.2046,-0.0012;-5.1798,0.9546,0.8923;-5.1826,0.9518,-0.8882;-4.4790,-1.4070,0.0002;0.4384,1.6567,-0.0002;1.9992,-2.3384,0.0002;-0.3155,-3.2384,-0.0002;</g>
	</conformers>
	<properties/>
</molecule>
