<?xml version="1.0" ?>
<!--MOLLI PACKAGE EXPERIMENTAL XML FORMAT-->
<molecule name="14">
	<atoms>
		<a id="1" s="O" t="O.2" l="O"/>
		<a id="2" s="C" t="C.ar" l="C"/>
		<a id="3" s="N" t="N.ar" l="N"/>
		<a id="4" s="C" t="C.3" l="C"/>
		<a id="5" s="C" t="C.ar" l="C"/>
		<a id="6" s="N" t="N.ar" l="N"/>
		<a id="7" s="C" t="C.ar" l="C"/>
		<a id="8" s="C" t="C.ar" l="C"/>
		<a id="9" s="C" t="C.ar" l="C"/>
		<a id="10" s="C" t="C.ar" l="C"/>
		<a id="11" s="Br" t="Br" l="BR"/>
		<a id="12" s="C" t="C.ar" l="C"/>
		<a id="13" s="C" t="C.ar" l="C"/>
		<a id="14" s="H" t="H" l="H"/>
		<a id="15" s="H" t="H" l="H"/>
		<a id="16" s="H" t="H" l="H"/>
		<a id="17" s="H" t="H" l="H"/>
		<a id="18" s="H" t="H" l="H"/>
		<a id="19" s="H" t="H" l="H"/>
		<a id="20" s="H" t="H" l="H"/>
	</atoms>
	<bonds>
		<b id="1" c="1 2" t="2"/>
		<b id="2" c="2 3" t="ar"/>
		<b id="3" c="3 4" t="1"/>
		<b id="4" c="3 5" t="ar"/>
		<b id="5" c="5 6" t="ar"/>
		<b id="6" c="6 7" t="ar"/>
		<b id="7" c="7 8" t="ar"/>
		<b id="8" c="2 8" t="ar"/>
		<b id="9" c="8 9" t="ar"/>
		<b id="10" c="9 10" t="ar"/>
		<b id="11" c="10 11" t="1"/>
		<b id="12" c="10 12" t="ar"/>
		<b id="13" c="12 13" t="ar"/>
		<b id="14" c="7 13" t="ar"/>
		<b id="15" c="4 14" t="1"/>
		<b id="16" c="4 15" t="1"/>
		<b id="17" c="4 16" t="1"/>
		<b id="18" c="5 17" t="1"/>
		<b id="19" c="9 18" t="1"/>
		<b id="20" c="12 19" t="1"/>
		<b id="21" c="13 20" t="1"/>
	</bonds>
	<geometry>
		<g u="A" t="cart/3d">#20,3:0.9343,-0.1901,0.0562;2.1447,-0.1299,0.0199;2.9265,-1.2884,-0.0233;2.2601,-2.5731,-0.0301;4.2821,-1.2263,-0.0600;4.9915,-0.1635,-0.0626;4.3350,1.0388,-0.0272;2.9303,1.1032,0.0151;2.2835,2.3392,0.0478;3.0400,3.4882,0.0352;2.1760,5.1819,0.0733;4.4340,3.4422,-0.0064;5.0757,2.2274,-0.0361;1.1869,-2.3864,-0.0061;2.5481,-3.1555,0.8455;2.5138,-3.1268,-0.9344;4.7969,-2.1786,-0.0895;1.2047,2.3636,0.0795;4.9986,4.3622,-0.0144;6.1512,2.1636,-0.0681;</g>
	</geometry>
	<conformers>
		<g id="1" u="A" t="cart/3d">#20,3:2.0691,-2.2108,-0.0001;2.1450,-1.0007,-0.0000;3.3843,-0.3527,0.0000;4.5863,-1.1590,0.0001;3.4748,1.0017,-0.0000;2.4978,1.8255,-0.0000;1.2293,1.3071,-0.0000;1.0077,-0.0821,-0.0000;-0.2932,-0.5869,-0.0001;-1.3501,0.2938,-0.0000;-3.1303,-0.3757,0.0000;-1.1481,1.6745,0.0000;0.1311,2.1763,0.0000;5.1810,-0.9533,0.8905;5.1814,-0.9532,-0.8899;4.2802,-2.2046,-0.0000;4.4789,1.4072,-0.0001;-0.4385,-1.6567,-0.0002;-1.9992,2.3384,0.0001;0.3156,3.2383,0.0000;</g>
	</conformers>
	<properties/>
</molecule>
