<?xml version="1.0" ?>
<!--MOLLI PACKAGE EXPERIMENTAL XML FORMAT-->
<molecule name="2011">
	<atoms>
		<a id="1" s="Cl" t="Cl" l="CL"/>
		<a id="2" s="C" t="C.ar" l="C"/>
		<a id="3" s="C" t="C.ar" l="C"/>
		<a id="4" s="C" t="C.ar" l="C"/>
		<a id="5" s="C" t="C.3" l="C"/>
		<a id="6" s="C" t="C.3" l="C"/>
		<a id="7" s="C" t="C.ar" l="C"/>
		<a id="8" s="C" t="C.ar" l="C"/>
		<a id="9" s="C" t="C.ar" l="C"/>
		<a id="10" s="C" t="C.ar" l="C"/>
		<a id="11" s="N" t="N.ar" l="N"/>
		<a id="12" s="C" t="C.ar" l="C"/>
		<a id="13" s="C" t="C.2" l="C"/>
		<a id="14" s="C" t="C.2" l="C"/>
		<a id="15" s="C" t="C.3" l="C"/>
		<a id="16" s="C" t="C.3" l="C"/>
		<a id="17" s="N" t="N.am" l="N"/>
		<a id="18" s="C" t="C.2" l="C"/>
		<a id="19" s="O" t="O.2" l="O"/>
		<a id="20" s="O" t="O.3" l="O"/>
		<a id="21" s="C" t="C.3" l="C"/>
		<a id="22" s="C" t="C.3" l="C"/>
		<a id="23" s="C" t="C.3" l="C"/>
		<a id="24" s="C" t="C.3" l="C"/>
		<a id="25" s="C" t="C.ar" l="C"/>
		<a id="26" s="C" t="C.ar" l="C"/>
		<a id="27" s="C" t="C.ar" l="C"/>
		<a id="28" s="Br" t="Br" l="BR"/>
		<a id="29" s="H" t="H" l="H"/>
		<a id="30" s="H" t="H" l="H"/>
		<a id="31" s="H" t="H" l="H"/>
		<a id="32" s="H" t="H" l="H"/>
		<a id="33" s="H" t="H" l="H"/>
		<a id="34" s="H" t="H" l="H"/>
		<a id="35" s="H" t="H" l="H"/>
		<a id="36" s="H" t="H" l="H"/>
		<a id="37" s="H" t="H" l="H"/>
		<a id="38" s="H" t="H" l="H"/>
		<a id="39" s="H" t="H" l="H"/>
		<a id="40" s="H" t="H" l="H"/>
		<a id="41" s="H" t="H" l="H"/>
		<a id="42" s="H" t="H" l="H"/>
		<a id="43" s="H" t="H" l="H"/>
		<a id="44" s="H" t="H" l="H"/>
		<a id="45" s="H" t="H" l="H"/>
		<a id="46" s="H" t="H" l="H"/>
		<a id="47" s="H" t="H" l="H"/>
		<a id="48" s="H" t="H" l="H"/>
		<a id="49" s="H" t="H" l="H"/>
		<a id="50" s="H" t="H" l="H"/>
	</atoms>
	<bonds>
		<b id="1" c="1 2" t="1"/>
		<b id="2" c="2 3" t="ar"/>
		<b id="3" c="3 4" t="ar"/>
		<b id="4" c="4 5" t="1"/>
		<b id="5" c="5 6" t="1"/>
		<b id="6" c="6 7" t="1"/>
		<b id="7" c="7 8" t="ar"/>
		<b id="8" c="8 9" t="ar"/>
		<b id="9" c="9 10" t="ar"/>
		<b id="10" c="10 11" t="ar"/>
		<b id="11" c="11 12" t="ar"/>
		<b id="12" c="7 12" t="ar"/>
		<b id="13" c="12 13" t="1"/>
		<b id="14" c="13 14" t="2"/>
		<b id="15" c="14 15" t="1"/>
		<b id="16" c="15 16" t="1"/>
		<b id="17" c="16 17" t="1"/>
		<b id="18" c="17 18" t="am"/>
		<b id="19" c="18 19" t="2"/>
		<b id="20" c="18 20" t="1"/>
		<b id="21" c="20 21" t="1"/>
		<b id="22" c="21 22" t="1"/>
		<b id="23" c="17 23" t="1"/>
		<b id="24" c="23 24" t="1"/>
		<b id="25" c="14 24" t="1"/>
		<b id="26" c="13 25" t="1"/>
		<b id="27" c="4 25" t="ar"/>
		<b id="28" c="25 26" t="ar"/>
		<b id="29" c="26 27" t="ar"/>
		<b id="30" c="2 27" t="ar"/>
		<b id="31" c="9 28" t="1"/>
		<b id="32" c="3 29" t="1"/>
		<b id="33" c="5 30" t="1"/>
		<b id="34" c="5 31" t="1"/>
		<b id="35" c="6 32" t="1"/>
		<b id="36" c="6 33" t="1"/>
		<b id="37" c="8 34" t="1"/>
		<b id="38" c="10 35" t="1"/>
		<b id="39" c="15 36" t="1"/>
		<b id="40" c="15 37" t="1"/>
		<b id="41" c="16 38" t="1"/>
		<b id="42" c="16 39" t="1"/>
		<b id="43" c="21 40" t="1"/>
		<b id="44" c="21 41" t="1"/>
		<b id="45" c="22 42" t="1"/>
		<b id="46" c="22 43" t="1"/>
		<b id="47" c="22 44" t="1"/>
		<b id="48" c="23 45" t="1"/>
		<b id="49" c="23 46" t="1"/>
		<b id="50" c="24 47" t="1"/>
		<b id="51" c="24 48" t="1"/>
		<b id="52" c="26 49" t="1"/>
		<b id="53" c="27 50" t="1"/>
	</bonds>
	<geometry>
		<g u="A" t="cart/3d">#50,3:1.0750,-0.0551,0.3716;2.7970,-0.0305,0.2208;3.4969,-1.2195,0.1807;4.8848,-1.2425,0.0571;5.5018,-2.6205,0.0374;7.0148,-2.7061,-0.1687;7.7387,-2.0074,0.9371;8.3852,-2.6719,1.9650;9.0293,-1.9167,2.9344;9.0182,-0.5336,2.8434;8.3986,0.0975,1.8653;7.7655,-0.6085,0.9405;7.0410,0.0983,-0.1388;7.6782,0.7903,-1.0885;9.1636,1.0035,-1.0944;9.4284,2.5183,-1.0719;8.7723,3.1525,-2.1898;9.4154,3.6114,-3.2895;8.8534,4.0197,-4.2795;10.7603,3.6050,-3.1333;11.5135,4.1000,-4.2380;11.6912,3.0413,-5.3173;7.3418,2.9589,-2.2340;7.0107,1.4579,-2.2547;5.5701,-0.0288,-0.0417;4.8419,1.1621,0.0260;3.4694,1.1791,0.1511;9.9388,-2.7758,4.3697;2.9589,-2.1533,0.2481;5.0134,-3.1963,-0.7539;5.2529,-3.1072,0.9866;7.2792,-2.2434,-1.1223;7.3041,-3.7583,-0.2003;8.3971,-3.7515,2.0084;9.5219,0.0853,3.5728;9.5980,0.5853,-2.0066;9.6401,0.5418,-0.2318;10.4960,2.7240,-1.1196;9.0226,2.9354,-0.1442;12.4749,4.3930,-3.8107;11.0054,4.9768,-4.6519;12.1486,2.1477,-4.8984;12.3273,3.4294,-6.1074;10.7234,2.7824,-5.7394;6.9636,3.4508,-3.1310;6.8977,3.4269,-1.3493;7.4111,1.0366,-3.1813;5.9317,1.3115,-2.2477;5.3796,2.0971,0.0004;2.9288,2.1105,0.2002;</g>
	</geometry>
	<conformers>
		<g id="1" u="A" t="cart/3d">#50,3:1.6288,-6.2161,0.6585;1.1371,-4.5807,0.3889;1.7428,-3.8396,-0.6057;1.3730,-2.5194,-0.8554;2.1328,-1.8423,-1.9711;1.7410,-0.4041,-2.3151;1.9281,0.4929,-1.1337;2.9842,1.3785,-1.0060;3.0508,2.1617,0.1373;2.0632,2.0483,1.1032;1.0593,1.2020,0.9809;0.9911,0.4346,-0.0964;-0.1064,-0.5510,-0.2141;-1.3787,-0.1897,-0.4032;-1.8321,1.2408,-0.4251;-2.9024,1.4256,0.6634;-3.9839,0.4914,0.4625;-5.1958,0.8268,-0.0410;-6.0484,0.0233,-0.3407;-5.3521,2.1679,-0.1456;-6.6433,2.6094,-0.5586;-7.6269,2.6380,0.6023;-3.5830,-0.8963,0.4730;-2.5163,-1.1471,-0.6047;0.3566,-1.9505,-0.0841;-0.2251,-2.7122,0.9326;0.1464,-4.0169,1.1769;4.4813,3.3964,0.3702;2.5211,-4.2908,-1.2029;2.0224,-2.4530,-2.8718;3.1945,-1.8577,-1.7033;0.6943,-0.3760,-2.6267;2.3607,-0.0638,-3.1469;3.7346,1.4649,-1.7786;2.0764,2.6528,1.9994;-2.2764,1.4764,-1.3961;-1.0067,1.9254,-0.2391;-3.2975,2.4397,0.6466;-2.4507,1.2310,1.6420;-7.0119,1.9448,-1.3469;-6.4796,3.6112,-0.9621;-7.7827,1.6290,0.9759;-8.5778,3.0401,0.2645;-7.2423,3.2593,1.4077;-4.4696,-1.5043,0.2883;-3.1782,-1.1353,1.4619;-2.9719,-0.9581,-1.5810;-2.1872,-2.1845,-0.5730;-0.9750,-2.2515,1.5566;-0.3168,-4.5868,1.9662;</g>
		<g id="2" u="A" t="cart/3d">#50,3:1.6537,-6.2236,0.4991;1.1452,-4.5838,0.2956;1.7001,-3.8153,-0.7078;1.3149,-2.4907,-0.9057;2.0183,-1.7823,-2.0387;1.6055,-0.3378,-2.3275;1.8462,0.5303,-1.1344;2.9044,1.4172,-1.0354;3.0232,2.1723,0.1225;2.0835,2.0306,1.1316;1.0778,1.1829,1.0366;0.9605,0.4420,-0.0550;-0.1381,-0.5454,-0.1440;-1.4195,-0.1854,-0.2609;-1.8790,1.2427,-0.2228;-2.8900,1.3945,0.9261;-3.9762,0.4592,0.7593;-5.2235,0.8013,0.3581;-6.0914,0.0014,0.0948;-5.4009,2.1435,0.3316;-6.7002,2.5875,-0.0520;-6.8686,2.5968,-1.5649;-3.5714,-0.9263,0.7101;-2.5628,-1.1424,-0.4292;0.3351,-1.9456,-0.0721;-0.1945,-2.7353,0.9517;0.1921,-4.0443,1.1445;4.4595,3.4069,0.3172;2.4499,-4.2480,-1.3532;1.8676,-2.3709,-2.9482;3.0917,-1.7990,-1.8219;0.5450,-0.3070,-2.5876;2.1833,0.0259,-3.1794;3.6165,1.5259,-1.8406;2.1378,2.6127,2.0409;-2.3756,1.4996,-1.1626;-1.0478,1.9272,-0.0639;-3.2902,2.4062,0.9558;-2.3848,1.1795,1.8738;-6.7836,3.5955,0.3601;-7.4498,1.9337,0.4050;-6.0957,3.2066,-2.0273;-7.8429,3.0033,-1.8206;-6.7989,1.5817,-1.9478;-4.4651,-1.5327,0.5563;-3.1137,-1.1917,1.6688;-3.0694,-0.9289,-1.3748;-2.2293,-2.1788,-0.4433;-0.9141,-2.2935,1.6232;-0.2304,-4.6356,1.9408;</g>
		<g id="3" u="A" t="cart/3d">#50,3:1.7824,-6.2242,0.5655;1.2413,-4.5994,0.3288;1.8093,-3.8273,-0.6645;1.3991,-2.5143,-0.8880;2.1209,-1.8001,-2.0058;1.6848,-0.3680,-2.3207;1.8670,0.5155,-1.1286;2.9011,1.4273,-1.0039;2.9650,2.1950,0.1501;1.9962,2.0409,1.1293;1.0135,1.1697,1.0099;0.9488,0.4164,-0.0776;-0.1231,-0.5973,-0.1921;-1.4082,-0.2691,-0.3530;-1.9020,1.1481,-0.3436;-2.9518,1.2862,0.7716;-4.0099,0.3235,0.5815;-5.2480,0.6332,0.1275;-6.0896,-0.1860,-0.1613;-5.4553,1.9680,0.0675;-6.7682,2.3578,-0.3325;-6.8295,3.8737,-0.3456;-3.5716,-1.0525,0.5574;-2.5226,-1.2546,-0.5476;0.3807,-1.9852,-0.0914;-0.1623,-2.7777,0.9232;0.2490,-4.0750,1.1415;4.3661,3.4635,0.3798;2.5893,-4.2480,-1.2814;2.0113,-2.3999,-2.9139;3.1872,-1.7906,-1.7563;0.6326,-0.3639,-2.6147;2.2810,0.0018,-3.1571;3.6364,1.5453,-1.7867;2.0075,2.6323,2.0342;-2.3748,1.3843,-1.3009;-1.0924,1.8535,-0.1659;-3.3770,2.2882,0.7783;-2.4715,1.0922,1.7366;-7.4949,1.9355,0.3705;-6.9773,1.9414,-1.3245;-6.6141,4.2654,0.6449;-7.8218,4.1951,-0.6476;-6.0982,4.2729,-1.0435;-4.4459,-1.6805,0.3808;-3.1386,-1.2986,1.5325;-3.0046,-1.0619,-1.5103;-2.1643,-2.2827,-0.5412;-0.9134,-2.3471,1.5669;-0.1844,-4.6687,1.9302;</g>
		<g id="4" u="A" t="cart/3d">#50,3:2.1263,-6.1279,-0.3643;1.4103,-4.5961,-0.0026;1.2423,-3.6648,-1.0070;0.6691,-2.4194,-0.7554;0.5632,-1.5088,-1.9535;-0.1349,-0.1633,-1.7535;0.5859,0.6701,-0.7431;1.3580,1.7690,-1.0834;1.9751,2.4838,-0.0672;1.7980,2.0914,1.2500;1.0638,1.0451,1.5739;0.4808,0.3431,0.6145;-0.3352,-0.8367,0.9710;-1.4744,-0.7242,1.6613;-1.9930,0.5908,2.1809;-3.5198,0.6428,2.0011;-3.8631,-0.0913,0.8007;-3.6715,0.4630,-0.4238;-3.6056,-0.1686,-1.4545;-3.6136,1.8105,-0.3572;-3.4437,2.5179,-1.5834;-2.1455,3.3110,-1.5499;-3.6850,-1.5246,0.9401;-2.4617,-1.8427,1.8293;0.2470,-2.1265,0.5432;0.4469,-3.0774,1.5486;1.0177,-4.3057,1.2944;3.0410,4.0072,-0.4800;1.5626,-3.9036,-2.0102;0.0330,-2.0509,-2.7412;1.5796,-1.3244,-2.3189;-1.1646,-0.3347,-1.4328;-0.1607,0.3562,-2.7139;1.4700,2.0703,-2.1153;2.2536,2.6316,2.0681;-1.5260,1.4200,1.6494;-1.7338,0.6903,3.2377;-3.8710,1.6695,1.9148;-4.0371,0.1638,2.8351;-4.3025,3.1882,-1.6877;-3.4434,1.7962,-2.4066;-2.0322,3.8644,-2.4777;-1.2974,2.6411,-1.4297;-2.1549,4.0119,-0.7187;-3.5449,-1.9313,-0.0631;-4.5940,-1.9563,1.3710;-2.0459,-2.8032,1.5332;-2.7675,-1.9037,2.8757;0.1613,-2.8254,2.5587;1.1643,-5.0236,2.0853;</g>
		<g id="5" u="A" t="cart/3d">#50,3:1.1004,-6.0923,-0.7369;0.7262,-4.4848,-0.2231;0.6316,-3.4731,-1.1574;0.3347,-2.1643,-0.7825;0.2596,-1.1725,-1.9186;-0.1446,0.2618,-1.5725;0.8426,0.8775,-0.6341;1.7856,1.8128,-1.0248;2.6528,2.3133,-0.0645;2.5447,1.8799,1.2476;1.6467,0.9881,1.6177;0.8239,0.4867,0.7092;-0.1626,-0.5400,1.1088;-1.2031,-0.2618,1.8987;-1.4941,1.1189,2.4090;-2.6584,1.6948,1.5836;-3.5841,0.6360,1.2348;-4.1851,0.5302,0.0299;-4.8800,-0.4011,-0.3042;-3.9451,1.6131,-0.7515;-4.5686,1.5970,-2.0340;-3.7564,0.8059,-3.0497;-3.6558,-0.4663,2.1680;-2.3174,-1.2289,2.1879;0.1211,-1.8874,0.5702;0.2296,-2.9253,1.4986;0.5274,-4.2173,1.1221;3.9720,3.6003,-0.5432;0.7910,-3.6992,-2.2012;-0.4512,-1.5603,-2.6540;1.2412,-1.1492,-2.4043;-1.1345,0.2597,-1.1106;-0.1923,0.8413,-2.4969;1.8425,2.1509,-2.0494;3.1956,2.2576,2.0238;-0.6258,1.7696,2.3304;-1.7779,1.0562,3.4610;-2.2814,2.1401,0.6613;-3.1806,2.4751,2.1513;-4.6443,2.6478,-2.3221;-5.5689,1.1635,-1.9361;-3.6845,-0.2319,-2.7334;-2.7563,1.2228,-3.1423;-4.2484,0.8452,-4.0173;-4.4680,-1.1203,1.8502;-3.8921,-0.0625,3.1567;-2.3244,-2.0250,1.4427;-2.1830,-1.6882,3.1699;0.0946,-2.6956,2.5439;0.6093,-5.0037,1.8549;</g>
		<g id="6" u="A" t="cart/3d">#50,3:1.1454,-6.1086,-0.7417;0.7621,-4.5044,-0.2244;0.6566,-3.4923,-1.1570;0.3522,-2.1859,-0.7794;0.2644,-1.1940,-1.9142;-0.1574,0.2343,-1.5652;0.8265,0.8625,-0.6317;1.7526,1.8123,-1.0280;2.6196,2.3248,-0.0740;2.5286,1.8882,1.2383;1.6464,0.9830,1.6141;0.8240,0.4703,0.7115;-0.1465,-0.5684,1.1190;-1.1781,-0.3035,1.9252;-1.4724,1.0707,2.4522;-2.6413,1.6542,1.6334;-3.5168,0.5858,1.1947;-3.8870,0.3978,-0.0925;-4.4707,-0.5810,-0.4953;-3.5474,1.4499,-0.8798;-3.9901,1.3763,-2.2334;-5.4425,1.8066,-2.3757;-3.6325,-0.5194,2.1222;-2.2901,-1.2743,2.2105;0.1427,-1.9120,0.5745;0.2621,-2.9506,1.5011;0.5669,-4.2402,1.1219;3.9157,3.6319,-0.5613;0.8129,-3.7161,-2.2017;-0.4434,-1.5900,-2.6481;1.2449,-1.1583,-2.4016;-1.1442,0.2188,-1.0980;-0.2214,0.8145,-2.4880;1.7959,2.1529,-2.0525;3.1793,2.2752,2.0101;-0.6047,1.7230,2.3838;-1.7565,0.9913,3.5030;-2.2640,2.1734,0.7524;-3.2127,2.3685,2.2381;-3.8655,0.3497,-2.5938;-3.3244,2.0478,-2.7806;-5.7230,1.8022,-3.4251;-5.5801,2.8073,-1.9730;-6.0839,1.1151,-1.8354;-4.4218,-1.1800,1.7639;-3.9218,-0.1112,3.0939;-2.2700,-2.0908,1.4883;-2.1822,-1.7021,3.2099;0.1292,-2.7233,2.5473;0.6567,-5.0269,1.8534;</g>
	</conformers>
	<properties/>
</molecule>
