<?xml version="1.0" ?>
<!--MOLLI PACKAGE EXPERIMENTAL XML FORMAT-->
<molecule name="2013">
	<atoms>
		<a id="1" s="C" t="C.ar" l="C"/>
		<a id="2" s="C" t="C.ar" l="C"/>
		<a id="3" s="C" t="C.ar" l="C"/>
		<a id="4" s="C" t="C.ar" l="C"/>
		<a id="5" s="C" t="C.ar" l="C"/>
		<a id="6" s="C" t="C.ar" l="C"/>
		<a id="7" s="N" t="N.ar" l="N"/>
		<a id="8" s="C" t="C.ar" l="C"/>
		<a id="9" s="C" t="C.ar" l="C"/>
		<a id="10" s="C" t="C.ar" l="C"/>
		<a id="11" s="C" t="C.ar" l="C"/>
		<a id="12" s="C" t="C.ar" l="C"/>
		<a id="13" s="C" t="C.ar" l="C"/>
		<a id="14" s="C" t="C.3" l="C"/>
		<a id="15" s="N" t="N.3" l="N"/>
		<a id="16" s="C" t="C.3" l="C"/>
		<a id="17" s="C" t="C.3" l="C"/>
		<a id="18" s="O" t="O.3" l="O"/>
		<a id="19" s="C" t="C.3" l="C"/>
		<a id="20" s="S" t="S.O2" l="S"/>
		<a id="21" s="O" t="O.2" l="O"/>
		<a id="22" s="O" t="O.2" l="O"/>
		<a id="23" s="C" t="C.ar" l="C"/>
		<a id="24" s="C" t="C.ar" l="C"/>
		<a id="25" s="C" t="C.ar" l="C"/>
		<a id="26" s="C" t="C.ar" l="C"/>
		<a id="27" s="C" t="C.ar" l="C"/>
		<a id="28" s="C" t="C.ar" l="C"/>
		<a id="29" s="C" t="C.3" l="C"/>
		<a id="30" s="C" t="C.3" l="C"/>
		<a id="31" s="C" t="C.3" l="C"/>
		<a id="32" s="Br" t="Br" l="BR"/>
		<a id="33" s="H" t="H" l="H"/>
		<a id="34" s="H" t="H" l="H"/>
		<a id="35" s="H" t="H" l="H"/>
		<a id="36" s="H" t="H" l="H"/>
		<a id="37" s="H" t="H" l="H"/>
		<a id="38" s="H" t="H" l="H"/>
		<a id="39" s="H" t="H" l="H"/>
		<a id="40" s="H" t="H" l="H"/>
		<a id="41" s="H" t="H" l="H"/>
		<a id="42" s="H" t="H" l="H"/>
		<a id="43" s="H" t="H" l="H"/>
		<a id="44" s="H" t="H" l="H"/>
		<a id="45" s="H" t="H" l="H"/>
		<a id="46" s="H" t="H" l="H"/>
		<a id="47" s="H" t="H" l="H"/>
		<a id="48" s="H" t="H" l="H"/>
		<a id="49" s="H" t="H" l="H"/>
		<a id="50" s="H" t="H" l="H"/>
		<a id="51" s="H" t="H" l="H"/>
		<a id="52" s="H" t="H" l="H"/>
		<a id="53" s="H" t="H" l="H"/>
		<a id="54" s="H" t="H" l="H"/>
		<a id="55" s="H" t="H" l="H"/>
		<a id="56" s="H" t="H" l="H"/>
		<a id="57" s="H" t="H" l="H"/>
	</atoms>
	<bonds>
		<b id="1" c="1 2" t="ar"/>
		<b id="2" c="2 3" t="ar"/>
		<b id="3" c="3 4" t="ar"/>
		<b id="4" c="4 5" t="ar"/>
		<b id="5" c="5 6" t="ar"/>
		<b id="6" c="1 6" t="ar"/>
		<b id="7" c="6 7" t="ar"/>
		<b id="8" c="7 8" t="ar"/>
		<b id="9" c="8 9" t="ar"/>
		<b id="10" c="5 9" t="ar"/>
		<b id="11" c="9 10" t="ar"/>
		<b id="12" c="10 11" t="ar"/>
		<b id="13" c="11 12" t="ar"/>
		<b id="14" c="12 13" t="ar"/>
		<b id="15" c="8 13" t="ar"/>
		<b id="16" c="14 15" t="1"/>
		<b id="17" c="15 16" t="1"/>
		<b id="18" c="16 17" t="1"/>
		<b id="19" c="17 18" t="1"/>
		<b id="20" c="18 19" t="1"/>
		<b id="21" c="14 19" t="1"/>
		<b id="22" c="15 20" t="1"/>
		<b id="23" c="20 21" t="2"/>
		<b id="24" c="20 22" t="2"/>
		<b id="25" c="20 23" t="1"/>
		<b id="26" c="23 24" t="ar"/>
		<b id="27" c="24 25" t="ar"/>
		<b id="28" c="25 26" t="ar"/>
		<b id="29" c="26 27" t="ar"/>
		<b id="30" c="27 28" t="ar"/>
		<b id="31" c="23 28" t="ar"/>
		<b id="32" c="26 29" t="1"/>
		<b id="33" c="7 30" t="1"/>
		<b id="34" c="30 31" t="1"/>
		<b id="35" c="3 32" t="1"/>
		<b id="36" c="14 11" t="1"/>
		<b id="37" c="1 33" t="1"/>
		<b id="38" c="2 34" t="1"/>
		<b id="39" c="4 35" t="1"/>
		<b id="40" c="10 36" t="1"/>
		<b id="41" c="12 37" t="1"/>
		<b id="42" c="13 38" t="1"/>
		<b id="43" c="14 39" t="1"/>
		<b id="44" c="16 40" t="1"/>
		<b id="45" c="16 41" t="1"/>
		<b id="46" c="17 42" t="1"/>
		<b id="47" c="17 43" t="1"/>
		<b id="48" c="19 44" t="1"/>
		<b id="49" c="19 45" t="1"/>
		<b id="50" c="24 46" t="1"/>
		<b id="51" c="25 47" t="1"/>
		<b id="52" c="27 48" t="1"/>
		<b id="53" c="28 49" t="1"/>
		<b id="54" c="29 50" t="1"/>
		<b id="55" c="29 51" t="1"/>
		<b id="56" c="29 52" t="1"/>
		<b id="57" c="30 53" t="1"/>
		<b id="58" c="30 54" t="1"/>
		<b id="59" c="31 55" t="1"/>
		<b id="60" c="31 56" t="1"/>
		<b id="61" c="31 57" t="1"/>
	</bonds>
	<geometry>
		<g u="A" t="cart/3d">#57,3:-1.4210,8.6785,-1.1887;-2.3303,9.5263,-1.7897;-3.5838,9.0585,-2.1790;-3.9764,7.7496,-1.9904;-3.0684,6.8886,-1.3888;-1.7913,7.3547,-0.9867;-1.0899,6.3223,-0.4148;-1.8643,5.1877,-0.4660;-3.1142,5.4952,-1.0527;-4.0870,4.5156,-1.2031;-3.8053,3.2272,-0.7851;-2.5637,2.9344,-0.2073;-1.5875,3.8946,-0.0392;-4.8216,2.1112,-0.8808;-5.3684,1.8721,0.4521;-6.3688,2.8405,0.8559;-7.4509,2.9730,-0.2162;-6.8770,3.3262,-1.4561;-5.9582,2.3463,-1.8884;-5.7442,0.2623,0.7401;-6.4484,0.2102,1.9877;-6.3417,-0.3659,-0.4090;-4.0998,-0.4033,0.9572;-3.3340,0.0530,2.0125;-2.0603,-0.4571,2.1950;-1.5499,-1.4198,1.3288;-2.3388,-1.8603,0.2700;-3.6133,-1.3554,0.0825;-0.1855,-1.9993,1.5404;0.2674,6.3924,0.0578;1.2709,6.1074,-1.0597;-4.7945,10.2827,-3.0087;-0.4515,9.0494,-0.8939;-2.0732,10.5599,-1.9630;-4.9507,7.4052,-2.2997;-5.0434,4.7632,-1.6345;-2.3727,1.9222,0.1184;-0.6401,3.6363,0.4084;-4.3079,1.1848,-1.1629;-5.8669,3.8014,1.0097;-6.7935,2.4855,1.7946;-8.1574,3.7669,0.0307;-7.9838,2.0149,-0.3084;-5.5592,2.6960,-2.8424;-6.4793,1.3898,-2.0354;-3.7484,0.7964,2.6744;-1.4556,-0.1076,3.0192;-1.9513,-2.6067,-0.4078;-4.2446,-1.6886,-0.7265;0.4129,-1.3681,2.1919;0.3325,-2.1249,0.5921;-0.2720,-2.9820,2.0043;0.3896,5.6657,0.8657;0.4388,7.3904,0.4712;1.1117,5.1102,-1.4646;2.2863,6.1724,-0.6765;1.1529,6.8292,-1.8659;</g>
	</geometry>
	<conformers>
		<g id="1" u="A" t="cart/3d">#57,3:-4.0255,-2.3032,0.1248;-4.6671,-1.0805,0.1408;-3.9470,0.0978,-0.0400;-2.5830,0.1090,-0.2440;-1.9312,-1.1149,-0.2633;-2.6508,-2.3222,-0.0780;-1.7820,-3.3821,-0.1397;-0.5088,-2.8946,-0.3255;-0.5567,-1.4841,-0.4264;0.6021,-0.7543,-0.6347;1.8122,-1.4226,-0.7254;1.8516,-2.8143,-0.6065;0.7047,-3.5623,-0.4148;3.0625,-0.5861,-0.8749;3.3753,-0.0043,0.4255;4.0590,-0.8955,1.3364;5.2711,-1.5342,0.6569;4.8814,-2.2018,-0.5237;4.2940,-1.3072,-1.4428;3.8624,1.5954,0.3640;4.4331,1.9199,1.6384;4.6339,1.8652,-0.8202;2.2584,2.3639,0.1983;1.9029,3.0102,-0.9699;0.6290,3.5370,-1.0922;-0.2916,3.4219,-0.0535;0.0907,2.7670,1.1141;1.3628,2.2372,1.2422;-1.6602,4.0118,-0.1935;-2.1282,-4.7648,0.0584;-2.0632,-5.1580,1.5335;-4.8870,1.7597,0.0059;-4.5912,-3.2100,0.2726;-5.7336,-1.0328,0.2985;-2.0380,1.0297,-0.3789;0.5639,0.3210,-0.7176;2.8038,-3.3182,-0.6605;0.7666,-4.6365,-0.3290;2.8414,0.2604,-1.5339;3.3510,-1.6701,1.6509;4.3665,-0.2986,2.1945;5.7303,-2.2891,1.2974;6.0057,-0.7498,0.4201;4.0236,-1.8987,-2.3196;5.0258,-0.5373,-1.7292;2.6301,3.0922,-1.7627;0.3417,4.0431,-2.0022;-0.6153,2.6701,1.9258;1.6759,1.7252,2.1377;-2.0919,3.7699,-1.1628;-1.6029,5.0976,-0.1226;-2.3274,3.6572,0.5873;-1.4370,-5.3792,-0.5244;-3.1369,-4.9286,-0.3302;-1.0591,-5.0019,1.9204;-2.3265,-6.2053,1.6539;-2.7545,-4.5536,2.1162;</g>
		<g id="2" u="A" t="cart/3d">#57,3:-4.3708,-2.4362,0.3365;-4.0696,-3.7709,0.5186;-2.7487,-4.2105,0.4672;-1.6919,-3.3549,0.2346;-1.9840,-2.0107,0.0499;-3.3243,-1.5523,0.1045;-3.3485,-0.1944,-0.0931;-2.0615,0.2383,-0.3068;-1.1727,-0.8583,-0.2158;0.1941,-0.6768,-0.3820;0.6702,0.5948,-0.6483;-0.2199,1.6718,-0.7357;-1.5805,1.5144,-0.5703;2.1469,0.8805,-0.7971;2.6508,1.3929,0.4737;2.9051,0.3720,1.4687;3.7800,-0.7388,0.8866;3.1800,-1.2868,-0.2668;3.0030,-0.3069,-1.2660;3.8064,2.5927,0.2983;4.4082,2.8006,1.5823;4.6692,2.3495,-0.8273;2.7244,3.9592,-0.0933;1.7957,4.3466,0.8531;0.9130,5.3692,0.5569;0.9522,6.0046,-0.6815;1.8983,5.5990,-1.6175;2.7856,4.5769,-1.3267;0.0079,7.1240,-0.9933;-4.5312,0.6207,-0.1740;-5.0787,0.6798,-1.5993;-2.3999,-6.0705,0.7261;-5.3971,-2.1052,0.3736;-4.8592,-4.4835,0.7000;-0.6761,-3.7152,0.1957;0.8683,-1.5146,-0.3060;0.1770,2.6559,-0.9394;-2.2414,2.3641,-0.6504;2.2799,1.6938,-1.5191;1.9409,-0.0338,1.7923;3.4049,0.8606,2.3045;3.8938,-1.5632,1.5925;4.7678,-0.3235,0.6361;2.5293,-0.8114,-2.1104;3.9817,0.0891,-1.5737;1.7794,3.8397,1.8043;0.1830,5.6783,1.2906;1.9385,6.0867,-2.5804;3.5271,4.2481,-2.0380;-0.9133,7.0271,-0.4243;-0.2290,7.1493,-2.0542;0.4677,8.0767,-0.7297;-4.2811,1.6264,0.1742;-5.2848,0.2064,0.5011;-4.3324,1.0969,-2.2714;-5.9693,1.3014,-1.6339;-5.3344,-0.3186,-1.9464;</g>
		<g id="3" u="A" t="cart/3d">#57,3:-4.3913,-2.7171,-0.3519;-4.6282,-3.1025,0.9523;-3.6395,-2.9561,1.9225;-2.3953,-2.4320,1.6394;-2.1468,-2.0414,0.3310;-3.1478,-2.1812,-0.6632;-2.6675,-1.7135,-1.8603;-1.3679,-1.3033,-1.6786;-1.0018,-1.4784,-0.3238;0.2675,-1.1267,0.1178;1.1708,-0.6110,-0.7945;0.7945,-0.4411,-2.1322;-0.4613,-0.7797,-2.5916;2.5591,-0.1692,-0.3935;2.5477,1.2794,-0.2011;1.9902,1.7037,1.0656;2.6425,0.9514,2.2283;2.5171,-0.4423,2.0478;3.1354,-0.8607,0.8507;3.9316,2.1095,-0.6487;4.7955,2.3756,0.4705;4.4889,1.4240,-1.7788;3.2038,3.6485,-1.1904;2.1866,3.6050,-2.1240;1.6231,4.7880,-2.5659;2.0720,6.0138,-2.0813;3.0969,6.0317,-1.1410;3.6650,4.8512,-0.6938;1.4777,7.2929,-2.5832;-3.3639,-1.7563,-3.1186;-3.1258,-3.0766,-3.8500;-4.0313,-3.5080,3.7091;-5.1612,-2.8382,-1.0981;-5.5832,-3.5229,1.2269;-1.6419,-2.3300,2.4044;0.5407,-1.2602,1.1522;1.5226,-0.0391,-2.8216;-0.7184,-0.6460,-3.6315;3.2441,-0.3401,-1.2300;0.9131,1.5061,1.0441;2.1623,2.7768,1.1593;2.1458,1.1826,3.1722;3.7031,1.2332,2.2839;2.9901,-1.9411,0.7919;4.2125,-0.6371,0.8958;1.8496,2.6470,-2.4857;0.8267,4.7645,-3.2952;3.4526,6.9768,-0.7579;4.4602,4.8421,0.0349;0.4389,7.1529,-2.8715;2.0273,7.6343,-3.4608;1.5356,8.0720,-1.8274;-3.0190,-0.9199,-3.7322;-4.4318,-1.6189,-2.9287;-2.0646,-3.2124,-4.0444;-3.6597,-3.0831,-4.7963;-3.4741,-3.9107,-3.2452;</g>
	</conformers>
	<properties/>
</molecule>
