<?xml version="1.0" ?>
<!--MOLLI PACKAGE EXPERIMENTAL XML FORMAT-->
<molecule name="2014">
	<atoms>
		<a id="1" s="C" t="C.ar" l="C"/>
		<a id="2" s="C" t="C.ar" l="C"/>
		<a id="3" s="C" t="C.ar" l="C"/>
		<a id="4" s="C" t="C.ar" l="C"/>
		<a id="5" s="C" t="C.ar" l="C"/>
		<a id="6" s="C" t="C.ar" l="C"/>
		<a id="7" s="N" t="N.ar" l="N"/>
		<a id="8" s="C" t="C.ar" l="C"/>
		<a id="9" s="C" t="C.ar" l="C"/>
		<a id="10" s="C" t="C.ar" l="C"/>
		<a id="11" s="C" t="C.ar" l="C"/>
		<a id="12" s="C" t="C.ar" l="C"/>
		<a id="13" s="C" t="C.ar" l="C"/>
		<a id="14" s="C" t="C.3" l="C"/>
		<a id="15" s="N" t="N.am" l="N"/>
		<a id="16" s="C" t="C.3" l="C"/>
		<a id="17" s="C" t="C.3" l="C"/>
		<a id="18" s="O" t="O.3" l="O"/>
		<a id="19" s="C" t="C.3" l="C"/>
		<a id="20" s="C" t="C.2" l="C"/>
		<a id="21" s="O" t="O.2" l="O"/>
		<a id="22" s="O" t="O.3" l="O"/>
		<a id="23" s="C" t="C.3" l="C"/>
		<a id="24" s="C" t="C.3" l="C"/>
		<a id="25" s="C" t="C.3" l="C"/>
		<a id="26" s="C" t="C.3" l="C"/>
		<a id="27" s="C" t="C.3" l="C"/>
		<a id="28" s="C" t="C.3" l="C"/>
		<a id="29" s="Br" t="Br" l="BR"/>
		<a id="30" s="H" t="H" l="H"/>
		<a id="31" s="H" t="H" l="H"/>
		<a id="32" s="H" t="H" l="H"/>
		<a id="33" s="H" t="H" l="H"/>
		<a id="34" s="H" t="H" l="H"/>
		<a id="35" s="H" t="H" l="H"/>
		<a id="36" s="H" t="H" l="H"/>
		<a id="37" s="H" t="H" l="H"/>
		<a id="38" s="H" t="H" l="H"/>
		<a id="39" s="H" t="H" l="H"/>
		<a id="40" s="H" t="H" l="H"/>
		<a id="41" s="H" t="H" l="H"/>
		<a id="42" s="H" t="H" l="H"/>
		<a id="43" s="H" t="H" l="H"/>
		<a id="44" s="H" t="H" l="H"/>
		<a id="45" s="H" t="H" l="H"/>
		<a id="46" s="H" t="H" l="H"/>
		<a id="47" s="H" t="H" l="H"/>
		<a id="48" s="H" t="H" l="H"/>
		<a id="49" s="H" t="H" l="H"/>
		<a id="50" s="H" t="H" l="H"/>
		<a id="51" s="H" t="H" l="H"/>
		<a id="52" s="H" t="H" l="H"/>
		<a id="53" s="H" t="H" l="H"/>
		<a id="54" s="H" t="H" l="H"/>
		<a id="55" s="H" t="H" l="H"/>
		<a id="56" s="H" t="H" l="H"/>
	</atoms>
	<bonds>
		<b id="1" c="1 2" t="ar"/>
		<b id="2" c="2 3" t="ar"/>
		<b id="3" c="3 4" t="ar"/>
		<b id="4" c="4 5" t="ar"/>
		<b id="5" c="5 6" t="ar"/>
		<b id="6" c="1 6" t="ar"/>
		<b id="7" c="6 7" t="ar"/>
		<b id="8" c="7 8" t="ar"/>
		<b id="9" c="8 9" t="ar"/>
		<b id="10" c="5 9" t="ar"/>
		<b id="11" c="9 10" t="ar"/>
		<b id="12" c="10 11" t="ar"/>
		<b id="13" c="11 12" t="ar"/>
		<b id="14" c="12 13" t="ar"/>
		<b id="15" c="8 13" t="ar"/>
		<b id="16" c="14 15" t="1"/>
		<b id="17" c="15 16" t="1"/>
		<b id="18" c="16 17" t="1"/>
		<b id="19" c="17 18" t="1"/>
		<b id="20" c="18 19" t="1"/>
		<b id="21" c="14 19" t="1"/>
		<b id="22" c="15 20" t="am"/>
		<b id="23" c="20 21" t="2"/>
		<b id="24" c="20 22" t="1"/>
		<b id="25" c="22 23" t="1"/>
		<b id="26" c="23 24" t="1"/>
		<b id="27" c="23 25" t="1"/>
		<b id="28" c="23 26" t="1"/>
		<b id="29" c="7 27" t="1"/>
		<b id="30" c="27 28" t="1"/>
		<b id="31" c="3 29" t="1"/>
		<b id="32" c="14 11" t="1"/>
		<b id="33" c="1 30" t="1"/>
		<b id="34" c="2 31" t="1"/>
		<b id="35" c="4 32" t="1"/>
		<b id="36" c="10 33" t="1"/>
		<b id="37" c="12 34" t="1"/>
		<b id="38" c="13 35" t="1"/>
		<b id="39" c="14 36" t="1"/>
		<b id="40" c="16 37" t="1"/>
		<b id="41" c="16 38" t="1"/>
		<b id="42" c="17 39" t="1"/>
		<b id="43" c="17 40" t="1"/>
		<b id="44" c="19 41" t="1"/>
		<b id="45" c="19 42" t="1"/>
		<b id="46" c="24 43" t="1"/>
		<b id="47" c="24 44" t="1"/>
		<b id="48" c="24 45" t="1"/>
		<b id="49" c="25 46" t="1"/>
		<b id="50" c="25 47" t="1"/>
		<b id="51" c="25 48" t="1"/>
		<b id="52" c="26 49" t="1"/>
		<b id="53" c="26 50" t="1"/>
		<b id="54" c="26 51" t="1"/>
		<b id="55" c="27 52" t="1"/>
		<b id="56" c="27 53" t="1"/>
		<b id="57" c="28 54" t="1"/>
		<b id="58" c="28 55" t="1"/>
		<b id="59" c="28 56" t="1"/>
	</bonds>
	<geometry>
		<g u="A" t="cart/3d">#56,3:0.2972,7.7070,1.6958;1.1433,7.1693,2.6451;1.0276,5.8324,3.0180;0.0811,4.9901,2.4719;-0.7740,5.5207,1.5167;-0.6631,6.8795,1.1275;-1.6054,7.1569,0.1697;-2.3489,6.0217,-0.0536;-1.8573,4.9689,0.7552;-2.4347,3.7102,0.6914;-3.5012,3.5001,-0.1694;-3.9893,4.5523,-0.9483;-3.4239,5.8127,-0.9052;-4.1260,2.1207,-0.1824;-4.9280,1.9321,1.0223;-6.1827,2.6485,1.0268;-6.9729,2.2621,-0.2273;-6.2285,2.5238,-1.3935;-5.0118,1.8097,-1.3972;-4.4721,1.1363,2.0199;-3.4036,0.5678,1.9675;-5.3514,1.0688,3.0346;-5.0522,0.2661,4.2025;-3.7970,0.7891,4.9000;-6.2782,0.4503,5.0988;-4.8933,-1.2035,3.8131;-1.8389,8.4437,-0.4298;-2.8220,9.2790,0.3896;2.2265,5.1513,4.3406;0.3908,8.7450,1.4161;1.8994,7.7856,3.1064;0.0065,3.9576,2.7749;-2.0652,2.9000,1.3014;-4.8334,4.3822,-1.5976;-3.8212,6.6061,-1.5200;-3.3251,1.3743,-0.1354;-5.9784,3.7264,1.0086;-6.7406,2.3972,1.9266;-7.8859,2.8542,-0.3081;-7.2326,1.1930,-0.1811;-4.4986,2.0781,-2.3219;-5.2226,0.7289,-1.4038;-3.9103,1.8469,5.1289;-2.9306,0.6584,4.2580;-3.6375,0.2421,5.8250;-6.4046,1.5009,5.3475;-6.1552,-0.1190,6.0152;-7.1722,0.1063,4.5847;-4.0272,-1.3284,3.1695;-5.7794,-1.5480,3.2835;-4.7601,-1.8060,4.7072;-2.2294,8.2879,-1.4390;-0.8819,8.9657,-0.5144;-3.7774,8.7655,0.4680;-2.9804,10.2439,-0.0843;-2.4347,9.4404,1.3931;</g>
	</geometry>
	<conformers>
		<g id="1" u="A" t="cart/3d">#56,3:4.1885,-1.5303,-0.5764;4.7118,-0.2714,-0.3589;3.9080,0.7509,0.1395;2.5735,0.5663,0.4370;2.0383,-0.6958,0.2229;2.8476,-1.7442,-0.2826;2.0949,-2.8857,-0.3961;0.8071,-2.6006,-0.0064;0.7265,-1.2477,0.4023;-0.4731,-0.7257,0.8606;-1.5909,-1.5447,0.9070;-1.5028,-2.8736,0.4841;-0.3152,-3.4154,0.0301;-2.8936,-0.9236,1.3667;-3.4589,-0.1186,0.2875;-4.0577,-0.8794,-0.7851;-5.1069,-1.8215,-0.1875;-4.5348,-2.6624,0.7859;-3.9660,-1.9151,1.8382;-3.2890,1.2264,0.2929;-2.7460,1.8146,1.2020;-3.8090,1.7899,-0.8107;-3.7287,3.2234,-1.0020;-2.2688,3.6727,-1.0506;-4.4026,3.4502,-2.3565;-4.4921,3.9521,0.1033;2.5514,-4.1428,-0.9259;2.3838,-4.2108,-2.4433;4.6925,2.4717,0.4125;4.8171,-2.3154,-0.9673;5.7495,-0.0722,-0.5774;1.9668,1.3713,0.8205;-0.5440,0.3042,1.1753;-2.3843,-3.4947,0.5078;-0.2768,-4.4457,-0.2898;-2.6784,-0.2281,2.1855;-3.2822,-1.4718,-1.2874;-4.5155,-0.1982,-1.4995;-5.5190,-2.4785,-0.9552;-5.9186,-1.2281,0.2611;-3.5346,-2.6385,2.5320;-4.7580,-1.3499,2.3538;-1.7962,3.5135,-0.0857;-2.2191,4.7291,-1.2988;-1.7284,3.1055,-1.8058;-3.8724,2.9043,-3.1327;-4.3976,4.5082,-2.6002;-5.4304,3.0978,-2.3262;-4.0182,3.7737,1.0644;-5.5198,3.5969,0.1450;-4.4953,5.0197,-0.0974;1.9817,-4.9448,-0.4492;3.6039,-4.2704,-0.6582;2.9535,-3.4174,-2.9215;1.3366,-4.0922,-2.7116;2.7352,-5.1687,-2.8171;</g>
		<g id="2" u="A" t="cart/3d">#56,3:4.2793,-1.3574,-0.8565;5.0133,-0.7741,0.1567;4.3712,-0.1742,1.2371;2.9972,-0.1288,1.3508;2.2494,-0.7129,0.3382;2.8932,-1.3304,-0.7641;1.9468,-1.8441,-1.6133;0.7017,-1.5486,-1.1095;0.8399,-0.8529,0.1144;-0.2832,-0.4478,0.8216;-1.5353,-0.7381,0.3128;-1.6578,-1.4322,-0.8940;-0.5565,-1.8372,-1.6196;-2.7752,-0.3376,1.0750;-3.8251,0.1321,0.1769;-5.1587,-0.3762,0.4100;-5.4068,-0.4331,1.9150;-4.4808,-1.2677,2.5891;-3.3091,-1.5437,1.8566;-3.5402,1.1893,-0.6267;-2.4522,1.7156,-0.6548;-4.6048,1.5315,-1.3759;-4.4998,2.6133,-2.3322;-3.4454,2.2843,-3.3887;-5.8902,2.6802,-2.9667;-4.1740,3.9260,-1.6206;2.2087,-2.4750,-2.8794;2.2781,-1.4534,-4.0137;5.4431,0.6142,2.6080;4.7845,-1.8156,-1.6926;6.0915,-0.7782,0.1151;2.5207,0.3449,2.1944;-0.1790,0.0955,1.7481;-2.6453,-1.6387,-1.2796;-0.6818,-2.3575,-2.5571;-2.5178,0.4655,1.7803;-5.2696,-1.3760,-0.0276;-5.8783,0.2910,-0.0630;-6.4059,-0.8268,2.1260;-5.3363,0.5839,2.3281;-3.4769,-2.3767,1.1574;-2.5656,-1.8615,2.5910;-3.4298,3.0634,-4.1456;-3.6776,1.3333,-3.8637;-2.4642,2.2166,-2.9272;-6.1325,1.7298,-3.4351;-5.9174,3.4635,-3.7180;-6.6384,2.8915,-2.2071;-4.9118,4.1247,-0.8458;-4.1863,4.7429,-2.3367;-3.1900,3.8687,-1.1642;1.4134,-3.1993,-3.0746;3.1530,-3.0212,-2.8063;2.4671,-1.9539,-4.9595;3.0769,-0.7390,-3.8287;1.3400,-0.9081,-4.0849;</g>
	</conformers>
	<properties/>
</molecule>
