<?xml version="1.0" ?>
<!--MOLLI PACKAGE EXPERIMENTAL XML FORMAT-->
<molecule name="2015">
	<atoms>
		<a id="1" s="C" t="C.ar" l="C"/>
		<a id="2" s="C" t="C.ar" l="C"/>
		<a id="3" s="C" t="C.ar" l="C"/>
		<a id="4" s="C" t="C.ar" l="C"/>
		<a id="5" s="C" t="C.ar" l="C"/>
		<a id="6" s="C" t="C.ar" l="C"/>
		<a id="7" s="N" t="N.ar" l="N"/>
		<a id="8" s="C" t="C.ar" l="C"/>
		<a id="9" s="C" t="C.ar" l="C"/>
		<a id="10" s="C" t="C.ar" l="C"/>
		<a id="11" s="C" t="C.ar" l="C"/>
		<a id="12" s="C" t="C.ar" l="C"/>
		<a id="13" s="C" t="C.ar" l="C"/>
		<a id="14" s="C" t="C.3" l="C"/>
		<a id="15" s="N" t="N.3" l="N"/>
		<a id="16" s="C" t="C.3" l="C"/>
		<a id="17" s="C" t="C.3" l="C"/>
		<a id="18" s="O" t="O.3" l="O"/>
		<a id="19" s="C" t="C.3" l="C"/>
		<a id="20" s="C" t="C.3" l="C"/>
		<a id="21" s="C" t="C.ar" l="C"/>
		<a id="22" s="C" t="C.ar" l="C"/>
		<a id="23" s="C" t="C.ar" l="C"/>
		<a id="24" s="C" t="C.ar" l="C"/>
		<a id="25" s="C" t="C.ar" l="C"/>
		<a id="26" s="C" t="C.ar" l="C"/>
		<a id="27" s="O" t="O.3" l="O"/>
		<a id="28" s="C" t="C.3" l="C"/>
		<a id="29" s="C" t="C.3" l="C"/>
		<a id="30" s="C" t="C.3" l="C"/>
		<a id="31" s="Br" t="Br" l="BR"/>
		<a id="32" s="H" t="H" l="H"/>
		<a id="33" s="H" t="H" l="H"/>
		<a id="34" s="H" t="H" l="H"/>
		<a id="35" s="H" t="H" l="H"/>
		<a id="36" s="H" t="H" l="H"/>
		<a id="37" s="H" t="H" l="H"/>
		<a id="38" s="H" t="H" l="H"/>
		<a id="39" s="H" t="H" l="H"/>
		<a id="40" s="H" t="H" l="H"/>
		<a id="41" s="H" t="H" l="H"/>
		<a id="42" s="H" t="H" l="H"/>
		<a id="43" s="H" t="H" l="H"/>
		<a id="44" s="H" t="H" l="H"/>
		<a id="45" s="H" t="H" l="H"/>
		<a id="46" s="H" t="H" l="H"/>
		<a id="47" s="H" t="H" l="H"/>
		<a id="48" s="H" t="H" l="H"/>
		<a id="49" s="H" t="H" l="H"/>
		<a id="50" s="H" t="H" l="H"/>
		<a id="51" s="H" t="H" l="H"/>
		<a id="52" s="H" t="H" l="H"/>
		<a id="53" s="H" t="H" l="H"/>
		<a id="54" s="H" t="H" l="H"/>
		<a id="55" s="H" t="H" l="H"/>
		<a id="56" s="H" t="H" l="H"/>
		<a id="57" s="H" t="H" l="H"/>
		<a id="58" s="H" t="H" l="H"/>
	</atoms>
	<bonds>
		<b id="1" c="1 2" t="ar"/>
		<b id="2" c="2 3" t="ar"/>
		<b id="3" c="3 4" t="ar"/>
		<b id="4" c="4 5" t="ar"/>
		<b id="5" c="5 6" t="ar"/>
		<b id="6" c="1 6" t="ar"/>
		<b id="7" c="6 7" t="ar"/>
		<b id="8" c="7 8" t="ar"/>
		<b id="9" c="8 9" t="ar"/>
		<b id="10" c="5 9" t="ar"/>
		<b id="11" c="9 10" t="ar"/>
		<b id="12" c="10 11" t="ar"/>
		<b id="13" c="11 12" t="ar"/>
		<b id="14" c="12 13" t="ar"/>
		<b id="15" c="8 13" t="ar"/>
		<b id="16" c="14 15" t="1"/>
		<b id="17" c="15 16" t="1"/>
		<b id="18" c="16 17" t="1"/>
		<b id="19" c="17 18" t="1"/>
		<b id="20" c="18 19" t="1"/>
		<b id="21" c="14 19" t="1"/>
		<b id="22" c="15 20" t="1"/>
		<b id="23" c="20 21" t="1"/>
		<b id="24" c="21 22" t="ar"/>
		<b id="25" c="22 23" t="ar"/>
		<b id="26" c="23 24" t="ar"/>
		<b id="27" c="24 25" t="ar"/>
		<b id="28" c="25 26" t="ar"/>
		<b id="29" c="21 26" t="ar"/>
		<b id="30" c="24 27" t="1"/>
		<b id="31" c="27 28" t="1"/>
		<b id="32" c="7 29" t="1"/>
		<b id="33" c="29 30" t="1"/>
		<b id="34" c="3 31" t="1"/>
		<b id="35" c="14 11" t="1"/>
		<b id="36" c="1 32" t="1"/>
		<b id="37" c="2 33" t="1"/>
		<b id="38" c="4 34" t="1"/>
		<b id="39" c="10 35" t="1"/>
		<b id="40" c="12 36" t="1"/>
		<b id="41" c="13 37" t="1"/>
		<b id="42" c="14 38" t="1"/>
		<b id="43" c="16 39" t="1"/>
		<b id="44" c="16 40" t="1"/>
		<b id="45" c="17 41" t="1"/>
		<b id="46" c="17 42" t="1"/>
		<b id="47" c="19 43" t="1"/>
		<b id="48" c="19 44" t="1"/>
		<b id="49" c="20 45" t="1"/>
		<b id="50" c="20 46" t="1"/>
		<b id="51" c="22 47" t="1"/>
		<b id="52" c="23 48" t="1"/>
		<b id="53" c="25 49" t="1"/>
		<b id="54" c="26 50" t="1"/>
		<b id="55" c="28 51" t="1"/>
		<b id="56" c="28 52" t="1"/>
		<b id="57" c="28 53" t="1"/>
		<b id="58" c="29 54" t="1"/>
		<b id="59" c="29 55" t="1"/>
		<b id="60" c="30 56" t="1"/>
		<b id="61" c="30 57" t="1"/>
		<b id="62" c="30 58" t="1"/>
	</bonds>
	<geometry>
		<g u="A" t="cart/3d">#58,3:0.1993,7.4133,2.0100;0.9191,6.7768,3.0014;0.6688,5.4417,3.3073;-0.2905,4.6981,2.6515;-1.0192,5.3275,1.6527;-0.7712,6.6865,1.3318;-1.6033,7.0718,0.3125;-2.4082,6.0067,-0.0211;-2.0710,4.8908,0.7805;-2.7314,3.6833,0.6106;-3.7242,3.5820,-0.3509;-4.0599,4.6985,-1.1210;-3.4148,5.9113,-0.9702;-4.4264,2.2469,-0.4971;-5.2951,2.0574,0.6657;-6.4885,2.8760,0.5356;-7.2152,2.6534,-0.7961;-6.3537,2.8860,-1.8912;-5.1990,2.0772,-1.8173;-5.5626,0.6694,1.0049;-6.1925,0.5681,2.3686;-7.3230,-0.2096,2.5864;-7.8776,-0.3127,3.8447;-7.3142,0.3692,4.9230;-6.1891,1.1589,4.7099;-5.6400,1.2493,3.4431;-7.9362,0.1970,6.1240;-7.4040,0.8411,7.2552;-1.6836,8.3925,-0.2522;-2.6591,9.2796,0.5202;1.6960,4.6171,4.6925;0.3962,8.4493,1.7816;1.6800,7.3134,3.5468;-0.4687,3.6653,2.9060;-2.4772,2.8294,1.2196;-4.8511,4.6195,-1.8491;-3.6993,6.7553,-1.5802;-3.6584,1.4639,-0.4639;-6.1726,3.9220,0.5959;-7.1573,2.6591,1.3699;-8.0423,3.3562,-0.9081;-7.6121,1.6275,-0.8471;-4.5737,2.3564,-2.6674;-5.4857,1.0184,-1.9260;-4.5965,0.1517,1.0242;-6.2008,0.1503,0.2710;-7.7744,-0.7455,1.7632;-8.7528,-0.9177,4.0213;-5.7308,1.7041,5.5200;-4.7718,1.8683,3.2769;-8.0410,0.5473,8.0881;-7.4294,1.9306,7.1482;-6.3768,0.5196,7.4556;-2.0033,8.3022,-1.2937;-0.6841,8.8360,-0.2425;-3.6551,8.8433,0.5066;-2.7029,10.2683,0.0714;-2.3407,9.3782,1.5554;</g>
	</geometry>
	<conformers>
		<g id="1" u="A" t="cart/3d">#58,3:2.9559,1.9032,-0.8901;3.8926,0.9011,-0.7325;3.4954,-0.4330,-0.6757;2.1735,-0.8167,-0.7746;1.2252,0.1826,-0.9354;1.6173,1.5449,-0.9936;0.5080,2.3288,-1.1678;-0.6029,1.5165,-1.1835;-0.2031,0.1683,-1.0450;-1.1514,-0.8402,-0.9862;-2.4955,-0.5148,-1.0618;-2.8702,0.8156,-1.2806;-1.9431,1.8380,-1.3354;-3.5223,-1.6041,-0.8294;-4.1383,-1.5781,0.4948;-5.1001,-0.5118,0.6706;-6.1667,-0.6446,-0.4177;-5.5867,-0.5717,-1.6984;-4.6507,-1.6059,-1.8780;-3.2673,-1.8665,1.6189;-2.0846,-0.9568,1.8806;-2.2287,0.4097,2.0991;-1.1299,1.2176,2.2981;0.1553,0.6793,2.3213;0.3087,-0.6916,2.1620;-0.8024,-1.4852,1.9355;1.1736,1.5680,2.5140;2.4739,1.0618,2.6979;0.4821,3.7670,-1.1508;0.2018,4.3012,0.2529;4.8374,-1.7749,-0.4264;3.2733,2.9338,-0.9233;4.9397,1.1475,-0.6459;1.8864,-1.8553,-0.7253;-0.8423,-1.8678,-0.8662;-3.9123,1.0494,-1.4301;-2.2664,2.8569,-1.4871;-3.0088,-2.5716,-0.9074;-4.6561,0.4925,0.6052;-5.5670,-0.6259,1.6521;-6.8886,0.1723,-0.3589;-6.6894,-1.6059,-0.3004;-4.2330,-1.4704,-2.8775;-5.1688,-2.5763,-1.8273;-2.8895,-2.8840,1.4669;-3.9082,-1.8815,2.5081;-3.2103,0.8553,2.1228;-1.2443,2.2785,2.4567;1.2835,-1.1513,2.2002;-0.6601,-2.5488,1.8027;2.5231,0.3914,3.5617;3.1063,1.9295,2.8799;2.8325,0.5369,1.8082;-0.2895,4.1099,-1.8467;1.4471,4.1333,-1.5093;-0.7953,4.0078,0.5712;0.2701,5.3858,0.2648;0.9183,3.8906,0.9606;</g>
		<g id="2" u="A" t="cart/3d">#58,3:2.9152,2.0128,-0.6592;3.8649,1.0131,-0.5871;3.4821,-0.3260,-0.6169;2.1630,-0.7180,-0.7235;1.2016,0.2789,-0.7982;1.5790,1.6457,-0.7605;0.4577,2.4276,-0.8342;-0.6418,1.6078,-0.9401;-0.2272,0.2571,-0.9023;-1.1643,-0.7633,-0.9256;-2.5116,-0.4476,-0.9877;-2.8996,0.8911,-1.1114;-1.9840,1.9250,-1.0828;-3.5290,-1.5612,-0.8461;-4.1547,-1.6401,0.4713;-5.1251,-0.5969,0.7210;-6.1838,-0.6554,-0.3817;-5.5966,-0.4834,-1.6497;-4.6508,-1.4939,-1.8997;-3.2917,-2.0139,1.5760;-2.0962,-1.1414,1.8987;-2.2153,0.2163,2.1787;-1.1030,0.9906,2.4287;0.1702,0.4233,2.4486;0.2976,-0.9412,2.2245;-0.8261,-1.6988,1.9431;1.2020,1.2790,2.7021;2.4914,0.7395,2.8658;0.4359,3.8654,-0.8508;0.5694,4.4169,-2.2698;4.8423,-1.6667,-0.4861;3.2197,3.0475,-0.6356;4.9111,1.2645,-0.5049;1.8883,-1.7608,-0.7458;-0.8443,-1.7936,-0.8805;-3.9427,1.1237,-1.2558;-2.3180,2.9481,-1.1685;-3.0055,-2.5152,-0.9925;-4.6892,0.4130,0.7352;-5.5975,-0.7880,1.6877;-6.9121,0.1499,-0.2672;-6.7001,-1.6264,-0.3397;-4.2285,-1.2809,-2.8835;-5.1610,-2.4695,-1.9247;-2.9274,-3.0246,1.3583;-3.9349,-2.0788,2.4610;-3.1874,0.6820,2.2061;-1.1963,2.0471,2.6265;1.2621,-1.4228,2.2534;-0.7036,-2.7571,1.7573;3.1388,1.5851,3.0927;2.8441,0.2525,1.9528;2.5238,0.0260,3.6954;1.2542,4.2317,-0.2249;-0.5051,4.1988,-0.4056;1.5070,4.0917,-2.7149;0.5475,5.5032,-2.2539;-0.2481,4.0584,-2.8908;</g>
		<g id="3" u="A" t="cart/3d">#58,3:2.9298,1.9592,-0.9721;3.8501,0.9840,-0.6425;3.4445,-0.3352,-0.4629;2.1319,-0.7333,-0.6035;1.1977,0.2395,-0.9246;1.5991,1.5860,-1.1112;0.4985,2.3510,-1.4071;-0.6155,1.5419,-1.3747;-0.2263,0.2131,-1.0910;-1.1793,-0.7879,-0.9846;-2.5204,-0.4679,-1.1245;-2.8837,0.8440,-1.4495;-1.9505,1.8545,-1.5780;-3.5644,-1.5361,-0.8602;-4.1642,-1.4824,0.4693;-5.0354,-0.3453,0.6577;-6.1438,-0.4318,-0.3949;-5.6072,-0.4355,-1.6969;-4.7212,-1.5147,-1.8780;-3.3460,-1.9026,1.5880;-2.0331,-1.1937,1.8427;-0.8604,-1.9385,1.9408;0.3570,-1.3329,2.1574;0.4438,0.0547,2.2627;-0.7211,0.8071,2.1914;-1.9419,0.1804,2.0006;1.6986,0.5584,2.4367;1.8542,1.9502,2.5324;0.4932,3.7659,-1.6661;0.2787,4.5830,-0.3921;4.7600,-1.6352,0.0050;3.2501,2.9817,-1.1032;4.8903,1.2428,-0.5174;1.8376,-1.7604,-0.4592;-0.8753,-1.8023,-0.7765;-3.9221,1.0729,-1.6285;-2.2671,2.8574,-1.8233;-3.0760,-2.5153,-0.9405;-4.5205,0.6228,0.5561;-5.4787,-0.4027,1.6544;-6.8077,0.4332,-0.3397;-6.7246,-1.3519,-0.2303;-4.3312,-1.4203,-2.8932;-5.2778,-2.4602,-1.7863;-3.1316,-2.9673,1.4356;-3.9760,-1.8200,2.4810;-0.9046,-3.0148,1.8466;1.2638,-1.9108,2.2415;-0.6967,1.8814,2.2894;-2.8328,0.7884,1.9683;2.9252,2.1222,2.6289;1.3417,2.3547,3.4120;1.4874,2.4545,1.6329;-0.3053,3.9799,-2.3821;1.4451,4.0382,-2.1301;-0.6494,4.2863,0.0914;0.2252,5.6417,-0.6315;1.0997,4.4265,0.3045;</g>
		<g id="4" u="A" t="cart/3d">#58,3:3.1220,1.7590,-1.0493;4.0303,0.7213,-1.1125;3.5900,-0.5969,-1.1961;2.2517,-0.9307,-1.2176;1.3306,0.1047,-1.1551;1.7675,1.4514,-1.0731;0.6762,2.2797,-1.0308;-0.4604,1.5049,-1.0296;-0.1016,0.1415,-1.1207;-1.0797,-0.8403,-1.1025;-2.4090,-0.4756,-0.9695;-2.7509,0.8811,-0.9470;-1.7951,1.8774,-0.9729;-3.4502,-1.5638,-0.8078;-3.9938,-1.7097,0.5407;-4.9319,-0.6721,0.9124;-6.0449,-0.6151,-0.1347;-5.5211,-0.3770,-1.4188;-4.6314,-1.4025,-1.7834;-3.0536,-2.0981,1.5797;-2.0380,-1.0717,2.0352;-0.6847,-1.2371,1.7550;0.2482,-0.3000,2.1411;-0.1462,0.8424,2.8358;-1.4877,1.0020,3.1559;-2.4126,0.0478,2.7637;0.8480,1.7188,3.1668;0.5400,2.7800,4.0372;0.7026,3.7076,-0.8620;0.5797,4.0949,0.6104;4.8958,-1.9906,-1.2785;3.4732,2.7767,-0.9769;5.0893,0.9276,-1.0935;1.9332,-1.9595,-1.2791;-0.8033,-1.8817,-1.1785;-3.7920,1.1607,-0.9353;-2.0921,2.9151,-0.9446;-2.9697,-2.5227,-1.0445;-4.4630,0.3200,0.9970;-5.3667,-0.9376,1.8800;-6.7344,0.2049,0.0753;-6.5964,-1.5677,-0.1301;-4.2613,-1.1484,-2.7785;-5.1772,-2.3579,-1.8294;-2.5248,-2.9821,1.2119;-3.6621,-2.4024,2.4398;-0.3514,-2.1255,1.2402;1.2954,-0.4310,1.9180;-1.8285,1.8573,3.7188;-3.4428,0.1818,3.0574;1.4828,3.2918,4.2253;0.1326,2.4144,4.9853;-0.1668,3.4849,3.5873;-0.1224,4.1409,-1.4357;1.6392,4.0883,-1.2763;-0.3723,3.7469,1.0048;0.6368,5.1744,0.7245;1.3781,3.6326,1.1859;</g>
		<g id="5" u="A" t="cart/3d">#58,3:3.1739,1.6857,-1.0776;4.0695,0.6365,-1.1340;3.6131,-0.6772,-1.2004;2.2709,-0.9951,-1.2107;1.3624,0.0519,-1.1554;1.8156,1.3944,-1.0912;0.7345,2.2360,-1.0545;-0.4113,1.4750,-1.0422;-0.0691,0.1063,-1.1172;-1.0591,-0.8632,-1.0860;-2.3839,-0.4807,-0.9575;-2.7092,0.8801,-0.9516;-1.7413,1.8643,-0.9891;-3.4393,-1.5543,-0.7888;-4.0070,-1.6691,0.5527;-4.9482,-0.6221,0.8888;-6.0387,-0.5732,-0.1818;-5.4870,-0.3600,-1.4586;-4.6011,-1.4000,-1.7887;-3.0839,-2.0340,1.6158;-2.0877,-0.9894,2.0721;-2.4867,0.1286,2.7900;-1.5817,1.1026,3.1799;-0.2358,0.9650,2.8678;0.1831,-0.1753,2.1840;-0.7303,-1.1326,1.8009;0.7407,1.8616,3.1972;0.4031,2.9389,4.0360;0.7770,3.6658,-0.9056;0.6423,4.0766,0.5593;4.9018,-2.0871,-1.2751;3.5378,2.6999,-1.0188;5.1309,0.8304,-1.1235;1.9398,-2.0206,-1.2591;-0.7953,-1.9090,-1.1483;-3.7467,1.1727,-0.9442;-2.0256,2.9058,-0.9731;-2.9651,-2.5227,-0.9984;-4.4761,0.3686,0.9715;-5.4050,-0.8730,1.8503;-6.7255,0.2554,0.0013;-6.5982,-1.5211,-0.1736;-4.2105,-1.1675,-2.7812;-5.1553,-2.3509,-1.8276;-2.5406,-2.9188,1.2724;-3.7064,-2.3294,2.4689;-3.5210,0.2458,3.0770;-1.9413,1.9557,3.7343;1.2336,-0.2891,1.9670;-0.3779,-2.0188,1.2950;-0.0077,2.5909,4.9892;-0.3121,3.6177,3.5596;1.3336,3.4739,4.2202;-0.0360,4.1012,-1.4949;1.7228,4.0285,-1.3148;0.7130,5.1569,0.6577;1.4266,3.6123,1.1523;-0.3187,3.7477,0.9477;</g>
		<g id="6" u="A" t="cart/3d">#58,3:3.3256,1.6101,-1.2503;4.1831,0.5682,-1.5418;3.6980,-0.7316,-1.6608;2.3634,-1.0422,-1.5010;1.4924,-0.0020,-1.2100;1.9761,1.3246,-1.0824;0.9304,2.1660,-0.8049;-0.2225,1.4196,-0.7269;0.0790,0.0616,-0.9807;-0.9232,-0.8957,-0.9484;-2.2256,-0.5144,-0.6692;-2.5151,0.8408,-0.4792;-1.5319,1.8100,-0.4886;-3.2944,-1.5876,-0.5987;-3.9727,-1.7706,0.6808;-5.0029,-0.7986,0.9830;-5.9667,-0.6884,-0.1978;-5.2822,-0.3714,-1.3850;-4.3607,-1.3846,-1.6937;-3.1147,-2.1056,1.8090;-2.2805,-0.9722,2.3591;-2.8531,0.0238,3.1369;-2.1263,1.1281,3.5508;-0.7891,1.2463,3.1990;-0.1864,0.2192,2.4736;-0.9234,-0.8716,2.0688;0.0135,2.3055,3.5195;-0.5250,3.3422,4.3034;1.0532,3.5753,-0.5413;1.5440,3.8438,0.8804;4.9352,-2.1323,-2.0636;3.7086,2.6148,-1.1603;5.2368,0.7565,-1.6781;2.0101,-2.0566,-1.6008;-0.6840,-1.9334,-1.1340;-3.5389,1.1475,-0.3438;-1.7922,2.8440,-0.3191;-2.8034,-2.5479,-0.8107;-4.5992,0.1983,1.2155;-5.5534,-1.1584,1.8578;-6.6897,0.1126,-0.0315;-6.5016,-1.6426,-0.3230;-3.8807,-1.0921,-2.6295;-4.8988,-2.3344,-1.8405;-2.4601,-2.9184,1.4836;-3.7755,-2.4898,2.5945;-3.8853,-0.0590,3.4441;-2.6165,1.8827,4.1461;0.8630,0.3002,2.2369;-0.4350,-1.6614,1.5189;0.2854,4.0558,4.4457;-0.8590,2.9764,5.2792;-1.3593,3.8388,3.7966;0.0753,4.0370,-0.6943;1.7489,4.0079,-1.2682;0.8833,3.3731,1.6036;1.5742,4.9137,1.0693;2.5424,3.4365,1.0205;</g>
		<g id="7" u="A" t="cart/3d">#58,3:2.8732,2.2658,-2.1716;3.8236,1.7091,-1.3377;3.4821,0.6790,-0.4651;2.2050,0.1637,-0.3927;1.2458,0.7162,-1.2272;1.5760,1.7706,-2.1151;0.4547,2.1431,-2.8126;-0.6080,1.3854,-2.3708;-0.1541,0.4684,-1.3960;-1.0342,-0.4157,-0.7946;-2.3781,-0.3675,-1.1270;-2.8128,0.5315,-2.1074;-1.9459,1.4045,-2.7392;-3.3291,-1.2676,-0.3658;-4.0367,-0.6032,0.7373;-5.1165,0.2502,0.2760;-6.0663,-0.5512,-0.6102;-5.3880,-1.1064,-1.7104;-4.3627,-1.9610,-1.2677;-3.1700,0.1291,1.6513;-2.0644,-0.7010,2.2405;-2.2960,-1.9989,2.6849;-1.2722,-2.7563,3.2117;0.0168,-2.2300,3.3237;0.2493,-0.9250,2.9058;-0.7868,-0.1787,2.3691;0.9597,-3.0628,3.8451;2.2779,-2.5863,3.9785;0.3768,3.2182,-3.7652;0.0643,4.5524,-3.0885;4.8299,-0.0377,0.6867;3.1469,3.0691,-2.8381;4.8382,2.0765,-1.3553;1.9534,-0.6338,0.2886;-0.6739,-1.1265,-0.0674;-3.8518,0.5276,-2.3980;-2.3154,2.0830,-3.4935;-2.7279,-2.0603,0.0968;-4.7420,1.1277,-0.2792;-5.6635,0.6104,1.1518;-6.8485,0.0913,-1.0192;-6.5262,-1.3540,-0.0141;-3.8742,-2.3458,-2.1649;-4.8053,-2.7987,-0.7067;-3.8155,0.4808,2.4665;-2.7331,1.0216,1.1685;-3.2900,-2.4117,2.6031;-1.4417,-3.7669,3.5488;1.2282,-0.4790,2.9875;-0.5852,0.8295,2.0347;2.8465,-3.4093,4.4081;2.3282,-1.7237,4.6505;2.7127,-2.3173,3.0107;-0.4015,2.9764,-4.4939;1.3305,3.2808,-4.2966;-0.8879,4.4949,-2.5663;0.0103,5.3454,-3.8294;0.8388,4.7997,-2.3660;</g>
		<g id="8" u="A" t="cart/3d">#58,3:2.7529,2.6393,-2.3859;3.7636,2.2273,-1.5402;3.5228,1.2557,-0.5720;2.2888,0.6602,-0.4108;1.2677,1.0659,-1.2577;1.4982,2.0605,-2.2416;0.3343,2.3006,-2.9267;-0.6434,1.4663,-2.4334;-0.1082,0.6841,-1.3842;-0.9058,-0.2291,-0.7122;-2.2402,-0.3565,-1.0660;-2.7513,0.4128,-2.1174;-1.9702,1.3181,-2.8107;-3.1100,-1.2958,-0.2552;-3.8141,-0.6453,0.8571;-4.8958,0.2018,0.3925;-5.8656,-0.6434,-0.4315;-5.2193,-1.2424,-1.5284;-4.1516,-2.0510,-1.0955;-2.9386,0.0449,1.7906;-1.9692,-0.8902,2.4604;-0.6476,-0.5162,2.6789;0.2353,-1.3721,3.3025;-0.1831,-2.6342,3.7257;-1.5043,-3.0130,3.5149;-2.3814,-2.1415,2.8922;0.7674,-3.4046,4.3258;0.4057,-4.6834,4.7843;0.1871,3.1915,-4.0463;0.5056,2.4942,-5.3683;4.9624,0.7326,0.5713;2.9496,3.3909,-3.1347;4.7493,2.6578,-1.6266;2.1216,-0.0928,0.3436;-0.4896,-0.8341,0.0794;-3.7798,0.2789,-2.4136;-2.3942,1.8876,-3.6242;-2.4537,-2.0482,0.1999;-4.5330,1.0510,-0.2115;-5.4215,0.6004,1.2642;-6.6661,-0.0267,-0.8444;-6.2990,-1.4226,0.2140;-3.6873,-2.4533,-1.9979;-4.5469,-2.8803,-0.4887;-3.5866,0.4842,2.5589;-2.3861,0.8719,1.3120;-0.3072,0.4581,2.3573;1.2616,-1.0883,3.4753;-1.8632,-3.9795,3.8325;-3.4065,-2.4380,2.7289;0.0704,-5.3263,3.9635;-0.3774,-4.6310,5.5479;1.3084,-5.1048,5.2240;0.8550,4.0451,-3.9011;-0.8407,3.5640,-4.0573;1.5294,2.1274,-5.3639;0.3849,3.1870,-6.1967;-0.1621,1.6488,-5.5172;</g>
		<g id="9" u="A" t="cart/3d">#58,3:2.8173,2.4023,-2.5760;3.8156,2.0350,-1.6958;3.5586,1.1202,-0.6776;2.3194,0.5415,-0.4969;1.3105,0.9027,-1.3780;1.5595,1.8339,-2.4178;0.4119,2.0198,-3.1459;-0.5894,1.2591,-2.5857;-0.0700,0.5328,-1.4893;-0.8851,-0.3229,-0.7646;-2.2227,-0.4425,-1.1091;-2.7209,0.2785,-2.2001;-1.9222,1.1242,-2.9465;-3.1091,-1.3178,-0.2461;-3.7874,-0.5966,0.8383;-4.8490,0.2564,0.3399;-5.8481,-0.6020,-0.4341;-5.2275,-1.2716,-1.5046;-4.1772,-2.0857,-1.0404;-2.8876,0.1107,1.7349;-1.9425,-0.8205,2.4439;-0.6107,-0.4734,2.6449;0.2504,-1.3259,3.3027;-0.2007,-2.5577,3.7787;-1.5323,-2.9089,3.5862;-2.3873,-2.0407,2.9289;0.7304,-3.3281,4.4084;0.3359,-4.5773,4.9186;0.2548,2.9292,-4.2492;-0.1533,4.3248,-3.7787;4.9806,0.6596,0.5136;3.0241,3.1165,-3.3580;4.8030,2.4597,-1.7911;2.1386,-0.1640,0.2990;-0.4800,-0.8893,0.0605;-3.7549,0.1562,-2.4817;-2.3386,1.6627,-3.7847;-2.4681,-2.0639,0.2399;-4.4683,1.0639,-0.3086;-5.3564,0.7123,1.1940;-6.6356,0.0150,-0.8712;-6.2965,-1.3362,0.2526;-3.7313,-2.5438,-1.9253;-4.5884,-2.8736,-0.3905;-3.5186,0.6040,2.4843;-2.3137,0.8980,1.2161;-0.2452,0.4773,2.2826;1.2843,-1.0630,3.4620;-1.9164,-3.8511,3.9446;-3.4204,-2.3159,2.7798;1.2282,-5.0048,5.3733;-0.0190,-5.2433,4.1251;-0.4433,-4.4732,5.6810;-0.5045,2.5242,-4.9236;1.2007,2.9787,-4.7955;-1.0983,4.2793,-3.2426;-0.2653,4.9901,-4.6306;0.6018,4.7336,-3.1112;</g>
		<g id="10" u="A" t="cart/3d">#58,3:2.9503,2.2637,-2.2478;3.8406,1.8603,-1.2716;3.4455,0.9643,-0.2815;2.1711,0.4405,-0.2243;1.2710,0.8408,-1.1995;1.6585,1.7525,-2.2135;0.5943,1.9796,-3.0487;-0.4889,1.2664,-2.5830;-0.1060,0.5291,-1.4389;-1.0182,-0.2828,-0.7867;-2.3171,-0.3557,-1.2612;-2.6889,0.3831,-2.3867;-1.7900,1.1919,-3.0590;-3.2884,-1.2018,-0.4678;-3.6753,-0.4375,0.7192;-4.7137,0.5241,0.4168;-5.9029,-0.1007,-0.3206;-5.4694,-0.7065,-1.5197;-4.5091,-1.7069,-1.2582;-3.8451,-1.2411,1.9163;-2.4847,-1.6998,2.3776;-2.1644,-3.0437,2.5207;-0.8921,-3.4315,2.8879;0.1018,-2.4790,3.1162;-0.2136,-1.1305,2.9788;-1.4948,-0.7564,2.6143;1.3261,-2.9658,3.4579;2.3739,-2.0558,3.6961;0.5785,2.8935,-4.1594;0.1835,4.3044,-3.7249;4.7148,0.4504,1.0540;3.2658,2.9621,-3.0075;4.8498,2.2425,-1.2705;1.8770,-0.2539,0.5470;-0.7269,-0.8445,0.0871;-3.7067,0.3256,-2.7404;-2.1082,1.7520,-3.9256;-2.7404,-2.0837,-0.1170;-4.2687,1.2886,-0.2302;-5.0472,0.9985,1.3414;-6.6307,0.6598,-0.6088;-6.3972,-0.8495,0.3192;-4.1982,-2.0956,-2.2296;-4.9852,-2.5223,-0.6884;-4.5070,-2.1116,1.7743;-4.2914,-0.6013,2.6837;-2.9176,-3.7985,2.3420;-0.6372,-4.4737,2.9987;0.5282,-0.3656,3.1492;-1.7305,0.2898,2.4904;2.1407,-1.3797,4.5246;2.6135,-1.4681,2.8048;3.2379,-2.6629,3.9604;-0.1298,2.5186,-4.9031;1.5729,2.9050,-4.6142;0.8893,4.6838,-2.9896;-0.8078,4.2956,-3.2778;0.1764,4.9729,-4.5815;</g>
		<g id="11" u="A" t="cart/3d">#58,3:3.1549,2.1160,-3.2363;4.2097,1.2759,-2.9411;3.9884,0.0731,-2.2753;2.7307,-0.3359,-1.8827;1.6631,0.5005,-2.1753;1.8770,1.7267,-2.8548;0.6754,2.3623,-3.0348;-0.3140,1.5963,-2.4620;0.2536,0.4184,-1.9236;-0.5509,-0.5256,-1.3020;-1.9159,-0.3018,-1.2065;-2.4611,0.8673,-1.7501;-1.6804,1.8191,-2.3768;-2.7722,-1.3093,-0.4630;-2.9215,-1.0226,0.9652;-3.7628,0.1347,1.2016;-5.1336,-0.1286,0.5828;-5.0308,-0.3798,-0.7992;-4.1835,-1.4752,-1.0506;-1.6678,-0.9607,1.6947;-1.9149,-1.0448,3.1769;-1.3130,-0.1680,4.0628;-1.5341,-0.2584,5.4282;-2.3808,-1.2392,5.9283;-2.9959,-2.1227,5.0385;-2.7616,-2.0260,3.6854;-2.6752,-1.4227,7.2468;-2.0753,-0.5734,8.1931;0.4907,3.6572,-3.6334;0.6094,4.7783,-2.6017;5.4903,-1.0465,-1.8942;3.3355,3.0488,-3.7479;5.2145,1.5497,-3.2234;2.5829,-1.2708,-1.3653;-0.1120,-1.4287,-0.9035;-3.5267,1.0230,-1.6947;-2.1355,2.7080,-2.7873;-2.2780,-2.2880,-0.5300;-3.3288,1.0567,0.7776;-3.8694,0.2661,2.2805;-5.7855,0.7404,0.6887;-5.5913,-0.9942,1.0846;-4.1316,-1.5789,-2.1362;-4.6277,-2.3850,-0.6183;-1.0907,-0.0489,1.4627;-1.0689,-1.8249,1.3880;-0.6540,0.6030,3.6888;-1.0418,0.4417,6.0848;-3.6518,-2.8785,5.4409;-3.2409,-2.7075,2.9998;-2.3640,0.4714,8.0370;-0.9835,-0.6552,8.1731;-2.4427,-0.9057,9.1629;-0.4965,3.6821,-4.1025;1.2413,3.7874,-4.4177;1.5921,4.7602,-2.1359;-0.1420,4.6554,-1.8253;0.4655,5.7439,-3.0788;</g>
		<g id="12" u="A" t="cart/3d">#58,3:3.2109,2.0553,-3.2863;4.2466,1.1875,-3.0033;4.0028,-0.0049,-2.3269;2.7410,-0.3758,-1.9103;1.6925,0.4884,-2.1907;1.9291,1.7039,-2.8818;0.7427,2.3712,-3.0472;-0.2583,1.6361,-2.4546;0.2853,0.4467,-1.9165;-0.5350,-0.4711,-1.2767;-1.8919,-0.2101,-1.1631;-2.4136,0.9695,-1.7070;-1.6169,1.8961,-2.3512;-2.7642,-1.1903,-0.4021;-2.8923,-0.8893,1.0253;-3.7046,0.2891,1.2606;-5.0871,0.0529,0.6572;-5.0042,-0.2109,-0.7237;-4.1848,-1.3274,-0.9748;-1.6291,-0.8475,1.7408;-1.8638,-0.9139,3.2259;-2.6963,-1.8901,3.7528;-2.9306,-1.9785,5.1136;-2.3196,-1.0793,5.9810;-1.4810,-0.0958,5.4569;-1.2616,-0.0154,4.0978;-2.4720,-1.0704,7.3361;-3.2974,-2.0444,7.9253;0.5841,3.6671,-3.6513;0.7484,4.7909,-2.6288;5.4785,-1.1645,-1.9641;3.4090,2.9797,-3.8065;5.2538,1.4313,-3.3043;2.5757,-1.3035,-1.3852;-0.1146,-1.3829,-0.8781;-3.4739,1.1541,-1.6380;-2.0536,2.7953,-2.7591;-2.2941,-2.1810,-0.4659;-3.2539,1.1975,0.8252;-3.7970,0.4316,2.3395;-5.7177,0.9375,0.7629;-5.5600,-0.7984,1.1698;-4.1460,-1.4400,-2.0601;-4.6460,-2.2235,-0.5317;-1.0373,0.0511,1.4956;-1.0512,-1.7256,1.4339;-3.1752,-2.5855,3.0805;-3.5863,-2.7508,5.4841;-1.0145,0.5968,6.1396;-0.6109,0.7547,3.7087;-2.9285,-3.0566,7.7301;-4.3320,-1.9610,7.5761;-3.2637,-1.8506,8.9964;-0.4090,3.7161,-4.1058;1.3261,3.7719,-4.4475;0.6236,5.7572,-3.1099;1.7371,4.7488,-2.1776;0.0059,4.6932,-1.8403;</g>
		<g id="13" u="A" t="cart/3d">#58,3:2.9525,2.2731,-2.5178;3.8718,1.9883,-1.5278;3.5181,1.1867,-0.4453;2.2569,0.6456,-0.3042;1.3263,0.9259,-1.2942;1.6754,1.7381,-2.4028;0.5946,1.8542,-3.2393;-0.4616,1.1646,-2.6878;-0.0471,0.5578,-1.4791;-0.9334,-0.2101,-0.7407;-2.2314,-0.3713,-1.1976;-2.6315,0.2412,-2.3877;-1.7626,1.0071,-3.1425;-3.1779,-1.1785,-0.3357;-3.6039,-0.3357,0.7840;-4.6445,0.5849,0.3741;-5.8135,-0.1183,-0.3244;-5.3555,-0.8329,-1.4525;-4.3770,-1.7834,-1.0890;-3.8473,-1.0683,2.0144;-2.5352,-1.5831,2.5461;-2.3285,-2.9230,2.8238;-1.1030,-3.3836,3.2810;-0.0521,-2.4930,3.4596;-0.2552,-1.1390,3.1802;-1.4788,-0.6948,2.7329;1.1949,-2.8278,3.8920;1.4659,-4.1742,4.1922;0.5416,2.6475,-4.4380;0.1184,4.0865,-4.1451;4.8360,0.8317,0.8923;3.2340,2.8989,-3.3507;4.8719,2.3893,-1.5874;2.0007,0.0282,0.5424;-0.6216,-0.6734,0.1830;-3.6479,0.1179,-2.7278;-2.1021,1.4697,-4.0572;-2.6055,-2.0105,0.0906;-4.1922,1.2918,-0.3296;-5.0010,1.1370,1.2457;-6.5406,0.6050,-0.6976;-6.3168,-0.8057,0.3744;-4.0457,-2.2521,-2.0174;-4.8419,-2.5546,-0.4527;-4.5566,-1.9050,1.8993;-4.2757,-0.3631,2.7340;-3.1337,-3.6316,2.6848;-0.9835,-4.4357,3.4872;0.5691,-0.4586,3.3265;-1.6296,0.3496,2.5070;2.5063,-4.2007,4.5123;1.3424,-4.8158,3.3133;0.8286,-4.5422,5.0031;-0.1668,2.1816,-5.1281;1.5293,2.6346,-4.9071;0.8241,4.5555,-3.4634;-0.8666,4.1014,-3.6845;0.0843,4.6627,-5.0657;</g>
		<g id="14" u="A" t="cart/3d">#58,3:2.8841,2.3867,-2.5313;3.8130,2.1396,-1.5400;3.4888,1.3288,-0.4552;2.2486,0.7415,-0.3130;1.3085,0.9835,-1.3042;1.6280,1.8047,-2.4151;0.5443,1.8777,-3.2528;-0.4858,1.1510,-2.6996;-0.0502,0.5639,-1.4885;-0.9086,-0.2332,-0.7478;-2.1994,-0.4435,-1.2053;-2.6201,0.1490,-2.3985;-1.7793,0.9437,-3.1553;-3.1182,-1.2808,-0.3420;-3.5770,-0.4496,0.7736;-4.6428,0.4371,0.3530;-5.7862,-0.3052,-0.3476;-5.3015,-1.0130,-1.4689;-4.2938,-1.9291,-1.0963;-3.8147,-1.1892,2.0011;-2.4994,-1.6801,2.5468;-1.4559,-0.7766,2.7332;-0.2328,-1.1997,3.2019;-0.0177,-2.5467,3.5049;-1.0553,-3.4525,3.3252;-2.2802,-3.0134,2.8458;1.2266,-2.8601,3.9607;1.5065,-4.1976,4.2914;0.4620,2.6661,-4.4530;-0.0159,4.0885,-4.1630;4.8182,1.0277,0.8841;3.1425,3.0198,-3.3662;4.7975,2.5771,-1.6006;2.0154,0.1174,0.5354;-0.5810,-0.6816,0.1777;-3.6306,-0.0132,-2.7396;-2.1347,1.3898,-4.0721;-2.5181,-2.0907,0.0889;-4.2083,1.1537,-0.3518;-5.0208,0.9825,1.2197;-6.5324,0.3938,-0.7293;-6.2728,-1.0027,0.3529;-3.9438,-2.3914,-2.0210;-4.7354,-2.7119,-0.4578;-4.5067,-2.0393,1.8794;-4.2634,-0.4934,2.7177;-1.6172,0.2628,2.4918;0.5816,-0.5075,3.3487;-0.9262,-4.5000,3.5484;-3.0751,-3.7335,2.7071;1.4053,-4.8571,3.4230;0.8591,-4.5569,5.0981;2.5414,-4.2067,4.6300;-0.2279,2.1723,-5.1425;1.4496,2.6898,-4.9216;-1.0009,4.0669,-3.7028;-0.0714,4.6613,-5.0848;0.6712,4.5853,-3.4820;</g>
		<g id="15" u="A" t="cart/3d">#58,3:2.8774,2.3682,-1.9580;3.7822,1.8698,-1.0412;3.4029,0.8752,-0.1434;2.1304,0.3438,-0.1203;1.2179,0.8320,-1.0440;1.5900,1.8450,-1.9634;0.5186,2.1454,-2.7667;-0.5532,1.3738,-2.3747;-0.1565,0.5286,-1.3127;-1.0539,-0.3666,-0.7561;-2.3507,-0.4145,-1.2402;-2.7360,0.4325,-2.2816;-1.8523,1.3257,-2.8604;-3.3116,-1.3588,-0.5512;-3.8182,-0.6929,0.6466;-4.9484,0.1651,0.3773;-6.0315,-0.5280,-0.4560;-5.4847,-0.9802,-1.6761;-4.4439,-1.9027,-1.4433;-3.8321,-1.5144,1.8420;-2.3975,-1.6563,2.2853;-1.6898,-0.5087,2.6361;-0.3408,-0.5629,2.8983;0.3481,-1.7761,2.8118;-0.3558,-2.9314,2.4965;-1.7167,-2.8604,2.2337;1.6895,-1.7063,3.0325;2.4621,-2.8757,2.9148;0.4885,3.1662,-3.7795;0.0806,4.5219,-3.2040;4.6980,0.2216,1.0978;3.1788,3.1448,-2.6441;4.7903,2.2540,-1.0140;1.8515,-0.4148,0.5932;-0.7471,-1.0133,0.0507;-3.7503,0.3858,-2.6473;-2.1788,1.9667,-3.6656;-2.7258,-2.2222,-0.2176;-4.5777,1.0265,-0.1914;-5.3651,0.5228,1.3202;-6.8322,0.1659,-0.7177;-6.4563,-1.3788,0.1013;-4.0525,-2.1778,-2.4245;-4.8653,-2.8030,-0.9647;-4.2902,-2.5058,1.6895;-4.4066,-0.9884,2.6089;-2.2082,0.4369,2.6713;0.2174,0.3238,3.1546;0.1411,-3.8874,2.4372;-2.2455,-3.7676,1.9744;3.4916,-2.5628,3.0821;2.3772,-3.3154,1.9153;2.1803,-3.6218,3.6649;-0.2187,2.8606,-4.5553;1.4809,3.2343,-4.2338;-0.9089,4.4574,-2.7576;0.0635,5.2735,-3.9887;0.7850,4.8325,-2.4359;</g>
		<g id="16" u="A" t="cart/3d">#58,3:3.3773,2.1206,-3.7589;4.5618,1.7534,-3.1520;4.5497,0.9929,-1.9858;3.3802,0.5748,-1.3853;2.1839,0.9373,-1.9873;2.1846,1.7089,-3.1773;0.8918,1.9229,-3.5807;0.0460,1.3363,-2.6670;0.8079,0.6983,-1.6604;0.1752,0.0181,-0.6306;-1.2090,-0.0310,-0.5987;-1.9478,0.6141,-1.5943;-1.3398,1.2978,-2.6298;-1.8687,-0.7514,0.5626;-1.8177,0.1341,1.7228;-2.8655,1.1323,1.6803;-4.2542,0.5444,1.3986;-4.2444,-0.1998,0.1984;-3.2965,-1.2437,0.2609;-1.5214,-0.4684,3.0094;-2.5705,-1.3835,3.5984;-3.5660,-0.8844,4.4343;-4.5509,-1.7066,4.9367;-4.5680,-3.0658,4.6196;-3.5688,-3.5786,3.8011;-2.5849,-2.7390,3.3049;-5.5855,-3.7903,5.1629;-5.6525,-5.1675,4.8863;0.4840,2.7147,-4.7102;0.3182,4.1873,-4.3369;6.2224,0.5162,-1.1929;3.3950,2.7141,-4.6599;5.5051,2.0575,-3.5786;3.3945,-0.0116,-0.4802;0.7559,-0.4650,0.1404;-3.0249,0.5827,-1.5532;-1.9397,1.7884,-3.3815;-1.2613,-1.6334,0.7930;-2.6160,1.8275,0.8695;-2.8753,1.6837,2.6211;-4.9870,1.3406,1.2537;-4.5771,-0.0998,2.2297;-3.3271,-1.7415,-0.7106;-3.5991,-1.9600,1.0407;-1.3336,0.3577,3.7024;-0.5857,-1.0236,2.8879;-3.5670,0.1643,4.6963;-5.3232,-1.3220,5.5841;-3.5408,-4.6260,3.5444;-1.8111,-3.1595,2.6775;-5.7715,-5.3579,3.8146;-6.5316,-5.5319,5.4153;-4.7660,-5.6953,5.2532;-0.4610,2.3149,-5.0875;1.2349,2.6088,-5.4980;1.2579,4.5906,-3.9668;-0.4328,4.2950,-3.5578;0.0079,4.7620,-5.2053;</g>
		<g id="17" u="A" t="cart/3d">#58,3:3.3944,2.0755,-3.7965;4.5743,1.6144,-3.2476;4.5549,0.7954,-2.1217;3.3824,0.4095,-1.5057;2.1906,0.8665,-2.0495;2.1986,1.6983,-3.1982;0.9082,2.0024,-3.5477;0.0587,1.4151,-2.6377;0.8139,0.6850,-1.6904;0.1755,-0.0132,-0.6764;-1.2077,0.0107,-0.6015;-1.9391,0.7466,-1.5379;-1.3253,1.4499,-2.5567;-1.8704,-0.7336,0.5429;-1.7256,0.0823,1.7457;-2.7118,1.1408,1.7958;-4.1422,0.6505,1.5370;-4.2195,-0.0240,0.2993;-3.3348,-1.1240,0.2693;-1.4214,-0.6046,2.9872;-2.5051,-1.4809,3.5726;-3.4250,-0.9700,4.4764;-4.4495,-1.7491,4.9882;-4.5686,-3.0782,4.5992;-3.6376,-3.6063,3.7036;-2.6231,-2.8184,3.2044;-5.5322,-3.9384,5.0311;-6.4924,-3.4687,5.9448;0.5114,2.8720,-4.6226;0.4390,4.3304,-4.1717;6.2216,0.1903,-1.4076;3.4180,2.7134,-4.6665;5.5199,1.8892,-3.6887;3.3911,-0.2233,-0.6324;0.7512,-0.5674,0.0493;-3.0145,0.7722,-1.4625;-1.9193,2.0111,-3.2623;-1.3103,-1.6611,0.7031;-2.4501,1.8634,1.0133;-2.6550,1.6399,2.7638;-4.8315,1.4943,1.4648;-4.4718,-0.0206,2.3439;-3.4292,-1.5635,-0.7259;-3.6535,-1.8643,1.0194;-1.1535,0.1706,3.7121;-0.5298,-1.2115,2.8004;-3.3449,0.0603,4.7947;-5.1421,-1.3087,5.6884;-3.7317,-4.6422,3.4184;-1.9066,-3.2512,2.5204;-6.0300,-3.1407,6.8817;-7.1474,-4.3152,6.1451;-7.0823,-2.6480,5.5234;-0.4652,2.5437,-4.9883;1.2313,2.7663,-5.4388;-0.2815,4.4382,-3.3643;0.1355,4.9648,-5.0001;1.4103,4.6627,-3.8127;</g>
		<g id="18" u="A" t="cart/3d">#58,3:3.1412,2.0386,-3.0495;4.1483,1.3125,-2.4455;3.8421,0.2307,-1.6243;2.5447,-0.1666,-1.3746;1.5249,0.5555,-1.9772;1.8253,1.6583,-2.8168;0.6585,2.1959,-3.2958;-0.3979,1.4917,-2.7645;0.0949,0.4482,-1.9459;-0.7844,-0.4158,-1.3119;-2.1487,-0.2435,-1.4844;-2.6211,0.8020,-2.2808;-1.7632,1.6724,-2.9268;-3.0662,-1.1961,-0.7434;-2.9262,-0.9193,0.6857;-3.6369,0.2992,1.0326;-5.0967,0.2834,0.5634;-5.1812,0.0553,-0.8282;-4.5377,-1.1484,-1.1881;-3.1985,-2.0358,1.5723;-2.6155,-1.7706,2.9361;-3.3200,-2.0672,4.0960;-2.7644,-1.8382,5.3373;-1.4835,-1.2977,5.4497;-0.7761,-0.9905,4.2923;-1.3436,-1.2304,3.0536;-1.0268,-1.1102,6.7206;0.2635,-0.5797,6.8985;0.5512,3.3637,-4.1289;0.4789,4.6449,-3.2991;5.2802,-0.7314,-0.8115;3.3867,2.8787,-3.6805;5.1806,1.5830,-2.6055;2.3304,-1.0070,-0.7333;-0.4151,-1.2131,-0.6853;-3.6839,0.9491,-2.3860;-2.1596,2.4723,-3.5339;-2.7011,-2.2157,-0.9205;-3.1182,1.1298,0.5435;-3.5892,0.4388,2.1137;-5.5715,1.2496,0.7409;-5.6617,-0.4942,1.1010;-4.6178,-1.2289,-2.2737;-5.0707,-1.9997,-0.7333;-2.7076,-2.9185,1.1464;-4.2709,-2.2716,1.6729;-4.3146,-2.4852,4.0293;-3.3050,-2.0684,6.2418;0.2150,-0.5676,4.3414;-0.7984,-0.9822,2.1560;0.4150,-0.5281,7.9756;0.3480,0.4260,6.4736;1.0291,-1.2260,6.4568;-0.3462,3.2653,-4.7455;1.4175,3.3957,-4.7953;-0.3859,4.6174,-2.6404;0.3961,5.5103,-3.9511;1.3731,4.7499,-2.6888;</g>
		<g id="19" u="A" t="cart/3d">#58,3:3.1566,2.0332,-3.0770;4.1678,1.2889,-2.5032;3.8668,0.1975,-1.6926;2.5706,-0.1914,-1.4242;1.5465,0.5492,-1.9965;1.8417,1.6616,-2.8253;0.6713,2.2163,-3.2753;-0.3816,1.5129,-2.7360;0.1164,0.4536,-1.9412;-0.7591,-0.4133,-1.3057;-2.1247,-0.2295,-1.4549;-2.6017,0.8315,-2.2280;-1.7479,1.7060,-2.8737;-3.0398,-1.1874,-0.7180;-2.9119,-0.9108,0.7125;-3.6383,0.2992,1.0569;-5.0949,0.2679,0.5792;-5.1681,0.0438,-0.8136;-4.5084,-1.1508,-1.1744;-3.1809,-2.0332,1.5932;-2.6328,-1.7582,2.9692;-3.3637,-2.0533,4.1131;-2.8409,-1.8123,5.3663;-1.5678,-1.2604,5.5070;-0.8338,-0.9555,4.3655;-1.3682,-1.2078,3.1146;-1.1450,-1.0601,6.7876;0.1342,-0.5134,6.9944;0.5591,3.3959,-4.0907;0.5085,4.6662,-3.2427;5.3108,-0.7911,-0.9232;3.3982,2.8804,-3.7002;5.1995,1.5517,-2.6792;2.3605,-1.0393,-0.7916;-0.3853,-1.2224,-0.6972;-3.6651,0.9857,-2.3160;-2.1479,2.5178,-3.4623;-2.6664,-2.2043,-0.8926;-3.1257,1.1361,0.5722;-3.5986,0.4379,2.1384;-5.5821,1.2279,0.7571;-5.6539,-0.5181,1.1109;-4.5776,-1.2251,-2.2612;-5.0369,-2.0101,-0.7296;-2.6639,-2.9054,1.1767;-4.2504,-2.2901,1.6707;-4.3529,-2.4798,4.0244;-3.4020,-2.0412,6.2585;0.1526,-0.5247,4.4367;-0.8024,-0.9617,2.2292;0.2568,-0.4512,8.0746;0.2183,0.4895,6.5631;0.9182,-1.1546,6.5785;-0.3485,3.3119,-4.6945;1.4152,3.4313,-4.7700;1.4129,4.7573,-2.6455;-0.3458,4.6352,-2.5706;0.4209,5.5408,-3.8816;</g>
		<g id="20" u="A" t="cart/3d">#58,3:3.1587,2.0320,-3.1917;4.1845,1.2763,-2.6599;3.9048,0.1784,-1.8505;2.6163,-0.2051,-1.5408;1.5776,0.5466,-2.0710;1.8511,1.6646,-2.8995;0.6693,2.2285,-3.3067;-0.3688,1.5251,-2.7399;0.1495,0.4576,-1.9695;-0.7091,-0.4099,-1.3120;-2.0778,-0.2198,-1.4170;-2.5746,0.8475,-2.1690;-1.7380,1.7238,-2.8343;-2.9752,-1.1757,-0.6565;-2.8337,-0.8802,0.7690;-3.5698,0.3252,1.1081;-5.0321,0.2700,0.6505;-5.1206,0.0305,-0.7388;-4.4493,-1.1585,-1.0974;-3.0788,-1.9961,1.6647;-2.5333,-1.6925,3.0354;-3.2564,-1.9748,4.1813;-2.7422,-1.7097,5.4411;-1.4806,-1.1428,5.5673;-0.7500,-0.8488,4.4137;-1.2700,-1.1232,3.1692;-0.8744,-0.8358,6.7491;-1.5552,-1.1172,7.9465;0.5368,3.4172,-4.1057;0.5212,4.6786,-3.2432;5.3685,-0.8279,-1.1446;3.3839,2.8841,-3.8143;5.2111,1.5352,-2.8683;2.4228,-1.0577,-0.9091;-0.3189,-1.2239,-0.7204;-3.6399,1.0040,-2.2251;-2.1531,2.5409,-3.4049;-2.5950,-2.1914,-0.8224;-3.0740,1.1619,0.6063;-3.5170,0.4784,2.1871;-5.5297,1.2253,0.8248;-5.5737,-0.5177,1.1976;-4.5284,-1.2406,-2.1830;-4.9635,-2.0209,-0.6417;-2.5447,-2.8628,1.2582;-4.1430,-2.2735,1.7474;-4.2414,-2.4137,4.1013;-3.3372,-1.9473,6.3090;0.2271,-0.4064,4.5269;-0.7085,-0.8866,2.2789;-2.4938,-0.5575,8.0178;-0.8878,-0.8014,8.7468;-1.7620,-2.1876,8.0505;-0.3905,3.3442,-4.6802;1.3703,3.4553,-4.8124;-0.3111,4.6452,-2.5442;0.4181,5.5605,-3.8696;1.4449,4.7580,-2.6746;</g>
	</conformers>
	<properties/>
</molecule>
