<?xml version="1.0" ?>
<!--MOLLI PACKAGE EXPERIMENTAL XML FORMAT-->
<molecule name="15">
	<atoms>
		<a id="1" s="Br" t="Br" l="BR"/>
		<a id="2" s="C" t="C.ar" l="C"/>
		<a id="3" s="C" t="C.ar" l="C"/>
		<a id="4" s="C" t="C.ar" l="C"/>
		<a id="5" s="C" t="C.ar" l="C"/>
		<a id="6" s="C" t="C.ar" l="C"/>
		<a id="7" s="C" t="C.ar" l="C"/>
		<a id="8" s="H" t="H" l="H"/>
		<a id="9" s="H" t="H" l="H"/>
		<a id="10" s="H" t="H" l="H"/>
		<a id="11" s="H" t="H" l="H"/>
		<a id="12" s="H" t="H" l="H"/>
	</atoms>
	<bonds>
		<b id="1" c="1 2" t="1"/>
		<b id="2" c="2 3" t="ar"/>
		<b id="3" c="3 4" t="ar"/>
		<b id="4" c="4 5" t="ar"/>
		<b id="5" c="5 6" t="ar"/>
		<b id="6" c="6 7" t="ar"/>
		<b id="7" c="2 7" t="ar"/>
		<b id="8" c="3 8" t="1"/>
		<b id="9" c="4 9" t="1"/>
		<b id="10" c="5 10" t="1"/>
		<b id="11" c="6 11" t="1"/>
		<b id="12" c="7 12" t="1"/>
	</bonds>
	<geometry>
		<g u="A" t="cart/3d">#12,3:1.1714,0.0254,0.1461;3.0530,0.0511,-0.0290;3.7222,1.2541,-0.0947;5.0996,1.2745,-0.2228;5.8029,0.0885,-0.2848;5.1325,-1.1162,-0.2190;3.7551,-1.1333,-0.0908;3.1591,2.1718,-0.0450;5.6218,2.2157,-0.2741;6.8759,0.1031,-0.3846;5.6805,-2.0429,-0.2672;3.2174,-2.0660,-0.0382;</g>
	</geometry>
	<conformers>
		<g id="1" u="A" t="cart/3d">#12,3:1.6262,0.0000,-0.0000;-0.2822,0.0000,0.0000;-0.9588,1.2073,-0.0000;-2.3429,1.1996,-0.0000;-3.0352,-0.0000,0.0000;-2.3429,-1.1996,0.0000;-0.9588,-1.2073,0.0000;-0.4116,2.1375,-0.0000;-2.8791,2.1367,-0.0000;-4.1146,-0.0000,0.0000;-2.8791,-2.1367,0.0000;-0.4116,-2.1375,0.0000;</g>
	</conformers>
	<properties/>
</molecule>
