<?xml version="1.0" ?>
<!--MOLLI PACKAGE EXPERIMENTAL XML FORMAT-->
<molecule name="17">
	<atoms>
		<a id="1" s="Br" t="Br" l="BR"/>
		<a id="2" s="C" t="C.ar" l="C"/>
		<a id="3" s="C" t="C.ar" l="C"/>
		<a id="4" s="N" t="N.ar" l="N"/>
		<a id="5" s="C" t="C.ar" l="C"/>
		<a id="6" s="C" t="C.3" l="C"/>
		<a id="7" s="N" t="N.ar" l="N"/>
		<a id="8" s="C" t="C.ar" l="C"/>
		<a id="9" s="H" t="H" l="H"/>
		<a id="10" s="H" t="H" l="H"/>
		<a id="11" s="H" t="H" l="H"/>
		<a id="12" s="H" t="H" l="H"/>
		<a id="13" s="H" t="H" l="H"/>
	</atoms>
	<bonds>
		<b id="1" c="1 2" t="1"/>
		<b id="2" c="2 3" t="ar"/>
		<b id="3" c="3 4" t="ar"/>
		<b id="4" c="4 5" t="ar"/>
		<b id="5" c="5 6" t="1"/>
		<b id="6" c="5 7" t="ar"/>
		<b id="7" c="7 8" t="ar"/>
		<b id="8" c="2 8" t="ar"/>
		<b id="9" c="3 9" t="1"/>
		<b id="10" c="6 10" t="1"/>
		<b id="11" c="6 11" t="1"/>
		<b id="12" c="6 12" t="1"/>
		<b id="13" c="8 13" t="1"/>
	</bonds>
	<geometry>
		<g u="A" t="cart/3d">#13,3:1.1792,-0.0272,-0.0041;3.0741,0.0190,0.0014;3.8291,-1.1468,0.0023;5.1467,-1.1046,0.0062;5.7364,0.0855,0.0092;7.2241,0.1233,0.0140;5.0871,1.2462,0.0084;3.7709,1.2222,0.0045;3.3710,-2.1271,-0.0003;7.6171,-0.8881,0.0160;7.5732,0.6617,0.8926;7.5787,0.6601,-0.8634;3.2637,2.1780,0.0038;</g>
	</geometry>
	<conformers>
		<g id="1" u="A" t="cart/3d">#13,3:-2.0063,-0.0000,-0.0014;-0.1112,0.0001,-0.0001;0.6150,1.1845,0.0027;1.9322,1.1759,0.0057;2.5513,0.0001,0.0054;4.0393,0.0000,-0.0082;1.9322,-1.1759,0.0058;0.6151,-1.1845,0.0026;0.1327,2.1532,0.0041;4.4146,-0.8868,0.4934;4.4142,0.9031,0.4636;4.3864,-0.0180,-1.0407;0.1327,-2.1532,0.0043;</g>
	</conformers>
	<properties/>
</molecule>
